Название вакансии,Зарплата,Требуемые навыки,Теги,Компания,Метро,Адрес,Город,Сфера,Общее название профессии,Опыт работы,Образование,Ссылка
Парикмахер-универсал,60000— 200000 руб.,"['диплом об окончании курсов парикмахеров', 'Работа с накладными волосами']","['Вакансия недели', 'Быстрый отклик']",Шевченко Татьяна Анатольевна,"['Петровский парк,', 'Петровский парк']","Петровский парк, Петровский парк,г Москва, ул Верхняя Масловка, д 28",Москва,Работа в сфере красоты,Парикмахер,опыт работы от 3 лет,образование любое,https://www.rabota.ru/vacancy/54255960/?search_id=1775506660586viaeqlks91&methodRecommendationType=by_filter&methodRecommendationName=%D0%92%D0%B0%D0%BA%D0%B0%D0%BD%D1%81%D0%B8%D0%B8%20%D0%B2%20%D0%9C%D0%BE%D1%81%D0%BA%D0%B2%D0%B5
Ведущий научный сотрудник,от 150000 руб.,"['MS Office', 'MS Office  Excel', 'MS Office Word', 'бюджетирование', 'ведение деловой переписки', 'составление отчетов', 'анализ рынка', 'составление отчетности', 'планирование работ', 'управление проектами', 'написание статей', 'Статистика', 'Выполнение научно-исследовательской работы', 'Формирование отчетов о проделанной работы']",[],ФГБУ «ЦНИИОИЗ» МИНЗДРАВА РОССИИ,['Бутырская'],"Бутырская,г Москва, ул Добролюбова, д 11",Москва,Работа в сфере образования,Научный сотрудник,опыт работы от 1 года,образование высшее,https://www.rabota.ru/vacancy/54244351/?search_id=1775506660586viaeqlks91&methodRecommendationType=by_filter&methodRecommendationName=%D0%92%D0%B0%D0%BA%D0%B0%D0%BD%D1%81%D0%B8%D0%B8%20%D0%B2%20%D0%9C%D0%BE%D1%81%D0%BA%D0%B2%D0%B5
Водитель-курьер на доставку сантехники,по договоренности,"['пунктуальность', 'безаварийное вождение', 'доставка товаров', 'доставка заказов', 'права категории В', 'курьерская доставка', 'Навык вождения']",[],Яндекс.Доставка,[],г Москва,Москва,,,не имеет значения,любое,https://www.rabota.ru/vacancy/54238467/?search_id=1775506660586viaeqlks91&methodRecommendationType=by_filter&methodRecommendationName=%D0%92%D0%B0%D0%BA%D0%B0%D0%BD%D1%81%D0%B8%D0%B8%20%D0%B2%20%D0%9C%D0%BE%D1%81%D0%BA%D0%B2%D0%B5
Водитель-курьер на личном авто,по договоренности,"['пунктуальность', 'безаварийное вождение', 'доставка товаров', 'доставка заказов', 'права категории В', 'курьерская доставка', 'Навык вождения']",[],Яндекс.Доставка,[],г Москва,Москва,,,не имеет значения,любое,https://www.rabota.ru/vacancy/54238448/?search_id=1775506660586viaeqlks91&methodRecommendationType=by_filter&methodRecommendationName=%D0%92%D0%B0%D0%BA%D0%B0%D0%BD%D1%81%D0%B8%D0%B8%20%D0%B2%20%D0%9C%D0%BE%D1%81%D0%BA%D0%B2%D0%B5
Медицинский писатель (Координационный центр федерального проекта),по договоренности,"['коммуникабельность', 'ведение переговоров', 'MS Office Word', 'английский язык']",[],ФГБУ «ЦНИИОИЗ» МИНЗДРАВА РОССИИ,['Гражданская'],"Гражданская,г Москва, ул Вучетича, д 12",Москва,Работа в сфере культуры,Писатель,опыт работы от 1 года,образование высшее,https://www.rabota.ru/vacancy/54223769/?search_id=1775506660586viaeqlks91&methodRecommendationType=by_filter&methodRecommendationName=%D0%92%D0%B0%D0%BA%D0%B0%D0%BD%D1%81%D0%B8%D0%B8%20%D0%B2%20%D0%9C%D0%BE%D1%81%D0%BA%D0%B2%D0%B5
Водитель-курьер по доставке продуктов,по договоренности,"['пунктуальность', 'безаварийное вождение', 'доставка товаров', 'доставка заказов', 'права категории В', 'курьерская доставка', 'Навык вождения']",[],Яндекс.Доставка,[],г Москва,Москва,,,не имеет значения,любое,https://www.rabota.ru/vacancy/54219184/?search_id=1775506660586viaeqlks91&methodRecommendationType=by_filter&methodRecommendationName=%D0%92%D0%B0%D0%BA%D0%B0%D0%BD%D1%81%D0%B8%D0%B8%20%D0%B2%20%D0%9C%D0%BE%D1%81%D0%BA%D0%B2%D0%B5
Маляр на кузнечное производство,80000— 90000 руб.,"['малярные работы', 'покраска']",[],"ООО ""СГ""",['Бутырская'],"Бутырская,г Москва, Огородный проезд, д 9",Москва,,,от 1 года,любое,https://www.rabota.ru/vacancy/53919291/?search_id=1775506660586viaeqlks91&methodRecommendationType=by_filter&methodRecommendationName=%D0%92%D0%B0%D0%BA%D0%B0%D0%BD%D1%81%D0%B8%D0%B8%20%D0%B2%20%D0%9C%D0%BE%D1%81%D0%BA%D0%B2%D0%B5
Водитель-экспедитор категории C,120000— 140000 руб.,"['пунктуальность', 'устройство автомобилей', 'перевозка грузов', 'знание Москвы и Московской области', 'экспедирование', 'спокойный стиль вождения', 'работоспособность', 'водительские права BC']",['Вакансия недели'],Альфа транс,"['Стахановская ,', 'Окская']","Стахановская , Окская ,г Москва, 1-й Вязовский проезд, д 4 к 1",Москва,Экспедитор,Водитель-экспедитор,опыт работы от 1 года,образование среднее профессиональное,https://www.rabota.ru/vacancy/53745521/?search_id=1775506660586viaeqlks91&methodRecommendationType=by_filter&methodRecommendationName=%D0%92%D0%B0%D0%BA%D0%B0%D0%BD%D1%81%D0%B8%D0%B8%20%D0%B2%20%D0%9C%D0%BE%D1%81%D0%BA%D0%B2%D0%B5
Водитель-курьер с личным автомобилем,261900— 371000 руб.,"['ответственность', 'пунктуальность', 'доставка документов', 'доставка товаров', 'доставка заказов']","['Вакансия недели', 'Быстрый отклик', 'Пенсионерам', 'Студентам', 'Людям с инвалидностью']",Парк7778,[],г Москва,Москва,Работа в сфере доставки,Курьер,опыт работы не имеет значения,образование любое,https://www.rabota.ru/vacancy/50258792/?search_id=1775506660586viaeqlks91&methodRecommendationType=by_filter&methodRecommendationName=%D0%92%D0%B0%D0%BA%D0%B0%D0%BD%D1%81%D0%B8%D0%B8%20%D0%B2%20%D0%9C%D0%BE%D1%81%D0%BA%D0%B2%D0%B5
Водитель-экспедитор категории В,90000— 150000 руб.,"['пунктуальность', 'устройство автомобилей', 'перевозка грузов', 'знание Москвы и Московской области', 'экспедирование', 'спокойный стиль вождения', 'работоспособность', 'водительские права BC']",['Вакансия недели'],Альфа транс,"['Стахановская ,', 'Окская']","Стахановская , Окская ,г Москва, 1-й Вязовский проезд, д 4 к 1",Москва,Экспедитор,Водитель-экспедитор,опыт работы от 3 лет,образование среднее профессиональное,https://www.rabota.ru/vacancy/49683003/?search_id=1775506660586viaeqlks91&methodRecommendationType=by_filter&methodRecommendationName=%D0%92%D0%B0%D0%BA%D0%B0%D0%BD%D1%81%D0%B8%D0%B8%20%D0%B2%20%D0%9C%D0%BE%D1%81%D0%BA%D0%B2%D0%B5
Главный инженер,80000— 100000 руб.,"['работа с технической документацией', 'техника безопасности', 'ведение объектов', 'противопожарная безопасность', 'технадзор', 'работа с подрядными организациями', 'контроль качества выполнения работ', 'эксплуатация инженерных систем']","['Вакансия недели', 'Пенсионерам']",Государственное бюджетное учреждение культуры города Москвы &amp;quot;Московский детский театр теней&amp;quot;,['Первомайская'],"Первомайская,г Москва, Измайловский б-р, д 60/10",Москва,Работа на производстве,,опыт работы от 5 лет,образование высшее,https://www.rabota.ru/vacancy/49350180/?search_id=1775506660586viaeqlks91&methodRecommendationType=by_filter&methodRecommendationName=%D0%92%D0%B0%D0%BA%D0%B0%D0%BD%D1%81%D0%B8%D0%B8%20%D0%B2%20%D0%9C%D0%BE%D1%81%D0%BA%D0%B2%D0%B5
Повар-универсал,100000— 120000 руб.,[],[],ООО Мишлена,['Верхние котлы'],"Верхние котлы,г Москва, метро Верхние Котлы",Москва,,,от 1 года,любое,https://www.rabota.ru/vacancy/36843243/?search_id=1775506660586viaeqlks91&methodRecommendationType=by_filter&methodRecommendationName=%D0%92%D0%B0%D0%BA%D0%B0%D0%BD%D1%81%D0%B8%D0%B8%20%D0%B2%20%D0%9C%D0%BE%D1%81%D0%BA%D0%B2%D0%B5
Инженер-бактериолог,87000 руб.,"['ответственность', 'контроль качества', 'лабораторные работы', 'проведение лабораторных исследований', 'приготовление питательных сред']",[],"АО ""Меридиан""",['Ховрино'],"Ховрино,г Москва, ул Ижорская, д 7",Москва,,,от 1 года,высшее,https://www.rabota.ru/vacancy/54239740/?search_id=1775506660586viaeqlks91&methodRecommendationType=by_filter&methodRecommendationName=%D0%92%D0%B0%D0%BA%D0%B0%D0%BD%D1%81%D0%B8%D0%B8%20%D0%B2%20%D0%9C%D0%BE%D1%81%D0%BA%D0%B2%D0%B5
Кладовщик-грузчик,90000— 120000 руб.,"['распределение товара', 'комплектация товара']",[],"РАВТ, ООО",['Саларьево'],"Саларьево,г Москва, р-н Коммунарка, ул Адмирала Корнилова, д 61",Москва,,,не имеет значения,любое,https://www.rabota.ru/vacancy/52529658/?search_id=1775506660586viaeqlks91&methodRecommendationType=by_filter&methodRecommendationName=%D0%92%D0%B0%D0%BA%D0%B0%D0%BD%D1%81%D0%B8%D0%B8%20%D0%B2%20%D0%9C%D0%BE%D1%81%D0%BA%D0%B2%D0%B5
Старший смены на пищевое производство,70000 руб.,['ответственность'],['Быстрый отклик'],"АО ""Меридиан""",['Ховрино'],"Ховрино,г Москва, ул Ижорская, д 7",Москва,,,опыт работы не имеет значения,образование среднее,https://www.rabota.ru/vacancy/54239757/?search_id=1775506660586viaeqlks91&methodRecommendationType=by_filter&methodRecommendationName=%D0%92%D0%B0%D0%BA%D0%B0%D0%BD%D1%81%D0%B8%D0%B8%20%D0%B2%20%D0%9C%D0%BE%D1%81%D0%BA%D0%B2%D0%B5
Бухгалтер,110000— 120000 руб.,[],"['Вакансия недели', 'Быстрый отклик']","ООО ""Калитера""","['Белорусская,', 'Белорусская,', 'Белорусская']","Белорусская, Белорусская, Белорусская,г Москва, Ленинградский пр-кт, д 7 стр 1",Москва,Работа в бухгалтерии,,опыт работы от 3 лет,образование высшее,https://www.rabota.ru/vacancy/54253992/?search_id=1775506660586viaeqlks91&methodRecommendationType=by_filter&methodRecommendationName=%D0%92%D0%B0%D0%BA%D0%B0%D0%BD%D1%81%D0%B8%D0%B8%20%D0%B2%20%D0%9C%D0%BE%D1%81%D0%BA%D0%B2%D0%B5
Главный бухгалтер,110000— 130000 руб.,"['налоговый учет', 'сдача отчетности', 'расчет заработной платы', 'УСНО', 'ОСНО', 'ведение всех участков', 'ведение книги покупок, книги продаж', 'ведение нескольких юридических лиц']",[],"ООО ""Новые Горизонты""","['Чкаловская,', 'Курская,', 'Курская']","Чкаловская, Курская, Курская,г Москва, ул Нижняя Сыромятническая, д 11 стр 52",Москва,,,от 3 лет,среднее профессиональное,https://www.rabota.ru/vacancy/54245905/?search_id=1775506660586viaeqlks91&methodRecommendationType=by_filter&methodRecommendationName=%D0%92%D0%B0%D0%BA%D0%B0%D0%BD%D1%81%D0%B8%D0%B8%20%D0%B2%20%D0%9C%D0%BE%D1%81%D0%BA%D0%B2%D0%B5
Охранник-контролер,от 90000 руб.,"['охрана объектов', 'видеонаблюдение', 'предотвращение хищений', 'охрана имущества']","['Вакансия недели', 'Пенсионерам', 'Студентам']","ООО ЧОО ""СБ Секьюрити""""",['Улица 1905 года'],"Улица 1905 года,г Москва",Москва,Работа в сфере безопасности,Охранник,опыт работы не имеет значения,образование среднее,https://www.rabota.ru/vacancy/54233665/?search_id=1775506660586viaeqlks91&methodRecommendationType=by_filter&methodRecommendationName=%D0%92%D0%B0%D0%BA%D0%B0%D0%BD%D1%81%D0%B8%D0%B8%20%D0%B2%20%D0%9C%D0%BE%D1%81%D0%BA%D0%B2%D0%B5
Водитель такси,120000— 150000 руб.,"['стаж вождения от 3 лет', 'перевозка пассажиров', 'спокойный стиль вождения']",[],Unicum,['Отрадное'],"Отрадное,г Москва, ул Декабристов, д 27",Москва,,,не имеет значения,любое,https://www.rabota.ru/vacancy/48165167/?search_id=1775506660586viaeqlks91&methodRecommendationType=by_filter&methodRecommendationName=%D0%92%D0%B0%D0%BA%D0%B0%D0%BD%D1%81%D0%B8%D0%B8%20%D0%B2%20%D0%9C%D0%BE%D1%81%D0%BA%D0%B2%D0%B5
Водитель-экспедитор с личным автомобилем,от 100000 руб.,"['хорошее знание Москвы', 'правила дорожного движения', 'перевозка грузов', 'работа с сопроводительной документацией', 'экспедирование', 'спокойный стиль вождения', 'транспортная логистика']",['Вакансия недели'],"Бриго, ООО","['Щелковская,', 'Бульвар Рокоссовского,', 'Черкизовская,', 'Локомотив,', 'Бульвар Рокоссовского']","Щелковская, Бульвар Рокоссовского, Черкизовская, Локомотив, Бульвар Рокоссовского,г Москва, ул Монтажная, д 3 стр 1",Москва,Экспедитор,Водитель-экспедитор,опыт работы от 3 лет,образование среднее профессиональное,https://www.rabota.ru/vacancy/32286416/?search_id=1775506660586viaeqlks91&methodRecommendationType=by_filter&methodRecommendationName=%D0%92%D0%B0%D0%BA%D0%B0%D0%BD%D1%81%D0%B8%D0%B8%20%D0%B2%20%D0%9C%D0%BE%D1%81%D0%BA%D0%B2%D0%B5
Рабочий по обработке рыбы,от 70000 руб.,[],[],"АО ""Меридиан""","['Ховрино,', 'Ховрино']","Ховрино, Ховрино,г Москва, ул Ижорская, д 7 стр 3",Москва,,,опыт работы не имеет значения,образование любое,https://www.rabota.ru/vacancy/54240929/?search_id=1775506660586viaeqlks91&methodRecommendationType=by_filter&methodRecommendationName=%D0%92%D0%B0%D0%BA%D0%B0%D0%BD%D1%81%D0%B8%D0%B8%20%D0%B2%20%D0%9C%D0%BE%D1%81%D0%BA%D0%B2%D0%B5
Охранник (Москва),90000— 150000 руб.,['охрана объектов'],['Вакансия недели'],ООО Частное охранное предприятие ПРОФИ-Безопасность,['Выхино'],"Выхино,г Москва",Москва,Работа в сфере безопасности,Охранник,опыт работы не имеет значения,образование любое,https://www.rabota.ru/vacancy/50270662/?search_id=1775506660586viaeqlks91&methodRecommendationType=by_filter&methodRecommendationName=%D0%92%D0%B0%D0%BA%D0%B0%D0%BD%D1%81%D0%B8%D0%B8%20%D0%B2%20%D0%9C%D0%BE%D1%81%D0%BA%D0%B2%D0%B5
Работник кухни (Академика Опарина 4к1),74000— 81400 руб.,"['обучаемость', 'обучение персонала', 'Работа в команде']",['Вакансия недели'],Самокат,['Беляево'],"Беляево,г Москва, ул Академика Опарина, д 4 к 1",Москва,,,опыт работы не имеет значения,образование любое,https://www.rabota.ru/vacancy/54210839/?search_id=1775506660586viaeqlks91&methodRecommendationType=by_filter&methodRecommendationName=%D0%92%D0%B0%D0%BA%D0%B0%D0%BD%D1%81%D0%B8%D0%B8%20%D0%B2%20%D0%9C%D0%BE%D1%81%D0%BA%D0%B2%D0%B5
Курьер/велокурьер (Самокат),110000— 210000 руб.,"['ответственность', 'доброжелательность', 'вежливость', 'доставка товаров', 'доставка заказов', 'курьер', 'Вежливый']",[],Альфа персонал,['Площадь Революции'],"Площадь Революции,г Москва",Москва,,,не имеет значения,любое,https://www.rabota.ru/vacancy/54250930/?search_id=1775506660586viaeqlks91&methodRecommendationType=by_filter&methodRecommendationName=%D0%92%D0%B0%D0%BA%D0%B0%D0%BD%D1%81%D0%B8%D0%B8%20%D0%B2%20%D0%9C%D0%BE%D1%81%D0%BA%D0%B2%D0%B5
Кладовщик,от 70000 руб.,"['погрузочно-разгрузочные работы', 'прием товара', 'сбор заказов', 'упаковка товара', 'участие в проведение инвентаризаций', 'Водитель-экспедитор']","['Вакансия недели', 'Быстрый отклик', 'Пенсионерам']",Comfer,['Бутырская'],"Бутырская,г Москва, Огородный проезд",Москва,Работа на складах,Кладовщик,опыт работы от 1 года,образование любое,https://www.rabota.ru/vacancy/48027959/?search_id=1775506660586viaeqlks91&methodRecommendationType=by_filter&methodRecommendationName=%D0%92%D0%B0%D0%BA%D0%B0%D0%BD%D1%81%D0%B8%D0%B8%20%D0%B2%20%D0%9C%D0%BE%D1%81%D0%BA%D0%B2%D0%B5
Официант (Официантка),180000— 240000 руб.,"['умение работать в команде', 'доброжелательность', 'вежливость', 'общение с клиентами', 'прием заказов', 'обслуживание гостей', 'консультирование гостей', 'сервировка стола', 'дружелюбность', 'обслуживание банкетов', 'подача блюд и напитков согласно установленным правилам обслуживания', 'поддержание чистоты в зале']",[],"ООО ""Верест""","['Китай-город,', 'Китай-город']","Китай-город, Китай-город,г Москва, метро Китай-город (Калужско-Рижская)",Москва,,,не имеет значения,любое,https://www.rabota.ru/vacancy/54253219/?search_id=1775506660586viaeqlks91&methodRecommendationType=by_filter&methodRecommendationName=%D0%92%D0%B0%D0%BA%D0%B0%D0%BD%D1%81%D0%B8%D0%B8%20%D0%B2%20%D0%9C%D0%BE%D1%81%D0%BA%D0%B2%D0%B5
Директор магазина (Кубинка 15к2),103600— 134680 руб.,"['ответственность', 'управление персоналом', 'обучение персонала']",['Вакансия недели'],Самокат,['Сетунь'],"Сетунь,г Москва, ул Кубинка, д 15 к 2",Москва,Заведующий,Директор магазина,опыт работы не имеет значения,образование любое,https://www.rabota.ru/vacancy/54252897/?search_id=1775506660586viaeqlks91&methodRecommendationType=by_filter&methodRecommendationName=%D0%92%D0%B0%D0%BA%D0%B0%D0%BD%D1%81%D0%B8%D0%B8%20%D0%B2%20%D0%9C%D0%BE%D1%81%D0%BA%D0%B2%D0%B5
Комплектовщик-упаковщик (вахта),139500— 224800 руб.,"['ответственность', 'стрессоустойчивость', 'обучаемость', 'работа склада', 'комплектация товара', 'сбор заказов', 'упаковка товара', 'сортировка продукции', 'укладка готовой продукции', 'работа с тсд', 'Я хочу работать']",[],Pro Выбор,"['Комсомольская,', 'Комсомольская']","Комсомольская, Комсомольская,г Москва, метро Комсомольская (Сокольническая)",Москва,,,не имеет значения,любое,https://www.rabota.ru/vacancy/54251168/?search_id=1775506660586viaeqlks91&methodRecommendationType=by_filter&methodRecommendationName=%D0%92%D0%B0%D0%BA%D0%B0%D0%BD%D1%81%D0%B8%D0%B8%20%D0%B2%20%D0%9C%D0%BE%D1%81%D0%BA%D0%B2%D0%B5
Охранник (вахта),118000— 120000 руб.,"['охрана объектов', 'видеонаблюдение', 'охрана имущества', 'обеспечение контрольно-пропускного режима', 'Консьерж']","['Вакансия недели', 'Быстрый отклик', 'Пенсионерам']","ООО ""ЧОП ""Москва""","['Проспект Вернадского,', 'Тропарево']","Проспект Вернадского, Тропарево,г Москва, пр-кт Вернадского, д 94",Москва,Работа в сфере безопасности,Охранник,опыт работы не имеет значения,образование среднее,https://www.rabota.ru/vacancy/53395216/?search_id=1775506660586viaeqlks91&methodRecommendationType=by_filter&methodRecommendationName=%D0%92%D0%B0%D0%BA%D0%B0%D0%BD%D1%81%D0%B8%D0%B8%20%D0%B2%20%D0%9C%D0%BE%D1%81%D0%BA%D0%B2%D0%B5
Администратор на ресепшн,130000— 138000 руб.,"['пунктуальность', 'обучаемость', 'вежливость', 'общение с клиентами', 'встреча гостей']","['Вакансия недели', 'Студентам']",ООО Бельведер,['Калужская'],"Калужская,г Москва, Научный проезд, д 14А стр 3, помещ 5/А",Москва,Администратор,Администратор пункта выдачи заказов,опыт работы не имеет значения,образование любое,https://www.rabota.ru/vacancy/53119483/?search_id=1775506660586viaeqlks91&methodRecommendationType=by_filter&methodRecommendationName=%D0%92%D0%B0%D0%BA%D0%B0%D0%BD%D1%81%D0%B8%D0%B8%20%D0%B2%20%D0%9C%D0%BE%D1%81%D0%BA%D0%B2%D0%B5
Уборщик/Уборщица,до 70000 руб.,['уборка офиса'],"['Вакансия недели', 'Быстрый отклик', 'Пенсионерам']","Фасилити Солюшенс, ООО","['Калужская,', 'Воронцовская,', 'Зюзино']","Калужская, Воронцовская, Зюзино,г Москва, Научный проезд, д 17",Москва,Работа в сфере бытовых услуг,Уборщица,опыт работы не имеет значения,образование любое,https://www.rabota.ru/vacancy/34126047/?methodRecommendationType=by_filter&methodRecommendationName=%D0%92%D0%B0%D0%BA%D0%B0%D0%BD%D1%81%D0%B8%D0%B8%20%D0%B2%20%D0%9C%D0%BE%D1%81%D0%BA%D0%B2%D0%B5
Столяр-мебельщик,110000— 150000 руб.,"['ответственность', 'сборка мебели', 'шлифовка', 'работа на станках', 'производство мебели', 'деревообработка', 'сборка корпусной мебели', 'столярные работы', 'изготовление столярных изделий', 'работа ручным инструментом', 'работа с МДФ', 'сборка мебели по индивидуальным проектам', 'работа с электроинструментом', 'распил', 'Обучение и развитие']","['Вакансия недели', 'Быстрый отклик', 'Студентам']",House cult,[],"г Москва, р-н Вороново, деревня Бабенки",Москва,Работа на производстве,Мебельщик,опыт работы от 1 года,образование любое,https://www.rabota.ru/vacancy/54249411/?methodRecommendationType=by_filter&methodRecommendationName=%D0%92%D0%B0%D0%BA%D0%B0%D0%BD%D1%81%D0%B8%D0%B8%20%D0%B2%20%D0%9C%D0%BE%D1%81%D0%BA%D0%B2%D0%B5
Охранник,60000— 150000 руб.,[],['Вакансия недели'],"ЧОП ""Рубикон""","['Курская,', 'Курская,', 'Чкаловская']","Курская, Курская, Чкаловская,г Москва, ул Земляной Вал, д 33",Москва,Работа в сфере безопасности,Охранник,опыт работы от 1 года,образование любое,https://www.rabota.ru/vacancy/48899987/?methodRecommendationType=by_filter&methodRecommendationName=%D0%92%D0%B0%D0%BA%D0%B0%D0%BD%D1%81%D0%B8%D0%B8%20%D0%B2%20%D0%9C%D0%BE%D1%81%D0%BA%D0%B2%D0%B5
Водитель категории С,130000— 160000 руб.,[],"['Вакансия недели', 'Быстрый отклик']","Евразия Карго Экспресс, ООО","['Выхино,', 'Кузьминки,', 'Марьино,', 'Братиславская,', 'Люблино,', 'Волжская,', 'Борисово,', 'Алма-Атинская,', 'Лермонтовский проспект,', 'Жулебино,', 'Котельники,', 'Косино,', 'Юго-Восточная ,', 'Печатники,', 'Люблино,', 'Депо,', 'Перерва,', 'Косино,', 'Ухтомская,', 'Люберцы']","Выхино, Кузьминки, Марьино, Братиславская, Люблино, Волжская, Борисово, Алма-Атинская, Лермонтовский проспект, Жулебино, Котельники, Косино, Юго-Восточная , Печатники, Люблино, Депо, Перерва, Косино, Ухтомская, Люберцы,г Москва, ул Чагинская, д 6А стр 1",Москва,Работа на транспорте,Водитель,опыт работы от 1 года,образование любое,https://www.rabota.ru/vacancy/50041148/?methodRecommendationType=by_filter&methodRecommendationName=%D0%92%D0%B0%D0%BA%D0%B0%D0%BD%D1%81%D0%B8%D0%B8%20%D0%B2%20%D0%9C%D0%BE%D1%81%D0%BA%D0%B2%D0%B5
Менеджер по работе с ключевыми клиентами,от 150000 руб.,"['развитие клиентской базы', 'подготовка коммерческих предложений', 'планирование продаж', 'управление продажами', 'работа с ключевыми клиентами', 'b2b продажи']",[],Работа.ру,['Белорусская'],"Белорусская,г Москва, ул 3-я Ямского Поля, д 9",Москва,,,от 3 лет,любое,https://www.rabota.ru/vacancy/48111305/?methodRecommendationType=by_filter&methodRecommendationName=%D0%92%D0%B0%D0%BA%D0%B0%D0%BD%D1%81%D0%B8%D0%B8%20%D0%B2%20%D0%9C%D0%BE%D1%81%D0%BA%D0%B2%D0%B5
Менеджер по партнерским продажам,от 150000 руб.,"['стрессоустойчивость', 'грамотная речь', 'клиентоориентированность', 'развитие клиентской базы', 'увеличение объемов продаж', 'продажи продукта / услуги', 'сопровождение клиентов', 'общение по телефону', 'деловая переписка']",['Вакансия недели'],Работа.ру,['Белорусская'],"Белорусская,г Москва, ул 3-я Ямского Поля, д 9",Москва,Работа в торговле,Менеджер по продажам,опыт работы от 5 лет,образование любое,https://www.rabota.ru/vacancy/48020350/?methodRecommendationType=by_filter&methodRecommendationName=%D0%92%D0%B0%D0%BA%D0%B0%D0%BD%D1%81%D0%B8%D0%B8%20%D0%B2%20%D0%9C%D0%BE%D1%81%D0%BA%D0%B2%D0%B5
Оператор колл-центра на входящую линию (удаленно),30000— 40000 руб.,"['ответственность', 'коммуникабельность', 'стрессоустойчивость', 'грамотная речь', 'MS Office  Excel', 'MS Office Word', 'прием входящих звонков', 'работа с документами', 'обработка данных', 'высокая скорость печати', 'ввод данных', 'общение по телефону']",[],Первый виртуальный оператор,[],г Воронеж,Москва,,,не имеет значения,любое,https://www.rabota.ru/vacancy/48582426/?methodRecommendationType=by_filter&methodRecommendationName=%D0%92%D0%B0%D0%BA%D0%B0%D0%BD%D1%81%D0%B8%D0%B8%20%D0%B2%20%D0%9C%D0%BE%D1%81%D0%BA%D0%B2%D0%B5
Системный аналитик AI-Native,по договоренности,[],[],СБЕР,[],"Центральный федеральный округ,Москва",Москва,Аналитик,Системный аналитик,опыт работы от 3 лет,образование любое,https://www.rabota.ru/vacancy/54256977/?methodRecommendationType=by_filter&methodRecommendationName=%D0%92%D0%B0%D0%BA%D0%B0%D0%BD%D1%81%D0%B8%D0%B8%20%D0%B2%20%D0%9C%D0%BE%D1%81%D0%BA%D0%B2%D0%B5
Middle Java разработчик,по договоренности,[],[],СберСтрахование,[],"Центральный федеральный округ,Москва",Москва,Работа в сфере IT,Программист,опыт работы от 3 лет,образование любое,https://www.rabota.ru/vacancy/54256943/?methodRecommendationType=by_filter&methodRecommendationName=%D0%92%D0%B0%D0%BA%D0%B0%D0%BD%D1%81%D0%B8%D0%B8%20%D0%B2%20%D0%9C%D0%BE%D1%81%D0%BA%D0%B2%D0%B5
Старший лаборант ОТК,65000 руб.,"['Подготовка отчетов', 'работа с оборудованием', 'проведение экспериментов', 'ведение лабораторного журнала', 'анализ образцов', 'соблюдение стандартов безопасности', 'Техническое обслуживание приборов']",[],"JCat, сервис размещения объявлений",['Бунинская аллея'],"Бунинская аллея,Москва",Москва,,,опыт работы от 1 года,образование среднее,https://www.rabota.ru/vacancy/54256594/?methodRecommendationType=by_filter&methodRecommendationName=%D0%92%D0%B0%D0%BA%D0%B0%D0%BD%D1%81%D0%B8%D0%B8%20%D0%B2%20%D0%9C%D0%BE%D1%81%D0%BA%D0%B2%D0%B5
Управляющий магазином (м. Римская),до 154866 руб.,"['доброжелательность', 'кассовая дисциплина', 'приемка товара']","['Пенсионерам', 'Студентам']","ДИКСИ Юг, АО","['Римская,', 'Площадь Ильича,', 'Москва Товарная']","Римская, Площадь Ильича, Москва Товарная,г Москва, ул Нижегородская, д 9Г, кв 1",Москва,Заведующий,Директор магазина,опыт работы не имеет значения,образование любое,https://www.rabota.ru/vacancy/53920969/?methodRecommendationType=by_filter&methodRecommendationName=%D0%92%D0%B0%D0%BA%D0%B0%D0%BD%D1%81%D0%B8%D0%B8%20%D0%B2%20%D0%9C%D0%BE%D1%81%D0%BA%D0%B2%D0%B5
Заместитель управляющего магазином (м. Римская),74841— 106274 руб.,"['стрессоустойчивость', 'доброжелательность', 'кассовая дисциплина', 'работа в торговом зале', 'работа с кассой', 'Работа в команде']","['Пенсионерам', 'Студентам']","ДИКСИ Юг, АО",['Римская'],"Римская,г Москва, ул Сергия Радонежского, д 2",Москва,Директор,Заместитель директора,опыт работы от 1 года,образование любое,https://www.rabota.ru/vacancy/53827079/?methodRecommendationType=by_filter&methodRecommendationName=%D0%92%D0%B0%D0%BA%D0%B0%D0%BD%D1%81%D0%B8%D0%B8%20%D0%B2%20%D0%9C%D0%BE%D1%81%D0%BA%D0%B2%D0%B5
Мастер маникюра-педикюра,90000— 150000 руб.,"['развитие клиентской базы', 'консультирование клиентов', 'Знание современных технологий', 'соблюдение санитарных норм', 'Выполнение маникюра и педикюра', 'Работа с профессиональными материалами', 'Создание дизайна ногтей']",[],"JCat, сервис размещения объявлений",['Охотный ряд'],"Охотный ряд,Москва",Москва,Мастер ногтевого сервиса,,опыт работы не имеет значения,образование среднее,https://www.rabota.ru/vacancy/54256961/?methodRecommendationType=by_filter&methodRecommendationName=%D0%92%D0%B0%D0%BA%D0%B0%D0%BD%D1%81%D0%B8%D0%B8%20%D0%B2%20%D0%9C%D0%BE%D1%81%D0%BA%D0%B2%D0%B5
Грузчик,45000— 55000 руб.,"['пунктуальность', 'трудолюбие', 'выносливость', 'погрузочно-разгрузочные работы', 'работа склада', 'разгрузочные работы', 'участие в проведении инвентаризаций', 'прием товара', 'отгрузка товара', 'распределение товара', 'комплектация товара', 'сортировка товара', 'сбор заказов', 'упаковка', 'упаковка товара', 'выгрузка товара', 'Разнорабочий', 'Грузчик']",[],Трезвый грузчик,['Площадь Революции'],"Площадь Революции,г Москва",Москва,,,не имеет значения,любое,https://www.rabota.ru/vacancy/54256626/?methodRecommendationType=by_filter&methodRecommendationName=%D0%92%D0%B0%D0%BA%D0%B0%D0%BD%D1%81%D0%B8%D0%B8%20%D0%B2%20%D0%9C%D0%BE%D1%81%D0%BA%D0%B2%D0%B5
Монтажник грузопассажирского подъемника,от 130000 руб.,"['диагностика неисправностей', 'обслуживание оборудования', 'настройка оборудования', 'анализ дефектов', 'монтаж оборудования', 'диагностика оборудования', 'проведение пусконаладочных работ', 'Быстрая обучаемость', 'взаимодействие с клиентами', 'Внимание к деталям', 'взаимодействие с подразделениями', 'Чтение технической документации', 'Монтаж конструкций', 'Работа с ручным инструментом', 'Решение технических задач', 'установка оборудования', 'Работа с инструментами', 'Проведение технического обслуживания', 'Коммуникация с техническими специалистами', 'Выполнение служебных обязанностей', 'Взаимодействие с руководителями подразделений', 'проведение осмотров', 'Взаимодействие с партнерами', 'Контроль за состоянием оборудования', 'проведение монтажных работ', 'Соблюдение норм безопасности', 'Проверка качества монтажа', 'Проведение осмотра оборудования', 'Использование строительных инструментов', 'Выполнение высотных работ', 'Настройка и обслуживание оборудования', 'Чтение сборочной документации']",['Студентам'],"JCat, сервис размещения объявлений",['Деловой центр'],"Деловой центр,Москва, Краснопресненская набережная, 14",Москва,,,опыт работы не имеет значения,образование среднее,https://www.rabota.ru/vacancy/54256596/?methodRecommendationType=by_filter&methodRecommendationName=%D0%92%D0%B0%D0%BA%D0%B0%D0%BD%D1%81%D0%B8%D0%B8%20%D0%B2%20%D0%9C%D0%BE%D1%81%D0%BA%D0%B2%D0%B5
Мастер ногтевого сервиса,90000— 240000 руб.,[],[],Jobers,['Новые Черемушки'],"Новые Черемушки,г Москва, Гарибальди, 36",Москва,Мастер ногтевого сервиса,Мастер маникюра-педикюра,опыт работы от 3 лет,образование любое,https://www.rabota.ru/vacancy/54256221/?methodRecommendationType=by_filter&methodRecommendationName=%D0%92%D0%B0%D0%BA%D0%B0%D0%BD%D1%81%D0%B8%D0%B8%20%D0%B2%20%D0%9C%D0%BE%D1%81%D0%BA%D0%B2%D0%B5
Специалист по работе с клиентами,от 80000 руб.,"['ответственность', 'пунктуальность', 'стрессоустойчивость', 'грамотная речь', 'общение с клиентами', 'ведение клиентской базы', 'ведение заказов', 'CRM-система', 'сопровождение сделки', 'продажи продукта / услуги', 'Работа в команде']",[],"ООО ""Праввкус""",['Студенческая'],"Студенческая,г Москва, ул Можайский Вал, д 10",Москва,,,опыт работы от 1 года,образование любое,https://www.rabota.ru/vacancy/54255968/?methodRecommendationType=by_filter&methodRecommendationName=%D0%92%D0%B0%D0%BA%D0%B0%D0%BD%D1%81%D0%B8%D0%B8%20%D0%B2%20%D0%9C%D0%BE%D1%81%D0%BA%D0%B2%D0%B5
Су-шеф,105000— 115000 руб.,['ответственность'],[],Тануки,"['Краснопресненская,', 'Баррикадная,', 'Улица 1905 года']","Краснопресненская, Баррикадная, Улица 1905 года,Россия, г. Москва, м. улица 1905 года/м. Краснопресненская, ул. Красная Пресня, д. 26с2",Москва,Работа в ресторанах,Повар,опыт работы от 1 года,образование любое,https://www.rabota.ru/vacancy/54256295/?methodRecommendationType=by_filter&methodRecommendationName=%D0%92%D0%B0%D0%BA%D0%B0%D0%BD%D1%81%D0%B8%D0%B8%20%D0%B2%20%D0%9C%D0%BE%D1%81%D0%BA%D0%B2%D0%B5
Хостес в ресторан,50000— 72000 руб.,"['ответственность', 'активность']",[],Тануки,"['Беляево,', 'Коньково,', 'Теплый Стан']","Беляево, Коньково, Теплый Стан,Россия, г. Москва, м.Коньково, Профсоюзная , 126, к.3",Москва,,,опыт работы Без опыта,образование любое,https://www.rabota.ru/vacancy/54256200/?methodRecommendationType=by_filter&methodRecommendationName=%D0%92%D0%B0%D0%BA%D0%B0%D0%BD%D1%81%D0%B8%D0%B8%20%D0%B2%20%D0%9C%D0%BE%D1%81%D0%BA%D0%B2%D0%B5
Заместитель управляющего магазином (м. Римская),74841— 106274 руб.,"['стрессоустойчивость', 'доброжелательность', 'кассовая дисциплина', 'работа в торговом зале', 'работа с кассой', 'Работа в команде']","['Пенсионерам', 'Студентам']","ДИКСИ Юг, АО",['Римская'],"Римская,г Москва, ул Нижегородская, д 9г, кв 1",Москва,Директор,Заместитель директора,опыт работы от 1 года,образование любое,https://www.rabota.ru/vacancy/53827065/?methodRecommendationType=by_filter&methodRecommendationName=%D0%92%D0%B0%D0%BA%D0%B0%D0%BD%D1%81%D0%B8%D0%B8%20%D0%B2%20%D0%9C%D0%BE%D1%81%D0%BA%D0%B2%D0%B5
Машинист машины по чистке и смазке листов,50800— 66200 руб.,['ответственность'],['Студентам'],Кондитерско-булочный комбинат Черемушки,"['Молодежная,', 'Сетунь']","Молодежная, Сетунь,г Москва, ул Академика Павлова, д 4 стр 3",Москва,Работа на производстве,Машинист производства,опыт работы не имеет значения,образование любое,https://www.rabota.ru/vacancy/49023884/?methodRecommendationType=by_filter&methodRecommendationName=%D0%92%D0%B0%D0%BA%D0%B0%D0%BD%D1%81%D0%B8%D0%B8%20%D0%B2%20%D0%9C%D0%BE%D1%81%D0%BA%D0%B2%D0%B5
Middle Data Science (Транзакционный банкинг B2C),по договоренности,[],[],СБЕР,[],"Центральный федеральный округ,Москва",Москва,Работа в сфере IT,Программист,опыт работы от 1 года,образование любое,https://www.rabota.ru/vacancy/54256667/?methodRecommendationType=by_filter&methodRecommendationName=%D0%92%D0%B0%D0%BA%D0%B0%D0%BD%D1%81%D0%B8%D0%B8%20%D0%B2%20%D0%9C%D0%BE%D1%81%D0%BA%D0%B2%D0%B5
Старший юрист M&A сделки,по договоренности,[],[],СБЕР,[],"Центральный федеральный округ,Москва",Москва,Работа в юриспруденции,Юрист,опыт работы от 5 лет,образование любое,https://www.rabota.ru/vacancy/54256477/?methodRecommendationType=by_filter&methodRecommendationName=%D0%92%D0%B0%D0%BA%D0%B0%D0%BD%D1%81%D0%B8%D0%B8%20%D0%B2%20%D0%9C%D0%BE%D1%81%D0%BA%D0%B2%D0%B5
Мастер маникюра,85000— 120000 руб.,[],['Студентам'],Jobers,['Воронцовская'],"Воронцовская,г Москва, Обручева, 5",Москва,Мастер ногтевого сервиса,Мастер маникюра-педикюра,опыт работы Без опыта,образование любое,https://www.rabota.ru/vacancy/54256403/?methodRecommendationType=by_filter&methodRecommendationName=%D0%92%D0%B0%D0%BA%D0%B0%D0%BD%D1%81%D0%B8%D0%B8%20%D0%B2%20%D0%9C%D0%BE%D1%81%D0%BA%D0%B2%D0%B5
Помощник менеджера касс,69300— 76000 руб.,"['ответственность', 'обучаемость']","['Быстрый отклик', 'Пенсионерам', 'Студентам', 'Людям с инвалидностью']",Ашан (сеть гипермаркетов),['Домодедовская'],"Домодедовская,г Москва, Каширское шоссе, д 61Г",Москва,,,опыт работы Без опыта,образование любое,https://www.rabota.ru/vacancy/54256259/?methodRecommendationType=by_filter&methodRecommendationName=%D0%92%D0%B0%D0%BA%D0%B0%D0%BD%D1%81%D0%B8%D0%B8%20%D0%B2%20%D0%9C%D0%BE%D1%81%D0%BA%D0%B2%D0%B5
Рабочий на кондитерский комбинат,73000— 95000 руб.,"['фасовка продукции', 'отбраковка', 'мелкоштучка', 'упкаковка', 'кондидтерские изделия']","['Пенсионерам', 'Студентам']",Кондитерско-булочный комбинат Черемушки,"['Рязанский проспект,', 'Окская']","Рязанский проспект, Окская ,г Москва, ул Академика Скрябина, д 9 к 2 стр 3",Москва,,,опыт работы не имеет значения,образование любое,https://www.rabota.ru/vacancy/53835996/?methodRecommendationType=by_filter&methodRecommendationName=%D0%92%D0%B0%D0%BA%D0%B0%D0%BD%D1%81%D0%B8%D0%B8%20%D0%B2%20%D0%9C%D0%BE%D1%81%D0%BA%D0%B2%D0%B5
Слесарь-сантехник,по договоренности,"['сантехнические работы', 'монтаж систем отопления', 'установка сантехнического оборудования', 'монтаж систем водоснабжения']",[],Тактикс-м,['Первомайская'],"Первомайская,г Москва, ул Нижняя Первомайская, д 70",Москва,Работа в строительстве,Сантехник,опыт работы не имеет значения,образование любое,https://www.rabota.ru/vacancy/53758001/?methodRecommendationType=by_filter&methodRecommendationName=%D0%92%D0%B0%D0%BA%D0%B0%D0%BD%D1%81%D0%B8%D0%B8%20%D0%B2%20%D0%9C%D0%BE%D1%81%D0%BA%D0%B2%D0%B5
Отделочник,по договоренности,"['малярные работы', 'отделочные работы', 'работа с гипсокартоном', 'укладка ламината', 'штукатурка', 'отделка помещений', 'шпаклевка', 'отделка внутренних помещений', 'стяжка полов']",['Быстрый отклик'],Тактикс-м,['Первомайская'],"Первомайская,г Москва, ул Нижняя Первомайская, д 70",Москва,Мастер по ремонту,,опыт работы не имеет значения,образование любое,https://www.rabota.ru/vacancy/53731120/?methodRecommendationType=by_filter&methodRecommendationName=%D0%92%D0%B0%D0%BA%D0%B0%D0%BD%D1%81%D0%B8%D0%B8%20%D0%B2%20%D0%9C%D0%BE%D1%81%D0%BA%D0%B2%D0%B5
Электрогазосварщик,по договоренности,"['сварочные работы', 'удостоверение сварщика', 'электросварка', 'газосварка']",['Быстрый отклик'],Тактикс-м,['Первомайская'],"Первомайская,г Москва, ул Нижняя Первомайская, д 70",Москва,Работа на производстве,Сварщик,опыт работы от 1 года,образование любое,https://www.rabota.ru/vacancy/51921903/?methodRecommendationType=by_filter&methodRecommendationName=%D0%92%D0%B0%D0%BA%D0%B0%D0%BD%D1%81%D0%B8%D0%B8%20%D0%B2%20%D0%9C%D0%BE%D1%81%D0%BA%D0%B2%D0%B5
Грузчик,50000— 60000 руб.,"['пунктуальность', 'трудолюбие', 'выносливость', 'погрузочно-разгрузочные работы', 'строительные работы', 'перевозка грузов', 'работа склада', 'работа на погрузчике', 'участие в проведении инвентаризаций', 'отгрузка товара', 'комплектация товара', 'сортировка товара', 'сбор заказов', 'упаковка', 'выполнение поручений', 'выгрузка товара', 'ответственный', 'Разнорабочий', 'Грузчик', 'погрузка разгрузка']",[],Трезвый грузчик,['Площадь Революции'],"Площадь Революции,г Москва",Москва,,,не имеет значения,любое,https://www.rabota.ru/vacancy/54256949/?methodRecommendationType=by_filter&methodRecommendationName=%D0%92%D0%B0%D0%BA%D0%B0%D0%BD%D1%81%D0%B8%D0%B8%20%D0%B2%20%D0%9C%D0%BE%D1%81%D0%BA%D0%B2%D0%B5
Шиномонтажник,120000— 350000 руб.,[],[],jobcart,[],г Москва,Москва,Слесарь,Механик-наладчик,опыт работы Без опыта,образование любое,https://www.rabota.ru/vacancy/54256538/?methodRecommendationType=by_filter&methodRecommendationName=%D0%92%D0%B0%D0%BA%D0%B0%D0%BD%D1%81%D0%B8%D0%B8%20%D0%B2%20%D0%9C%D0%BE%D1%81%D0%BA%D0%B2%D0%B5
Повар-кассир в ресторан быстрого питания,от 90000 руб.,[],[],Медиапартнерс,[],Москва,Москва,Работа в ресторанах,Повар,опыт работы Без опыта,образование любое,https://www.rabota.ru/vacancy/54256353/?methodRecommendationType=by_filter&methodRecommendationName=%D0%92%D0%B0%D0%BA%D0%B0%D0%BD%D1%81%D0%B8%D0%B8%20%D0%B2%20%D0%9C%D0%BE%D1%81%D0%BA%D0%B2%D0%B5
Сборщик заказов в ресторан,70000— 114000 руб.,['ответственность'],[],Тануки,"['Солнцево,', 'Боровское шоссе,', 'Солнечная']","Солнцево, Боровское шоссе, Солнечная,Россия, г. Москва, м. Солнцево, ул. Богданова, 52А",Москва,Сборщик,Комплектовщик заказов,опыт работы Без опыта,образование любое,https://www.rabota.ru/vacancy/54256255/?methodRecommendationType=by_filter&methodRecommendationName=%D0%92%D0%B0%D0%BA%D0%B0%D0%BD%D1%81%D0%B8%D0%B8%20%D0%B2%20%D0%9C%D0%BE%D1%81%D0%BA%D0%B2%D0%B5
Оператор автоматизированной линии (пекарь),79690— 103950 руб.,[],"['Пенсионерам', 'Студентам']",Кондитерско-булочный комбинат Черемушки,"['Молодежная,', 'Сетунь']","Молодежная, Сетунь,г Москва, ул Академика Павлова, д 4 стр 3",Москва,Работа в ресторанах,Повар,опыт работы не имеет значения,образование любое,https://www.rabota.ru/vacancy/48853201/?methodRecommendationType=by_filter&methodRecommendationName=%D0%92%D0%B0%D0%BA%D0%B0%D0%BD%D1%81%D0%B8%D0%B8%20%D0%B2%20%D0%9C%D0%BE%D1%81%D0%BA%D0%B2%D0%B5
Повар,97110— 129480 руб.,[],"['Быстрый отклик', 'Пенсионерам', 'Студентам', 'Людям с инвалидностью']","""Теремок"" Сеть ресторанов домашнего питания",['Тульская'],"Тульская,г Москва, метро Тульская",Москва,Работа в ресторанах,Повар,опыт работы не имеет значения,образование любое,https://www.rabota.ru/vacancy/54235062/?methodRecommendationType=by_filter&methodRecommendationName=%D0%92%D0%B0%D0%BA%D0%B0%D0%BD%D1%81%D0%B8%D0%B8%20%D0%B2%20%D0%9C%D0%BE%D1%81%D0%BA%D0%B2%D0%B5
Повар,55000— 94000 руб.,[],"['Пенсионерам', 'Студентам', 'Людям с инвалидностью']",Шоколадница,['Окская'],"Окская ,г Москва, метро Окская",Москва,Работа в ресторанах,Повар,опыт работы не имеет значения,образование любое,https://www.rabota.ru/vacancy/53774252/?methodRecommendationType=by_filter&methodRecommendationName=%D0%92%D0%B0%D0%BA%D0%B0%D0%BD%D1%81%D0%B8%D0%B8%20%D0%B2%20%D0%9C%D0%BE%D1%81%D0%BA%D0%B2%D0%B5
Повар,50000— 94000 руб.,[],"['Пенсионерам', 'Студентам', 'Людям с инвалидностью']",Шоколадница,['Перово'],"Перово,г Москва, метро Перово (Калининская)",Москва,Работа в ресторанах,Повар,опыт работы Без опыта,образование любое,https://www.rabota.ru/vacancy/53766733/?methodRecommendationType=by_filter&methodRecommendationName=%D0%92%D0%B0%D0%BA%D0%B0%D0%BD%D1%81%D0%B8%D0%B8%20%D0%B2%20%D0%9C%D0%BE%D1%81%D0%BA%D0%B2%D0%B5
Повар,55000— 94000 руб.,[],"['Пенсионерам', 'Студентам', 'Людям с инвалидностью']",Шоколадница,['Кузьминки'],"Кузьминки,г Москва, метро Кузьминки",Москва,Работа в ресторанах,Повар,опыт работы не имеет значения,образование любое,https://www.rabota.ru/vacancy/53780418/?methodRecommendationType=by_filter&methodRecommendationName=%D0%92%D0%B0%D0%BA%D0%B0%D0%BD%D1%81%D0%B8%D0%B8%20%D0%B2%20%D0%9C%D0%BE%D1%81%D0%BA%D0%B2%D0%B5
"Водитель категории CE (открытый борт, штора)",230000— 250000 руб.,"['безаварийное вождение', 'навык мелкого ремонта грузовой техники']",[],Русавтосбыт,[],"Московская обл, г Мытищи, деревня Еремино, Дмитровское шоссе",Москва,,,от 3 лет,среднее,https://www.rabota.ru/vacancy/54256101/?methodRecommendationType=by_filter&methodRecommendationName=%D0%92%D0%B0%D0%BA%D0%B0%D0%BD%D1%81%D0%B8%D0%B8%20%D0%B2%20%D0%9C%D0%BE%D1%81%D0%BA%D0%B2%D0%B5
Главный специалист по учету активов,по договоренности,[],[],"АО УК ""Первая""",[],"Центральный федеральный округ,Москва",Москва,Работа в страховании,Андеррайтер,опыт работы от 1 года,образование любое,https://www.rabota.ru/vacancy/54256586/?methodRecommendationType=by_filter&methodRecommendationName=%D0%92%D0%B0%D0%BA%D0%B0%D0%BD%D1%81%D0%B8%D0%B8%20%D0%B2%20%D0%9C%D0%BE%D1%81%D0%BA%D0%B2%D0%B5
Сотрудник «Вкусно - и точка»,до 142000 руб.,[],[],jobcart,['Деловой центр'],"Деловой центр,г Москва, Пресненская наб, д 2",Москва,,,опыт работы Без опыта,образование любое,https://www.rabota.ru/vacancy/54256585/?methodRecommendationType=by_filter&methodRecommendationName=%D0%92%D0%B0%D0%BA%D0%B0%D0%BD%D1%81%D0%B8%D0%B8%20%D0%B2%20%D0%9C%D0%BE%D1%81%D0%BA%D0%B2%D0%B5
Ведущий специалист по пищевой безопасности,120000 руб.,"['ответственность', 'стрессоустойчивость', 'умение работать в команде', 'обучаемость', 'MS Office', 'MS Office  Excel', 'MS Office Word', 'ведение документооборота', 'контроль качества', 'обучение персонала', 'техника безопасности', 'работа с документами', 'проверка документов', 'стратегическое планирование', 'планирование', 'контроль работ', 'оперативное планирование', 'управление производством', 'Работа с большим объемом информации', 'Работа в команде']",[],"ООО ""Юпитер""",['Тульская'],"Тульская,г Москва, Гамсоновский пер, д 2 стр 2",Москва,,,опыт работы от 5 лет,образование высшее,https://www.rabota.ru/vacancy/53852103/?methodRecommendationType=by_filter&methodRecommendationName=%D0%92%D0%B0%D0%BA%D0%B0%D0%BD%D1%81%D0%B8%D0%B8%20%D0%B2%20%D0%9C%D0%BE%D1%81%D0%BA%D0%B2%D0%B5
Повар-сушист,100000— 120000 руб.,"['ответственность', 'пунктуальность', 'аккуратность', 'стрессоустойчивость', 'умение работать в команде', 'обучаемость', 'медицинская книжка', 'составление меню', 'японская кухня', 'приготовление салатов', 'приготовление холодных блюд', 'подача блюд', 'технологические карты', 'контроль качества продуктов', 'приготовление роллов', 'повар', 'умение планировать время', 'сушист', 'Шустрый', 'приготовление роллы']",['Пенсионерам'],"КуулКлевер (МясновЪ, Отдохни)","['Царицыно,', 'Пражская']","Царицыно, Пражская,г Москва, ул Бирюлёвская, д 38",Москва,Работа в ресторанах,Повар,опыт работы от 1 года,образование любое,https://www.rabota.ru/vacancy/48570863/?methodRecommendationType=by_filter&methodRecommendationName=%D0%92%D0%B0%D0%BA%D0%B0%D0%BD%D1%81%D0%B8%D0%B8%20%D0%B2%20%D0%9C%D0%BE%D1%81%D0%BA%D0%B2%D0%B5
Java разработчик(Senior),по договоренности,[],[],Страховой брокер Сбербанка,[],"Центральный федеральный округ,Москва",Москва,Работа в сфере IT,Программист,опыт работы от 3 лет,образование любое,https://www.rabota.ru/vacancy/54254397/?methodRecommendationType=by_filter&methodRecommendationName=%D0%92%D0%B0%D0%BA%D0%B0%D0%BD%D1%81%D0%B8%D0%B8%20%D0%B2%20%D0%9C%D0%BE%D1%81%D0%BA%D0%B2%D0%B5
Грузчик,55000— 65000 руб.,"['пунктуальность', 'трудолюбие', 'выносливость', 'погрузочно-разгрузочные работы', 'строительные работы', 'перевозка грузов', 'работа склада', 'участие в проведении инвентаризаций', 'прием товара', 'отгрузка товара', 'распределение товара', 'комплектация товара', 'сортировка товара', 'сбор заказов', 'упаковка', 'выполнение поручений', 'выгрузка товара', 'Разнорабочий', 'Грузчик', 'погрузка разгрузка']",[],Трезвый грузчик,['Площадь Революции'],"Площадь Революции,г Москва",Москва,,,не имеет значения,любое,https://www.rabota.ru/vacancy/54254062/?methodRecommendationType=by_filter&methodRecommendationName=%D0%92%D0%B0%D0%BA%D0%B0%D0%BD%D1%81%D0%B8%D0%B8%20%D0%B2%20%D0%9C%D0%BE%D1%81%D0%BA%D0%B2%D0%B5
Повар,97110— 129480 руб.,[],"['Быстрый отклик', 'Пенсионерам', 'Студентам', 'Людям с инвалидностью']","""Теремок"" Сеть ресторанов домашнего питания",['Юго-Восточная'],"Юго-Восточная ,г Москва, метро Юго-Восточная",Москва,Работа в ресторанах,Повар,опыт работы не имеет значения,образование любое,https://www.rabota.ru/vacancy/54256933/?methodRecommendationType=by_filter&methodRecommendationName=%D0%92%D0%B0%D0%BA%D0%B0%D0%BD%D1%81%D0%B8%D0%B8%20%D0%B2%20%D0%9C%D0%BE%D1%81%D0%BA%D0%B2%D0%B5
Велокурьер (Малыгина д.7),от 80000 руб.,"['ответственность', 'доброжелательность', 'доставка товаров', 'доставка заказов']",['Студентам'],"Сеть зоомагазинов ""Четыре Лапы""",[],"г Москва, ул Малыгина, д 7",Москва,Работа в сфере доставки,Курьер,опыт работы Без опыта,образование любое,https://www.rabota.ru/vacancy/54253827/?methodRecommendationType=by_filter&methodRecommendationName=%D0%92%D0%B0%D0%BA%D0%B0%D0%BD%D1%81%D0%B8%D0%B8%20%D0%B2%20%D0%9C%D0%BE%D1%81%D0%BA%D0%B2%D0%B5
"Продавец-консультант (Тишинская площадь, 1 с.1)",от 65000 руб.,"['умение работать в команде', 'доброжелательность', 'вежливость', 'консультирование клиентов', 'общение с клиентами', 'работа в торговом зале', 'консультированиe клиентов', 'демонстрация товара', 'кассовая документация']",['Студентам'],"Сеть зоомагазинов ""Четыре Лапы""",[],"г Москва, Тишинская пл, д 1 стр 1",Москва,Работа в торговле,Продавец,опыт работы Без опыта,образование любое,https://www.rabota.ru/vacancy/54253712/?methodRecommendationType=by_filter&methodRecommendationName=%D0%92%D0%B0%D0%BA%D0%B0%D0%BD%D1%81%D0%B8%D0%B8%20%D0%B2%20%D0%9C%D0%BE%D1%81%D0%BA%D0%B2%D0%B5
"Продавец-консультант в зоомагазин (ТЦ ""Причальный"")",от 70000 руб.,"['ответственность', 'обучаемость', 'доброжелательность', 'работа на кассе', 'работа в торговом зале', 'консультирование покупателей', 'демонстрация товара']",['Студентам'],"Сеть зоомагазинов ""Четыре Лапы""",[],"г Москва, Причальный проезд, д 10 к 1",Москва,Работа в торговле,Продавец,опыт работы Без опыта,образование любое,https://www.rabota.ru/vacancy/54253690/?methodRecommendationType=by_filter&methodRecommendationName=%D0%92%D0%B0%D0%BA%D0%B0%D0%BD%D1%81%D0%B8%D0%B8%20%D0%B2%20%D0%9C%D0%BE%D1%81%D0%BA%D0%B2%D0%B5
SRE инженер\Middle+,по договоренности,[],[],СберСтрахование,[],"Центральный федеральный округ,Москва",Москва,Работа в сфере IT,Программист,опыт работы от 1 года,образование любое,https://www.rabota.ru/vacancy/54252904/?methodRecommendationType=by_filter&methodRecommendationName=%D0%92%D0%B0%D0%BA%D0%B0%D0%BD%D1%81%D0%B8%D0%B8%20%D0%B2%20%D0%9C%D0%BE%D1%81%D0%BA%D0%B2%D0%B5
Врач-эндокринолог,от 120000 руб.,"['обучаемость', 'лечение пациентов', 'консультирование пациентов', 'составление плана лечения', 'ведение историй болезни', 'действующий сертификат по эндокринологии', 'Навыки межличностного общения']",[],"ООО ""Скинглоу""","['Деловой центр,', 'Шелепиха,', 'Деловой центр,', 'Шелепиха,', 'Шелепиха,', 'Тестовская,', 'Тестовская']","Деловой центр, Шелепиха, Деловой центр, Шелепиха, Шелепиха, Тестовская, Тестовская,г Москва, Шмитовский проезд, д 39 к 1",Москва,Работа в сфере медицины,Врач,опыт работы от 3 лет,образование высшее,https://www.rabota.ru/vacancy/54252808/?methodRecommendationType=by_filter&methodRecommendationName=%D0%92%D0%B0%D0%BA%D0%B0%D0%BD%D1%81%D0%B8%D0%B8%20%D0%B2%20%D0%9C%D0%BE%D1%81%D0%BA%D0%B2%D0%B5
Холодильщик,от 110000 руб.,"['обучаемость', 'монтажные работы', 'работа с технической документацией', 'ремонт электрооборудования', 'пусконаладочные работы', 'настройка оборудования', 'обслуживание электрооборудования', 'прокладка кабелей', 'работа с электроинструментом', 'монтаж оборудования']",[],Ипита,['Сокол'],"Сокол,г Москва, Волоколамское шоссе, д 2",Москва,Мастер по ремонту,Мастер по ремонту бытовой техники,опыт работы от 1 года,образование среднее профессиональное,https://www.rabota.ru/vacancy/54217552/?methodRecommendationType=by_filter&methodRecommendationName=%D0%92%D0%B0%D0%BA%D0%B0%D0%BD%D1%81%D0%B8%D0%B8%20%D0%B2%20%D0%9C%D0%BE%D1%81%D0%BA%D0%B2%D0%B5
Работник торгового зала,57400— 61200 руб.,"['умение работать в команде', 'обучаемость', 'выкладка товара', 'консультированиe покупателей', 'консультирование покупателей', 'розничные продажи']","['Быстрый отклик', 'Пенсионерам', 'Студентам', 'Людям с инвалидностью']",Ашан (сеть гипермаркетов),['Домодедовская'],"Домодедовская,г Москва, Каширское шоссе, д 61Г",Москва,Работа в торговле,,опыт работы Без опыта,образование любое,https://www.rabota.ru/vacancy/54256264/?methodRecommendationType=by_filter&methodRecommendationName=%D0%92%D0%B0%D0%BA%D0%B0%D0%BD%D1%81%D0%B8%D0%B8%20%D0%B2%20%D0%9C%D0%BE%D1%81%D0%BA%D0%B2%D0%B5
"Специалист по ведению учета и отчетности ЗПИФ, подготовке регуляторной отчетности",по договоренности,[],[],СФН,[],"Центральный федеральный округ,Москва",Москва,Работа в страховании,Андеррайтер,опыт работы от 3 лет,образование любое,https://www.rabota.ru/vacancy/54256240/?methodRecommendationType=by_filter&methodRecommendationName=%D0%92%D0%B0%D0%BA%D0%B0%D0%BD%D1%81%D0%B8%D0%B8%20%D0%B2%20%D0%9C%D0%BE%D1%81%D0%BA%D0%B2%D0%B5
Оператор кол-центра,от 53000 руб.,[],[],МТС,['Лобня'],"Лобня,Москва",Москва,Консультант,Оператор call-центра,опыт работы не имеет значения,образование среднее,https://www.rabota.ru/vacancy/53822037/?methodRecommendationType=by_filter&methodRecommendationName=%D0%92%D0%B0%D0%BA%D0%B0%D0%BD%D1%81%D0%B8%D0%B8%20%D0%B2%20%D0%9C%D0%BE%D1%81%D0%BA%D0%B2%D0%B5
Главный инженер ЖКХ,130000— 150000 руб.,[],[],ДЕКРА-СТРОЙЭКСПЛУАТАЦИЯ,['Тестовская'],"Тестовская,г Москва, ул 3-я Красногвардейская, д 3",Москва,Работа на производстве,Главный инженер,опыт работы от 5 лет,образование высшее,https://www.rabota.ru/vacancy/50179903/?methodRecommendationType=by_filter&methodRecommendationName=%D0%92%D0%B0%D0%BA%D0%B0%D0%BD%D1%81%D0%B8%D0%B8%20%D0%B2%20%D0%9C%D0%BE%D1%81%D0%BA%D0%B2%D0%B5
Автоэлектрик-диагност СТО,100000— 200000 руб.,"['ремонт автомобилей', 'диагностика неисправностей автомобилей', 'электрооборудование автомобиля', 'ремонт электропроводки', 'электрика', 'автоэлектрика']",[],Ирис,['Нагатинская'],"Нагатинская,г Москва, 1-й Нагатинский пр-д, д 15",Москва,,,от 1 года,любое,https://www.rabota.ru/vacancy/54250953/?methodRecommendationType=by_filter&methodRecommendationName=%D0%92%D0%B0%D0%BA%D0%B0%D0%BD%D1%81%D0%B8%D0%B8%20%D0%B2%20%D0%9C%D0%BE%D1%81%D0%BA%D0%B2%D0%B5
Архитектор кибербезопасности,по договоренности,[],[],"АО ""НПФ Сбербанка""",[],"Центральный федеральный округ,Москва",Москва,,,опыт работы от 3 лет,образование высшее,https://www.rabota.ru/vacancy/54249582/?methodRecommendationType=by_filter&methodRecommendationName=%D0%92%D0%B0%D0%BA%D0%B0%D0%BD%D1%81%D0%B8%D0%B8%20%D0%B2%20%D0%9C%D0%BE%D1%81%D0%BA%D0%B2%D0%B5
Мастер-приемщик,80000— 120000 руб.,"['ответственность', 'пунктуальность', 'внимательность', 'стрессоустойчивость', 'умение работать в команде', 'контроль качества', 'общение с клиентами', 'оформление заказ-нарядов', 'работа с сопроводительной документацией', 'прием автомобилей в ремонт', 'Знание устройства автомобиля']",['Быстрый отклик'],РТМ Моторс,['Сокольники'],"Сокольники,г Москва, ул Матросская Тишина, д 16Г стр 1",Москва,Приемщик,,опыт работы от 1 года,образование высшее,https://www.rabota.ru/vacancy/43473625/?methodRecommendationType=by_filter&methodRecommendationName=%D0%92%D0%B0%D0%BA%D0%B0%D0%BD%D1%81%D0%B8%D0%B8%20%D0%B2%20%D0%9C%D0%BE%D1%81%D0%BA%D0%B2%D0%B5
Велокурьер,от 160000 руб.,"['ответственность', 'пунктуальность', 'внимательность', 'трудолюбие', 'коммуникабельность', 'стрессоустойчивость', 'грамотная речь', 'обучаемость', 'доброжелательность', 'выносливость', 'доставка товаров', 'доставка заказов', 'выполнение поручений', 'знание города', 'ответственный']","['Быстрый отклик', 'Пенсионерам', 'Студентам', 'Людям с инвалидностью']",ООО Инсторадио,['Площадь Революции'],"Площадь Революции,г Москва",Москва,Работа в сфере доставки,Курьер,опыт работы не имеет значения,образование любое,https://www.rabota.ru/vacancy/54247291/?methodRecommendationType=by_filter&methodRecommendationName=%D0%92%D0%B0%D0%BA%D0%B0%D0%BD%D1%81%D0%B8%D0%B8%20%D0%B2%20%D0%9C%D0%BE%D1%81%D0%BA%D0%B2%D0%B5
Оператор колл-центра / Диспетчер по приёму обращений от населения в сфере ЖКХ,50000— 65000 руб.,"['грамотность', 'грамотная речь', 'обучаемость', 'уверенный пользователь ПК', 'консультирование пользователей', 'Работа в команде']","['Вакансия недели', 'Быстрый отклик']",Магистральные Сети Связи,['Звездная'],"Звездная,г Санкт-Петербург, ул Звёздная, д 1",Санкт-Петербург,Работа в офисе,Диспетчер,опыт работы не имеет значения,образование среднее,https://spb.rabota.ru/vacancy/54256935/?search_id=1775506854993c06u6ylter&methodRecommendationType=by_filter&methodRecommendationName=%D0%92%D0%B0%D0%BA%D0%B0%D0%BD%D1%81%D0%B8%D0%B8%20%D0%B2%20%D0%A1%D0%B0%D0%BD%D0%BA%D1%82-%D0%9F%D0%B5%D1%82%D0%B5%D1%80%D0%B1%D1%83%D1%80%D0%B3%D0%B5
Оператор call-центра,75000— 90000 руб.,"['обучаемость', 'общение с клиентами', 'исходящие звонки', 'общение по телефону']","['Вакансия недели', 'Студентам']",Глеавто,"['Московская,', 'Звездная,', 'Купчино,', 'Дунайская']","Московская, Звездная, Купчино, Дунайская,г Санкт-Петербург, Московское шоссе, д 25 к 1",Санкт-Петербург,Консультант,,опыт работы Без опыта,образование любое,https://spb.rabota.ru/vacancy/54254952/?search_id=1775506854993c06u6ylter&methodRecommendationType=by_filter&methodRecommendationName=%D0%92%D0%B0%D0%BA%D0%B0%D0%BD%D1%81%D0%B8%D0%B8%20%D0%B2%20%D0%A1%D0%B0%D0%BD%D0%BA%D1%82-%D0%9F%D0%B5%D1%82%D0%B5%D1%80%D0%B1%D1%83%D1%80%D0%B3%D0%B5
Специалист по работе со входящими клиентами (автосалон),от 100000 руб.,"['стрессоустойчивость', 'грамотная речь', 'консультирование клиентов', 'телефонные переговоры', 'продажи', 'исходящие звонки', 'консультированиe клиентов', 'общение по телефону']","['Вакансия недели', 'Студентам']",Глеавто,['Звездная'],"Звездная,г Санкт-Петербург",Санкт-Петербург,,,опыт работы от 1 года,образование любое,https://spb.rabota.ru/vacancy/54254932/?search_id=1775506854993c06u6ylter&methodRecommendationType=by_filter&methodRecommendationName=%D0%92%D0%B0%D0%BA%D0%B0%D0%BD%D1%81%D0%B8%D0%B8%20%D0%B2%20%D0%A1%D0%B0%D0%BD%D0%BA%D1%82-%D0%9F%D0%B5%D1%82%D0%B5%D1%80%D0%B1%D1%83%D1%80%D0%B3%D0%B5
Специалист по тендерам,90000— 110000 руб.,"['ответственность', 'стрессоустойчивость', 'ведение переговоров', 'MS Office  Excel', 'стратегическое планирование', 'подготовка тендерной документации', 'написание текстов', 'закупки', 'контроль реализации проекта', 'деловая переписка', 'Работа с большим объемом информации', 'Государственные закупки']","['Вакансия недели', 'Быстрый отклик']",Инженерно-строительное управление,[],"г Санкт-Петербург, ул Химиков, д 28 литера АС",Санкт-Петербург,Работа в продажах,,опыт работы от 3 лет,образование высшее,https://spb.rabota.ru/vacancy/54240164/?search_id=1775506854993c06u6ylter&methodRecommendationType=by_filter&methodRecommendationName=%D0%92%D0%B0%D0%BA%D0%B0%D0%BD%D1%81%D0%B8%D0%B8%20%D0%B2%20%D0%A1%D0%B0%D0%BD%D0%BA%D1%82-%D0%9F%D0%B5%D1%82%D0%B5%D1%80%D0%B1%D1%83%D1%80%D0%B3%D0%B5
Водитель-курьер с личным автомобилем,254000— 370000 руб.,"['ответственность', 'пунктуальность', 'доставка документов', 'доставка товаров', 'доставка заказов', 'Водитель']","['Вакансия недели', 'Быстрый отклик', 'Пенсионерам', 'Студентам', 'Людям с инвалидностью']",Парк7778,[],г Санкт-Петербург,Санкт-Петербург,Работа в сфере доставки,Курьер,опыт работы не имеет значения,образование любое,https://spb.rabota.ru/vacancy/44002530/?search_id=1775506854993c06u6ylter&methodRecommendationType=by_filter&methodRecommendationName=%D0%92%D0%B0%D0%BA%D0%B0%D0%BD%D1%81%D0%B8%D0%B8%20%D0%B2%20%D0%A1%D0%B0%D0%BD%D0%BA%D1%82-%D0%9F%D0%B5%D1%82%D0%B5%D1%80%D0%B1%D1%83%D1%80%D0%B3%D0%B5
Продавец-консультант (Варшавская 23к4),53000— 62000 руб.,"['ответственность', 'пунктуальность', 'умение работать в команде', 'доброжелательность', 'вежливость', 'общение с клиентами', 'работа в торговом зале', 'консультирование', 'консультирование покупателей']",[],"ООО ""ВОТОНЯ""","['Парк Победы,', 'Московская']","Парк Победы, Московская,г Санкт-Петербург, ул Варшавская, д 23 к 4",Санкт-Петербург,,,не имеет значения,любое,https://spb.rabota.ru/vacancy/54254307/?search_id=1775506854993c06u6ylter&methodRecommendationType=by_filter&methodRecommendationName=%D0%92%D0%B0%D0%BA%D0%B0%D0%BD%D1%81%D0%B8%D0%B8%20%D0%B2%20%D0%A1%D0%B0%D0%BD%D0%BA%D1%82-%D0%9F%D0%B5%D1%82%D0%B5%D1%80%D0%B1%D1%83%D1%80%D0%B3%D0%B5
Инструктор ЛФК,от 100000 руб.,"['ЛФК', 'АФК']","['Вакансия недели', 'Пенсионерам', 'Студентам']","ООО ""Опека-МСК""",['Черная речка'],"Черная речка,г Санкт-Петербург, Приморский пр-кт, д 35а литера А",Санкт-Петербург,Работа в сфере красоты,Инструктор,опыт работы от 1 года,образование среднее профессиональное,https://spb.rabota.ru/vacancy/54254216/?search_id=1775506854993c06u6ylter&methodRecommendationType=by_filter&methodRecommendationName=%D0%92%D0%B0%D0%BA%D0%B0%D0%BD%D1%81%D0%B8%D0%B8%20%D0%B2%20%D0%A1%D0%B0%D0%BD%D0%BA%D1%82-%D0%9F%D0%B5%D1%82%D0%B5%D1%80%D0%B1%D1%83%D1%80%D0%B3%D0%B5
Врач-терапевт,от 144000 руб.,"['ведение медицинской документации', 'лечение пациентов', 'диагностика заболеваний', 'действующий сертификат', 'осмотр пациентов']",[],"ООО ""Опека-МСК""",['Площадь Ленина'],"Площадь Ленина,г Санкт-Петербург, ул Комиссара Смирнова, д 4а",Санкт-Петербург,,,от 3 лет,высшее,https://spb.rabota.ru/vacancy/54254185/?search_id=1775506854993c06u6ylter&methodRecommendationType=by_filter&methodRecommendationName=%D0%92%D0%B0%D0%BA%D0%B0%D0%BD%D1%81%D0%B8%D0%B8%20%D0%B2%20%D0%A1%D0%B0%D0%BD%D0%BA%D1%82-%D0%9F%D0%B5%D1%82%D0%B5%D1%80%D0%B1%D1%83%D1%80%D0%B3%D0%B5
Сортировщик мусора на завод,от 82000 руб.,"['ответственность', 'стрессоустойчивость', 'фасовка продукции']","['Вакансия недели', 'Студентам']",Кадровое агентство от Работа.ру,['Обухово'],"Обухово,г Санкт-Петербург, Грузовой проезд, д 12 к 1",Санкт-Петербург,Работа на складах,Фасовщик,опыт работы не имеет значения,образование любое,https://spb.rabota.ru/vacancy/54253601/?search_id=1775506854993c06u6ylter&methodRecommendationType=by_filter&methodRecommendationName=%D0%92%D0%B0%D0%BA%D0%B0%D0%BD%D1%81%D0%B8%D0%B8%20%D0%B2%20%D0%A1%D0%B0%D0%BD%D0%BA%D1%82-%D0%9F%D0%B5%D1%82%D0%B5%D1%80%D0%B1%D1%83%D1%80%D0%B3%D0%B5
Водитель-курьер сервиса Яндекс Доставка,по договоренности,"['пунктуальность', 'безаварийное вождение', 'доставка товаров', 'доставка заказов', 'права категории В', 'курьерская доставка', 'Навык вождения']",[],Яндекс.Доставка,[],г Санкт-Петербург,Санкт-Петербург,,,не имеет значения,любое,https://spb.rabota.ru/vacancy/54212059/?search_id=1775506854993c06u6ylter&methodRecommendationType=by_filter&methodRecommendationName=%D0%92%D0%B0%D0%BA%D0%B0%D0%BD%D1%81%D0%B8%D0%B8%20%D0%B2%20%D0%A1%D0%B0%D0%BD%D0%BA%D1%82-%D0%9F%D0%B5%D1%82%D0%B5%D1%80%D0%B1%D1%83%D1%80%D0%B3%D0%B5
Менеджер по работе с клиентами,80000— 90000 руб.,"['пунктуальность', 'стрессоустойчивость', 'грамотная речь', 'клиентоориентированность', 'обучаемость', 'ведение клиентской базы', 'телефонные переговоры', 'подготовка коммерческих предложений', 'ведение заказов', '1С:Торговля и Склад', 'исходящие звонки', 'Работа в команде']",[],Ортос СПб,['Проспект Большевиков'],"Проспект Большевиков,г Санкт-Петербург, ул Чудновского, д 19 литера А",Санкт-Петербург,,,от 1 года,высшее,https://spb.rabota.ru/vacancy/48506825/?search_id=1775506854993c06u6ylter&methodRecommendationType=by_filter&methodRecommendationName=%D0%92%D0%B0%D0%BA%D0%B0%D0%BD%D1%81%D0%B8%D0%B8%20%D0%B2%20%D0%A1%D0%B0%D0%BD%D0%BA%D1%82-%D0%9F%D0%B5%D1%82%D0%B5%D1%80%D0%B1%D1%83%D1%80%D0%B3%D0%B5
Оператор на конвейер (прилив подошвы),от 110000 руб.,[],['Вакансия недели'],"АО ""ПТК ""Модерам""",[],"г Санкт-Петербург, пр-кт Обуховской Обороны, д 124",Санкт-Петербург,Оператор,Оператор на производство,опыт работы Без опыта,образование любое,https://spb.rabota.ru/vacancy/54223480/?search_id=1775506854993c06u6ylter&methodRecommendationType=by_filter&methodRecommendationName=%D0%92%D0%B0%D0%BA%D0%B0%D0%BD%D1%81%D0%B8%D0%B8%20%D0%B2%20%D0%A1%D0%B0%D0%BD%D0%BA%D1%82-%D0%9F%D0%B5%D1%82%D0%B5%D1%80%D0%B1%D1%83%D1%80%D0%B3%D0%B5
Менеджер по продажам b2b,70000— 130000 руб.,"['поиск и привлечение клиентов', 'телефонные переговоры', '""холодные"" звонки', 'активные продажи', 'выполнение плана продаж', 'b2b продажи']",[],"Типография ""Аркада""",[],г Санкт-Петербург,Санкт-Петербург,,,от 1 года,любое,https://spb.rabota.ru/vacancy/54208985/?search_id=1775506854993c06u6ylter&methodRecommendationType=by_filter&methodRecommendationName=%D0%92%D0%B0%D0%BA%D0%B0%D0%BD%D1%81%D0%B8%D0%B8%20%D0%B2%20%D0%A1%D0%B0%D0%BD%D0%BA%D1%82-%D0%9F%D0%B5%D1%82%D0%B5%D1%80%D0%B1%D1%83%D1%80%D0%B3%D0%B5
Оператор колл-центра на входящую линию (удаленно),30000— 40000 руб.,"['ответственность', 'коммуникабельность', 'стрессоустойчивость', 'грамотная речь', 'MS Office  Excel', 'MS Office Word', 'прием входящих звонков', 'работа с документами', 'обработка данных', 'высокая скорость печати', 'ввод данных', 'общение по телефону']",[],Первый виртуальный оператор,[],г Воронеж,Санкт-Петербург,,,не имеет значения,любое,https://spb.rabota.ru/vacancy/48582426/?search_id=1775506854993c06u6ylter&methodRecommendationType=by_filter&methodRecommendationName=%D0%92%D0%B0%D0%BA%D0%B0%D0%BD%D1%81%D0%B8%D0%B8%20%D0%B2%20%D0%A1%D0%B0%D0%BD%D0%BA%D1%82-%D0%9F%D0%B5%D1%82%D0%B5%D1%80%D0%B1%D1%83%D1%80%D0%B3%D0%B5
"Продавец-кассир (Ланское шоссе, 2)",до 56755 руб.,"['доброжелательность', 'выкладка товара', 'мерчендайзинг', '1С', 'прием товара', 'кассовая документация', 'прием товар', 'без опыта']","['Пенсионерам', 'Студентам']","ДИКСИ Юг, АО",['Черная речка'],"Черная речка,г Санкт-Петербург, Ланское шоссе, д 2",Санкт-Петербург,Работа в торговле,Продавец,опыт работы не имеет значения,образование любое,https://spb.rabota.ru/vacancy/53746108/?search_id=1775506854993c06u6ylter&methodRecommendationType=by_filter&methodRecommendationName=%D0%92%D0%B0%D0%BA%D0%B0%D0%BD%D1%81%D0%B8%D0%B8%20%D0%B2%20%D0%A1%D0%B0%D0%BD%D0%BA%D1%82-%D0%9F%D0%B5%D1%82%D0%B5%D1%80%D0%B1%D1%83%D1%80%D0%B3%D0%B5
"Продавец-кассир (ул. Манчестреская, д.5/1)",до 61914 руб.,"['доброжелательность', 'выкладка товара', 'мерчендайзинг', '1С', 'прием товара', 'кассовая документация', 'прием товар', 'без опыта']","['Пенсионерам', 'Студентам']","ДИКСИ Юг, АО",['Удельная'],"Удельная,г Санкт-Петербург, ул Манчестерская, д 5 к 1 стр 1",Санкт-Петербург,Работа в торговле,Продавец,опыт работы не имеет значения,образование любое,https://spb.rabota.ru/vacancy/49851782/?search_id=1775506854993c06u6ylter&methodRecommendationType=by_filter&methodRecommendationName=%D0%92%D0%B0%D0%BA%D0%B0%D0%BD%D1%81%D0%B8%D0%B8%20%D0%B2%20%D0%A1%D0%B0%D0%BD%D0%BA%D1%82-%D0%9F%D0%B5%D1%82%D0%B5%D1%80%D0%B1%D1%83%D1%80%D0%B3%D0%B5
"Продавец-кассир (Большая Пушкарская ул, д.30)",до 57481 руб.,"['доброжелательность', 'выкладка товара', 'мерчендайзинг', '1С', 'прием товара', 'кассовая документация', 'прием товар', 'без опыта']","['Пенсионерам', 'Студентам']","ДИКСИ Юг, АО",['Чкаловская'],"Чкаловская,г Санкт-Петербург, ул Большая Пушкарская",Санкт-Петербург,Работа в торговле,Продавец,опыт работы не имеет значения,образование любое,https://spb.rabota.ru/vacancy/49828716/?search_id=1775506854993c06u6ylter&methodRecommendationType=by_filter&methodRecommendationName=%D0%92%D0%B0%D0%BA%D0%B0%D0%BD%D1%81%D0%B8%D0%B8%20%D0%B2%20%D0%A1%D0%B0%D0%BD%D0%BA%D1%82-%D0%9F%D0%B5%D1%82%D0%B5%D1%80%D0%B1%D1%83%D1%80%D0%B3%D0%B5
Дезинфектор,от 52000 руб.,['дезинфекция помещений'],[],"КАРАВАЙ, группа компаний",['Площадь Мужества'],"Площадь Мужества,г Санкт-Петербург, ул Политехническая, д 11",Санкт-Петербург,,,не имеет значения,любое,https://spb.rabota.ru/vacancy/49685250/?search_id=1775506854993c06u6ylter&methodRecommendationType=by_filter&methodRecommendationName=%D0%92%D0%B0%D0%BA%D0%B0%D0%BD%D1%81%D0%B8%D0%B8%20%D0%B2%20%D0%A1%D0%B0%D0%BD%D0%BA%D1%82-%D0%9F%D0%B5%D1%82%D0%B5%D1%80%D0%B1%D1%83%D1%80%D0%B3%D0%B5
Курьер,до 214320 руб.,['доброжелательность'],['Студентам'],Самокат,[],"г Санкт-Петербург, Калининский р-н",Санкт-Петербург,Работа в сфере доставки,Курьер,опыт работы Без опыта,образование любое,https://spb.rabota.ru/vacancy/53785859/?search_id=1775506854993c06u6ylter&methodRecommendationType=by_filter&methodRecommendationName=%D0%92%D0%B0%D0%BA%D0%B0%D0%BD%D1%81%D0%B8%D0%B8%20%D0%B2%20%D0%A1%D0%B0%D0%BD%D0%BA%D1%82-%D0%9F%D0%B5%D1%82%D0%B5%D1%80%D0%B1%D1%83%D1%80%D0%B3%D0%B5
Разнорабочий (строительство),от 80000 руб.,"['погрузочно-разгрузочные работы', 'строительные работы', 'умение работать в коллективе', 'Точность и внимательность к деталям', 'Гражданство РФ, регистрация СПб или ЛО']",[],Управляющая компания,[],"г Санкт-Петербург, поселок Шушары, тер Ленсоветовский",Санкт-Петербург,,,опыт работы от 1 года,образование среднее,https://spb.rabota.ru/vacancy/54243882/?search_id=1775506854993c06u6ylter&methodRecommendationType=by_filter&methodRecommendationName=%D0%92%D0%B0%D0%BA%D0%B0%D0%BD%D1%81%D0%B8%D0%B8%20%D0%B2%20%D0%A1%D0%B0%D0%BD%D0%BA%D1%82-%D0%9F%D0%B5%D1%82%D0%B5%D1%80%D0%B1%D1%83%D1%80%D0%B3%D0%B5
Лицензированный охранник,55000— 80000 руб.,"['ответственность', 'внимательность', 'охрана объектов', 'удостоверение личности частного охранника (УЛЧО)', 'видеонаблюдение', 'обеспечение контрольно-пропускного режима']",[],Управляющая компания,[],"г Санкт-Петербург, поселок Шушары, тер Ленсоветовский",Санкт-Петербург,Работа в сфере безопасности,Охранник,опыт работы от 3 лет,образование любое,https://spb.rabota.ru/vacancy/54203290/?search_id=1775506854993c06u6ylter&methodRecommendationType=by_filter&methodRecommendationName=%D0%92%D0%B0%D0%BA%D0%B0%D0%BD%D1%81%D0%B8%D0%B8%20%D0%B2%20%D0%A1%D0%B0%D0%BD%D0%BA%D1%82-%D0%9F%D0%B5%D1%82%D0%B5%D1%80%D0%B1%D1%83%D1%80%D0%B3%D0%B5
Кладовщик 3 разряда,от 82500 руб.,"['работа склада', 'прием товара', 'комплектация товара', 'ведение складской документации']",[],"КАРАВАЙ, группа компаний",['Кировский завод'],"Кировский завод,г Санкт-Петербург, пр-кт Стачек, д 39",Санкт-Петербург,,,менее года,любое,https://spb.rabota.ru/vacancy/49992235/?search_id=1775506854993c06u6ylter&methodRecommendationType=by_filter&methodRecommendationName=%D0%92%D0%B0%D0%BA%D0%B0%D0%BD%D1%81%D0%B8%D0%B8%20%D0%B2%20%D0%A1%D0%B0%D0%BD%D0%BA%D1%82-%D0%9F%D0%B5%D1%82%D0%B5%D1%80%D0%B1%D1%83%D1%80%D0%B3%D0%B5
Руководитель проекта по развитию сделок с повышенным риском,по договоренности,[],[],СБЕР,[],"Северо-Западный федеральный округ,Санкт-Петербург",Санкт-Петербург,Руководитель,Руководитель проекта,опыт работы от 3 лет,образование любое,https://spb.rabota.ru/vacancy/54256386/?search_id=1775506854993c06u6ylter&methodRecommendationType=by_filter&methodRecommendationName=%D0%92%D0%B0%D0%BA%D0%B0%D0%BD%D1%81%D0%B8%D0%B8%20%D0%B2%20%D0%A1%D0%B0%D0%BD%D0%BA%D1%82-%D0%9F%D0%B5%D1%82%D0%B5%D1%80%D0%B1%D1%83%D1%80%D0%B3%D0%B5
Охранник-кинолог (Проводник служебной собаки),от 65000 руб.,"['охрана объектов', 'удостоверение личности частного охранника (УЛЧО)', 'Работа со служебными собаками', 'Кинологическая подготовка', 'Работа в суточном графике']",[],Управляющая компания,[],"196627, г Санкт-Петербург, поселок Шушары, Московское шоссе, д 233",Санкт-Петербург,Работа в сфере безопасности,Охранник,опыт работы от 1 года,образование любое,https://spb.rabota.ru/vacancy/54203285/?search_id=1775506854993c06u6ylter&methodRecommendationType=by_filter&methodRecommendationName=%D0%92%D0%B0%D0%BA%D0%B0%D0%BD%D1%81%D0%B8%D0%B8%20%D0%B2%20%D0%A1%D0%B0%D0%BD%D0%BA%D1%82-%D0%9F%D0%B5%D1%82%D0%B5%D1%80%D0%B1%D1%83%D1%80%D0%B3%D0%B5
Оператор стола заказов,от 56000 руб.,['ответственность'],[],"КАРАВАЙ, группа компаний",['Площадь Александра Невского'],"Площадь Александра Невского,г Санкт-Петербург, ул Херсонская, д 22",Санкт-Петербург,,,не имеет значения,среднее профессиональное,https://spb.rabota.ru/vacancy/48408557/?search_id=1775506854993c06u6ylter&methodRecommendationType=by_filter&methodRecommendationName=%D0%92%D0%B0%D0%BA%D0%B0%D0%BD%D1%81%D0%B8%D0%B8%20%D0%B2%20%D0%A1%D0%B0%D0%BD%D0%BA%D1%82-%D0%9F%D0%B5%D1%82%D0%B5%D1%80%D0%B1%D1%83%D1%80%D0%B3%D0%B5
Менеджер по подбору персонала удаленно,30000— 100000 руб.,[],[],Jobers,['Зенит'],"Зенит,г Санкт-Петербург, Рюхина улица, 9",Санкт-Петербург,Работа в сфере HR,Менеджер по персоналу,опыт работы Без опыта,образование любое,https://spb.rabota.ru/vacancy/54256559/?search_id=1775506854993c06u6ylter&methodRecommendationType=by_filter&methodRecommendationName=%D0%92%D0%B0%D0%BA%D0%B0%D0%BD%D1%81%D0%B8%D0%B8%20%D0%B2%20%D0%A1%D0%B0%D0%BD%D0%BA%D1%82-%D0%9F%D0%B5%D1%82%D0%B5%D1%80%D0%B1%D1%83%D1%80%D0%B3%D0%B5
Учитель математики,от 70000 руб.,['преподавание математики'],['Людям с инвалидностью'],"""Умный малыш""",['Комендантский проспект'],"Комендантский проспект,г Санкт-Петербург, Комендантский пр-кт, д 11 литера Б",Санкт-Петербург,Работа в сфере образования,Преподаватель,опыт работы от 3 лет,образование высшее,https://spb.rabota.ru/vacancy/54256541/?search_id=1775506854993c06u6ylter&methodRecommendationType=by_filter&methodRecommendationName=%D0%92%D0%B0%D0%BA%D0%B0%D0%BD%D1%81%D0%B8%D0%B8%20%D0%B2%20%D0%A1%D0%B0%D0%BD%D0%BA%D1%82-%D0%9F%D0%B5%D1%82%D0%B5%D1%80%D0%B1%D1%83%D1%80%D0%B3%D0%B5
Менеджер по развитию сделок с нестандартным риском,по договоренности,[],[],СБЕР,[],"Северо-Западный федеральный округ,Санкт-Петербург",Санкт-Петербург,Работа в продажах,Менеджер по развитию,опыт работы от 1 года,образование любое,https://spb.rabota.ru/vacancy/54256510/?search_id=1775506854993c06u6ylter&methodRecommendationType=by_filter&methodRecommendationName=%D0%92%D0%B0%D0%BA%D0%B0%D0%BD%D1%81%D0%B8%D0%B8%20%D0%B2%20%D0%A1%D0%B0%D0%BD%D0%BA%D1%82-%D0%9F%D0%B5%D1%82%D0%B5%D1%80%D0%B1%D1%83%D1%80%D0%B3%D0%B5
Электрик,от 95000 руб.,[],[],"JCat, сервис размещения объявлений",['Елизаровская'],"Елизаровская,Санкт-Петербург, Ольги Берггольц улица, 42",Санкт-Петербург,Работа в строительстве,,опыт работы от 1 года,образование среднее,https://spb.rabota.ru/vacancy/54256487/?search_id=1775506854993c06u6ylter&methodRecommendationType=by_filter&methodRecommendationName=%D0%92%D0%B0%D0%BA%D0%B0%D0%BD%D1%81%D0%B8%D0%B8%20%D0%B2%20%D0%A1%D0%B0%D0%BD%D0%BA%D1%82-%D0%9F%D0%B5%D1%82%D0%B5%D1%80%D0%B1%D1%83%D1%80%D0%B3%D0%B5
Ведущий менеджер по продажам/ Кондитерское направление,по договоренности,"['ведение переговоров', 'ведение клиентской базы', 'активные продажи', 'выполнение плана продаж']",[],"ООО ""А-Соль""","['Лесная,', 'Петроградская']","Лесная, Петроградская,г Санкт-Петербург, Аптекарская наб, д 20 литера А",Санкт-Петербург,Ведущий менеджер,Главный менеджер по продажам,опыт работы от 3 лет,образование высшее,https://spb.rabota.ru/vacancy/54256479/?search_id=1775506854993c06u6ylter&methodRecommendationType=by_filter&methodRecommendationName=%D0%92%D0%B0%D0%BA%D0%B0%D0%BD%D1%81%D0%B8%D0%B8%20%D0%B2%20%D0%A1%D0%B0%D0%BD%D0%BA%D1%82-%D0%9F%D0%B5%D1%82%D0%B5%D1%80%D0%B1%D1%83%D1%80%D0%B3%D0%B5
Повар-кассир в ресторан быстрого питания,от 90000 руб.,[],[],Медиапартнерс,[],Санкт-Петербург,Санкт-Петербург,Работа в ресторанах,Повар,опыт работы Без опыта,образование любое,https://spb.rabota.ru/vacancy/54256351/?methodRecommendationType=by_filter&methodRecommendationName=%D0%92%D0%B0%D0%BA%D0%B0%D0%BD%D1%81%D0%B8%D0%B8%20%D0%B2%20%D0%A1%D0%B0%D0%BD%D0%BA%D1%82-%D0%9F%D0%B5%D1%82%D0%B5%D1%80%D0%B1%D1%83%D1%80%D0%B3%D0%B5
Старший клиентский менеджер (Металлострой),от 96400 руб.,[],[],СБЕР,[],"Северо-Западный федеральный округ,Санкт-Петербург",Санкт-Петербург,Ведущий менеджер,Главный менеджер,опыт работы Без опыта,образование любое,https://spb.rabota.ru/vacancy/54256847/?methodRecommendationType=by_filter&methodRecommendationName=%D0%92%D0%B0%D0%BA%D0%B0%D0%BD%D1%81%D0%B8%D0%B8%20%D0%B2%20%D0%A1%D0%B0%D0%BD%D0%BA%D1%82-%D0%9F%D0%B5%D1%82%D0%B5%D1%80%D0%B1%D1%83%D1%80%D0%B3%D0%B5
Помощник повара,от 70000 руб.,"['приготовление блюд', 'составление меню', 'контроль качества продуктов', 'поддержание чистоты', 'организация рабочего процесса', 'соблюдение санитарных норм', 'работа с кухонным оборудованием']",[],"JCat, сервис размещения объявлений",['Рыбацкое'],"Рыбацкое,Санкт-Петербург, На Петро-Славянку дорога, 2В",Санкт-Петербург,Работа в ресторанах,Повар,опыт работы не имеет значения,образование среднее,https://spb.rabota.ru/vacancy/54256659/?methodRecommendationType=by_filter&methodRecommendationName=%D0%92%D0%B0%D0%BA%D0%B0%D0%BD%D1%81%D0%B8%D0%B8%20%D0%B2%20%D0%A1%D0%B0%D0%BD%D0%BA%D1%82-%D0%9F%D0%B5%D1%82%D0%B5%D1%80%D0%B1%D1%83%D1%80%D0%B3%D0%B5
Менеджер службы приема и размещения (администратор ресепшен) в сеть отелей и апартаментов,65000— 120000 руб.,[],[],jobcart,[],"г Санкт-Петербург, ул Караванная",Санкт-Петербург,Администратор,Администратор на ресепшн,опыт работы Без опыта,образование любое,https://spb.rabota.ru/vacancy/54256579/?methodRecommendationType=by_filter&methodRecommendationName=%D0%92%D0%B0%D0%BA%D0%B0%D0%BD%D1%81%D0%B8%D0%B8%20%D0%B2%20%D0%A1%D0%B0%D0%BD%D0%BA%D1%82-%D0%9F%D0%B5%D1%82%D0%B5%D1%80%D0%B1%D1%83%D1%80%D0%B3%D0%B5
Инженер-технолог очистных сооружений,по договоренности,[],[],"ООО ""А-Соль""","['Лесная,', 'Петроградская']","Лесная, Петроградская,г Санкт-Петербург, Аптекарская наб, д 20 литера А",Санкт-Петербург,Работа на производстве,Технолог,опыт работы от 3 лет,образование высшее,https://spb.rabota.ru/vacancy/54256475/?methodRecommendationType=by_filter&methodRecommendationName=%D0%92%D0%B0%D0%BA%D0%B0%D0%BD%D1%81%D0%B8%D0%B8%20%D0%B2%20%D0%A1%D0%B0%D0%BD%D0%BA%D1%82-%D0%9F%D0%B5%D1%82%D0%B5%D1%80%D0%B1%D1%83%D1%80%D0%B3%D0%B5
Менеджер по обработке текстовых заказов ( удалённо ),50000— 80000 руб.,"['ответственность', 'коммуникабельность', 'грамотность', 'обучаемость', 'уверенный пользователь ПК', 'ведение деловой переписки', 'консультирование клиентов', 'общение с клиентами', 'ведение клиентской базы', 'высокая скорость печати', 'CRM-система', 'консультирование', 'пользователь ПК', 'удаленная работа', 'клиентский сервис', 'маркетплейсы', 'работа в чате', 'без звонков']","['Быстрый отклик', 'Пенсионерам', 'Студентам', 'Людям с инвалидностью']",Свидлов Алексей Александрович,['Комендантский проспект'],"Комендантский проспект,г Санкт-Петербург",Санкт-Петербург,Менеджер по работе с клиентами,Менеджер по заказам,опыт работы не имеет значения,образование любое,https://spb.rabota.ru/vacancy/54256153/?methodRecommendationType=by_filter&methodRecommendationName=%D0%92%D0%B0%D0%BA%D0%B0%D0%BD%D1%81%D0%B8%D0%B8%20%D0%B2%20%D0%A1%D0%B0%D0%BD%D0%BA%D1%82-%D0%9F%D0%B5%D1%82%D0%B5%D1%80%D0%B1%D1%83%D1%80%D0%B3%D0%B5
Главный инженер по эксплуатации,130000— 195000 руб.,"['работа с технической документацией', 'руководство коллективом', 'планирование', 'работа с подрядными организациями', 'работа с проектно-сметной документацией', 'эксплуатация инженерных систем', 'работа с надзорными организациями']",[],Жилкомсервис № 2 Красногвардейского района,['Ладожская'],"Ладожская,г Санкт-Петербург, пр-кт Ударников, д 39 к 1",Санкт-Петербург,Сервисный инженер,Инженер по эксплуатации,опыт работы от 3 лет,образование высшее,https://spb.rabota.ru/vacancy/54256139/?methodRecommendationType=by_filter&methodRecommendationName=%D0%92%D0%B0%D0%BA%D0%B0%D0%BD%D1%81%D0%B8%D0%B8%20%D0%B2%20%D0%A1%D0%B0%D0%BD%D0%BA%D1%82-%D0%9F%D0%B5%D1%82%D0%B5%D1%80%D0%B1%D1%83%D1%80%D0%B3%D0%B5
Оператор контактного центра (удалённо),от 60000 руб.,[],[],МТС,['Адмиралтейская'],"Адмиралтейская,Санкт-Петербург",Санкт-Петербург,Консультант,Оператор call-центра,опыт работы не имеет значения,образование среднее,https://spb.rabota.ru/vacancy/54253554/?methodRecommendationType=by_filter&methodRecommendationName=%D0%92%D0%B0%D0%BA%D0%B0%D0%BD%D1%81%D0%B8%D0%B8%20%D0%B2%20%D0%A1%D0%B0%D0%BD%D0%BA%D1%82-%D0%9F%D0%B5%D1%82%D0%B5%D1%80%D0%B1%D1%83%D1%80%D0%B3%D0%B5
Водитель на служебный автомобиль,от 80000 руб.,"['стаж вождения от 3 лет', 'GPS-навигатор', 'правила дорожного движения', 'перевозка пассажиров', 'спокойный стиль вождения']","['Пенсионерам', 'Студентам']",Хорошей дороги,['Площадь Восстания'],"Площадь Восстания,г Санкт-Петербург, Лиговский пр-кт, д 50д к 2",Санкт-Петербург,Работа на транспорте,Водитель,опыт работы не имеет значения,образование среднее,https://spb.rabota.ru/vacancy/54251490/?methodRecommendationType=by_filter&methodRecommendationName=%D0%92%D0%B0%D0%BA%D0%B0%D0%BD%D1%81%D0%B8%D0%B8%20%D0%B2%20%D0%A1%D0%B0%D0%BD%D0%BA%D1%82-%D0%9F%D0%B5%D1%82%D0%B5%D1%80%D0%B1%D1%83%D1%80%D0%B3%D0%B5
Ассистент врача стоматолога,от 80000 руб.,"['ответственность', 'обучаемость', 'работа ""в 4 руки""', 'стоматологические материалы', 'выполнение рентгеновских снимков', 'действующий сертификат по специальности ""Сестринское дело""', 'подготовка кабинета к приему', 'ассистирование врачу', 'ведение медицинской документации', 'выполнение медицинских манипуляций']",['Студентам'],Семейная стоматология,['Комендантский проспект'],"Комендантский проспект,г Санкт-Петербург, Комендантская пл, д 8 литера А",Санкт-Петербург,Работа в сфере медицины,Медицинская сестра,опыт работы не имеет значения,образование среднее профессиональное,https://spb.rabota.ru/vacancy/53856794/?methodRecommendationType=by_filter&methodRecommendationName=%D0%92%D0%B0%D0%BA%D0%B0%D0%BD%D1%81%D0%B8%D0%B8%20%D0%B2%20%D0%A1%D0%B0%D0%BD%D0%BA%D1%82-%D0%9F%D0%B5%D1%82%D0%B5%D1%80%D0%B1%D1%83%D1%80%D0%B3%D0%B5
Специалист по работе с клиентами МТС (удалённо),61000— 117000 руб.,[],[],МТС,['Купчино'],"Купчино,Санкт-Петербург",Санкт-Петербург,,,опыт работы не имеет значения,образование среднее,https://spb.rabota.ru/vacancy/53720062/?methodRecommendationType=by_filter&methodRecommendationName=%D0%92%D0%B0%D0%BA%D0%B0%D0%BD%D1%81%D0%B8%D0%B8%20%D0%B2%20%D0%A1%D0%B0%D0%BD%D0%BA%D1%82-%D0%9F%D0%B5%D1%82%D0%B5%D1%80%D0%B1%D1%83%D1%80%D0%B3%D0%B5
Кладовщик-комплектовщик,90000 руб.,[],[],"ООО ""Интекс""","['Балтийская,', 'Московские ворота']","Балтийская, Московские ворота,г Санкт-Петербург, Митрофаньевское шоссе, д 29 литера Б",Санкт-Петербург,Работа на складах,Комплектовщик,опыт работы не имеет значения,образование любое,https://spb.rabota.ru/vacancy/50630201/?methodRecommendationType=by_filter&methodRecommendationName=%D0%92%D0%B0%D0%BA%D0%B0%D0%BD%D1%81%D0%B8%D0%B8%20%D0%B2%20%D0%A1%D0%B0%D0%BD%D0%BA%D1%82-%D0%9F%D0%B5%D1%82%D0%B5%D1%80%D0%B1%D1%83%D1%80%D0%B3%D0%B5
Повар в мясной цех,от 70000 руб.,[],['Быстрый отклик'],"""Ресторан Москва"" ООО","['Площадь Александра Невского,', 'Площадь Александра Невского']","Площадь Александра Невского, Площадь Александра Невского,г Санкт-Петербург, пл Александра Невского, д 2",Санкт-Петербург,Работа в ресторанах,Повар,опыт работы от 1 года,образование среднее профессиональное,https://spb.rabota.ru/vacancy/37873620/?methodRecommendationType=by_filter&methodRecommendationName=%D0%92%D0%B0%D0%BA%D0%B0%D0%BD%D1%81%D0%B8%D0%B8%20%D0%B2%20%D0%A1%D0%B0%D0%BD%D0%BA%D1%82-%D0%9F%D0%B5%D1%82%D0%B5%D1%80%D0%B1%D1%83%D1%80%D0%B3%D0%B5
Пеший курьер,до 214320 руб.,['доброжелательность'],['Студентам'],Самокат,['Адмиралтейская'],"Адмиралтейская,г Санкт-Петербург",Санкт-Петербург,Работа в сфере доставки,Курьер,опыт работы Без опыта,образование любое,https://spb.rabota.ru/vacancy/53785855/?methodRecommendationType=by_filter&methodRecommendationName=%D0%92%D0%B0%D0%BA%D0%B0%D0%BD%D1%81%D0%B8%D0%B8%20%D0%B2%20%D0%A1%D0%B0%D0%BD%D0%BA%D1%82-%D0%9F%D0%B5%D1%82%D0%B5%D1%80%D0%B1%D1%83%D1%80%D0%B3%D0%B5
Кладовщик,до 56000 руб.,[],[],jobcart,['Приморская'],"Приморская,г Санкт-Петербург, ул Уральская, д 19 к 9 литера Ж",Санкт-Петербург,Работа на складах,Кладовщик,опыт работы от 1 года,образование любое,https://spb.rabota.ru/vacancy/54244832/?methodRecommendationType=by_filter&methodRecommendationName=%D0%92%D0%B0%D0%BA%D0%B0%D0%BD%D1%81%D0%B8%D0%B8%20%D0%B2%20%D0%A1%D0%B0%D0%BD%D0%BA%D1%82-%D0%9F%D0%B5%D1%82%D0%B5%D1%80%D0%B1%D1%83%D1%80%D0%B3%D0%B5
Слесарь-сантехник,80000 руб.,[],[],jobcart,['Нарвская'],"Нарвская,г Санкт-Петербург, Старо-Петергофский пр-кт, д 40 литера А",Санкт-Петербург,Работа в строительстве,Сантехник,опыт работы от 1 года,образование любое,https://spb.rabota.ru/vacancy/54242553/?methodRecommendationType=by_filter&methodRecommendationName=%D0%92%D0%B0%D0%BA%D0%B0%D0%BD%D1%81%D0%B8%D0%B8%20%D0%B2%20%D0%A1%D0%B0%D0%BD%D0%BA%D1%82-%D0%9F%D0%B5%D1%82%D0%B5%D1%80%D0%B1%D1%83%D1%80%D0%B3%D0%B5
Менеджер по продажам проф.моющих средств,50000 руб.,"['поиск и привлечение клиентов', 'развитие клиентской базы', 'общение с клиентами', 'телефонные переговоры', 'активные продажи']",[],Профи Сервис,[],"г Санкт-Петербург, Ленинский пр-кт, д 160",Санкт-Петербург,Работа в торговле,Менеджер по продажам,опыт работы от 1 года,образование любое,https://spb.rabota.ru/vacancy/50486878/?methodRecommendationType=by_filter&methodRecommendationName=%D0%92%D0%B0%D0%BA%D0%B0%D0%BD%D1%81%D0%B8%D0%B8%20%D0%B2%20%D0%A1%D0%B0%D0%BD%D0%BA%D1%82-%D0%9F%D0%B5%D1%82%D0%B5%D1%80%D0%B1%D1%83%D1%80%D0%B3%D0%B5
Врач-нейрохирург,100000— 300000 руб.,[],[],Jobers,['Маяковская'],"Маяковская,г Санкт-Петербург, Литейный проспект, 52",Санкт-Петербург,Работа в сфере медицины,Врач,опыт работы от 5 лет,образование высшее,https://spb.rabota.ru/vacancy/54253674/?methodRecommendationType=by_filter&methodRecommendationName=%D0%92%D0%B0%D0%BA%D0%B0%D0%BD%D1%81%D0%B8%D0%B8%20%D0%B2%20%D0%A1%D0%B0%D0%BD%D0%BA%D1%82-%D0%9F%D0%B5%D1%82%D0%B5%D1%80%D0%B1%D1%83%D1%80%D0%B3%D0%B5
Продавец-кассир в кондитерский магазин,60000 руб.,[],"['Быстрый отклик', 'Пенсионерам']","""Фирменный кондитерский магазин""",['Ленинский проспект'],"Ленинский проспект,г Санкт-Петербург, Ленинский пр-кт, д 124",Санкт-Петербург,Работа в торговле,Продавец,опыт работы от 1 года,образование любое,https://spb.rabota.ru/vacancy/48863769/?methodRecommendationType=by_filter&methodRecommendationName=%D0%92%D0%B0%D0%BA%D0%B0%D0%BD%D1%81%D0%B8%D0%B8%20%D0%B2%20%D0%A1%D0%B0%D0%BD%D0%BA%D1%82-%D0%9F%D0%B5%D1%82%D0%B5%D1%80%D0%B1%D1%83%D1%80%D0%B3%D0%B5
Помощник менеджера по продажам,80000— 108000 руб.,[],[],"JCat, сервис размещения объявлений",['Электросила'],"Электросила,Санкт-Петербург, Московский проспект, 129 литера Т",Санкт-Петербург,Работа в торговле,Менеджер по продажам,опыт работы не имеет значения,образование среднее,https://spb.rabota.ru/vacancy/54247003/?methodRecommendationType=by_filter&methodRecommendationName=%D0%92%D0%B0%D0%BA%D0%B0%D0%BD%D1%81%D0%B8%D0%B8%20%D0%B2%20%D0%A1%D0%B0%D0%BD%D0%BA%D1%82-%D0%9F%D0%B5%D1%82%D0%B5%D1%80%D0%B1%D1%83%D1%80%D0%B3%D0%B5
Официант-бармен,60000— 70000 руб.,"['пунктуальность', 'умение работать в режиме многозадачности', 'вежливость']","['Быстрый отклик', 'Студентам']","Группа компаний ""Ареал""",['Нарвская'],"Нарвская,г Санкт-Петербург, ул Курляндская, д 35 литера К",Санкт-Петербург,Работа в ресторанах,Бармен,опыт работы не имеет значения,образование любое,https://spb.rabota.ru/vacancy/43162407/?methodRecommendationType=by_filter&methodRecommendationName=%D0%92%D0%B0%D0%BA%D0%B0%D0%BD%D1%81%D0%B8%D0%B8%20%D0%B2%20%D0%A1%D0%B0%D0%BD%D0%BA%D1%82-%D0%9F%D0%B5%D1%82%D0%B5%D1%80%D0%B1%D1%83%D1%80%D0%B3%D0%B5
Курьер,до 214320 руб.,['доброжелательность'],['Студентам'],Самокат,[],"г Санкт-Петербург, Красносельский р-н",Санкт-Петербург,Работа в сфере доставки,Курьер,опыт работы Без опыта,образование любое,https://spb.rabota.ru/vacancy/53785863/?methodRecommendationType=by_filter&methodRecommendationName=%D0%92%D0%B0%D0%BA%D0%B0%D0%BD%D1%81%D0%B8%D0%B8%20%D0%B2%20%D0%A1%D0%B0%D0%BD%D0%BA%D1%82-%D0%9F%D0%B5%D1%82%D0%B5%D1%80%D0%B1%D1%83%D1%80%D0%B3%D0%B5
"Водитель категории С, Е (контейнеровоз)",от 150000 руб.,"['правила дорожного движения', 'перевозка грузов', 'работа с сопроводительной документацией']",['Быстрый отклик'],ООО Транспортно-Логистический Центр,['Рыбацкое'],"Рыбацкое,г Санкт-Петербург, поселок Металлострой",Санкт-Петербург,Работа на транспорте,Водитель,опыт работы от 3 лет,образование среднее,https://spb.rabota.ru/vacancy/54243979/?methodRecommendationType=by_filter&methodRecommendationName=%D0%92%D0%B0%D0%BA%D0%B0%D0%BD%D1%81%D0%B8%D0%B8%20%D0%B2%20%D0%A1%D0%B0%D0%BD%D0%BA%D1%82-%D0%9F%D0%B5%D1%82%D0%B5%D1%80%D0%B1%D1%83%D1%80%D0%B3%D0%B5
Уборщик в аэропорт,от 72000 руб.,['грамотная речь'],[],Медиапартнерс,['Адмиралтейская'],"Адмиралтейская,г Санкт-Петербург",Санкт-Петербург,Работа в сфере бытовых услуг,Уборщица,опыт работы не имеет значения,образование среднее,https://spb.rabota.ru/vacancy/54243158/?methodRecommendationType=by_filter&methodRecommendationName=%D0%92%D0%B0%D0%BA%D0%B0%D0%BD%D1%81%D0%B8%D0%B8%20%D0%B2%20%D0%A1%D0%B0%D0%BD%D0%BA%D1%82-%D0%9F%D0%B5%D1%82%D0%B5%D1%80%D0%B1%D1%83%D1%80%D0%B3%D0%B5
Курьер на электровелосипеде компании,до 160000 руб.,"['вежливость', 'доставка товаров', 'доставка заказов']",[],ООО Инсторадио,['Гражданский проспект'],"Гражданский проспект,г Санкт-Петербург, пр-кт Просвещения, д 75",Санкт-Петербург,Работа в сфере доставки,Курьер,опыт работы не имеет значения,образование любое,https://spb.rabota.ru/vacancy/54242662/?methodRecommendationType=by_filter&methodRecommendationName=%D0%92%D0%B0%D0%BA%D0%B0%D0%BD%D1%81%D0%B8%D0%B8%20%D0%B2%20%D0%A1%D0%B0%D0%BD%D0%BA%D1%82-%D0%9F%D0%B5%D1%82%D0%B5%D1%80%D0%B1%D1%83%D1%80%D0%B3%D0%B5
Автокурьер,от 170000 руб.,[],"['Пенсионерам', 'Студентам']",ООО Инсторадио,['Адмиралтейская'],"Адмиралтейская,г Санкт-Петербург",Санкт-Петербург,Работа в сфере доставки,Курьер,опыт работы не имеет значения,образование любое,https://spb.rabota.ru/vacancy/54242222/?methodRecommendationType=by_filter&methodRecommendationName=%D0%92%D0%B0%D0%BA%D0%B0%D0%BD%D1%81%D0%B8%D0%B8%20%D0%B2%20%D0%A1%D0%B0%D0%BD%D0%BA%D1%82-%D0%9F%D0%B5%D1%82%D0%B5%D1%80%D0%B1%D1%83%D1%80%D0%B3%D0%B5
Менеджер по продажам (отдел утилизации),от 50000 руб.,"['нацеленность на результат', 'умение работать в режиме многозадачности', 'обучаемость', 'заключение договоров', 'ведение переговоров', 'уверенный пользователь ПК', 'консультирование клиентов', 'работа с оргтехникой', 'ведение телефонных переговоров', 'прием входящих звонков', 'выполнение плана продаж', 'заключениe договоров']",['Студентам'],"ООО ""Эколибра""",['Нарвская'],"Нарвская,г Санкт-Петербург, наб Обводного канала, д 148 к 2",Санкт-Петербург,Работа в торговле,Менеджер по продажам,опыт работы Менее года,образование высшее,https://spb.rabota.ru/vacancy/53102553/?methodRecommendationType=by_filter&methodRecommendationName=%D0%92%D0%B0%D0%BA%D0%B0%D0%BD%D1%81%D0%B8%D0%B8%20%D0%B2%20%D0%A1%D0%B0%D0%BD%D0%BA%D1%82-%D0%9F%D0%B5%D1%82%D0%B5%D1%80%D0%B1%D1%83%D1%80%D0%B3%D0%B5
Менеджер по продажам мебельных тканей,80000— 90000 руб.,[],['Быстрый отклик'],"Эгида-СевероЗапад,ООО",['Шушары'],"Шушары,г Санкт-Петербург, поселок Шушары, 2-й Бадаевский проезд, д 7 к 2 стр 1",Санкт-Петербург,Работа в торговле,Менеджер по продажам,опыт работы не имеет значения,образование любое,https://spb.rabota.ru/vacancy/44697414/?methodRecommendationType=by_filter&methodRecommendationName=%D0%92%D0%B0%D0%BA%D0%B0%D0%BD%D1%81%D0%B8%D0%B8%20%D0%B2%20%D0%A1%D0%B0%D0%BD%D0%BA%D1%82-%D0%9F%D0%B5%D1%82%D0%B5%D1%80%D0%B1%D1%83%D1%80%D0%B3%D0%B5
Кухонный работник,от 65000 руб.,"['пунктуальность', 'приготовление салатов', 'помощь поварам', 'поддержание чистоты и порядка']","['Быстрый отклик', 'Пенсионерам', 'Студентам']","ООО ""Айэфсиэм Групп""","['Ленинский проспект,', 'Московская']","Ленинский проспект, Московская,Ленинградская обл, Ломоносовский р-н, Волхонское шоссе, д 7",Санкт-Петербург,,,опыт работы не имеет значения,образование любое,https://spb.rabota.ru/vacancy/54255987/?methodRecommendationType=by_filter&methodRecommendationName=%D0%92%D0%B0%D0%BA%D0%B0%D0%BD%D1%81%D0%B8%D0%B8%20%D0%B2%20%D0%A1%D0%B0%D0%BD%D0%BA%D1%82-%D0%9F%D0%B5%D1%82%D0%B5%D1%80%D0%B1%D1%83%D1%80%D0%B3%D0%B5
Повар линии раздачи,от 75000 руб.,"['обучаемость', 'условия хранения продуктов', 'подача блюд', 'контроль качества продуктов']","['Быстрый отклик', 'Пенсионерам', 'Студентам']","ООО ""Айэфсиэм Групп""","['Ленинский проспект,', 'Московская']","Ленинский проспект, Московская,Ленинградская обл, Ломоносовский р-н, Волхонское шоссе, д 7",Санкт-Петербург,Работа в ресторанах,Повар,опыт работы Менее года,образование любое,https://spb.rabota.ru/vacancy/54255986/?methodRecommendationType=by_filter&methodRecommendationName=%D0%92%D0%B0%D0%BA%D0%B0%D0%BD%D1%81%D0%B8%D0%B8%20%D0%B2%20%D0%A1%D0%B0%D0%BD%D0%BA%D1%82-%D0%9F%D0%B5%D1%82%D0%B5%D1%80%D0%B1%D1%83%D1%80%D0%B3%D0%B5
Токарь-карусельщик 4-5 разряда,от 140000 руб.,[],"['Быстрый отклик', 'Пенсионерам']","Общество с ограниченной ответственностью ""МашТехнология"" (ООО ""МТ"")",['Кировский завод'],"Кировский завод,г Санкт-Петербург, пр-кт Стачек, д 47 к 2",Санкт-Петербург,Оператор,Оператор станка,опыт работы от 3 лет,образование любое,https://spb.rabota.ru/vacancy/40132565/?methodRecommendationType=by_filter&methodRecommendationName=%D0%92%D0%B0%D0%BA%D0%B0%D0%BD%D1%81%D0%B8%D0%B8%20%D0%B2%20%D0%A1%D0%B0%D0%BD%D0%BA%D1%82-%D0%9F%D0%B5%D1%82%D0%B5%D1%80%D0%B1%D1%83%D1%80%D0%B3%D0%B5
Электрослесарь,от 103500 руб.,"['ремонт электрооборудования', 'обслуживание электрооборудования']",[],АО Ремфасад,['Чкаловская'],"Чкаловская,г Санкт-Петербург, ул Большая Разночинная, д 30",Санкт-Петербург,Слесарь,Слесарь-электрик,опыт работы от 1 года,образование любое,https://spb.rabota.ru/vacancy/52290741/?methodRecommendationType=by_filter&methodRecommendationName=%D0%92%D0%B0%D0%BA%D0%B0%D0%BD%D1%81%D0%B8%D0%B8%20%D0%B2%20%D0%A1%D0%B0%D0%BD%D0%BA%D1%82-%D0%9F%D0%B5%D1%82%D0%B5%D1%80%D0%B1%D1%83%D1%80%D0%B3%D0%B5
Дворник,от 80000 руб.,['грамотная речь'],"['Пенсионерам', 'Студентам']",Медиапартнерс,['Московские ворота'],"Московские ворота,г Санкт-Петербург, ул Черниговская, д 5 стр 10",Санкт-Петербург,,,опыт работы не имеет значения,образование любое,https://spb.rabota.ru/vacancy/54252873/?methodRecommendationType=by_filter&methodRecommendationName=%D0%92%D0%B0%D0%BA%D0%B0%D0%BD%D1%81%D0%B8%D0%B8%20%D0%B2%20%D0%A1%D0%B0%D0%BD%D0%BA%D1%82-%D0%9F%D0%B5%D1%82%D0%B5%D1%80%D0%B1%D1%83%D1%80%D0%B3%D0%B5
Продавец-кассир в кондитерский магазин,60000 руб.,[],"['Быстрый отклик', 'Пенсионерам']","""Фирменный кондитерский магазин""","['Звездная,', 'Купчино']","Звездная, Купчино,г Санкт-Петербург, ул Шереметьевская, д 11",Санкт-Петербург,Работа в торговле,Продавец,опыт работы от 1 года,образование любое,https://spb.rabota.ru/vacancy/53688400/?methodRecommendationType=by_filter&methodRecommendationName=%D0%92%D0%B0%D0%BA%D0%B0%D0%BD%D1%81%D0%B8%D0%B8%20%D0%B2%20%D0%A1%D0%B0%D0%BD%D0%BA%D1%82-%D0%9F%D0%B5%D1%82%D0%B5%D1%80%D0%B1%D1%83%D1%80%D0%B3%D0%B5
Продавец-кассир в кондитерский магазин,60000 руб.,[],"['Быстрый отклик', 'Пенсионерам']","""Фирменный кондитерский магазин""","['Пушкинская,', 'Достоевская,', 'Звенигородская']","Пушкинская, Достоевская, Звенигородская,г Санкт-Петербург, Загородный пр-кт, д 3/17",Санкт-Петербург,Работа в торговле,Продавец,опыт работы от 1 года,образование любое,https://spb.rabota.ru/vacancy/47249168/?methodRecommendationType=by_filter&methodRecommendationName=%D0%92%D0%B0%D0%BA%D0%B0%D0%BD%D1%81%D0%B8%D0%B8%20%D0%B2%20%D0%A1%D0%B0%D0%BD%D0%BA%D1%82-%D0%9F%D0%B5%D1%82%D0%B5%D1%80%D0%B1%D1%83%D1%80%D0%B3%D0%B5
Продавец-консультант (Воскова 8\5),53000— 61000 руб.,"['ответственность', 'пунктуальность', 'обучаемость', 'доброжелательность', 'вежливость', 'отзывчивость', 'общение с клиентами', 'консультирование покупателей']",[],"ООО ""ВОТОНЯ""","['Горьковская,', 'Чкаловская']","Горьковская, Чкаловская,г Санкт-Петербург, ул Воскова, д 8/5",Санкт-Петербург,,,не имеет значения,любое,https://spb.rabota.ru/vacancy/54254332/?methodRecommendationType=by_filter&methodRecommendationName=%D0%92%D0%B0%D0%BA%D0%B0%D0%BD%D1%81%D0%B8%D0%B8%20%D0%B2%20%D0%A1%D0%B0%D0%BD%D0%BA%D1%82-%D0%9F%D0%B5%D1%82%D0%B5%D1%80%D0%B1%D1%83%D1%80%D0%B3%D0%B5
Повар,78400— 78500 руб.,"['ответственность', 'организаторские способности', 'умение работать в команде', 'обучаемость', 'контроль качества', 'учет товара']","['Пенсионерам', 'Студентам', 'Людям с инвалидностью']",Ашан (сеть гипермаркетов),['Обводный канал'],"Обводный канал,г Санкт-Петербург, ул Боровая, д 47",Санкт-Петербург,Работа в ресторанах,Повар,опыт работы Без опыта,образование любое,https://spb.rabota.ru/vacancy/54254180/?methodRecommendationType=by_filter&methodRecommendationName=%D0%92%D0%B0%D0%BA%D0%B0%D0%BD%D1%81%D0%B8%D0%B8%20%D0%B2%20%D0%A1%D0%B0%D0%BD%D0%BA%D1%82-%D0%9F%D0%B5%D1%82%D0%B5%D1%80%D0%B1%D1%83%D1%80%D0%B3%D0%B5
Кладовщик,46000 руб.,[],['Быстрый отклик'],"Экспресс-почта, ООО",['Обухово'],"Обухово,г Санкт-Петербург, пр-кт Обуховской Обороны, д 295 литера АК",Санкт-Петербург,Работа на складах,Кладовщик,опыт работы не имеет значения,образование среднее,https://spb.rabota.ru/vacancy/44510607/?methodRecommendationType=by_filter&methodRecommendationName=%D0%92%D0%B0%D0%BA%D0%B0%D0%BD%D1%81%D0%B8%D0%B8%20%D0%B2%20%D0%A1%D0%B0%D0%BD%D0%BA%D1%82-%D0%9F%D0%B5%D1%82%D0%B5%D1%80%D0%B1%D1%83%D1%80%D0%B3%D0%B5
Инженер-конструктор по проектированию оптико-электронных механических приборов,по договоренности,['работа с технической документацией'],[],АО &quot;Аметист-Стан&quot;,['Адмиралтейская'],"Адмиралтейская,г Санкт-Петербург",Санкт-Петербург,Инженер-радиоэлектронщик,Электронщик,опыт работы от 1 года,образование среднее,https://spb.rabota.ru/vacancy/54211976/?methodRecommendationType=by_filter&methodRecommendationName=%D0%92%D0%B0%D0%BA%D0%B0%D0%BD%D1%81%D0%B8%D0%B8%20%D0%B2%20%D0%A1%D0%B0%D0%BD%D0%BA%D1%82-%D0%9F%D0%B5%D1%82%D0%B5%D1%80%D0%B1%D1%83%D1%80%D0%B3%D0%B5
Подсобный рабочий,84000 руб.,['подсобные работы'],[],ООО Строительная компания «ТиС»,['Спортивная'],"Спортивная,г Санкт-Петербург, Петровский пр-кт, д 2",Санкт-Петербург,,,не имеет значения,любое,https://spb.rabota.ru/vacancy/42683421/?methodRecommendationType=by_filter&methodRecommendationName=%D0%92%D0%B0%D0%BA%D0%B0%D0%BD%D1%81%D0%B8%D0%B8%20%D0%B2%20%D0%A1%D0%B0%D0%BD%D0%BA%D1%82-%D0%9F%D0%B5%D1%82%D0%B5%D1%80%D0%B1%D1%83%D1%80%D0%B3%D0%B5
Дворник,от 35000 руб.,"['аккуратность', 'уборка', 'уборка территории', 'дворник']","['Быстрый отклик', 'Пенсионерам', 'Студентам', 'Людям с инвалидностью']","АО ""Новбытхим""",['Нарвская'],"Нарвская,г Санкт-Петербург, Химический пер, д 7",Санкт-Петербург,,,опыт работы не имеет значения,образование любое,https://spb.rabota.ru/vacancy/41865871/?methodRecommendationType=by_filter&methodRecommendationName=%D0%92%D0%B0%D0%BA%D0%B0%D0%BD%D1%81%D0%B8%D0%B8%20%D0%B2%20%D0%A1%D0%B0%D0%BD%D0%BA%D1%82-%D0%9F%D0%B5%D1%82%D0%B5%D1%80%D0%B1%D1%83%D1%80%D0%B3%D0%B5
Контролер ОТК,от 60000 руб.,"['контроль качества', 'работа склада', 'ведение документации', 'учет брака', 'контроль качества продукции']",['Быстрый отклик'],"ООО ""Союзбланкиздат""",['Кировский завод'],"Кировский завод,г Санкт-Петербург, пр-кт Стачек, д 47",Санкт-Петербург,Контролер,Контролер отк,опыт работы от 1 года,образование любое,https://spb.rabota.ru/vacancy/37887045/?methodRecommendationType=by_filter&methodRecommendationName=%D0%92%D0%B0%D0%BA%D0%B0%D0%BD%D1%81%D0%B8%D0%B8%20%D0%B2%20%D0%A1%D0%B0%D0%BD%D0%BA%D1%82-%D0%9F%D0%B5%D1%82%D0%B5%D1%80%D0%B1%D1%83%D1%80%D0%B3%D0%B5
Пеший курьер/велокурьер,от 8402 руб.,"['доставка товаров', 'доставка заказов', 'работа с заказами']",[],Яндекс.Доставка,[],г Санкт-Петербург,Санкт-Петербург,Работа в сфере доставки,Курьер,опыт работы Без опыта,образование любое,https://spb.rabota.ru/vacancy/52838256/?methodRecommendationType=by_filter&methodRecommendationName=%D0%92%D0%B0%D0%BA%D0%B0%D0%BD%D1%81%D0%B8%D0%B8%20%D0%B2%20%D0%A1%D0%B0%D0%BD%D0%BA%D1%82-%D0%9F%D0%B5%D1%82%D0%B5%D1%80%D0%B1%D1%83%D1%80%D0%B3%D0%B5
Флорист (продавец),80000— 100000 руб.,"['ответственность', 'пунктуальность', 'стрессоустойчивость', 'доброжелательность', 'техника продаж', 'прием товара', 'составление букетов', 'флористические техники', 'составление композиций', 'уход за растениями', 'уход за горшечными растениями', 'свадебная флористика', 'оформление витрины', 'работа с сухоцветами', 'упаковка подарков', 'уход за срезкой', 'работа с живыми цветами', 'сборка букетов']","['Быстрый отклик', 'Пенсионерам']",Театр Цветов Марины Петровой,['Беговая'],"Беговая,г Санкт-Петербург, Лахтинский пр-кт, д 85 литера В",Санкт-Петербург,Флорист,Продавец цветов,опыт работы от 3 лет,образование любое,https://spb.rabota.ru/vacancy/49048980/?methodRecommendationType=by_filter&methodRecommendationName=%D0%92%D0%B0%D0%BA%D0%B0%D0%BD%D1%81%D0%B8%D0%B8%20%D0%B2%20%D0%A1%D0%B0%D0%BD%D0%BA%D1%82-%D0%9F%D0%B5%D1%82%D0%B5%D1%80%D0%B1%D1%83%D1%80%D0%B3%D0%B5
Кассир,45000— 60000 руб.,[],"['Быстрый отклик', 'Пенсионерам', 'Людям с инвалидностью']","ООО ""Маркет""",['Бухарестская'],"Бухарестская,г Санкт-Петербург, ул Софийская, д 4 к 3 литера А",Санкт-Петербург,,,опыт работы не имеет значения,образование любое,https://spb.rabota.ru/vacancy/45701405/?methodRecommendationType=by_filter&methodRecommendationName=%D0%92%D0%B0%D0%BA%D0%B0%D0%BD%D1%81%D0%B8%D0%B8%20%D0%B2%20%D0%A1%D0%B0%D0%BD%D0%BA%D1%82-%D0%9F%D0%B5%D1%82%D0%B5%D1%80%D0%B1%D1%83%D1%80%D0%B3%D0%B5
Лицензированный охранник,от 45000 руб.,[],"['Пенсионерам', 'Студентам']","Охранное предприятие ""Вектор-безопасность""",['Академическая'],"Академическая,г Санкт-Петербург, пр-кт Науки, д 21 к 1",Санкт-Петербург,Работа в сфере безопасности,Охранник,опыт работы Без опыта,образование любое,https://spb.rabota.ru/vacancy/46579198/?methodRecommendationType=by_filter&methodRecommendationName=%D0%92%D0%B0%D0%BA%D0%B0%D0%BD%D1%81%D0%B8%D0%B8%20%D0%B2%20%D0%A1%D0%B0%D0%BD%D0%BA%D1%82-%D0%9F%D0%B5%D1%82%D0%B5%D1%80%D0%B1%D1%83%D1%80%D0%B3%D0%B5
Специалист по установке сервисов Яндекса,80000— 110000 руб.,"['ответственность', 'нацеленность на результат', 'грамотная речь', 'обучаемость', 'ведение переговоров', 'промоутер']",['Студентам'],Яндекс Крауд,"['Невский проспект,', 'Сенная площадь,', 'Маяковская,', 'Спасская,', 'Садовая,', 'Адмиралтейская']","Невский проспект, Сенная площадь, Маяковская, Спасская, Садовая, Адмиралтейская,г Санкт-Петербург",Санкт-Петербург,,,опыт работы Без опыта,образование любое,https://spb.rabota.ru/vacancy/54255445/?methodRecommendationType=by_filter&methodRecommendationName=%D0%92%D0%B0%D0%BA%D0%B0%D0%BD%D1%81%D0%B8%D0%B8%20%D0%B2%20%D0%A1%D0%B0%D0%BD%D0%BA%D1%82-%D0%9F%D0%B5%D1%82%D0%B5%D1%80%D0%B1%D1%83%D1%80%D0%B3%D0%B5
Грузчик-комплектовщик,100000 руб.,"['погрузочно-разгрузочные работы', 'отгрузка товара', 'комплектация товара', 'сбор заказов', 'комлектовщик']",['Студентам'],Ермолино,['Комендантский проспект'],"Комендантский проспект,г Санкт-Петербург, ул Репищева, д 14",Санкт-Петербург,Работа на складах,Комплектовщик,опыт работы Без опыта,образование любое,https://spb.rabota.ru/vacancy/54255384/?methodRecommendationType=by_filter&methodRecommendationName=%D0%92%D0%B0%D0%BA%D0%B0%D0%BD%D1%81%D0%B8%D0%B8%20%D0%B2%20%D0%A1%D0%B0%D0%BD%D0%BA%D1%82-%D0%9F%D0%B5%D1%82%D0%B5%D1%80%D0%B1%D1%83%D1%80%D0%B3%D0%B5
Охранник,от 34400 руб.,"['ответственность', 'внимательность', 'охрана объектов', 'видеонаблюдение', 'обход территории']",[],АО ТПК Квадро-Импэкс,"['Ломоносовская,', 'Улица Дыбенко']","Ломоносовская, Улица Дыбенко,г Санкт-Петербург, метро Ломоносовская",Санкт-Петербург,Работа в сфере безопасности,,опыт работы от 5 лет,образование любое,https://spb.rabota.ru/vacancy/54255283/?methodRecommendationType=by_filter&methodRecommendationName=%D0%92%D0%B0%D0%BA%D0%B0%D0%BD%D1%81%D0%B8%D0%B8%20%D0%B2%20%D0%A1%D0%B0%D0%BD%D0%BA%D1%82-%D0%9F%D0%B5%D1%82%D0%B5%D1%80%D0%B1%D1%83%D1%80%D0%B3%D0%B5
Подработка для студентов от 1го дня в неделю,50000— 80000 руб.,"['ответственность', 'пунктуальность', 'стрессоустойчивость', 'вежливость', 'GPS-навигатор', 'правила дорожного движения', 'содержание автомобиля в чистоте', 'доставка заказов', 'стаж вождения от 6 месяцев']","['Быстрый отклик', 'Пенсионерам', 'Студентам']",Хорошей дороги,"['Площадь Восстания,', 'Лиговский проспект']","Площадь Восстания, Лиговский проспект,г Санкт-Петербург, Лиговский пр-кт, д 50д",Санкт-Петербург,,,опыт работы не имеет значения,образование любое,https://spb.rabota.ru/vacancy/54254401/?methodRecommendationType=by_filter&methodRecommendationName=%D0%92%D0%B0%D0%BA%D0%B0%D0%BD%D1%81%D0%B8%D0%B8%20%D0%B2%20%D0%A1%D0%B0%D0%BD%D0%BA%D1%82-%D0%9F%D0%B5%D1%82%D0%B5%D1%80%D0%B1%D1%83%D1%80%D0%B3%D0%B5
Охранник (Вахта),300000— 370000 руб.,"['охрана объектов', 'удостоверение личности частного охранника (УЛЧО)', 'охрана имущества', 'обеспечение контрольно-пропускного режима']",[],"ООО ""ЧОП ""Полюс Щит""",[],"г Красноярск, ул Взлетная, д 9",Санкт-Петербург,,,не имеет значения,среднее,https://spb.rabota.ru/vacancy/50296889/?methodRecommendationType=by_filter&methodRecommendationName=%D0%92%D0%B0%D0%BA%D0%B0%D0%BD%D1%81%D0%B8%D0%B8%20%D0%B2%20%D0%A1%D0%B0%D0%BD%D0%BA%D1%82-%D0%9F%D0%B5%D1%82%D0%B5%D1%80%D0%B1%D1%83%D1%80%D0%B3%D0%B5
"Продавец-консультант (Ростовская, 20 Грин Парк)",56000— 60000 руб.,"['ответственность', 'пунктуальность', 'грамотная речь', 'умение работать в команде', 'обучаемость', 'доброжелательность', 'вежливость', 'общение с клиентами', 'работа в торговом зале', 'продажи', 'активные продажи', 'обслуживание покупателей', 'консультирование покупателей', 'Работа в команде']",[],"ООО ""ВОТОНЯ""",[],"г Санкт-Петербург, поселок Шушары, тер Славянка, ул Ростовская, д 20 стр 1",Санкт-Петербург,,,не имеет значения,любое,https://spb.rabota.ru/vacancy/54254567/?methodRecommendationType=by_filter&methodRecommendationName=%D0%92%D0%B0%D0%BA%D0%B0%D0%BD%D1%81%D0%B8%D0%B8%20%D0%B2%20%D0%A1%D0%B0%D0%BD%D0%BA%D1%82-%D0%9F%D0%B5%D1%82%D0%B5%D1%80%D0%B1%D1%83%D1%80%D0%B3%D0%B5
"Менеджер по продажам, менеджер по работе с клиентами",60000— 180000 руб.,"['ответственность', 'коммуникабельность', 'стрессоустойчивость', 'поиск и привлечение клиентов', 'ведение клиентской базы', 'продажи', 'активные продажи', 'выполнение плана продаж', 'ведение заказов', 'сопровождение сделки', 'поддержание клиентской базы', 'оптовые продажи', 'продажи продукта / услуги']",[],Компания Инжтех,['Бухарестская'],"Бухарестская,г Санкт-Петербург, ул Салова, д 53 к 1",Санкт-Петербург,Работа в торговле,Менеджер по продажам,опыт работы от 1 года,образование среднее,https://spb.rabota.ru/vacancy/54229105/?methodRecommendationType=by_filter&methodRecommendationName=%D0%92%D0%B0%D0%BA%D0%B0%D0%BD%D1%81%D0%B8%D0%B8%20%D0%B2%20%D0%A1%D0%B0%D0%BD%D0%BA%D1%82-%D0%9F%D0%B5%D1%82%D0%B5%D1%80%D0%B1%D1%83%D1%80%D0%B3%D0%B5
Инженер по проекто-сметной работе / Сметчик,100— 150 руб.,[],[],Jobers,['Владимирская'],"Владимирская,г Санкт-Петербург, Невский проспект",Санкт-Петербург,Работа в строительстве,Сметчик,опыт работы от 3 лет,образование любое,https://spb.rabota.ru/vacancy/54254719/?methodRecommendationType=by_filter&methodRecommendationName=%D0%92%D0%B0%D0%BA%D0%B0%D0%BD%D1%81%D0%B8%D0%B8%20%D0%B2%20%D0%A1%D0%B0%D0%BD%D0%BA%D1%82-%D0%9F%D0%B5%D1%82%D0%B5%D1%80%D0%B1%D1%83%D1%80%D0%B3%D0%B5
Менеджер по развитию продаж,80000— 150000 руб.,"['ответственность', 'обучаемость', 'поиск и привлечение клиентов', 'общение с клиентами', 'ведение клиентской базы', '""холодные"" звонки', 'выполнение плана продаж', 'подготовка коммерческих предложений', 'увеличение объемов продаж', 'Деловое общение']","['Быстрый отклик', 'Студентам', 'Людям с инвалидностью']",Айсберг,['Парнас'],"Парнас,г Санкт-Петербург, ул Домостроительная, д 16 литера М",Санкт-Петербург,Работа в продажах,Менеджер по развитию,опыт работы от 1 года,образование любое,https://spb.rabota.ru/vacancy/54246800/?methodRecommendationType=by_filter&methodRecommendationName=%D0%92%D0%B0%D0%BA%D0%B0%D0%BD%D1%81%D0%B8%D0%B8%20%D0%B2%20%D0%A1%D0%B0%D0%BD%D0%BA%D1%82-%D0%9F%D0%B5%D1%82%D0%B5%D1%80%D0%B1%D1%83%D1%80%D0%B3%D0%B5
Инженер по обслуживанию пожарной сигнализации,от 70000 руб.,"['работа с технической документацией', 'эксплуатация систем пожаротушения', 'обслуживание систем пожаротушения']",['Быстрый отклик'],"Машоптторг, АО",['Ладожская'],"Ладожская,г Санкт-Петербург, ул Латышских Стрелков, д 31",Санкт-Петербург,Сервисный инженер,Инженер по обслуживанию,опыт работы от 3 лет,образование среднее профессиональное,https://spb.rabota.ru/vacancy/49089962/?methodRecommendationType=by_filter&methodRecommendationName=%D0%92%D0%B0%D0%BA%D0%B0%D0%BD%D1%81%D0%B8%D0%B8%20%D0%B2%20%D0%A1%D0%B0%D0%BD%D0%BA%D1%82-%D0%9F%D0%B5%D1%82%D0%B5%D1%80%D0%B1%D1%83%D1%80%D0%B3%D0%B5
Шеф-повар столовой,100000— 111000 руб.,[],['Пенсионерам'],"ООО  ""ПЕТРОПИТ""",['Василеостровская'],"Василеостровская,г Санкт-Петербург, пр-кт Малый В.О., д 54 к 5",Санкт-Петербург,Работа в ресторанах,Повар,опыт работы от 5 лет,образование среднее профессиональное,https://spb.rabota.ru/vacancy/54244808/?methodRecommendationType=by_filter&methodRecommendationName=%D0%92%D0%B0%D0%BA%D0%B0%D0%BD%D1%81%D0%B8%D0%B8%20%D0%B2%20%D0%A1%D0%B0%D0%BD%D0%BA%D1%82-%D0%9F%D0%B5%D1%82%D0%B5%D1%80%D0%B1%D1%83%D1%80%D0%B3%D0%B5
Менеджер по региональным продажам,80000— 150000 руб.,"['поиск и привлечение клиентов', 'развитие клиентской базы', 'ведение телефонных переговоров', 'ведение клиентской базы', 'активные продажи', 'выполнение плана продаж', 'организация доставки грузов', 'поиск новых клиентов', 'командировки']",[],"ООО ""Сириус""",[],"г Санкт-Петербург, ул Салова, д 53",Санкт-Петербург,Работа в торговле,Менеджер по продажам,опыт работы от 1 года,образование высшее,https://spb.rabota.ru/vacancy/54244381/?methodRecommendationType=by_filter&methodRecommendationName=%D0%92%D0%B0%D0%BA%D0%B0%D0%BD%D1%81%D0%B8%D0%B8%20%D0%B2%20%D0%A1%D0%B0%D0%BD%D0%BA%D1%82-%D0%9F%D0%B5%D1%82%D0%B5%D1%80%D0%B1%D1%83%D1%80%D0%B3%D0%B5
Грузчик (помощник водителя) на мусоровоз,от 90000 руб.,"['Разнорабочий', 'Грузчик']",[],Кадровое агентство от Работа.ру,['Электросила'],"Электросила,г Санкт-Петербург, Люботинский пр-кт, д 7",Санкт-Петербург,Работа на транспорте,Водитель,опыт работы не имеет значения,образование любое,https://spb.rabota.ru/vacancy/54243940/?methodRecommendationType=by_filter&methodRecommendationName=%D0%92%D0%B0%D0%BA%D0%B0%D0%BD%D1%81%D0%B8%D0%B8%20%D0%B2%20%D0%A1%D0%B0%D0%BD%D0%BA%D1%82-%D0%9F%D0%B5%D1%82%D0%B5%D1%80%D0%B1%D1%83%D1%80%D0%B3%D0%B5
Начальник ОТК,от 50000 руб.,"['контроль качества', 'технология производства']","['Пенсионерам', 'Людям с инвалидностью']",Транспласт. ООО,[],"г Санкт-Петербург, ул Швецова, д 23 литера Б",Санкт-Петербург,Начальник,Начальник отк,опыт работы от 1 года,образование среднее профессиональное,https://spb.rabota.ru/vacancy/54239937/?methodRecommendationType=by_filter&methodRecommendationName=%D0%92%D0%B0%D0%BA%D0%B0%D0%BD%D1%81%D0%B8%D0%B8%20%D0%B2%20%D0%A1%D0%B0%D0%BD%D0%BA%D1%82-%D0%9F%D0%B5%D1%82%D0%B5%D1%80%D0%B1%D1%83%D1%80%D0%B3%D0%B5
Водитель грузовой машины,от 11104 руб.,"['пунктуальность', 'безаварийное вождение', 'доставка товаров', 'доставка заказов', 'Автомобильные грузоперевозки', 'водительское удостоверение категории С', 'Водительское удостоверение категории BE', 'Водительское удостоверение категории CE', 'эксплуатация грузового автомобиля']",[],Яндекс.Доставка,[],г Екатеринбург,Екатеренбург,,,от 1 года,любое,https://eburg.rabota.ru/vacancy/53683253/?search_id=1775506991112a2efwft1a49&methodRecommendationType=by_filter&methodRecommendationName=%D0%92%D0%B0%D0%BA%D0%B0%D0%BD%D1%81%D0%B8%D0%B8%20%D0%B2%20%D0%95%D0%BA%D0%B0%D1%82%D0%B5%D1%80%D0%B8%D0%BD%D0%B1%D1%83%D1%80%D0%B3%D0%B5
Водитель-курьер на автомобиле компании,по договоренности,"['ответственность', 'пунктуальность', 'доставка заказов', 'водительские права В', 'Опыт от полугода']",[],Яндекс.Доставка,[],г Екатеринбург,Екатеренбург,,,от 1 года,любое,https://eburg.rabota.ru/vacancy/54219157/?search_id=1775506991112a2efwft1a49&methodRecommendationType=by_filter&methodRecommendationName=%D0%92%D0%B0%D0%BA%D0%B0%D0%BD%D1%81%D0%B8%D0%B8%20%D0%B2%20%D0%95%D0%BA%D0%B0%D1%82%D0%B5%D1%80%D0%B8%D0%BD%D0%B1%D1%83%D1%80%D0%B3%D0%B5
Дворник на склад (Логопарк Высота),70000 руб.,['уборка'],['Вакансия недели'],Красное и белое,[],"г Екатеринбург, ЕКАД 5 км, стр 6/14",Екатеренбург,,,опыт работы не имеет значения,образование любое,https://eburg.rabota.ru/vacancy/53806524/?search_id=1775506991112a2efwft1a49&methodRecommendationType=by_filter&methodRecommendationName=%D0%92%D0%B0%D0%BA%D0%B0%D0%BD%D1%81%D0%B8%D0%B8%20%D0%B2%20%D0%95%D0%BA%D0%B0%D1%82%D0%B5%D1%80%D0%B8%D0%BD%D0%B1%D1%83%D1%80%D0%B3%D0%B5
Уборщик/ца (Серовский тракт),78000 руб.,['уборка'],['Вакансия недели'],Красное и белое,[],"г Екатеринбург, Серовский тракт 11 км, стр 1",Екатеренбург,Работа в сфере бытовых услуг,Уборщица,опыт работы не имеет значения,образование любое,https://eburg.rabota.ru/vacancy/49417883/?search_id=1775506991112a2efwft1a49&methodRecommendationType=by_filter&methodRecommendationName=%D0%92%D0%B0%D0%BA%D0%B0%D0%BD%D1%81%D0%B8%D0%B8%20%D0%B2%20%D0%95%D0%BA%D0%B0%D1%82%D0%B5%D1%80%D0%B8%D0%BD%D0%B1%D1%83%D1%80%D0%B3%D0%B5
Водитель-курьер сервиса Яндекс Доставка,по договоренности,"['пунктуальность', 'безаварийное вождение', 'доставка товаров', 'доставка заказов', 'права категории В', 'курьерская доставка', 'Навык вождения']",[],Яндекс.Доставка,[],г Екатеринбург,Екатеренбург,,,не имеет значения,любое,https://eburg.rabota.ru/vacancy/54211980/?search_id=1775506991112a2efwft1a49&methodRecommendationType=by_filter&methodRecommendationName=%D0%92%D0%B0%D0%BA%D0%B0%D0%BD%D1%81%D0%B8%D0%B8%20%D0%B2%20%D0%95%D0%BA%D0%B0%D1%82%D0%B5%D1%80%D0%B8%D0%BD%D0%B1%D1%83%D1%80%D0%B3%D0%B5
Ассистент врача стоматолога,50000— 90000 руб.,"['обучаемость', 'доброжелательность', 'вежливость', 'работа ""в 4 руки""', 'стерилизация инструментов', 'выполнение рентгеновских снимков', 'действующий сертификат по специальности ""Сестринское дело""', 'подготовка кабинета к приему', 'ассистирование врачу', 'генеральная уборка кабинета', 'уборка рабочего места', 'соблюдение санэпидрежима', 'подготовка инструментов', 'санэпидрежим', 'выполнение медицинских манипуляций']",[],"ООО ""КОНТИНЕНТ-ДЕНТ""","['Динамо,', 'Площадь 1905 года,', 'Геологическая']","Динамо, Площадь 1905 года, Геологическая,г Екатеринбург, пр-кт Ленина, стр 50б",Екатеренбург,,,не имеет значения,среднее профессиональное,https://eburg.rabota.ru/vacancy/52534219/?search_id=1775506991112a2efwft1a49&methodRecommendationType=by_filter&methodRecommendationName=%D0%92%D0%B0%D0%BA%D0%B0%D0%BD%D1%81%D0%B8%D0%B8%20%D0%B2%20%D0%95%D0%BA%D0%B0%D1%82%D0%B5%D1%80%D0%B8%D0%BD%D0%B1%D1%83%D1%80%D0%B3%D0%B5
Бизнес-тренер,100000— 300000 руб.,"['ответственность', 'коммуникабельность', 'стрессоустойчивость', 'развитые коммуникативные навыки', 'умение работать в команде', 'обучаемость', 'проведение тренингов', 'оптимизация бизнес-процессов', 'бизнес анализ', 'организация тренингов', 'формирование команды', 'бизнес-планирование', 'оценка бизнеса', 'Работа в команде']",[],Горбунова Виктория Валерьевна,['Ботаническая'],"Ботаническая,г Екатеринбург, ул Онежская, д 4а, офис 6",Екатеренбург,,,не имеет значения,любое,https://eburg.rabota.ru/vacancy/54254561/?search_id=1775506991112a2efwft1a49&methodRecommendationType=by_filter&methodRecommendationName=%D0%92%D0%B0%D0%BA%D0%B0%D0%BD%D1%81%D0%B8%D0%B8%20%D0%B2%20%D0%95%D0%BA%D0%B0%D1%82%D0%B5%D1%80%D0%B8%D0%BD%D0%B1%D1%83%D1%80%D0%B3%D0%B5
Помощник руководителя,100000— 300000 руб.,"['ответственность', 'пунктуальность', 'коммуникабельность', 'стрессоустойчивость', 'развитые коммуникативные навыки', 'грамотная речь', 'умение работать в команде', 'обучаемость', 'заключение договоров', 'ведение переговоров', 'формирование команды', 'Работа в команде']",[],Горбунова Виктория Валерьевна,['Ботаническая'],"Ботаническая,г Екатеринбург, ул Онежская, д 4а, офис 6",Екатеренбург,,,не имеет значения,любое,https://eburg.rabota.ru/vacancy/54254578/?search_id=1775506991112a2efwft1a49&methodRecommendationType=by_filter&methodRecommendationName=%D0%92%D0%B0%D0%BA%D0%B0%D0%BD%D1%81%D0%B8%D0%B8%20%D0%B2%20%D0%95%D0%BA%D0%B0%D1%82%D0%B5%D1%80%D0%B8%D0%BD%D0%B1%D1%83%D1%80%D0%B3%D0%B5
Руководитель,100000— 300000 руб.,"['ответственность', 'пунктуальность', 'коммуникабельность', 'стрессоустойчивость', 'развитые коммуникативные навыки', 'умение работать в команде', 'системное мышление', 'обучаемость', 'подбор персонала', 'формирование команды', 'Работа в команде']",[],Горбунова Виктория Валерьевна,['Ботаническая'],"Ботаническая,г Екатеринбург, ул Онежская, д 4а, офис 6",Екатеренбург,,,без опыта,любое,https://eburg.rabota.ru/vacancy/54253728/?search_id=1775506991112a2efwft1a49&methodRecommendationType=by_filter&methodRecommendationName=%D0%92%D0%B0%D0%BA%D0%B0%D0%BD%D1%81%D0%B8%D0%B8%20%D0%B2%20%D0%95%D0%BA%D0%B0%D1%82%D0%B5%D1%80%D0%B8%D0%BD%D0%B1%D1%83%D1%80%D0%B3%D0%B5
Оператор колл-центра на входящую линию (удаленно),30000— 40000 руб.,"['ответственность', 'коммуникабельность', 'стрессоустойчивость', 'грамотная речь', 'MS Office  Excel', 'MS Office Word', 'прием входящих звонков', 'работа с документами', 'обработка данных', 'высокая скорость печати', 'ввод данных', 'общение по телефону']",[],Первый виртуальный оператор,[],г Воронеж,Екатеренбург,,,не имеет значения,любое,https://eburg.rabota.ru/vacancy/48582426/?search_id=1775506991112a2efwft1a49&methodRecommendationType=by_filter&methodRecommendationName=%D0%92%D0%B0%D0%BA%D0%B0%D0%BD%D1%81%D0%B8%D0%B8%20%D0%B2%20%D0%95%D0%BA%D0%B0%D1%82%D0%B5%D1%80%D0%B8%D0%BD%D0%B1%D1%83%D1%80%D0%B3%D0%B5
"Водитель категории С,Е",100000— 160000 руб.,[],[],Jobers,[],"г Екатеринбург, проезд Решетникова, 22А",Екатеренбург,Работа на транспорте,Водитель,опыт работы Без опыта,образование любое,https://eburg.rabota.ru/vacancy/54256480/?search_id=1775506991112a2efwft1a49&methodRecommendationType=by_filter&methodRecommendationName=%D0%92%D0%B0%D0%BA%D0%B0%D0%BD%D1%81%D0%B8%D0%B8%20%D0%B2%20%D0%95%D0%BA%D0%B0%D1%82%D0%B5%D1%80%D0%B8%D0%BD%D0%B1%D1%83%D1%80%D0%B3%D0%B5
Специалист входящих обращений(звонки),от 79000 руб.,[],[],СБЕР,[],"Уральский федеральный округ,Свердловская область,муниципальное образование Екатеринбург,Екатеринбург",Екатеренбург,Работа в страховании,Андеррайтер,опыт работы Без опыта,образование любое,https://eburg.rabota.ru/vacancy/54256454/?search_id=1775506991112a2efwft1a49&methodRecommendationType=by_filter&methodRecommendationName=%D0%92%D0%B0%D0%BA%D0%B0%D0%BD%D1%81%D0%B8%D0%B8%20%D0%B2%20%D0%95%D0%BA%D0%B0%D1%82%D0%B5%D1%80%D0%B8%D0%BD%D0%B1%D1%83%D1%80%D0%B3%D0%B5
Оператор входящей линии,от 79000 руб.,[],[],СБЕР,[],"Уральский федеральный округ,Свердловская область,муниципальное образование Екатеринбург,Екатеринбург",Екатеренбург,Консультант,Оператор call-центра,опыт работы Без опыта,образование любое,https://eburg.rabota.ru/vacancy/54256450/?search_id=1775506991112a2efwft1a49&methodRecommendationType=by_filter&methodRecommendationName=%D0%92%D0%B0%D0%BA%D0%B0%D0%BD%D1%81%D0%B8%D0%B8%20%D0%B2%20%D0%95%D0%BA%D0%B0%D1%82%D0%B5%D1%80%D0%B8%D0%BD%D0%B1%D1%83%D1%80%D0%B3%D0%B5
Оператор контактного центра,от 70000 руб.,[],[],СБЕР,[],"Уральский федеральный округ,Свердловская область,муниципальное образование Екатеринбург,Екатеринбург",Екатеренбург,Консультант,Оператор call-центра,опыт работы Без опыта,образование любое,https://eburg.rabota.ru/vacancy/54256449/?search_id=1775506991112a2efwft1a49&methodRecommendationType=by_filter&methodRecommendationName=%D0%92%D0%B0%D0%BA%D0%B0%D0%BD%D1%81%D0%B8%D0%B8%20%D0%B2%20%D0%95%D0%BA%D0%B0%D1%82%D0%B5%D1%80%D0%B8%D0%BD%D0%B1%D1%83%D1%80%D0%B3%D0%B5
Менеджер телефонных продаж,68000— 112500 руб.,[],[],МТС,[],"Свердловская область, Екатеринбург, Вайнера улица, 40",Екатеренбург,Работа в торговле,Менеджер по продажам,опыт работы не имеет значения,образование среднее,https://eburg.rabota.ru/vacancy/51404770/?search_id=1775506991112a2efwft1a49&methodRecommendationType=by_filter&methodRecommendationName=%D0%92%D0%B0%D0%BA%D0%B0%D0%BD%D1%81%D0%B8%D0%B8%20%D0%B2%20%D0%95%D0%BA%D0%B0%D1%82%D0%B5%D1%80%D0%B8%D0%BD%D0%B1%D1%83%D1%80%D0%B3%D0%B5
Специалист по продажам услуг,75000— 125000 руб.,[],[],МТС,[],"Свердловская область, Екатеринбург, Вайнера улица, 40",Екатеренбург,Работа в торговле,Менеджер по продажам,опыт работы не имеет значения,образование среднее,https://eburg.rabota.ru/vacancy/53720123/?search_id=1775506991112a2efwft1a49&methodRecommendationType=by_filter&methodRecommendationName=%D0%92%D0%B0%D0%BA%D0%B0%D0%BD%D1%81%D0%B8%D0%B8%20%D0%B2%20%D0%95%D0%BA%D0%B0%D1%82%D0%B5%D1%80%D0%B8%D0%BD%D0%B1%D1%83%D1%80%D0%B3%D0%B5
Менеджер по продажам,75000— 125000 руб.,"['заключение договоров', 'ведение переговоров', 'развитие клиентской базы', 'анализ продаж', 'работа с возражениями', 'организация презентаций', 'Контроль выполнения планов']",[],МТС,['Площадь 1905 года'],"Площадь 1905 года,Свердловская область, Екатеринбург",Екатеренбург,Работа в торговле,,опыт работы не имеет значения,образование среднее,https://eburg.rabota.ru/vacancy/53029692/?search_id=1775506991112a2efwft1a49&methodRecommendationType=by_filter&methodRecommendationName=%D0%92%D0%B0%D0%BA%D0%B0%D0%BD%D1%81%D0%B8%D0%B8%20%D0%B2%20%D0%95%D0%BA%D0%B0%D1%82%D0%B5%D1%80%D0%B8%D0%BD%D0%B1%D1%83%D1%80%D0%B3%D0%B5
Повар-кассир в ресторан быстрого питания,от 90000 руб.,[],[],Медиапартнерс,[],Екатеринбург,Екатеренбург,Работа в ресторанах,Повар,опыт работы Без опыта,образование любое,https://eburg.rabota.ru/vacancy/54256369/?search_id=1775506991112a2efwft1a49&methodRecommendationType=by_filter&methodRecommendationName=%D0%92%D0%B0%D0%BA%D0%B0%D0%BD%D1%81%D0%B8%D0%B8%20%D0%B2%20%D0%95%D0%BA%D0%B0%D1%82%D0%B5%D1%80%D0%B8%D0%BD%D0%B1%D1%83%D1%80%D0%B3%D0%B5
Водитель такси,до 120000 руб.,"['перевозка грузов', 'перевозка пассажиров', 'междугородние перевозки', 'знание города', 'соблюдение ПДД', 'перевозка багажа']",[],"Компания ""Максим""",['Площадь 1905 года'],"Площадь 1905 года,г Екатеринбург",Екатеренбург,,,без опыта,любое,https://eburg.rabota.ru/vacancy/52912978/?search_id=1775506991112a2efwft1a49&methodRecommendationType=by_filter&methodRecommendationName=%D0%92%D0%B0%D0%BA%D0%B0%D0%BD%D1%81%D0%B8%D0%B8%20%D0%B2%20%D0%95%D0%BA%D0%B0%D1%82%D0%B5%D1%80%D0%B8%D0%BD%D0%B1%D1%83%D1%80%D0%B3%D0%B5
Водитель такси (подработка),до 120000 руб.,"['перевозка грузов', 'перевозка пассажиров', 'междугородние перевозки', 'знание города', 'соблюдение ПДД', 'перевозка багажа']",[],"Компания ""Максим""",['Площадь 1905 года'],"Площадь 1905 года,г Екатеринбург",Екатеренбург,,,без опыта,любое,https://eburg.rabota.ru/vacancy/53374934/?search_id=1775506991112a2efwft1a49&methodRecommendationType=by_filter&methodRecommendationName=%D0%92%D0%B0%D0%BA%D0%B0%D0%BD%D1%81%D0%B8%D0%B8%20%D0%B2%20%D0%95%D0%BA%D0%B0%D1%82%D0%B5%D1%80%D0%B8%D0%BD%D0%B1%D1%83%D1%80%D0%B3%D0%B5
Специалист по кадровому делопроизводству,от 55000 руб.,"['оформление трудовых договоров', 'ведение кадрового учета', 'Знание трудового законодательства', 'работа с архивами', 'подготовка документации', 'ведение табеля учета', 'Организация учета рабочего времени']",[],"JCat, сервис размещения объявлений",['Динамо'],"Динамо,Свердловская область, Екатеринбург, Автоматики переулок, 3/1",Екатеренбург,Работа в сфере HR,Менеджер по персоналу,опыт работы от 1 года,образование среднее,https://eburg.rabota.ru/vacancy/54256224/?search_id=1775506991112a2efwft1a49&methodRecommendationType=by_filter&methodRecommendationName=%D0%92%D0%B0%D0%BA%D0%B0%D0%BD%D1%81%D0%B8%D0%B8%20%D0%B2%20%D0%95%D0%BA%D0%B0%D1%82%D0%B5%D1%80%D0%B8%D0%BD%D0%B1%D1%83%D1%80%D0%B3%D0%B5
Инженер-электрик,от 50000 руб.,[],"['Быстрый отклик', 'Пенсионерам']","Государственное казенное учреждение Свердловской области ""Управление административными зданиями Губернатора Свердловской области""",['Площадь 1905 года'],"Площадь 1905 года,г Екатеринбург, ул Горького, стр 21",Екатеренбург,Работа на производстве,,опыт работы не имеет значения,образование среднее профессиональное,https://eburg.rabota.ru/vacancy/54221643/?search_id=1775506991112a2efwft1a49&methodRecommendationType=by_filter&methodRecommendationName=%D0%92%D0%B0%D0%BA%D0%B0%D0%BD%D1%81%D0%B8%D0%B8%20%D0%B2%20%D0%95%D0%BA%D0%B0%D1%82%D0%B5%D1%80%D0%B8%D0%BD%D0%B1%D1%83%D1%80%D0%B3%D0%B5
Электромеханик по лифтам,85000— 115000 руб.,[],[],Jobers,[],"г Екатеринбург, Розы Люксембург, 17",Екатеренбург,Механик,Электромеханик,опыт работы Без опыта,образование среднее,https://eburg.rabota.ru/vacancy/54254835/?search_id=1775506991112a2efwft1a49&methodRecommendationType=by_filter&methodRecommendationName=%D0%92%D0%B0%D0%BA%D0%B0%D0%BD%D1%81%D0%B8%D0%B8%20%D0%B2%20%D0%95%D0%BA%D0%B0%D1%82%D0%B5%D1%80%D0%B8%D0%BD%D0%B1%D1%83%D1%80%D0%B3%D0%B5
Специалист по кадровому делопроизводству,от 50000 руб.,[],[],jobcart,[],г Екатеринбург,Екатеренбург,Работа в сфере HR,Менеджер по персоналу,опыт работы от 1 года,образование любое,https://eburg.rabota.ru/vacancy/54245441/?search_id=1775506991112a2efwft1a49&methodRecommendationType=by_filter&methodRecommendationName=%D0%92%D0%B0%D0%BA%D0%B0%D0%BD%D1%81%D0%B8%D0%B8%20%D0%B2%20%D0%95%D0%BA%D0%B0%D1%82%D0%B5%D1%80%D0%B8%D0%BD%D0%B1%D1%83%D1%80%D0%B3%D0%B5
Регулировщик радиоаппаратуры,от 70000 руб.,[],[],jobcart,['Чкаловская'],"Чкаловская,г Екатеринбург, ул Щорса, д 7",Екатеренбург,Работа на производстве,Регулировщик,опыт работы от 1 года,образование среднее профессиональное,https://eburg.rabota.ru/vacancy/54240613/?search_id=1775506991112a2efwft1a49&methodRecommendationType=by_filter&methodRecommendationName=%D0%92%D0%B0%D0%BA%D0%B0%D0%BD%D1%81%D0%B8%D0%B8%20%D0%B2%20%D0%95%D0%BA%D0%B0%D1%82%D0%B5%D1%80%D0%B8%D0%BD%D0%B1%D1%83%D1%80%D0%B3%D0%B5
Супервайзер,80000— 170000 руб.,"['проведение презентаций', 'техника продаж', 'выполнение плана продаж', 'увеличение объемов продаж', 'управление продажами']",[],Екапрод,"['Уралмаш,', 'Машиностроителей']","Уралмаш, Машиностроителей,г Екатеринбург, ул Проезжая, д 9А",Екатеренбург,Управляющий,,опыт работы от 3 лет,образование любое,https://eburg.rabota.ru/vacancy/54239283/?search_id=1775506991112a2efwft1a49&methodRecommendationType=by_filter&methodRecommendationName=%D0%92%D0%B0%D0%BA%D0%B0%D0%BD%D1%81%D0%B8%D0%B8%20%D0%B2%20%D0%95%D0%BA%D0%B0%D1%82%D0%B5%D1%80%D0%B8%D0%BD%D0%B1%D1%83%D1%80%D0%B3%D0%B5
Менеджер активных продаж,30000— 140000 руб.,[],['Быстрый отклик'],Люфтер,[],г Екатеринбург,Екатеренбург,Работа в торговле,Менеджер по продажам,опыт работы не имеет значения,образование любое,https://eburg.rabota.ru/vacancy/44160900/?search_id=1775506991112a2efwft1a49&methodRecommendationType=by_filter&methodRecommendationName=%D0%92%D0%B0%D0%BA%D0%B0%D0%BD%D1%81%D0%B8%D0%B8%20%D0%B2%20%D0%95%D0%BA%D0%B0%D1%82%D0%B5%D1%80%D0%B8%D0%BD%D0%B1%D1%83%D1%80%D0%B3%D0%B5
Полировщик автомобилей,70000— 140000 руб.,"['Полировка автомобилей', 'Работа с полировочными машинами', 'Устранение царапин и дефектов']",[],"JCat, сервис размещения объявлений",['Геологическая'],"Геологическая,Свердловская область, Екатеринбург, 8 Марта улица, 46",Екатеренбург,Работа на производстве,Полировщик,опыт работы от 1 года,образование среднее,https://eburg.rabota.ru/vacancy/54246256/?search_id=1775506991112a2efwft1a49&methodRecommendationType=by_filter&methodRecommendationName=%D0%92%D0%B0%D0%BA%D0%B0%D0%BD%D1%81%D0%B8%D0%B8%20%D0%B2%20%D0%95%D0%BA%D0%B0%D1%82%D0%B5%D1%80%D0%B8%D0%BD%D0%B1%D1%83%D1%80%D0%B3%D0%B5
Слесарь-сантехник,от 40000 руб.,[],"['Быстрый отклик', 'Пенсионерам']","Государственное казенное учреждение Свердловской области ""Управление административными зданиями Губернатора Свердловской области""",['Площадь 1905 года'],"Площадь 1905 года,г Екатеринбург, ул Горького, стр 21",Екатеренбург,Работа в строительстве,Сантехник,опыт работы от 2 лет,образование среднее профессиональное,https://eburg.rabota.ru/vacancy/54221600/?search_id=1775506991112a2efwft1a49&methodRecommendationType=by_filter&methodRecommendationName=%D0%92%D0%B0%D0%BA%D0%B0%D0%BD%D1%81%D0%B8%D0%B8%20%D0%B2%20%D0%95%D0%BA%D0%B0%D1%82%D0%B5%D1%80%D0%B8%D0%BD%D0%B1%D1%83%D1%80%D0%B3%D0%B5
Мастер ногтевого сервиса,от 40000 руб.,"['ответственность', 'пунктуальность', 'стрессоустойчивость', 'доброжелательность', 'маникюр', 'аппаратный маникюр', 'комбинированный маникюр', 'укрепление ногтей', 'Покрытие гель лак']",[],ИП Шавалиева Анжелика Андреевна,['Уральская'],"Уральская,г Екатеринбург, ул Азина, д 22/4",Екатеренбург,Мастер ногтевого сервиса,Мастер маникюра-педикюра,опыт работы не имеет значения,образование любое,https://eburg.rabota.ru/vacancy/53880756/?search_id=1775506991112a2efwft1a49&methodRecommendationType=by_filter&methodRecommendationName=%D0%92%D0%B0%D0%BA%D0%B0%D0%BD%D1%81%D0%B8%D0%B8%20%D0%B2%20%D0%95%D0%BA%D0%B0%D1%82%D0%B5%D1%80%D0%B8%D0%BD%D0%B1%D1%83%D1%80%D0%B3%D0%B5
"Бровист, ламимейкер",от 20000 руб.,"['коррекция бровей', 'окрашивание бровей и ресниц', 'оформление бровей', 'Окрашивание бровей', 'Ламинирование ресниц', 'Ламинирование бровей']",[],ИП Шавалиева Анжелика Андреевна,['Уральская'],"Уральская,г Екатеринбург, ул Азина, д 22/4",Екатеренбург,Работа в сфере красоты,Визажист,опыт работы не имеет значения,образование любое,https://eburg.rabota.ru/vacancy/54254759/?methodRecommendationType=by_filter&methodRecommendationName=%D0%92%D0%B0%D0%BA%D0%B0%D0%BD%D1%81%D0%B8%D0%B8%20%D0%B2%20%D0%95%D0%BA%D0%B0%D1%82%D0%B5%D1%80%D0%B8%D0%BD%D0%B1%D1%83%D1%80%D0%B3%D0%B5
"Уборщик территории, дворник",от 32000 руб.,[],"['Быстрый отклик', 'Пенсионерам']","Государственное казенное учреждение Свердловской области ""Управление административными зданиями Губернатора Свердловской области""",['Площадь 1905 года'],"Площадь 1905 года,г Екатеринбург, ул Горького, стр 21",Екатеренбург,,,опыт работы не имеет значения,образование среднее,https://eburg.rabota.ru/vacancy/54223648/?methodRecommendationType=by_filter&methodRecommendationName=%D0%92%D0%B0%D0%BA%D0%B0%D0%BD%D1%81%D0%B8%D0%B8%20%D0%B2%20%D0%95%D0%BA%D0%B0%D1%82%D0%B5%D1%80%D0%B8%D0%BD%D0%B1%D1%83%D1%80%D0%B3%D0%B5
Мастер по ремонту велосипедов,50000— 120000 руб.,[],[],jobcart,['Геологическая'],"Геологическая,г Екатеринбург, ул Мичурина, д 235",Екатеренбург,,,опыт работы от 1 года,образование любое,https://eburg.rabota.ru/vacancy/54246687/?methodRecommendationType=by_filter&methodRecommendationName=%D0%92%D0%B0%D0%BA%D0%B0%D0%BD%D1%81%D0%B8%D0%B8%20%D0%B2%20%D0%95%D0%BA%D0%B0%D1%82%D0%B5%D1%80%D0%B8%D0%BD%D0%B1%D1%83%D1%80%D0%B3%D0%B5
Специалист по установке сервисов Яндекса,80000— 110000 руб.,"['ответственность', 'нацеленность на результат', 'грамотная речь', 'обучаемость', 'ведение переговоров', 'промоутер']",['Студентам'],Яндекс Крауд,['Площадь 1905 года'],"Площадь 1905 года,г Екатеринбург",Екатеренбург,,,опыт работы Без опыта,образование любое,https://eburg.rabota.ru/vacancy/54255444/?methodRecommendationType=by_filter&methodRecommendationName=%D0%92%D0%B0%D0%BA%D0%B0%D0%BD%D1%81%D0%B8%D0%B8%20%D0%B2%20%D0%95%D0%BA%D0%B0%D1%82%D0%B5%D1%80%D0%B8%D0%BD%D0%B1%D1%83%D1%80%D0%B3%D0%B5
Водитель на развозку подарочных наборов,от 210000 руб.,[],[],Медиапартнерс,[],Екатеринбург,Екатеренбург,Работа на транспорте,Водитель,опыт работы Без опыта,образование любое,https://eburg.rabota.ru/vacancy/54254910/?methodRecommendationType=by_filter&methodRecommendationName=%D0%92%D0%B0%D0%BA%D0%B0%D0%BD%D1%81%D0%B8%D0%B8%20%D0%B2%20%D0%95%D0%BA%D0%B0%D1%82%D0%B5%D1%80%D0%B8%D0%BD%D0%B1%D1%83%D1%80%D0%B3%D0%B5
Врач-стоматолог,100000— 400000 руб.,"['ответственность', 'внимательность', 'дисциплинированность', 'коммуникабельность', 'грамотная речь', 'доброжелательность', 'работа ""в 4 руки""', 'ведение медицинской документации', 'отбеливание зубов', 'профессиональная гигиена полости рта', 'лечение пациентов', 'консультирование пациентов', 'составление плана лечения', 'диагностика', 'лечение кариеса', 'удаление зубов', 'терапевтический прием', 'эндодонтическое лечение', 'реставрация зубов', 'эстетическая реставрация зубов', 'работа с коффердамом', 'чтение рентгенограмм', 'Работа в команде']",['Вакансия недели'],"ООО ""СТ ПРАКТИК""",[],"Свердловская обл, г Первоуральск, ул Ленина, д 6",Екатеренбург,Работа в сфере медицины,Врач,опыт работы не имеет значения,образование высшее,https://eburg.rabota.ru/vacancy/49795147/?methodRecommendationType=by_filter&methodRecommendationName=%D0%92%D0%B0%D0%BA%D0%B0%D0%BD%D1%81%D0%B8%D0%B8%20%D0%B2%20%D0%95%D0%BA%D0%B0%D1%82%D0%B5%D1%80%D0%B8%D0%BD%D0%B1%D1%83%D1%80%D0%B3%D0%B5
Охранник (Вахта),300000— 370000 руб.,"['охрана объектов', 'удостоверение личности частного охранника (УЛЧО)', 'охрана имущества', 'обеспечение контрольно-пропускного режима']",[],"ООО ""ЧОП ""Полюс Щит""",[],"г Красноярск, ул Взлетная, д 9",Екатеренбург,,,не имеет значения,среднее,https://eburg.rabota.ru/vacancy/50296889/?methodRecommendationType=by_filter&methodRecommendationName=%D0%92%D0%B0%D0%BA%D0%B0%D0%BD%D1%81%D0%B8%D0%B8%20%D0%B2%20%D0%95%D0%BA%D0%B0%D1%82%D0%B5%D1%80%D0%B8%D0%BD%D0%B1%D1%83%D1%80%D0%B3%D0%B5
Оператор  (удаленно),23500— 35000 руб.,"['ответственность', 'грамотная речь', 'обучаемость', 'общение по телефону']",[],ИП Брагина А.Е.,['Площадь 1905 года'],"Площадь 1905 года,г Екатеринбург",Екатеренбург,,,не имеет значения,любое,https://eburg.rabota.ru/vacancy/48955865/?methodRecommendationType=by_filter&methodRecommendationName=%D0%92%D0%B0%D0%BA%D0%B0%D0%BD%D1%81%D0%B8%D0%B8%20%D0%B2%20%D0%95%D0%BA%D0%B0%D1%82%D0%B5%D1%80%D0%B8%D0%BD%D0%B1%D1%83%D1%80%D0%B3%D0%B5
Администратор магазина (Екатеринбург),от 100000 руб.,"['пунктуальность', 'грамотная речь', 'подбор персонала', 'управление персоналом', 'проведение инвентаризаций', 'обучение персонала', '1С', 'учет товара', 'обслуживание покупателей', 'консультирование покупателей']",['Быстрый отклик'],Красное и белое,['Геологическая'],"Геологическая,г Екатеринбург",Екатеренбург,Администратор,Администратор магазина,опыт работы Без опыта,образование среднее профессиональное,https://eburg.rabota.ru/vacancy/45675070/?methodRecommendationType=by_filter&methodRecommendationName=%D0%92%D0%B0%D0%BA%D0%B0%D0%BD%D1%81%D0%B8%D0%B8%20%D0%B2%20%D0%95%D0%BA%D0%B0%D1%82%D0%B5%D1%80%D0%B8%D0%BD%D0%B1%D1%83%D1%80%D0%B3%D0%B5
Кладовщик-экспедитор на склад ГСМ,от 75000 руб.,"['работа с документацией', 'учет товаров', 'Организация складских процессов', 'контроль запасов', 'Поддержание порядка', 'Приемка и отгрузка товаров', 'Работа с погрузочной техникой']",[],"JCat, сервис размещения объявлений",[],"Свердловская область, Екатеринбург, поселок Северка, Северка-1 территория",Екатеренбург,Работа на складах,Кладовщик,опыт работы не имеет значения,образование среднее,https://eburg.rabota.ru/vacancy/54241325/?methodRecommendationType=by_filter&methodRecommendationName=%D0%92%D0%B0%D0%BA%D0%B0%D0%BD%D1%81%D0%B8%D0%B8%20%D0%B2%20%D0%95%D0%BA%D0%B0%D1%82%D0%B5%D1%80%D0%B8%D0%BD%D0%B1%D1%83%D1%80%D0%B3%D0%B5
Торговый представитель,70000— 150000 руб.,"['поиск и привлечение клиентов', 'развитие клиентской базы', 'выполнение плана продаж', 'увеличение объемов продаж', 'планирование продаж', 'поддержание клиентской базы', 'работа с дебиторской задолженностью']",[],Екапрод,"['Уралмаш,', 'Машиностроителей']","Уралмаш, Машиностроителей,г Екатеринбург, ул Проезжая, д 9А",Екатеренбург,,,не имеет значения,любое,https://eburg.rabota.ru/vacancy/54239032/?methodRecommendationType=by_filter&methodRecommendationName=%D0%92%D0%B0%D0%BA%D0%B0%D0%BD%D1%81%D0%B8%D0%B8%20%D0%B2%20%D0%95%D0%BA%D0%B0%D1%82%D0%B5%D1%80%D0%B8%D0%BD%D0%B1%D1%83%D1%80%D0%B3%D0%B5
Механик сервисной службы,от 100000 руб.,"['ответственность', 'диагностика неисправностей', 'ремонтные работы', 'контроль качества выполнения работ', 'механика', 'ремонт оборудования', 'обслуживание оборудования', 'наладка оборудования', 'обслуживание электрооборудования', 'работа с электроинструментом']",['Быстрый отклик'],Бастион,[],г Екатеринбург,Екатеренбург,,,опыт работы от 1 года,образование любое,https://eburg.rabota.ru/vacancy/48513599/?methodRecommendationType=by_filter&methodRecommendationName=%D0%92%D0%B0%D0%BA%D0%B0%D0%BD%D1%81%D0%B8%D0%B8%20%D0%B2%20%D0%95%D0%BA%D0%B0%D1%82%D0%B5%D1%80%D0%B8%D0%BD%D0%B1%D1%83%D1%80%D0%B3%D0%B5
Оператор в отдел продаж недвижимости,от 50000 руб.,"['ответственность', 'обучаемость', 'ведение переговоров']",['Быстрый отклик'],"ОБЩЕСТВО С ОГРАНИЧЕННОЙ ОТВЕТСТВЕННОСТЬЮ ""СТРОИТЕЛЬНАЯ КОМПАНИЯ ""АСТРА""","['Площадь 1905 года,', 'Геологическая']","Площадь 1905 года, Геологическая,г Екатеринбург, ул Заводская, д 45Д",Екатеренбург,Работа в сфере недвижимости,Риэлтор,опыт работы от 1 года,образование среднее профессиональное,https://eburg.rabota.ru/vacancy/54251718/?methodRecommendationType=by_filter&methodRecommendationName=%D0%92%D0%B0%D0%BA%D0%B0%D0%BD%D1%81%D0%B8%D0%B8%20%D0%B2%20%D0%95%D0%BA%D0%B0%D1%82%D0%B5%D1%80%D0%B8%D0%BD%D0%B1%D1%83%D1%80%D0%B3%D0%B5
Уборщик/Уборщица,от 30000 руб.,[],[],"Ортикс, сеть ортопедических салонов",[],"г Екатеринбург, ул Малышева, д 28",Екатеренбург,Работа в сфере бытовых услуг,Уборщица,опыт работы Без опыта,образование любое,https://eburg.rabota.ru/vacancy/54249393/?methodRecommendationType=by_filter&methodRecommendationName=%D0%92%D0%B0%D0%BA%D0%B0%D0%BD%D1%81%D0%B8%D0%B8%20%D0%B2%20%D0%95%D0%BA%D0%B0%D1%82%D0%B5%D1%80%D0%B8%D0%BD%D0%B1%D1%83%D1%80%D0%B3%D0%B5
Логист по перевозке автомобильной техники,от 150000 руб.,[],[],"ООО ""Централ Транс""",['Геологическая'],"Геологическая,г Екатеринбург, ул Хохрякова, д 74",Екатеренбург,Работа в логистике,Логист,опыт работы Менее года,образование любое,https://eburg.rabota.ru/vacancy/54238998/?methodRecommendationType=by_filter&methodRecommendationName=%D0%92%D0%B0%D0%BA%D0%B0%D0%BD%D1%81%D0%B8%D0%B8%20%D0%B2%20%D0%95%D0%BA%D0%B0%D1%82%D0%B5%D1%80%D0%B8%D0%BD%D0%B1%D1%83%D1%80%D0%B3%D0%B5
Специалист клиентской службы поддержки,от 70000 руб.,['грамотная речь'],"['Студентам', 'Людям с инвалидностью']",Медиапартнерс,"['Площадь 1905 года,', 'Геологическая']","Площадь 1905 года, Геологическая,г Екатеринбург, ул Хохрякова, д 48",Екатеренбург,Работа в страховании,Андеррайтер,опыт работы не имеет значения,образование любое,https://eburg.rabota.ru/vacancy/54251582/?methodRecommendationType=by_filter&methodRecommendationName=%D0%92%D0%B0%D0%BA%D0%B0%D0%BD%D1%81%D0%B8%D0%B8%20%D0%B2%20%D0%95%D0%BA%D0%B0%D1%82%D0%B5%D1%80%D0%B8%D0%BD%D0%B1%D1%83%D1%80%D0%B3%D0%B5
"Проектировщик (ОПС, СВН, СКУД, СКС)",50000— 150000 руб.,"['MS Office', 'AutoCAD']",['Быстрый отклик'],Группа компаний Формула Бизнеса,['Ботаническая'],"Ботаническая,г Екатеринбург, ул Ферганская, д 16",Екатеренбург,Работа на производстве,Проектировщик,опыт работы от 3 лет,образование среднее,https://eburg.rabota.ru/vacancy/53886927/?methodRecommendationType=by_filter&methodRecommendationName=%D0%92%D0%B0%D0%BA%D0%B0%D0%BD%D1%81%D0%B8%D0%B8%20%D0%B2%20%D0%95%D0%BA%D0%B0%D1%82%D0%B5%D1%80%D0%B8%D0%BD%D0%B1%D1%83%D1%80%D0%B3%D0%B5
Кладовщик,80000— 105000 руб.,[],[],Пятерочка,[],"Кольцовский тракт, д 13/1",Екатеренбург,Работа на складах,Кладовщик,опыт работы Без опыта,образование любое,https://eburg.rabota.ru/vacancy/49970346/?methodRecommendationType=by_filter&methodRecommendationName=%D0%92%D0%B0%D0%BA%D0%B0%D0%BD%D1%81%D0%B8%D0%B8%20%D0%B2%20%D0%95%D0%BA%D0%B0%D1%82%D0%B5%D1%80%D0%B8%D0%BD%D0%B1%D1%83%D1%80%D0%B3%D0%B5
Велокурьер (даркстор),от 117000 руб.,"['ответственность', 'пунктуальность', 'исполнительность', 'внимательность', 'трудолюбие', 'коммуникабельность', 'стрессоустойчивость', 'грамотная речь', 'обучаемость', 'доброжелательность', 'выносливость', 'ведение переговоров', 'доставка товаров', 'доставка заказов', 'ответственный']","['Студентам', 'Людям с инвалидностью']",ООО Инсторадио,"['Динамо,', 'Площадь 1905 года']","Динамо, Площадь 1905 года,г Екатеринбург, ул Первомайская, д 56",Екатеренбург,Работа в сфере доставки,Курьер,опыт работы не имеет значения,образование любое,https://eburg.rabota.ru/vacancy/54244557/?methodRecommendationType=by_filter&methodRecommendationName=%D0%92%D0%B0%D0%BA%D0%B0%D0%BD%D1%81%D0%B8%D0%B8%20%D0%B2%20%D0%95%D0%BA%D0%B0%D1%82%D0%B5%D1%80%D0%B8%D0%BD%D0%B1%D1%83%D1%80%D0%B3%D0%B5
Грузчик-комплектовщик,60000— 80000 руб.,"['погрузочно-разгрузочные работы', 'распределение товара', 'комплектация товара', 'сбор заказов']",['Быстрый отклик'],Екапрод,"['Уралмаш,', 'Машиностроителей']","Уралмаш, Машиностроителей,г Екатеринбург, ул Проезжая, д 9А",Екатеренбург,Работа на складах,Комплектовщик,опыт работы не имеет значения,образование любое,https://eburg.rabota.ru/vacancy/53849612/?methodRecommendationType=by_filter&methodRecommendationName=%D0%92%D0%B0%D0%BA%D0%B0%D0%BD%D1%81%D0%B8%D0%B8%20%D0%B2%20%D0%95%D0%BA%D0%B0%D1%82%D0%B5%D1%80%D0%B8%D0%BD%D0%B1%D1%83%D1%80%D0%B3%D0%B5
Охранник,30000— 80000 руб.,[],"['Быстрый отклик', 'Пенсионерам', 'Студентам']","ЧОП ""Блокпост"", ООО",['Площадь 1905 года'],"Площадь 1905 года,г Екатеринбург",Екатеренбург,Работа в сфере безопасности,,опыт работы не имеет значения,образование любое,https://eburg.rabota.ru/vacancy/35817251/?methodRecommendationType=by_filter&methodRecommendationName=%D0%92%D0%B0%D0%BA%D0%B0%D0%BD%D1%81%D0%B8%D0%B8%20%D0%B2%20%D0%95%D0%BA%D0%B0%D1%82%D0%B5%D1%80%D0%B8%D0%BD%D0%B1%D1%83%D1%80%D0%B3%D0%B5
Специалист по обработке заказов,60000— 90000 руб.,"['ответственность', 'пунктуальность', 'исполнительность', 'внимательность', 'обучаемость', 'общение с клиентами', 'пользователь ПК']",['Быстрый отклик'],СТ Сварочные технологии,"['Площадь 1905 года,', 'Геологическая']","Площадь 1905 года, Геологическая,г Екатеринбург, ул Малышева, д 122Н",Екатеренбург,,,опыт работы не имеет значения,образование любое,https://eburg.rabota.ru/vacancy/54239253/?methodRecommendationType=by_filter&methodRecommendationName=%D0%92%D0%B0%D0%BA%D0%B0%D0%BD%D1%81%D0%B8%D0%B8%20%D0%B2%20%D0%95%D0%BA%D0%B0%D1%82%D0%B5%D1%80%D0%B8%D0%BD%D0%B1%D1%83%D1%80%D0%B3%D0%B5
Охранник без лицензии,30000— 90000 руб.,"['охрана объектов', 'удостоверение личности частного охранника (УЛЧО)', 'охрана имущества', 'обеспечение контрольно-пропускного режима']","['Быстрый отклик', 'Пенсионерам', 'Студентам']","ЧОП ""Блокпост"", ООО",[],"г Екатеринбург, ул Билимбаевская, стр 3",Екатеренбург,Работа в сфере безопасности,Охранник,опыт работы не имеет значения,образование любое,https://eburg.rabota.ru/vacancy/49421925/?methodRecommendationType=by_filter&methodRecommendationName=%D0%92%D0%B0%D0%BA%D0%B0%D0%BD%D1%81%D0%B8%D0%B8%20%D0%B2%20%D0%95%D0%BA%D0%B0%D1%82%D0%B5%D1%80%D0%B8%D0%BD%D0%B1%D1%83%D1%80%D0%B3%D0%B5
Менеджер по работе с клиентами,35000— 150000 руб.,"['стрессоустойчивость', 'развитие клиентской базы', 'ведение заказов', 'сопровождение сделки']","['Быстрый отклик', 'Пенсионерам', 'Студентам']",Широкова Анастасия Александровна,[],г Краснодар,Екатеренбург,Менеджер по работе с клиентами,Менеджер по работе с клиентами дома,опыт работы не имеет значения,образование любое,https://eburg.rabota.ru/vacancy/54226358/?methodRecommendationType=by_filter&methodRecommendationName=%D0%92%D0%B0%D0%BA%D0%B0%D0%BD%D1%81%D0%B8%D0%B8%20%D0%B2%20%D0%95%D0%BA%D0%B0%D1%82%D0%B5%D1%80%D0%B8%D0%BD%D0%B1%D1%83%D1%80%D0%B3%D0%B5
Менеджер по продажам (удаленно),80000— 100000 руб.,"['грамотная речь', 'заключение договоров', 'поиск и привлечение клиентов', 'развитие клиентской базы', 'консультирование клиентов', 'обслуживание клиентов', 'прием и распределение телефонных звонков', 'общение с клиентами', 'прием входящих звонков', 'обеспечение выполнения плана продаж', 'ведение клиентской базы', 'техника продаж', 'продажи', '""холодные"" звонки', 'активные продажи', 'выполнение плана продаж', 'исходящие звонки', 'работа с ключевыми клиентами', 'CRM-система', 'работа с клиентами', 'сопровождение сделки', 'поддержание клиентской базы', 'поиск новых клиентов', 'продажи продукта / услуги', 'сопровождение клиентов', 'умение продавать', 'поиск клиентов']",[],Семаргл,[],"Московская обл, г Химки",Екатеренбург,Работа в торговле,Менеджер по продажам,опыт работы от 1 года,образование любое,https://eburg.rabota.ru/vacancy/54225117/?methodRecommendationType=by_filter&methodRecommendationName=%D0%92%D0%B0%D0%BA%D0%B0%D0%BD%D1%81%D0%B8%D0%B8%20%D0%B2%20%D0%95%D0%BA%D0%B0%D1%82%D0%B5%D1%80%D0%B8%D0%BD%D0%B1%D1%83%D1%80%D0%B3%D0%B5
Оператор текстовой поддержки маркетплейса,40000— 60000 руб.,"['ответственность', 'пунктуальность', 'внимательность', 'стрессоустойчивость', 'грамотная речь', 'обучаемость', 'вежливость', 'MS Office  Excel', 'обработка данных', 'высокая скорость печати', 'ввод данных', 'общение по телефону', 'Анализ данных']","['Быстрый отклик', 'Пенсионерам', 'Студентам', 'Людям с инвалидностью']",Свидлов Алексей Александрович,['Коломенская'],"Коломенская,г Москва, пр-кт Андропова, д 22",Екатеренбург,Администратор,Администратор пункта выдачи заказов,опыт работы Без опыта,образование среднее,https://eburg.rabota.ru/vacancy/53921156/?methodRecommendationType=by_filter&methodRecommendationName=%D0%92%D0%B0%D0%BA%D0%B0%D0%BD%D1%81%D0%B8%D0%B8%20%D0%B2%20%D0%95%D0%BA%D0%B0%D1%82%D0%B5%D1%80%D0%B8%D0%BD%D0%B1%D1%83%D1%80%D0%B3%D0%B5
Оператор по работе с заявками,55000— 85000 руб.,"['ответственность', 'внимательность', 'дисциплинированность', 'стрессоустойчивость', 'грамотная речь', 'клиентоориентированность', 'обучаемость', 'ведение переговоров', 'MS Office  Excel', 'MS Office Word', 'уверенный пользователь ПК', 'консультирование клиентов', 'общение с клиентами', 'прием входящих звонков', 'техническая поддержка пользователей', 'составление отчетности', 'телефонные переговоры', 'работа с документами', 'обработка данных', 'исходящие звонки', 'высокая скорость печати', 'планирование работ', 'CRM-система', 'оформление заявок', 'консультирование абонентов', 'общение по телефону', 'работа с базами данных', 'деловая переписка', 'работа с возражениями', 'легкообучаемость', 'bitrix24', 'работа с электронной почтой', 'внимательность к деталям', 'Деловое общение', 'менеджер по работе с клиентами', 'Работа с текстом', 'удаленная работа', 'клиентский сервис', 'Подработка', 'свободный график', 'диспетчер на телефоне', 'активное слушание', 'учусь', 'Оператор чата', 'Дистанционная работа', 'гибкий график', 'специалист поддержки', 'Работа из дома', 'работа без опыта', 'Консультант (удаленно)', 'Администратор заявок', 'Сотрудник call-центра', 'Оператор на входящие линии', 'Исходящие вызовы']","['Быстрый отклик', 'Пенсионерам', 'Студентам', 'Людям с инвалидностью']",Кадры Pro,"['Проспект Мира,', 'Достоевская']","Проспект Мира, Достоевская,г Москва, Олимпийский пр-кт, д 14",Екатеренбург,Администратор,Администратор пункта выдачи заказов,опыт работы не имеет значения,образование любое,https://eburg.rabota.ru/vacancy/54219972/?methodRecommendationType=by_filter&methodRecommendationName=%D0%92%D0%B0%D0%BA%D0%B0%D0%BD%D1%81%D0%B8%D0%B8%20%D0%B2%20%D0%95%D0%BA%D0%B0%D1%82%D0%B5%D1%80%D0%B8%D0%BD%D0%B1%D1%83%D1%80%D0%B3%D0%B5
Оператор ПК,от 75000 руб.,"['ответственность', 'внимательность', 'ведение документооборота', 'работа с документами', 'обработка данных', 'высокая скорость печати', 'ввод данных', 'работа с БД', 'работа с ПК']","['Быстрый отклик', 'Пенсионерам', 'Студентам', 'Людям с инвалидностью']",Артемьев Владислав Олегович,['Станколит'],"Станколит,г Москва, ул Двинцев, д 3",Екатеренбург,Оператор,Оператор на телефоне,опыт работы не имеет значения,образование любое,https://eburg.rabota.ru/vacancy/54219137/?methodRecommendationType=by_filter&methodRecommendationName=%D0%92%D0%B0%D0%BA%D0%B0%D0%BD%D1%81%D0%B8%D0%B8%20%D0%B2%20%D0%95%D0%BA%D0%B0%D1%82%D0%B5%D1%80%D0%B8%D0%BD%D0%B1%D1%83%D1%80%D0%B3%D0%B5
Специалист службы поддержки (чат-менеджер),от 70000 руб.,"['интернет', 'консультирование клиентов', 'общение с клиентами', 'высокая скорость печати', 'интернeт', 'консультированиe клиентов', 'слепая печать']","['Быстрый отклик', 'Пенсионерам', 'Студентам']",Артемьев Владислав Олегович,['Станколит'],"Станколит,г Москва, ул Двинцев, д 3",Екатеренбург,Работа в страховании,Андеррайтер,опыт работы Без опыта,образование любое,https://eburg.rabota.ru/vacancy/54217995/?methodRecommendationType=by_filter&methodRecommendationName=%D0%92%D0%B0%D0%BA%D0%B0%D0%BD%D1%81%D0%B8%D0%B8%20%D0%B2%20%D0%95%D0%BA%D0%B0%D1%82%D0%B5%D1%80%D0%B8%D0%BD%D0%B1%D1%83%D1%80%D0%B3%D0%B5
Повар-бригадир вахта,191000— 236000 руб.,[],[],Компания ОМС,[],"Респ Саха (Якутия), г Мирный",Екатеренбург,Работа в ресторанах,Повар,опыт работы от 1 года,образование среднее профессиональное,https://eburg.rabota.ru/vacancy/54256525/?methodRecommendationType=by_filter&methodRecommendationName=%D0%92%D0%B0%D0%BA%D0%B0%D0%BD%D1%81%D0%B8%D0%B8%20%D0%B2%20%D0%95%D0%BA%D0%B0%D1%82%D0%B5%D1%80%D0%B8%D0%BD%D0%B1%D1%83%D1%80%D0%B3%D0%B5
Пекарь,165000— 166000 руб.,['выпечка'],[],Компания ОМС,[],"Красноярский край, г Норильск, тер Черногорское месторождение",Екатеренбург,Работа в ресторанах,Повар,опыт работы от 1 года,образование среднее профессиональное,https://eburg.rabota.ru/vacancy/54221627/?methodRecommendationType=by_filter&methodRecommendationName=%D0%92%D0%B0%D0%BA%D0%B0%D0%BD%D1%81%D0%B8%D0%B8%20%D0%B2%20%D0%95%D0%BA%D0%B0%D1%82%D0%B5%D1%80%D0%B8%D0%BD%D0%B1%D1%83%D1%80%D0%B3%D0%B5
Стоматолог-терапевт,25000— 100000 руб.,"['ответственность', 'пунктуальность', 'нацеленность на результат', 'стрессоустойчивость', 'доброжелательность', 'работа ""в 4 руки""', 'ведение медицинской документации', 'отбеливание зубов', 'профессиональная гигиена полости рта', 'действующий сертификат', 'консультирование пациентов', 'составление плана лечения', 'лечение кариеса', 'эндодонтическое лечение', 'реставрация зубов', 'работа с коффердамом']",[],"ООО ""ДЕНТ-А""",['Проспект Космонавтов'],"Проспект Космонавтов,г Екатеринбург",Екатеренбург,Работа в сфере медицины,Врач,опыт работы от 3 лет,образование высшее,https://eburg.rabota.ru/vacancy/53914996/?methodRecommendationType=by_filter&methodRecommendationName=%D0%92%D0%B0%D0%BA%D0%B0%D0%BD%D1%81%D0%B8%D0%B8%20%D0%B2%20%D0%95%D0%BA%D0%B0%D1%82%D0%B5%D1%80%D0%B8%D0%BD%D0%B1%D1%83%D1%80%D0%B3%D0%B5
Торговый представитель,50000— 100000 руб.,"['заключение договоров', 'поиск и привлечение клиентов', 'активные продажи', 'прямые продажи', 'работа с дебиторской задолженностью', 'развитие продаж', 'Холодные продажи', 'Документальное сопровождение', 'Деловое общение']",['Студентам'],"ООО ""ТК ""СФЕРА-9""",['Ботаническая'],"Ботаническая,г Екатеринбург, Елизаветинское шоссе, д 39А",Екатеренбург,Работа в продажах,,опыт работы Без опыта,образование любое,https://eburg.rabota.ru/vacancy/53828087/?methodRecommendationType=by_filter&methodRecommendationName=%D0%92%D0%B0%D0%BA%D0%B0%D0%BD%D1%81%D0%B8%D0%B8%20%D0%B2%20%D0%95%D0%BA%D0%B0%D1%82%D0%B5%D1%80%D0%B8%D0%BD%D0%B1%D1%83%D1%80%D0%B3%D0%B5
Шиномонтажник,от 100000 руб.,"['шиномонтаж', 'шиномонтажные работы']",['Студентам'],ИП Купцова Ирина Борисовна,['Уралмаш'],"Уралмаш,г Екатеринбург, Промышленный проезд, д 1б",Екатеренбург,Слесарь,Механик-наладчик,опыт работы от 1 года,образование любое,https://eburg.rabota.ru/vacancy/53787989/?methodRecommendationType=by_filter&methodRecommendationName=%D0%92%D0%B0%D0%BA%D0%B0%D0%BD%D1%81%D0%B8%D0%B8%20%D0%B2%20%D0%95%D0%BA%D0%B0%D1%82%D0%B5%D1%80%D0%B8%D0%BD%D0%B1%D1%83%D1%80%D0%B3%D0%B5
Повар-универсал,55000 руб.,[],[],ИНДИВИДУАЛЬНЫЙ ПРЕДПРИНИМАТЕЛЬ АНКУДИНОВ АЛЕКСАНДР АНДРЕЕВИЧ,['Чкаловская'],"Чкаловская,г Екатеринбург, ул Фрунзе, д 74",Екатеренбург,Работа в ресторанах,Повар,опыт работы от 3 лет,образование любое,https://eburg.rabota.ru/vacancy/52681991/?methodRecommendationType=by_filter&methodRecommendationName=%D0%92%D0%B0%D0%BA%D0%B0%D0%BD%D1%81%D0%B8%D0%B8%20%D0%B2%20%D0%95%D0%BA%D0%B0%D1%82%D0%B5%D1%80%D0%B8%D0%BD%D0%B1%D1%83%D1%80%D0%B3%D0%B5
Повар пиццы 2 смены / неделю +,40000— 45000 руб.,"['приготовление пиццы', 'европейская кухня', 'итальянская кухня']","['Быстрый отклик', 'Студентам']","ООО ""МЕГАБАР""",['Геологическая'],"Геологическая,г Екатеринбург, ул 8 Марта, д 43а",Екатеренбург,Работа в ресторанах,Повар,опыт работы от 1 года,образование среднее профессиональное,https://eburg.rabota.ru/vacancy/52340460/?methodRecommendationType=by_filter&methodRecommendationName=%D0%92%D0%B0%D0%BA%D0%B0%D0%BD%D1%81%D0%B8%D0%B8%20%D0%B2%20%D0%95%D0%BA%D0%B0%D1%82%D0%B5%D1%80%D0%B8%D0%BD%D0%B1%D1%83%D1%80%D0%B3%D0%B5
Учитель математики,30000— 100000 руб.,[],[],ИНДИВИДУАЛЬНЫЙ ПРЕДПРИНИМАТЕЛЬ МАКОВЕЦКАЯ НАТАЛЬЯ СЕРГЕЕВНА,['Чкаловская'],"Чкаловская,г Екатеринбург, ул Серова, д 45",Екатеренбург,Работа в сфере образования,Преподаватель,опыт работы не имеет значения,образование высшее,https://eburg.rabota.ru/vacancy/52338533/?methodRecommendationType=by_filter&methodRecommendationName=%D0%92%D0%B0%D0%BA%D0%B0%D0%BD%D1%81%D0%B8%D0%B8%20%D0%B2%20%D0%95%D0%BA%D0%B0%D1%82%D0%B5%D1%80%D0%B8%D0%BD%D0%B1%D1%83%D1%80%D0%B3%D0%B5
Парикмахер-универсал,40000— 100000 руб.,"['женская стрижка', 'окрашивание волос', 'детская стрижка', 'креативные стрижки', 'мужская стрижка']",[],Бурнашева Екатерина Владимировна,['Ботаническая'],"Ботаническая,г Екатеринбург, ул Инженерная",Екатеренбург,Работа в сфере красоты,Парикмахер,опыт работы от 1 года,образование среднее профессиональное,https://eburg.rabota.ru/vacancy/50545633/?methodRecommendationType=by_filter&methodRecommendationName=%D0%92%D0%B0%D0%BA%D0%B0%D0%BD%D1%81%D0%B8%D0%B8%20%D0%B2%20%D0%95%D0%BA%D0%B0%D1%82%D0%B5%D1%80%D0%B8%D0%BD%D0%B1%D1%83%D1%80%D0%B3%D0%B5
Повар-заготовщик в кофейню,40000— 50000 руб.,[],[],Coffee Roast,[],"г Екатеринбург, ул Толмачева, д 25",Екатеренбург,Заготовщик,Повар-заготовщик,опыт работы Без опыта,образование любое,https://eburg.rabota.ru/vacancy/50430853/?methodRecommendationType=by_filter&methodRecommendationName=%D0%92%D0%B0%D0%BA%D0%B0%D0%BD%D1%81%D0%B8%D0%B8%20%D0%B2%20%D0%95%D0%BA%D0%B0%D1%82%D0%B5%D1%80%D0%B8%D0%BD%D0%B1%D1%83%D1%80%D0%B3%D0%B5
Мастер маникюра-педикюра,80000— 100000 руб.,"['классический маникюр', 'комбинированный маникюр', 'комбинированный педикюр']",[],ИНДИВИДУАЛЬНЫЙ ПРЕДПРИНИМАТЕЛЬ КРЫЛОВА РАМИЛЯ НАИЛЬЕВНА,[],"г Екатеринбург, пр-кт Академика Сахарова, д 39",Екатеренбург,Мастер ногтевого сервиса,,опыт работы от 1 года,образование любое,https://eburg.rabota.ru/vacancy/50128283/?methodRecommendationType=by_filter&methodRecommendationName=%D0%92%D0%B0%D0%BA%D0%B0%D0%BD%D1%81%D0%B8%D0%B8%20%D0%B2%20%D0%95%D0%BA%D0%B0%D1%82%D0%B5%D1%80%D0%B8%D0%BD%D0%B1%D1%83%D1%80%D0%B3%D0%B5
Менеджер по продажам,от 50000 руб.,"['стрессоустойчивость', 'поиск и привлечение клиентов', 'общение с клиентами', 'ведение клиентской базы', '""холодные"" звонки', 'активные продажи', 'выполнение плана продаж', 'подготовка коммерческих предложений', 'ведение заказов', '1С:Управление торговлей', 'поддержание клиентской базы', 'умение продавать']",[],"ООО ""КИП-СЕРВИС""",[],"г Екатеринбург, ул Грибоедова, д 32 к 20, офис 410",Екатеренбург,Работа в торговле,,опыт работы от 1 года,образование любое,https://eburg.rabota.ru/vacancy/49405954/?methodRecommendationType=by_filter&methodRecommendationName=%D0%92%D0%B0%D0%BA%D0%B0%D0%BD%D1%81%D0%B8%D0%B8%20%D0%B2%20%D0%95%D0%BA%D0%B0%D1%82%D0%B5%D1%80%D0%B8%D0%BD%D0%B1%D1%83%D1%80%D0%B3%D0%B5
Специалист по логистике (грузоперевозки из Китая),70000— 80000 руб.,[],[],"ООО ""ТЭК ""ВОСТОКТРАНС-ЕК""",['Уральская'],"Уральская,г Екатеринбург, ул Маневровая",Екатеренбург,Работа в логистике,Логист,опыт работы от 1 года,образование высшее,https://eburg.rabota.ru/vacancy/48222762/?methodRecommendationType=by_filter&methodRecommendationName=%D0%92%D0%B0%D0%BA%D0%B0%D0%BD%D1%81%D0%B8%D0%B8%20%D0%B2%20%D0%95%D0%BA%D0%B0%D1%82%D0%B5%D1%80%D0%B8%D0%BD%D0%B1%D1%83%D1%80%D0%B3%D0%B5
Продавец-консультант в магазин Азиатских сладостей,20000— 25000 руб.,"['ответственность', 'пунктуальность', 'порядочность', 'вежливость', 'работа на кассе', 'продажи', 'консультирование покупателей']",['Студентам'],ИНДИВИДУАЛЬНЫЙ ПРЕДПРИНИМАТЕЛЬ РОГОЖКИН ВАЛЕРИЙ СЕРГЕЕВИЧ,['Геологическая'],"Геологическая,г Екатеринбург, ул 8 Марта, стр 46",Екатеренбург,Работа в торговле,Продавец,опыт работы не имеет значения,образование любое,https://eburg.rabota.ru/vacancy/47503367/?methodRecommendationType=by_filter&methodRecommendationName=%D0%92%D0%B0%D0%BA%D0%B0%D0%BD%D1%81%D0%B8%D0%B8%20%D0%B2%20%D0%95%D0%BA%D0%B0%D1%82%D0%B5%D1%80%D0%B8%D0%BD%D0%B1%D1%83%D1%80%D0%B3%D0%B5
Главный бухгалтер,по договоренности,"['налоговый учет', 'налоговое законодательство', 'бухгалтерское законодательство', 'взаимодействие с налоговыми органами', 'сдача отчетности', 'УСНО', 'налогообложение', 'ОСНО', 'Банк-клиент', 'ведение всех участков', '1С:Зарплата и Управление Персоналом', 'ведение нескольких юридических лиц']",[],ИП Бурдакова Наталья Александровна,['Геологическая'],"Геологическая,г Екатеринбург, ул Декабристов, д 16/18",Екатеренбург,Работа в бухгалтерии,Бухгалтер,опыт работы от 5 лет,образование высшее,https://eburg.rabota.ru/vacancy/54241989/?methodRecommendationType=by_filter&methodRecommendationName=%D0%92%D0%B0%D0%BA%D0%B0%D0%BD%D1%81%D0%B8%D0%B8%20%D0%B2%20%D0%95%D0%BA%D0%B0%D1%82%D0%B5%D1%80%D0%B8%D0%BD%D0%B1%D1%83%D1%80%D0%B3%D0%B5
Оператор копировального центра,20000— 60000 руб.,"['ответственность', 'MS Office Word', 'копирование документов', 'работа с документами', 'сканирование', 'обработка заказов']",['Быстрый отклик'],ИП ТОМИЛОВА А.И.,['Площадь 1905 года'],"Площадь 1905 года,г Екатеринбург, ул Тургенева, д 4",Екатеренбург,Администратор,Администратор пункта выдачи заказов,опыт работы не имеет значения,образование любое,https://eburg.rabota.ru/vacancy/54202713/?methodRecommendationType=by_filter&methodRecommendationName=%D0%92%D0%B0%D0%BA%D0%B0%D0%BD%D1%81%D0%B8%D0%B8%20%D0%B2%20%D0%95%D0%BA%D0%B0%D1%82%D0%B5%D1%80%D0%B8%D0%BD%D0%B1%D1%83%D1%80%D0%B3%D0%B5
Швея,40000— 80000 руб.,['пошив одежды'],[],ООО ПКФ Электрокомплекс,['Площадь 1905 года'],"Площадь 1905 года,г Екатеринбург, Верх-Исетский б-р, д 13",Екатеренбург,Работа в сфере бытовых услуг,,опыт работы от 1 года,образование любое,https://eburg.rabota.ru/vacancy/53825295/?methodRecommendationType=by_filter&methodRecommendationName=%D0%92%D0%B0%D0%BA%D0%B0%D0%BD%D1%81%D0%B8%D0%B8%20%D0%B2%20%D0%95%D0%BA%D0%B0%D1%82%D0%B5%D1%80%D0%B8%D0%BD%D0%B1%D1%83%D1%80%D0%B3%D0%B5
Бухгалтер,от 20000 руб.,[],[],ИНДИВИДУАЛЬНЫЙ ПРЕДПРИНИМАТЕЛЬ БЕЛОВА ТАТЬЯНА АНАТОЛЬЕВНА,[],"г Екатеринбург, ул Основинская, д 7",Екатеренбург,Работа в бухгалтерии,Бухгалтер,опыт работы от 1 года,образование любое,https://eburg.rabota.ru/vacancy/52258879/?methodRecommendationType=by_filter&methodRecommendationName=%D0%92%D0%B0%D0%BA%D0%B0%D0%BD%D1%81%D0%B8%D0%B8%20%D0%B2%20%D0%95%D0%BA%D0%B0%D1%82%D0%B5%D1%80%D0%B8%D0%BD%D0%B1%D1%83%D1%80%D0%B3%D0%B5
Официант,40000— 80000 руб.,"['коммуникабельность', 'общение с клиентами', 'прием заказов', 'обслуживание гостей', 'консультирование гостей', 'поддержание чистоты в зале']",['Студентам'],"ООО ""УРАЛТТ""",[],"г Екатеринбург, ул Вайнера, д 60",Екатеренбург,Работа в ресторанах,,опыт работы не имеет значения,образование любое,https://eburg.rabota.ru/vacancy/50557695/?methodRecommendationType=by_filter&methodRecommendationName=%D0%92%D0%B0%D0%BA%D0%B0%D0%BD%D1%81%D0%B8%D0%B8%20%D0%B2%20%D0%95%D0%BA%D0%B0%D1%82%D0%B5%D1%80%D0%B8%D0%BD%D0%B1%D1%83%D1%80%D0%B3%D0%B5
Сборщик-монтажник рекламных конструкций,45000— 70000 руб.,"['обучаемость', 'работа ручным инструментом', 'работа с электроинструментом', 'изготовление деталей', 'сборочные работы', 'сборка изделий', 'обработка деталей']",[],ИП Порожняков Дмитрий Анатольевич,['Геологическая'],"Геологическая,г Екатеринбург, ул Красноармейская, стр 92а",Екатеренбург,Монтажник,Монтажник рекламы,опыт работы не имеет значения,образование любое,https://eburg.rabota.ru/vacancy/50130001/?methodRecommendationType=by_filter&methodRecommendationName=%D0%92%D0%B0%D0%BA%D0%B0%D0%BD%D1%81%D0%B8%D0%B8%20%D0%B2%20%D0%95%D0%BA%D0%B0%D1%82%D0%B5%D1%80%D0%B8%D0%BD%D0%B1%D1%83%D1%80%D0%B3%D0%B5
Бариста,15000— 30000 руб.,"['аккуратность', 'внимательность', 'умение работать в команде', 'обучаемость', 'доброжелательность', 'вежливость', 'общение с клиентами', 'обслуживание гостей', 'приготовление напитков', 'уборка рабочей зоны', 'приготовление кофе', 'работа за барной стойкой', 'умение продавать', 'создание атмосферы гостеприимства']",['Студентам'],ИНДИВИДУАЛЬНЫЙ ПРЕДПРИНИМАТЕЛЬ СВИРИДОВА ОЛЕСЯ АНДРЕЕВНА,['Площадь 1905 года'],"Площадь 1905 года,г Екатеринбург, пр-кт Ленина, д 25",Екатеренбург,Работа в ресторанах,,опыт работы не имеет значения,образование любое,https://eburg.rabota.ru/vacancy/49675628/?methodRecommendationType=by_filter&methodRecommendationName=%D0%92%D0%B0%D0%BA%D0%B0%D0%BD%D1%81%D0%B8%D0%B8%20%D0%B2%20%D0%95%D0%BA%D0%B0%D1%82%D0%B5%D1%80%D0%B8%D0%BD%D0%B1%D1%83%D1%80%D0%B3%D0%B5
Помощник главного бухгалтера,по договоренности,"['налоговый учет', 'сдача отчетности', 'расчет заработной платы', 'Банк-клиент', 'ведение первичной документации', 'сдача бухгалтерской отчетности', 'ведение бухгалтерского учета']",['Студентам'],"ООО ""КСИ""",['Чкаловская'],"Чкаловская,г Екатеринбург, ул Фрунзе, д 96",Екатеренбург,Работа в бухгалтерии,Бухгалтер,опыт работы от 1 года,образование среднее профессиональное,https://eburg.rabota.ru/vacancy/48996154/?methodRecommendationType=by_filter&methodRecommendationName=%D0%92%D0%B0%D0%BA%D0%B0%D0%BD%D1%81%D0%B8%D0%B8%20%D0%B2%20%D0%95%D0%BA%D0%B0%D1%82%D0%B5%D1%80%D0%B8%D0%BD%D0%B1%D1%83%D1%80%D0%B3%D0%B5
Продавец-консультант зоотоваров (подработка),по договоренности,"['ответственность', 'пунктуальность', 'вежливость', 'работа на кассе', 'общение с клиентами', 'обслуживание покупателей', 'консультирование покупателей']",[],"ООО ""СОНЕТ 2011""",['Геологическая'],"Геологическая,г Екатеринбург, ул Белореченская, д 28",Екатеренбург,Работа в торговле,Продавец,опыт работы от 1 года,образование любое,https://eburg.rabota.ru/vacancy/48700843/?methodRecommendationType=by_filter&methodRecommendationName=%D0%92%D0%B0%D0%BA%D0%B0%D0%BD%D1%81%D0%B8%D0%B8%20%D0%B2%20%D0%95%D0%BA%D0%B0%D1%82%D0%B5%D1%80%D0%B8%D0%BD%D0%B1%D1%83%D1%80%D0%B3%D0%B5
Массажист -фельдшер,80000— 110000 руб.,"['пунктуальность', 'стрессоустойчивость', 'работа с документами', 'действующий сертификат массажиста', 'спортивный массаж', 'все виды инъекций', 'выполнение медицинских манипуляций']",[],"ООО ""ФОК ""СТАЧЕК-3""",['Уралмаш'],"Уралмаш,г Екатеринбург, ул Стачек, соор 3",Екатеренбург,Работа в сфере красоты,Массажист,опыт работы от 3 лет,образование любое,https://eburg.rabota.ru/vacancy/48260366/?methodRecommendationType=by_filter&methodRecommendationName=%D0%92%D0%B0%D0%BA%D0%B0%D0%BD%D1%81%D0%B8%D0%B8%20%D0%B2%20%D0%95%D0%BA%D0%B0%D1%82%D0%B5%D1%80%D0%B8%D0%BD%D0%B1%D1%83%D1%80%D0%B3%D0%B5
Детский врач-стоматолог,по договоренности,"['коммуникабельность', 'лечение пациентов', 'диагностика заболеваний', 'консультирование пациентов', 'составление плана лечения']",[],"ООО ""МАРАКАНД""",['Ботаническая'],"Ботаническая,г Екатеринбург, ул Агрономическая, д 31",Екатеренбург,Работа в сфере медицины,Врач,опыт работы от 2 лет,образование высшее,https://eburg.rabota.ru/vacancy/54246561/?methodRecommendationType=by_filter&methodRecommendationName=%D0%92%D0%B0%D0%BA%D0%B0%D0%BD%D1%81%D0%B8%D0%B8%20%D0%B2%20%D0%95%D0%BA%D0%B0%D1%82%D0%B5%D1%80%D0%B8%D0%BD%D0%B1%D1%83%D1%80%D0%B3%D0%B5
Ветеринарный врач,70000— 100000 руб.,"['диагностика заболеваний', 'диагностика', 'ветеринария']",[],Индивидуальный предприниматель КУДЕЛИНА ЕЛЕНА СЕРГЕЕВНА,['Уральская'],"Уральская,г Екатеринбург, ул Свердлова, д 25",Екатеренбург,Работа в сфере медицины,Врач,опыт работы не имеет значения,образование высшее,https://eburg.rabota.ru/vacancy/54241438/?methodRecommendationType=by_filter&methodRecommendationName=%D0%92%D0%B0%D0%BA%D0%B0%D0%BD%D1%81%D0%B8%D0%B8%20%D0%B2%20%D0%95%D0%BA%D0%B0%D1%82%D0%B5%D1%80%D0%B8%D0%BD%D0%B1%D1%83%D1%80%D0%B3%D0%B5
Специалист по проектированию отопления и вентиляции,60000— 80000 руб.,[],[],"ООО ""АР Проект""",['Геологическая'],"Геологическая,г Екатеринбург, ул Тверитина, д 44",Екатеренбург,Сервисный инженер,Инженер по оборудованию,опыт работы от 3 лет,образование высшее,https://eburg.rabota.ru/vacancy/50586997/?methodRecommendationType=by_filter&methodRecommendationName=%D0%92%D0%B0%D0%BA%D0%B0%D0%BD%D1%81%D0%B8%D0%B8%20%D0%B2%20%D0%95%D0%BA%D0%B0%D1%82%D0%B5%D1%80%D0%B8%D0%BD%D0%B1%D1%83%D1%80%D0%B3%D0%B5
Повар-универсал,по договоренности,"['приготовление блюд', 'работа с технологическими картами', 'оформление блюд']",[],"ООО ""КИСЕЛЬ""",['Динамо'],"Динамо,г Екатеринбург, ул Одинарка, д 1",Екатеренбург,Работа в ресторанах,Повар,опыт работы Менее года,образование любое,https://eburg.rabota.ru/vacancy/50361626/?methodRecommendationType=by_filter&methodRecommendationName=%D0%92%D0%B0%D0%BA%D0%B0%D0%BD%D1%81%D0%B8%D0%B8%20%D0%B2%20%D0%95%D0%BA%D0%B0%D1%82%D0%B5%D1%80%D0%B8%D0%BD%D0%B1%D1%83%D1%80%D0%B3%D0%B5
Ветеринарный врач,40000— 70000 руб.,"['ответственность', 'пунктуальность', 'обучаемость', 'общение с клиентами', 'ведение медицинской документации', 'диагностика заболеваний', 'консультирование пациентов', 'составление плана лечения', 'осмотр пациентов', 'терапевтический прием', 'работа с животными']",['Студентам'],ИНДИВИДУАЛЬНЫЙ ПРЕДПРИНИМАТЕЛЬ ЭММАС МАРИНА АНАТОЛЬЕВНА,"['Динамо,', 'Площадь 1905 года']","Динамо, Площадь 1905 года,г Екатеринбург, ул Восточная, д 46",Екатеренбург,Работа в сфере медицины,Врач,опыт работы не имеет значения,образование любое,https://eburg.rabota.ru/vacancy/50304787/?methodRecommendationType=by_filter&methodRecommendationName=%D0%92%D0%B0%D0%BA%D0%B0%D0%BD%D1%81%D0%B8%D0%B8%20%D0%B2%20%D0%95%D0%BA%D0%B0%D1%82%D0%B5%D1%80%D0%B8%D0%BD%D0%B1%D1%83%D1%80%D0%B3%D0%B5
Стоматолог-имплантолог,150000— 250000 руб.,"['ответственность', 'пунктуальность', 'контроль качества', 'ведение медицинской документации', 'лечение пациентов', 'действующий сертификат', 'хирургическое лечение', 'чтение рентгенограмм', 'Работа в команде']","['Пенсионерам', 'Студентам']","ООО ""ПЛАНЕТА""",['Геологическая'],"Геологическая,г Екатеринбург, ул Восточная, д 172",Екатеренбург,Работа в сфере медицины,Врач,опыт работы от 3 лет,образование высшее,https://eburg.rabota.ru/vacancy/49610867/?methodRecommendationType=by_filter&methodRecommendationName=%D0%92%D0%B0%D0%BA%D0%B0%D0%BD%D1%81%D0%B8%D0%B8%20%D0%B2%20%D0%95%D0%BA%D0%B0%D1%82%D0%B5%D1%80%D0%B8%D0%BD%D0%B1%D1%83%D1%80%D0%B3%D0%B5
Мужской парикмахер,70000— 140000 руб.,"['пунктуальность', 'общение с клиентами', 'укладка', 'детская стрижка', 'креативные стрижки', 'мужская стрижка', 'классические стрижки', 'массаж головы']",['Студентам'],ИП ШЕЛОМЕНЦЕВ ДЕНИС ВАЛЕРЬЕВИЧ,['Геологическая'],"Геологическая,г Екатеринбург, ул Восточная, д 158",Екатеренбург,Работа в сфере красоты,Парикмахер,опыт работы от 3 лет,образование среднее профессиональное,https://eburg.rabota.ru/vacancy/53229362/?methodRecommendationType=by_filter&methodRecommendationName=%D0%92%D0%B0%D0%BA%D0%B0%D0%BD%D1%81%D0%B8%D0%B8%20%D0%B2%20%D0%95%D0%BA%D0%B0%D1%82%D0%B5%D1%80%D0%B8%D0%BD%D0%B1%D1%83%D1%80%D0%B3%D0%B5
Главный бухгалтер,150000 руб.,"['налоговый учет', 'бухгалтерское законодательство', 'сдача отчетности', 'налогообложение', 'Банк-клиент', 'сдача налоговой отчетности', '1С:Зарплата и Управление Персоналом']","['Вакансия недели', 'Пенсионерам']",Завод нестандартных деревянных конструкций,[],"Московская обл, г Долгопрудный, Лихачевский проезд, д 10",Московсская область,Работа в бухгалтерии,Бухгалтер,опыт работы от 5 лет,образование высшее,https://msk-region.rabota.ru/vacancy/53848358/?search_id=1775507141492xpd8bdqihfl&methodRecommendationType=by_filter&methodRecommendationName=%D0%92%D0%B0%D0%BA%D0%B0%D0%BD%D1%81%D0%B8%D0%B8%20%D0%B2%20%D0%9C%D0%BE%D1%81%D0%BA%D0%BE%D0%B2%D1%81%D0%BA%D0%BE%D0%B9%20%D0%BE%D0%B1%D0%BB%D0%B0%D1%81%D1%82%D0%B8
Водитель-курьер на доставку сантехники,по договоренности,"['пунктуальность', 'безаварийное вождение', 'доставка товаров', 'доставка заказов', 'права категории В', 'курьерская доставка', 'Навык вождения']",[],Яндекс.Доставка,[],"Московская обл, г Видное",Московсская область,,,не имеет значения,любое,https://msk-region.rabota.ru/vacancy/54238465/?search_id=1775507141492xpd8bdqihfl&methodRecommendationType=by_filter&methodRecommendationName=%D0%92%D0%B0%D0%BA%D0%B0%D0%BD%D1%81%D0%B8%D0%B8%20%D0%B2%20%D0%9C%D0%BE%D1%81%D0%BA%D0%BE%D0%B2%D1%81%D0%BA%D0%BE%D0%B9%20%D0%BE%D0%B1%D0%BB%D0%B0%D1%81%D1%82%D0%B8
Водитель-курьер на доставку сантехники,по договоренности,"['пунктуальность', 'безаварийное вождение', 'доставка товаров', 'доставка заказов', 'права категории В', 'курьерская доставка', 'Навык вождения']",[],Яндекс.Доставка,[],"Московская обл, г Домодедово",Московсская область,,,не имеет значения,любое,https://msk-region.rabota.ru/vacancy/54238464/?search_id=1775507141492xpd8bdqihfl&methodRecommendationType=by_filter&methodRecommendationName=%D0%92%D0%B0%D0%BA%D0%B0%D0%BD%D1%81%D0%B8%D0%B8%20%D0%B2%20%D0%9C%D0%BE%D1%81%D0%BA%D0%BE%D0%B2%D1%81%D0%BA%D0%BE%D0%B9%20%D0%BE%D0%B1%D0%BB%D0%B0%D1%81%D1%82%D0%B8
Водитель-курьер (ЦМФ),по договоренности,"['пунктуальность', 'безаварийное вождение', 'доставка товаров', 'доставка заказов', 'права категории В', 'курьерская доставка', 'Навык вождения']",[],Яндекс.Доставка,[],"Московская обл, г Щёлково",Московсская область,,,не имеет значения,любое,https://msk-region.rabota.ru/vacancy/54238457/?search_id=1775507141492xpd8bdqihfl&methodRecommendationType=by_filter&methodRecommendationName=%D0%92%D0%B0%D0%BA%D0%B0%D0%BD%D1%81%D0%B8%D0%B8%20%D0%B2%20%D0%9C%D0%BE%D1%81%D0%BA%D0%BE%D0%B2%D1%81%D0%BA%D0%BE%D0%B9%20%D0%BE%D0%B1%D0%BB%D0%B0%D1%81%D1%82%D0%B8
Повар-кассир,80000— 107000 руб.,"['ответственность', 'доброжелательность', 'работа на кассе', 'консультирование гостей', 'приготовление блюд', 'русская кухня', 'поварское дело']","['Вакансия недели', 'Быстрый отклик', 'Студентам']",ИП Мильский Сергей Николаевич,[],"Московская обл, г Серпухов, Борисовское шоссе, д 1",Московсская область,Работа в ресторанах,Повар,опыт работы не имеет значения,образование среднее,https://msk-region.rabota.ru/vacancy/34371357/?search_id=1775507141492xpd8bdqihfl&methodRecommendationType=by_filter&methodRecommendationName=%D0%92%D0%B0%D0%BA%D0%B0%D0%BD%D1%81%D0%B8%D0%B8%20%D0%B2%20%D0%9C%D0%BE%D1%81%D0%BA%D0%BE%D0%B2%D1%81%D0%BA%D0%BE%D0%B9%20%D0%BE%D0%B1%D0%BB%D0%B0%D1%81%D1%82%D0%B8
Экономист ГОЗ,от 180000 руб.,[],['Вакансия недели'],"Композит, АО",[],"Московская обл, г Королёв, ул Пионерская, д 4",Московсская область,,,опыт работы от 3 лет,образование высшее,https://msk-region.rabota.ru/vacancy/54207988/?search_id=1775507141492xpd8bdqihfl&methodRecommendationType=by_filter&methodRecommendationName=%D0%92%D0%B0%D0%BA%D0%B0%D0%BD%D1%81%D0%B8%D0%B8%20%D0%B2%20%D0%9C%D0%BE%D1%81%D0%BA%D0%BE%D0%B2%D1%81%D0%BA%D0%BE%D0%B9%20%D0%BE%D0%B1%D0%BB%D0%B0%D1%81%D1%82%D0%B8
"Водитель категории CE (открытый борт, штора)",230000— 250000 руб.,"['безаварийное вождение', 'навык мелкого ремонта грузовой техники']",[],Русавтосбыт,[],"Московская обл, г Мытищи, деревня Еремино, Дмитровское шоссе",Московсская область,,,от 3 лет,среднее,https://msk-region.rabota.ru/vacancy/54256102/?search_id=1775507141492xpd8bdqihfl&methodRecommendationType=by_filter&methodRecommendationName=%D0%92%D0%B0%D0%BA%D0%B0%D0%BD%D1%81%D0%B8%D0%B8%20%D0%B2%20%D0%9C%D0%BE%D1%81%D0%BA%D0%BE%D0%B2%D1%81%D0%BA%D0%BE%D0%B9%20%D0%BE%D0%B1%D0%BB%D0%B0%D1%81%D1%82%D0%B8
Переборщик/Переборщица брака,76500 руб.,['переборка товара'],['Вакансия недели'],Красное и белое,[],"Московская обл, г Подольск, деревня Новоселки, тер Технопарка Сынково, д 3 к 1",Московсская область,Сборщик,Комплектовщик заказов,опыт работы не имеет значения,образование любое,https://msk-region.rabota.ru/vacancy/53681486/?search_id=1775507141492xpd8bdqihfl&methodRecommendationType=by_filter&methodRecommendationName=%D0%92%D0%B0%D0%BA%D0%B0%D0%BD%D1%81%D0%B8%D0%B8%20%D0%B2%20%D0%9C%D0%BE%D1%81%D0%BA%D0%BE%D0%B2%D1%81%D0%BA%D0%BE%D0%B9%20%D0%BE%D0%B1%D0%BB%D0%B0%D1%81%D1%82%D0%B8
"Товаровед магазина (Заповедная, 14)",74000— 96200 руб.,"['обучаемость', 'обучение персонала', 'Работа в команде']",['Вакансия недели'],Самокат,[],"Московская обл, г Красногорск, поселок Ильинское-Усово, ул Заповедная, д 14",Московсская область,Работа в торговле,Товаровед,опыт работы не имеет значения,образование любое,https://msk-region.rabota.ru/vacancy/54252896/?search_id=1775507141492xpd8bdqihfl&methodRecommendationType=by_filter&methodRecommendationName=%D0%92%D0%B0%D0%BA%D0%B0%D0%BD%D1%81%D0%B8%D0%B8%20%D0%B2%20%D0%9C%D0%BE%D1%81%D0%BA%D0%BE%D0%B2%D1%81%D0%BA%D0%BE%D0%B9%20%D0%BE%D0%B1%D0%BB%D0%B0%D1%81%D1%82%D0%B8
"Мобильный товаровед (Рублевское предместье, 11к2)",от 96200 руб.,"['обучаемость', 'обучение персонала', 'Работа в команде']",['Вакансия недели'],Самокат,[],"Московская обл, г Красногорск, деревня Глухово, ул Рублевское предместье, д 11 к 2",Московсская область,Работа в торговле,Товаровед,опыт работы не имеет значения,образование любое,https://msk-region.rabota.ru/vacancy/54252892/?search_id=1775507141492xpd8bdqihfl&methodRecommendationType=by_filter&methodRecommendationName=%D0%92%D0%B0%D0%BA%D0%B0%D0%BD%D1%81%D0%B8%D0%B8%20%D0%B2%20%D0%9C%D0%BE%D1%81%D0%BA%D0%BE%D0%B2%D1%81%D0%BA%D0%BE%D0%B9%20%D0%BE%D0%B1%D0%BB%D0%B0%D1%81%D1%82%D0%B8
Уборщик/уборщица на склад (д. Радумля),95000 руб.,['уборка'],['Вакансия недели'],Красное и белое,[],"Московская обл, г Солнечногорск, деревня Радумля, тер Оптово-распределительный центр Радумля, стр 4а",Московсская область,Работа в сфере бытовых услуг,Уборщица,опыт работы не имеет значения,образование любое,https://msk-region.rabota.ru/vacancy/49419397/?search_id=1775507141492xpd8bdqihfl&methodRecommendationType=by_filter&methodRecommendationName=%D0%92%D0%B0%D0%BA%D0%B0%D0%BD%D1%81%D0%B8%D0%B8%20%D0%B2%20%D0%9C%D0%BE%D1%81%D0%BA%D0%BE%D0%B2%D1%81%D0%BA%D0%BE%D0%B9%20%D0%BE%D0%B1%D0%BB%D0%B0%D1%81%D1%82%D0%B8
Столяр мебельного производства,150000— 180000 руб.,"['сборка мебели', 'работа на станках', 'деревообработка', 'сборка корпусной мебели', 'столярные работы', 'изготовление столярных изделий', 'сборка изделий по чертежам', 'раскрой материалов', 'сборка мебели по индивидуальным проектам', 'работа на станках с ЧПУ', 'Краснодеревщик']","['Вакансия недели', 'Быстрый отклик', 'Пенсионерам', 'Студентам']","ООО ""Вуди.Ред""",[],"Московская обл, г Сергиев Посад, село Воздвиженское, д 67",Московсская область,Работа на производстве,Столяр,опыт работы от 1 года,образование любое,https://msk-region.rabota.ru/vacancy/51354938/?search_id=1775507141492xpd8bdqihfl&methodRecommendationType=by_filter&methodRecommendationName=%D0%92%D0%B0%D0%BA%D0%B0%D0%BD%D1%81%D0%B8%D0%B8%20%D0%B2%20%D0%9C%D0%BE%D1%81%D0%BA%D0%BE%D0%B2%D1%81%D0%BA%D0%BE%D0%B9%20%D0%BE%D0%B1%D0%BB%D0%B0%D1%81%D1%82%D0%B8
Грузчик на склад,85000— 110000 руб.,['погрузочно-разгрузочные работы'],"['Вакансия недели', 'Быстрый отклик']",ЛогиТек,[],"Московская обл, г Одинцово, деревня Зайцево, Кокошкинское шоссе, д 12 стр 2",Московсская область,Работа на складах,Грузчик,опыт работы не имеет значения,образование любое,https://msk-region.rabota.ru/vacancy/54253700/?search_id=1775507141492xpd8bdqihfl&methodRecommendationType=by_filter&methodRecommendationName=%D0%92%D0%B0%D0%BA%D0%B0%D0%BD%D1%81%D0%B8%D0%B8%20%D0%B2%20%D0%9C%D0%BE%D1%81%D0%BA%D0%BE%D0%B2%D1%81%D0%BA%D0%BE%D0%B9%20%D0%BE%D0%B1%D0%BB%D0%B0%D1%81%D1%82%D0%B8
Столяр-краснодеревщик,120000— 160000 руб.,"['работа на станках', 'деревообработка', 'столярные работы', 'изготовление столярных изделий', 'работа ручным инструментом', 'работа с массивом дерева', 'работа с электроинструментом', 'изготовление деталей', 'изготовление деталей по чертежам', 'фрезерование деталей']",['Вакансия недели'],ООО Интерьерные Решения,[],"Московская обл, г Лобня, ул Западная, д 3",Московсская область,Работа на производстве,Столяр,опыт работы от 3 лет,образование среднее профессиональное,https://msk-region.rabota.ru/vacancy/47044381/?search_id=1775507141492xpd8bdqihfl&methodRecommendationType=by_filter&methodRecommendationName=%D0%92%D0%B0%D0%BA%D0%B0%D0%BD%D1%81%D0%B8%D0%B8%20%D0%B2%20%D0%9C%D0%BE%D1%81%D0%BA%D0%BE%D0%B2%D1%81%D0%BA%D0%BE%D0%B9%20%D0%BE%D0%B1%D0%BB%D0%B0%D1%81%D1%82%D0%B8
Оператор колл-центра на входящую линию (удаленно),30000— 40000 руб.,"['ответственность', 'коммуникабельность', 'стрессоустойчивость', 'грамотная речь', 'MS Office  Excel', 'MS Office Word', 'прием входящих звонков', 'работа с документами', 'обработка данных', 'высокая скорость печати', 'ввод данных', 'общение по телефону']",[],Первый виртуальный оператор,[],г Воронеж,Московсская область,,,не имеет значения,любое,https://msk-region.rabota.ru/vacancy/48582426/?search_id=1775507141492xpd8bdqihfl&methodRecommendationType=by_filter&methodRecommendationName=%D0%92%D0%B0%D0%BA%D0%B0%D0%BD%D1%81%D0%B8%D0%B8%20%D0%B2%20%D0%9C%D0%BE%D1%81%D0%BA%D0%BE%D0%B2%D1%81%D0%BA%D0%BE%D0%B9%20%D0%BE%D0%B1%D0%BB%D0%B0%D1%81%D1%82%D0%B8
Специалист по работе с клиентами (фронт офис АльфаСтрахование),80000— 130000 руб.,"['стрессоустойчивость', 'умение работать в команде', 'клиентоориентированность', 'продажа услуг', 'ведение клиентской базы', 'телефонные переговоры', 'консультирование', 'Работа в команде']",['Студентам'],ООО Вебиншур,[],"Московская обл, г Балашиха, мкр Саввино, ул Саввинская, д 2А",Московсская область,,,опыт работы от 1 года,образование среднее профессиональное,https://msk-region.rabota.ru/vacancy/54256940/?search_id=1775507141492xpd8bdqihfl&methodRecommendationType=by_filter&methodRecommendationName=%D0%92%D0%B0%D0%BA%D0%B0%D0%BD%D1%81%D0%B8%D0%B8%20%D0%B2%20%D0%9C%D0%BE%D1%81%D0%BA%D0%BE%D0%B2%D1%81%D0%BA%D0%BE%D0%B9%20%D0%BE%D0%B1%D0%BB%D0%B0%D1%81%D1%82%D0%B8
Воспитатель,60000— 65000 руб.,[],[],jobcart,[],"Московская обл, г Домодедово, деревня Юсупово, ул Хуторская",Московсская область,Работа в сфере образования,,опыт работы от 3 лет,образование любое,https://msk-region.rabota.ru/vacancy/54256928/?search_id=1775507141492xpd8bdqihfl&methodRecommendationType=by_filter&methodRecommendationName=%D0%92%D0%B0%D0%BA%D0%B0%D0%BD%D1%81%D0%B8%D0%B8%20%D0%B2%20%D0%9C%D0%BE%D1%81%D0%BA%D0%BE%D0%B2%D1%81%D0%BA%D0%BE%D0%B9%20%D0%BE%D0%B1%D0%BB%D0%B0%D1%81%D1%82%D0%B8
Техник-механик,110000— 140000 руб.,[],['Пенсионерам'],Jobers,[],"деревня Шматово, Индустриальная улица, вл4с1",Московсская область,Слесарь,Механик-наладчик,опыт работы от 1 года,образование любое,https://msk-region.rabota.ru/vacancy/54256914/?search_id=1775507141492xpd8bdqihfl&methodRecommendationType=by_filter&methodRecommendationName=%D0%92%D0%B0%D0%BA%D0%B0%D0%BD%D1%81%D0%B8%D0%B8%20%D0%B2%20%D0%9C%D0%BE%D1%81%D0%BA%D0%BE%D0%B2%D1%81%D0%BA%D0%BE%D0%B9%20%D0%BE%D0%B1%D0%BB%D0%B0%D1%81%D1%82%D0%B8
Менеджер по развитию малого бизнеса,от 167600 руб.,[],[],СБЕР,[],"Центральный федеральный округ,Московская область,Одинцовский городской округ,Одинцово",Московсская область,Работа в продажах,Менеджер по развитию,опыт работы от 1 года,образование любое,https://msk-region.rabota.ru/vacancy/54256849/?search_id=1775507141492xpd8bdqihfl&methodRecommendationType=by_filter&methodRecommendationName=%D0%92%D0%B0%D0%BA%D0%B0%D0%BD%D1%81%D0%B8%D0%B8%20%D0%B2%20%D0%9C%D0%BE%D1%81%D0%BA%D0%BE%D0%B2%D1%81%D0%BA%D0%BE%D0%B9%20%D0%BE%D0%B1%D0%BB%D0%B0%D1%81%D1%82%D0%B8
Сервис-менеджер,по договоренности,[],[],СБЕР,[],"Центральный федеральный округ,Московская область,городской округ Балашиха,Балашиха",Московсская область,,,опыт работы от 3 лет,образование любое,https://msk-region.rabota.ru/vacancy/54256472/?search_id=1775507141492xpd8bdqihfl&methodRecommendationType=by_filter&methodRecommendationName=%D0%92%D0%B0%D0%BA%D0%B0%D0%BD%D1%81%D0%B8%D0%B8%20%D0%B2%20%D0%9C%D0%BE%D1%81%D0%BA%D0%BE%D0%B2%D1%81%D0%BA%D0%BE%D0%B9%20%D0%BE%D0%B1%D0%BB%D0%B0%D1%81%D1%82%D0%B8
Повар-кассир в ресторан быстрого питания,от 90000 руб.,[],[],Медиапартнерс,[],Балашиха,Московсская область,Работа в ресторанах,Повар,опыт работы Без опыта,образование любое,https://msk-region.rabota.ru/vacancy/54256355/?search_id=1775507141492xpd8bdqihfl&methodRecommendationType=by_filter&methodRecommendationName=%D0%92%D0%B0%D0%BA%D0%B0%D0%BD%D1%81%D0%B8%D0%B8%20%D0%B2%20%D0%9C%D0%BE%D1%81%D0%BA%D0%BE%D0%B2%D1%81%D0%BA%D0%BE%D0%B9%20%D0%BE%D0%B1%D0%BB%D0%B0%D1%81%D1%82%D0%B8
Повар,100000— 140000 руб.,"['ответственность', 'аккуратность']",[],Тануки,[],"Московская обл, г Одинцово",Московсская область,Работа в ресторанах,Повар,опыт работы Без опыта,образование любое,https://msk-region.rabota.ru/vacancy/54256266/?search_id=1775507141492xpd8bdqihfl&methodRecommendationType=by_filter&methodRecommendationName=%D0%92%D0%B0%D0%BA%D0%B0%D0%BD%D1%81%D0%B8%D0%B8%20%D0%B2%20%D0%9C%D0%BE%D1%81%D0%BA%D0%BE%D0%B2%D1%81%D0%BA%D0%BE%D0%B9%20%D0%BE%D0%B1%D0%BB%D0%B0%D1%81%D1%82%D0%B8
Управляющий магазином,95987— 146860 руб.,"['инкассация', 'обучение персонала', 'кассовая дисциплина', 'приемка товара', 'прием товара', 'кассовая документация']",['Пенсионерам'],"ДИКСИ Юг, АО",[],"Московская обл, г Солнечногорск, пгт Менделеево, ул Куйбышева, д 24 к 1",Московсская область,Заведующий,Директор магазина,опыт работы Менее года,образование любое,https://msk-region.rabota.ru/vacancy/54214818/?search_id=1775507141492xpd8bdqihfl&methodRecommendationType=by_filter&methodRecommendationName=%D0%92%D0%B0%D0%BA%D0%B0%D0%BD%D1%81%D0%B8%D0%B8%20%D0%B2%20%D0%9C%D0%BE%D1%81%D0%BA%D0%BE%D0%B2%D1%81%D0%BA%D0%BE%D0%B9%20%D0%BE%D0%B1%D0%BB%D0%B0%D1%81%D1%82%D0%B8
Продавец (д. Михайловка),59299— 65229 руб.,"['доброжелательность', 'работа в торговом зале', 'продажа']",['Пенсионерам'],"ДИКСИ Юг, АО",[],"Московская обл, г Солнечногорск, деревня Алексеевское",Московсская область,Работа в торговле,Продавец,опыт работы Без опыта,образование любое,https://msk-region.rabota.ru/vacancy/53915363/?search_id=1775507141492xpd8bdqihfl&methodRecommendationType=by_filter&methodRecommendationName=%D0%92%D0%B0%D0%BA%D0%B0%D0%BD%D1%81%D0%B8%D0%B8%20%D0%B2%20%D0%9C%D0%BE%D1%81%D0%BA%D0%BE%D0%B2%D1%81%D0%BA%D0%BE%D0%B9%20%D0%BE%D0%B1%D0%BB%D0%B0%D1%81%D1%82%D0%B8
Управляющий магазином (г. Солнечногорск),85960— 131518 руб.,"['инкассация', 'обучение персонала', 'кассовая дисциплина', 'приемка товара', 'прием товара', 'кассовая документация']",['Пенсионерам'],"ДИКСИ Юг, АО",[],"Московская обл, г Солнечногорск, деревня Михайловка, д 12",Московсская область,Заведующий,Директор магазина,опыт работы Менее года,образование любое,https://msk-region.rabota.ru/vacancy/53887297/?search_id=1775507141492xpd8bdqihfl&methodRecommendationType=by_filter&methodRecommendationName=%D0%92%D0%B0%D0%BA%D0%B0%D0%BD%D1%81%D0%B8%D0%B8%20%D0%B2%20%D0%9C%D0%BE%D1%81%D0%BA%D0%BE%D0%B2%D1%81%D0%BA%D0%BE%D0%B9%20%D0%BE%D0%B1%D0%BB%D0%B0%D1%81%D1%82%D0%B8
Специалист по работе с клиентами (фронт офис АльфаСтрахование),80000— 120000 руб.,"['пунктуальность', 'стрессоустойчивость', 'грамотная речь', 'умение работать в команде', 'клиентоориентированность', 'продажа услуг', 'ведение клиентской базы', 'телефонные переговоры', 'выполнение плана продаж', 'деловая переписка', 'работа с возражениями']",[],ООО Вебиншур,[],"Московская обл, г Раменское, Северное шоссе, д 16а",Московсская область,,,опыт работы от 1 года,образование среднее профессиональное,https://msk-region.rabota.ru/vacancy/54256936/?search_id=1775507141492xpd8bdqihfl&methodRecommendationType=by_filter&methodRecommendationName=%D0%92%D0%B0%D0%BA%D0%B0%D0%BD%D1%81%D0%B8%D0%B8%20%D0%B2%20%D0%9C%D0%BE%D1%81%D0%BA%D0%BE%D0%B2%D1%81%D0%BA%D0%BE%D0%B9%20%D0%BE%D0%B1%D0%BB%D0%B0%D1%81%D1%82%D0%B8
"Техник-монтажник слаботочных систем (АПС, СОУЭ)",110000— 130000 руб.,[],[],Jobers,[],"г Мытищи, Лётная улица, 19",Московсская область,Монтажник,Монтажник слаботочных систем,опыт работы от 1 года,образование любое,https://msk-region.rabota.ru/vacancy/54256556/?search_id=1775507141492xpd8bdqihfl&methodRecommendationType=by_filter&methodRecommendationName=%D0%92%D0%B0%D0%BA%D0%B0%D0%BD%D1%81%D0%B8%D0%B8%20%D0%B2%20%D0%9C%D0%BE%D1%81%D0%BA%D0%BE%D0%B2%D1%81%D0%BA%D0%BE%D0%B9%20%D0%BE%D0%B1%D0%BB%D0%B0%D1%81%D1%82%D0%B8
Повар-кассир в ресторан быстрого питания,от 90000 руб.,[],[],Медиапартнерс,[],Подольск,Московсская область,Работа в ресторанах,Повар,опыт работы Без опыта,образование любое,https://msk-region.rabota.ru/vacancy/54256360/?search_id=1775507141492xpd8bdqihfl&methodRecommendationType=by_filter&methodRecommendationName=%D0%92%D0%B0%D0%BA%D0%B0%D0%BD%D1%81%D0%B8%D0%B8%20%D0%B2%20%D0%9C%D0%BE%D1%81%D0%BA%D0%BE%D0%B2%D1%81%D0%BA%D0%BE%D0%B9%20%D0%BE%D0%B1%D0%BB%D0%B0%D1%81%D1%82%D0%B8
Повар-кассир в ресторан быстрого питания,от 90000 руб.,[],[],Медиапартнерс,[],Домодедово,Московсская область,Работа в ресторанах,Повар,опыт работы Без опыта,образование любое,https://msk-region.rabota.ru/vacancy/54256356/?search_id=1775507141492xpd8bdqihfl&methodRecommendationType=by_filter&methodRecommendationName=%D0%92%D0%B0%D0%BA%D0%B0%D0%BD%D1%81%D0%B8%D0%B8%20%D0%B2%20%D0%9C%D0%BE%D1%81%D0%BA%D0%BE%D0%B2%D1%81%D0%BA%D0%BE%D0%B9%20%D0%BE%D0%B1%D0%BB%D0%B0%D1%81%D1%82%D0%B8
Повар-универсал,73450— 100000 руб.,"['работа с технологическими картами', 'приготовление горячих блюд', 'приготовление холодных блюд', 'повар универсал']","['Быстрый отклик', 'Пенсионерам', 'Студентам']",Сеть гипермаркетов Твой Дом,[],"Московская обл, г Мытищи, Осташковское шоссе, влд 2 стр 1",Московсская область,Работа в ресторанах,Повар,опыт работы Менее года,образование любое,https://msk-region.rabota.ru/vacancy/54256320/?search_id=1775507141492xpd8bdqihfl&methodRecommendationType=by_filter&methodRecommendationName=%D0%92%D0%B0%D0%BA%D0%B0%D0%BD%D1%81%D0%B8%D0%B8%20%D0%B2%20%D0%9C%D0%BE%D1%81%D0%BA%D0%BE%D0%B2%D1%81%D0%BA%D0%BE%D0%B9%20%D0%BE%D0%B1%D0%BB%D0%B0%D1%81%D1%82%D0%B8
"Главный/ Старший/ Клиентский менеджер сегмента крупнейший, крупный и средний бизнес",по договоренности,[],[],СБЕР,[],"Центральный федеральный округ,Московская область,городской округ Подольск,Подольск",Московсская область,Ведущий менеджер,Главный менеджер,опыт работы от 1 года,образование любое,https://msk-region.rabota.ru/vacancy/54256275/?methodRecommendationType=by_filter&methodRecommendationName=%D0%92%D0%B0%D0%BA%D0%B0%D0%BD%D1%81%D0%B8%D0%B8%20%D0%B2%20%D0%9C%D0%BE%D1%81%D0%BA%D0%BE%D0%B2%D1%81%D0%BA%D0%BE%D0%B9%20%D0%BE%D0%B1%D0%BB%D0%B0%D1%81%D1%82%D0%B8
Продавец-консультант нишевой парфюмерии,85000— 120000 руб.,"['ответственность', 'пунктуальность', 'стрессоустойчивость', 'обучаемость', 'прием товара', 'умение продавать', 'демонстрация товара']",[],Парфюм-м,[],"Московская обл, г Домодедово, тер Аэропорт Домодедово",Московсская область,Работа в торговле,Продавец,опыт работы от 3 лет,образование любое,https://msk-region.rabota.ru/vacancy/54254201/?methodRecommendationType=by_filter&methodRecommendationName=%D0%92%D0%B0%D0%BA%D0%B0%D0%BD%D1%81%D0%B8%D0%B8%20%D0%B2%20%D0%9C%D0%BE%D1%81%D0%BA%D0%BE%D0%B2%D1%81%D0%BA%D0%BE%D0%B9%20%D0%BE%D0%B1%D0%BB%D0%B0%D1%81%D1%82%D0%B8
Электрогазосварщик ручной дуговой сварки,100000— 120000 руб.,"['удостоверение сварщика', 'сварочно-монтажные работы', 'электродуговая сварка', 'ручная дуговая сварка']",[],Красногорская теплосеть,[],"Московская обл, г Красногорск, ул Жуковского, влд 9",Московсская область,Работа на производстве,Сварщик,опыт работы от 1 года,образование среднее профессиональное,https://msk-region.rabota.ru/vacancy/54235085/?methodRecommendationType=by_filter&methodRecommendationName=%D0%92%D0%B0%D0%BA%D0%B0%D0%BD%D1%81%D0%B8%D0%B8%20%D0%B2%20%D0%9C%D0%BE%D1%81%D0%BA%D0%BE%D0%B2%D1%81%D0%BA%D0%BE%D0%B9%20%D0%BE%D0%B1%D0%BB%D0%B0%D1%81%D1%82%D0%B8
Электромонтер по ремонту и обслуживанию электрооборудования,60000— 80000 руб.,"['ремонт электрооборудования', 'электромонтажные работы', 'электрооборудование', 'обслуживание электрооборудования']",[],Красногорская теплосеть,[],"Московская обл, г Красногорск, ул Жуковского, влд 9",Московсская область,Работа в строительстве,Монтер,опыт работы от 1 года,образование среднее,https://msk-region.rabota.ru/vacancy/54235080/?methodRecommendationType=by_filter&methodRecommendationName=%D0%92%D0%B0%D0%BA%D0%B0%D0%BD%D1%81%D0%B8%D0%B8%20%D0%B2%20%D0%9C%D0%BE%D1%81%D0%BA%D0%BE%D0%B2%D1%81%D0%BA%D0%BE%D0%B9%20%D0%BE%D0%B1%D0%BB%D0%B0%D1%81%D1%82%D0%B8
Электрик,120000— 150000 руб.,[],['Студентам'],"JCat, сервис размещения объявлений",[],"Московская область, Одинцово, пгт. Заречье",Московсская область,Работа в строительстве,,опыт работы от 1 года,образование среднее,https://msk-region.rabota.ru/vacancy/54256979/?methodRecommendationType=by_filter&methodRecommendationName=%D0%92%D0%B0%D0%BA%D0%B0%D0%BD%D1%81%D0%B8%D0%B8%20%D0%B2%20%D0%9C%D0%BE%D1%81%D0%BA%D0%BE%D0%B2%D1%81%D0%BA%D0%BE%D0%B9%20%D0%BE%D0%B1%D0%BB%D0%B0%D1%81%D1%82%D0%B8
Работник торгового зала (выкладка или сборка товара),68700— 68800 руб.,"['умение работать в команде', 'обучаемость', 'выкладка товара', 'консультированиe покупателей', 'розничные продажи']","['Пенсионерам', 'Студентам', 'Людям с инвалидностью']",Ашан (сеть гипермаркетов),[],"ул Макаренко, д 36",Московсская область,Работа в торговле,Продавец,опыт работы Без опыта,образование любое,https://msk-region.rabota.ru/vacancy/54256564/?methodRecommendationType=by_filter&methodRecommendationName=%D0%92%D0%B0%D0%BA%D0%B0%D0%BD%D1%81%D0%B8%D0%B8%20%D0%B2%20%D0%9C%D0%BE%D1%81%D0%BA%D0%BE%D0%B2%D1%81%D0%BA%D0%BE%D0%B9%20%D0%BE%D0%B1%D0%BB%D0%B0%D1%81%D1%82%D0%B8
Строитель-разнорабочий,от 70000 руб.,[],[],jobcart,[],"Московская обл, г Краснознаменск, ул Кобяковская, д 10",Московсская область,,,опыт работы от 1 года,образование любое,https://msk-region.rabota.ru/vacancy/54256330/?methodRecommendationType=by_filter&methodRecommendationName=%D0%92%D0%B0%D0%BA%D0%B0%D0%BD%D1%81%D0%B8%D0%B8%20%D0%B2%20%D0%9C%D0%BE%D1%81%D0%BA%D0%BE%D0%B2%D1%81%D0%BA%D0%BE%D0%B9%20%D0%BE%D0%B1%D0%BB%D0%B0%D1%81%D1%82%D0%B8
Официант,100000— 150000 руб.,"['ответственность', 'пунктуальность', 'грамотность']",[],Тануки,[],"Московская обл, г Одинцово",Московсская область,Работа в ресторанах,Официант,опыт работы Без опыта,образование любое,https://msk-region.rabota.ru/vacancy/54256262/?methodRecommendationType=by_filter&methodRecommendationName=%D0%92%D0%B0%D0%BA%D0%B0%D0%BD%D1%81%D0%B8%D0%B8%20%D0%B2%20%D0%9C%D0%BE%D1%81%D0%BA%D0%BE%D0%B2%D1%81%D0%BA%D0%BE%D0%B9%20%D0%BE%D0%B1%D0%BB%D0%B0%D1%81%D1%82%D0%B8
Уборщик / уборщица,от 50000 руб.,"['ответственность', 'уборка помещений', 'сухая и влажная уборка', 'мытье полов', 'поддержание чистоты и порядка']",[],"ООО ""Айэфсиэм Групп""",[],"Московская обл, г Наро-Фоминск, поселок Новая Ольховка, ул Заводская, д 1",Московсская область,Работа в сфере бытовых услуг,Уборщица,опыт работы не имеет значения,образование любое,https://msk-region.rabota.ru/vacancy/54235734/?methodRecommendationType=by_filter&methodRecommendationName=%D0%92%D0%B0%D0%BA%D0%B0%D0%BD%D1%81%D0%B8%D0%B8%20%D0%B2%20%D0%9C%D0%BE%D1%81%D0%BA%D0%BE%D0%B2%D1%81%D0%BA%D0%BE%D0%B9%20%D0%BE%D0%B1%D0%BB%D0%B0%D1%81%D1%82%D0%B8
Заместитель управляющего магазином,от 87100 руб.,"['доброжелательность', 'проведение инвентаризаций', 'выкладка товара']",[],Чижик,[],"Россия, Московская обл, г Дмитров, ул Внуковская, д 37а",Московсская область,Директор,Заместитель директора,опыт работы от 1 года,образование среднее профессиональное,https://msk-region.rabota.ru/vacancy/54256208/?methodRecommendationType=by_filter&methodRecommendationName=%D0%92%D0%B0%D0%BA%D0%B0%D0%BD%D1%81%D0%B8%D0%B8%20%D0%B2%20%D0%9C%D0%BE%D1%81%D0%BA%D0%BE%D0%B2%D1%81%D0%BA%D0%BE%D0%B9%20%D0%BE%D0%B1%D0%BB%D0%B0%D1%81%D1%82%D0%B8
Инженер ПТО,до 100000 руб.,"['работа с технической документацией', 'нормативные документы', 'подготовка исполнительной документации', 'работа с проектно-сметной документацией', 'составление графиков производства работ', 'подсчет объемов работ', 'разработка ППР']",[],Энергостройтехсервис,[],"Московская обл, г Мытищи, ул Станционная, д 7",Московсская область,Работа на производстве,Инженер пто,опыт работы от 1 года,образование высшее,https://msk-region.rabota.ru/vacancy/54252620/?methodRecommendationType=by_filter&methodRecommendationName=%D0%92%D0%B0%D0%BA%D0%B0%D0%BD%D1%81%D0%B8%D0%B8%20%D0%B2%20%D0%9C%D0%BE%D1%81%D0%BA%D0%BE%D0%B2%D1%81%D0%BA%D0%BE%D0%B9%20%D0%BE%D0%B1%D0%BB%D0%B0%D1%81%D1%82%D0%B8
Оператор котельной,35000— 40000 руб.,[],[],Красногорская теплосеть,[],"Московская обл, г Красногорск, ул Жуковского, влд 9",Московсская область,Оператор,Оператор на производство,опыт работы Без опыта,образование среднее,https://msk-region.rabota.ru/vacancy/54235078/?methodRecommendationType=by_filter&methodRecommendationName=%D0%92%D0%B0%D0%BA%D0%B0%D0%BD%D1%81%D0%B8%D0%B8%20%D0%B2%20%D0%9C%D0%BE%D1%81%D0%BA%D0%BE%D0%B2%D1%81%D0%BA%D0%BE%D0%B9%20%D0%BE%D0%B1%D0%BB%D0%B0%D1%81%D1%82%D0%B8
Грузчик в магазин,55000— 70000 руб.,"['пунктуальность', 'погрузочно-разгрузочные работы', 'работа склада', 'прием товара', 'отгрузка товара', 'Разнорабочий', 'Грузчик']","['Пенсионерам', 'Людям с инвалидностью']",Трезвый грузчик,[],"Московская обл, г Домодедово, мкр Центральный, ул Корнеева, стр 1а",Московсская область,Работа на складах,Грузчик,опыт работы не имеет значения,образование любое,https://msk-region.rabota.ru/vacancy/50486385/?methodRecommendationType=by_filter&methodRecommendationName=%D0%92%D0%B0%D0%BA%D0%B0%D0%BD%D1%81%D0%B8%D0%B8%20%D0%B2%20%D0%9C%D0%BE%D1%81%D0%BA%D0%BE%D0%B2%D1%81%D0%BA%D0%BE%D0%B9%20%D0%BE%D0%B1%D0%BB%D0%B0%D1%81%D1%82%D0%B8
Коренщик/ца в столовую,51000 руб.,"['ответственность', 'пунктуальность', 'активность', 'умение работать в команде', 'обучаемость', 'помощь поварам', 'кухонный работник']","['Пенсионерам', 'Студентам']","ООО ""Юпитер""",[],"Московская обл, г Истра, село Павловская Слобода, ул Ленина, д 75",Московсская область,Работа в ресторанах,Коренщик,опыт работы не имеет значения,образование любое,https://msk-region.rabota.ru/vacancy/54251600/?methodRecommendationType=by_filter&methodRecommendationName=%D0%92%D0%B0%D0%BA%D0%B0%D0%BD%D1%81%D0%B8%D0%B8%20%D0%B2%20%D0%9C%D0%BE%D1%81%D0%BA%D0%BE%D0%B2%D1%81%D0%BA%D0%BE%D0%B9%20%D0%BE%D0%B1%D0%BB%D0%B0%D1%81%D1%82%D0%B8
Повар линии раздачи в столовую,60000 руб.,"['ответственность', 'пунктуальность', 'стрессоустойчивость', 'доброжелательность', 'медицинская книжка', 'обслуживание покупателей', 'русская кухня', 'подача блюд', 'раздача пищи', 'Работа в команде', 'Общественное питание']","['Пенсионерам', 'Студентам']","ООО ""Юпитер""",[],"Московская обл, г Пушкино, тер Автодорога М8 Холмогоры, 31-й км, д 1а",Московсская область,Работа в ресторанах,Повар,опыт работы от 1 года,образование любое,https://msk-region.rabota.ru/vacancy/54245199/?methodRecommendationType=by_filter&methodRecommendationName=%D0%92%D0%B0%D0%BA%D0%B0%D0%BD%D1%81%D0%B8%D0%B8%20%D0%B2%20%D0%9C%D0%BE%D1%81%D0%BA%D0%BE%D0%B2%D1%81%D0%BA%D0%BE%D0%B9%20%D0%BE%D0%B1%D0%BB%D0%B0%D1%81%D1%82%D0%B8
Уборщик/ца-посудомойщик/ца,58000 руб.,"['мытье посуды', 'мытье полов']",['Пенсионерам'],"ООО ""Юпитер""",[],"Московская обл, г Истра, село Павловская Слобода, ул Ленина",Московсская область,Мойщик,Мойщик посуды,опыт работы не имеет значения,образование среднее,https://msk-region.rabota.ru/vacancy/54237613/?methodRecommendationType=by_filter&methodRecommendationName=%D0%92%D0%B0%D0%BA%D0%B0%D0%BD%D1%81%D0%B8%D0%B8%20%D0%B2%20%D0%9C%D0%BE%D1%81%D0%BA%D0%BE%D0%B2%D1%81%D0%BA%D0%BE%D0%B9%20%D0%BE%D0%B1%D0%BB%D0%B0%D1%81%D1%82%D0%B8
Пекарь,90000— 94300 руб.,"['ответственность', 'организаторские способности', 'умение работать в команде', 'обучаемость', 'проведение инвентаризаций', 'контроль качества', 'обучение сотрудников', 'контроль срока годности']","['Пенсионерам', 'Студентам']",Ашан (сеть гипермаркетов),[],"Московская обл, г Химки, мкр ИКЕА, к 4",Московсская область,Работа в ресторанах,Повар,опыт работы Без опыта,образование любое,https://msk-region.rabota.ru/vacancy/54255275/?methodRecommendationType=by_filter&methodRecommendationName=%D0%92%D0%B0%D0%BA%D0%B0%D0%BD%D1%81%D0%B8%D0%B8%20%D0%B2%20%D0%9C%D0%BE%D1%81%D0%BA%D0%BE%D0%B2%D1%81%D0%BA%D0%BE%D0%B9%20%D0%BE%D0%B1%D0%BB%D0%B0%D1%81%D1%82%D0%B8
Инженер ПТО,от 120000 руб.,"['ведение технической документации', 'работа с подрядчиками', 'контроль исполнения задач', 'Участие в проверках проекта']",[],"JCat, сервис размещения объявлений",[],"Московская область, Красногорск, Вокзальная улица",Московсская область,Работа на производстве,Инженер пто,опыт работы не имеет значения,образование среднее,https://msk-region.rabota.ru/vacancy/54256488/?methodRecommendationType=by_filter&methodRecommendationName=%D0%92%D0%B0%D0%BA%D0%B0%D0%BD%D1%81%D0%B8%D0%B8%20%D0%B2%20%D0%9C%D0%BE%D1%81%D0%BA%D0%BE%D0%B2%D1%81%D0%BA%D0%BE%D0%B9%20%D0%BE%D0%B1%D0%BB%D0%B0%D1%81%D1%82%D0%B8
Полевой специалист по обновлению карт (Яндекс),от 50000 руб.,"['ответственность', 'коммуникабельность', 'выносливость', 'Создание схем', 'выполнение заданий']",['Студентам'],Яндекс Крауд,[],"Московская обл, г Коломна",Московсская область,,,опыт работы Без опыта,образование любое,https://msk-region.rabota.ru/vacancy/54255427/?methodRecommendationType=by_filter&methodRecommendationName=%D0%92%D0%B0%D0%BA%D0%B0%D0%BD%D1%81%D0%B8%D0%B8%20%D0%B2%20%D0%9C%D0%BE%D1%81%D0%BA%D0%BE%D0%B2%D1%81%D0%BA%D0%BE%D0%B9%20%D0%BE%D0%B1%D0%BB%D0%B0%D1%81%D1%82%D0%B8
Полевой специалист по обновлению карт (Яндекс),от 50000 руб.,"['ответственность', 'коммуникабельность', 'выносливость', 'Создание схем', 'выполнение заданий']",['Студентам'],Яндекс Крауд,[],"Московская обл, г Мытищи",Московсская область,,,опыт работы Без опыта,образование любое,https://msk-region.rabota.ru/vacancy/54255387/?methodRecommendationType=by_filter&methodRecommendationName=%D0%92%D0%B0%D0%BA%D0%B0%D0%BD%D1%81%D0%B8%D0%B8%20%D0%B2%20%D0%9C%D0%BE%D1%81%D0%BA%D0%BE%D0%B2%D1%81%D0%BA%D0%BE%D0%B9%20%D0%BE%D0%B1%D0%BB%D0%B0%D1%81%D1%82%D0%B8
Печатник / оператор печатного оборудования на производство (нанесения логотипа),от 70000 руб.,[],[],jobcart,[],"Московская обл, г Одинцово, ул Зеленая, д 30",Московсская область,Работа на производстве,Мастер производства,опыт работы от 1 года,образование любое,https://msk-region.rabota.ru/vacancy/54255162/?methodRecommendationType=by_filter&methodRecommendationName=%D0%92%D0%B0%D0%BA%D0%B0%D0%BD%D1%81%D0%B8%D0%B8%20%D0%B2%20%D0%9C%D0%BE%D1%81%D0%BA%D0%BE%D0%B2%D1%81%D0%BA%D0%BE%D0%B9%20%D0%BE%D0%B1%D0%BB%D0%B0%D1%81%D1%82%D0%B8
Грузчик на склад/Приемосдатчик,85000— 125000 руб.,"['ответственность', 'пунктуальность', 'трудолюбие', 'стрессоустойчивость', 'умение работать в команде', 'обучаемость', 'погрузочно-разгрузочные работы', 'работа склада', 'прием товара', 'отгрузка товара', 'комплектация товара', 'сортировка товара', 'сбор заказов', 'упаковка', 'упаковка товара', 'выгрузка товара', 'Работа в команде', 'Разнорабочий', 'Грузчик', 'разгрузка']",[],"КуулКлевер (МясновЪ, Отдохни)",[],"Московская обл, г Домодедово, мкр Северный, ул Логистическая, д 1/3",Московсская область,Работа на складах,Грузчик,опыт работы не имеет значения,образование любое,https://msk-region.rabota.ru/vacancy/53848316/?methodRecommendationType=by_filter&methodRecommendationName=%D0%92%D0%B0%D0%BA%D0%B0%D0%BD%D1%81%D0%B8%D0%B8%20%D0%B2%20%D0%9C%D0%BE%D1%81%D0%BA%D0%BE%D0%B2%D1%81%D0%BA%D0%BE%D0%B9%20%D0%BE%D0%B1%D0%BB%D0%B0%D1%81%D1%82%D0%B8
Машинист экскаватора погрузчика,80000— 120000 руб.,[],[],Jobers,[],"г Дмитров, Загорская улица",Московсская область,Работа на транспорте,Машинист,опыт работы Без опыта,образование любое,https://msk-region.rabota.ru/vacancy/54254479/?methodRecommendationType=by_filter&methodRecommendationName=%D0%92%D0%B0%D0%BA%D0%B0%D0%BD%D1%81%D0%B8%D0%B8%20%D0%B2%20%D0%9C%D0%BE%D1%81%D0%BA%D0%BE%D0%B2%D1%81%D0%BA%D0%BE%D0%B9%20%D0%BE%D0%B1%D0%BB%D0%B0%D1%81%D1%82%D0%B8
Продавец кондитерских изделий,от 83325 руб.,"['ответственность', 'обслуживание покупателей', 'консультирование покупателей']","['Быстрый отклик', 'Пенсионерам']",Сеть гипермаркетов Твой Дом,[],"Московская обл, г Красногорск, ул Международная, д 6",Московсская область,Работа в торговле,Продавец,опыт работы не имеет значения,образование любое,https://msk-region.rabota.ru/vacancy/54254620/?methodRecommendationType=by_filter&methodRecommendationName=%D0%92%D0%B0%D0%BA%D0%B0%D0%BD%D1%81%D0%B8%D0%B8%20%D0%B2%20%D0%9C%D0%BE%D1%81%D0%BA%D0%BE%D0%B2%D1%81%D0%BA%D0%BE%D0%B9%20%D0%BE%D0%B1%D0%BB%D0%B0%D1%81%D1%82%D0%B8
Продавец-кассир,от 74000 руб.,"['выкладка товара', 'контроль выкладки товара', 'касса']",[],Чижик,[],"Россия, Московская обл, г Мытищи, поселок Птицефабрики, Дмитровское шоссе, стр 4",Московсская область,Работа в торговле,Продавец,опыт работы Без опыта,образование среднее,https://msk-region.rabota.ru/vacancy/54254598/?methodRecommendationType=by_filter&methodRecommendationName=%D0%92%D0%B0%D0%BA%D0%B0%D0%BD%D1%81%D0%B8%D0%B8%20%D0%B2%20%D0%9C%D0%BE%D1%81%D0%BA%D0%BE%D0%B2%D1%81%D0%BA%D0%BE%D0%B9%20%D0%BE%D0%B1%D0%BB%D0%B0%D1%81%D1%82%D0%B8
Продавец-кассир,44100— 82320 руб.,[],"['Пенсионерам', 'Студентам', 'Людям с инвалидностью']",ООО Профбизнес,[],"Московская обл, г Котельники, мкр Новые Котельники, д 14",Московсская область,Работа в торговле,Продавец,опыт работы Без опыта,образование среднее,https://msk-region.rabota.ru/vacancy/54254440/?methodRecommendationType=by_filter&methodRecommendationName=%D0%92%D0%B0%D0%BA%D0%B0%D0%BD%D1%81%D0%B8%D0%B8%20%D0%B2%20%D0%9C%D0%BE%D1%81%D0%BA%D0%BE%D0%B2%D1%81%D0%BA%D0%BE%D0%B9%20%D0%BE%D0%B1%D0%BB%D0%B0%D1%81%D1%82%D0%B8
Работник кулинарии,64900— 65000 руб.,"['ответственность', 'обучаемость']","['Пенсионерам', 'Студентам', 'Людям с инвалидностью']",Ашан (сеть гипермаркетов),[],"Россия, Московская обл, г Клин, ул Гагарина, д 31/36",Московсская область,,,опыт работы Без опыта,образование любое,https://msk-region.rabota.ru/vacancy/54254322/?methodRecommendationType=by_filter&methodRecommendationName=%D0%92%D0%B0%D0%BA%D0%B0%D0%BD%D1%81%D0%B8%D0%B8%20%D0%B2%20%D0%9C%D0%BE%D1%81%D0%BA%D0%BE%D0%B2%D1%81%D0%BA%D0%BE%D0%B9%20%D0%BE%D0%B1%D0%BB%D0%B0%D1%81%D1%82%D0%B8
Слесарь-монтажник,100000— 120000 руб.,[],['Быстрый отклик'],Верные решения,[],"Московская обл, г Коломна, ул Дорфа, д 2",Московсская область,Работа в строительстве,Строитель,опыт работы от 1 года,образование среднее профессиональное,https://msk-region.rabota.ru/vacancy/54233948/?methodRecommendationType=by_filter&methodRecommendationName=%D0%92%D0%B0%D0%BA%D0%B0%D0%BD%D1%81%D0%B8%D0%B8%20%D0%B2%20%D0%9C%D0%BE%D1%81%D0%BA%D0%BE%D0%B2%D1%81%D0%BA%D0%BE%D0%B9%20%D0%BE%D0%B1%D0%BB%D0%B0%D1%81%D1%82%D0%B8
Продавец-кассир (ул. Ситьково),69000 руб.,"['работа на кассе', 'выкладка товара', 'работа в торговом зале', 'прием товар']",[],Чижик,[],"Московская обл, г Лосино-Петровский, ул Ситьково",Московсская область,Работа в торговле,Продавец,опыт работы не имеет значения,образование среднее,https://msk-region.rabota.ru/vacancy/54253924/?methodRecommendationType=by_filter&methodRecommendationName=%D0%92%D0%B0%D0%BA%D0%B0%D0%BD%D1%81%D0%B8%D0%B8%20%D0%B2%20%D0%9C%D0%BE%D1%81%D0%BA%D0%BE%D0%B2%D1%81%D0%BA%D0%BE%D0%B9%20%D0%BE%D0%B1%D0%BB%D0%B0%D1%81%D1%82%D0%B8
Водитель-курьер на автомобиле компании,100000— 160000 руб.,['пунктуальность'],[],Тануки,[],"Россия, Московская обл, г Химки, ул Ленинградская, влд 16Б",Московсская область,Работа в сфере доставки,Курьер,опыт работы Без опыта,образование любое,https://msk-region.rabota.ru/vacancy/54253834/?methodRecommendationType=by_filter&methodRecommendationName=%D0%92%D0%B0%D0%BA%D0%B0%D0%BD%D1%81%D0%B8%D0%B8%20%D0%B2%20%D0%9C%D0%BE%D1%81%D0%BA%D0%BE%D0%B2%D1%81%D0%BA%D0%BE%D0%B9%20%D0%BE%D0%B1%D0%BB%D0%B0%D1%81%D1%82%D0%B8
Ветеринарный врач,от 100000 руб.,"['диагностика заболеваний', 'первичный осмотр', 'терапевтический прием']",[],"Сеть зоомагазинов ""Четыре Лапы""",[],"Московская обл, г Королёв, пр-кт Космонавтов, д 41 к 1",Московсская область,Работа в сфере медицины,Врач,опыт работы от 1 года,образование высшее,https://msk-region.rabota.ru/vacancy/54253479/?methodRecommendationType=by_filter&methodRecommendationName=%D0%92%D0%B0%D0%BA%D0%B0%D0%BD%D1%81%D0%B8%D0%B8%20%D0%B2%20%D0%9C%D0%BE%D1%81%D0%BA%D0%BE%D0%B2%D1%81%D0%BA%D0%BE%D0%B9%20%D0%BE%D0%B1%D0%BB%D0%B0%D1%81%D1%82%D0%B8
Работник торгового зала,63000— 76800 руб.,"['выкладка товара', 'мерчендайзинг', 'работа в торговом зале', 'консультирование', 'оформление витрин', 'контроль срока годности', 'работа с ценниками', 'ротация товара', 'Выкладка товаров']","['Пенсионерам', 'Студентам', 'Людям с инвалидностью']",Работа - это проСТО,[],"Московская обл, г Клин, ул Карла Маркса",Московсская область,Работа в торговле,,опыт работы Менее года,образование любое,https://msk-region.rabota.ru/vacancy/54232888/?methodRecommendationType=by_filter&methodRecommendationName=%D0%92%D0%B0%D0%BA%D0%B0%D0%BD%D1%81%D0%B8%D0%B8%20%D0%B2%20%D0%9C%D0%BE%D1%81%D0%BA%D0%BE%D0%B2%D1%81%D0%BA%D0%BE%D0%B9%20%D0%BE%D0%B1%D0%BB%D0%B0%D1%81%D1%82%D0%B8
Курьер в курьерскую службу,до 231136 руб.,"['ответственность', 'пунктуальность', 'хорошее знание города', 'доставка товаров', 'доставка заказов', 'выполнение поручений', 'ответственный', 'курьер']","['Быстрый отклик', 'Пенсионерам', 'Студентам']",Самокат,[],"г Москва, г Зеленоград",Московсская область,Работа в сфере доставки,Курьер,опыт работы Без опыта,образование среднее,https://msk-region.rabota.ru/vacancy/54252823/?methodRecommendationType=by_filter&methodRecommendationName=%D0%92%D0%B0%D0%BA%D0%B0%D0%BD%D1%81%D0%B8%D0%B8%20%D0%B2%20%D0%9C%D0%BE%D1%81%D0%BA%D0%BE%D0%B2%D1%81%D0%BA%D0%BE%D0%B9%20%D0%BE%D0%B1%D0%BB%D0%B0%D1%81%D1%82%D0%B8
Курьер,до 231136 руб.,"['ответственность', 'пунктуальность', 'исполнительность', 'внимательность', 'умение работать в команде', 'знание Москвы и Московской области', 'доставка товаров', 'доставка заказов', 'выполнение поручений', 'ответственный', 'курьер', 'Желание работать']","['Быстрый отклик', 'Пенсионерам', 'Студентам']",Самокат,[],"Московская обл, г Химки",Московсская область,Работа в сфере доставки,Курьер,опыт работы Без опыта,образование любое,https://msk-region.rabota.ru/vacancy/54252819/?methodRecommendationType=by_filter&methodRecommendationName=%D0%92%D0%B0%D0%BA%D0%B0%D0%BD%D1%81%D0%B8%D0%B8%20%D0%B2%20%D0%9C%D0%BE%D1%81%D0%BA%D0%BE%D0%B2%D1%81%D0%BA%D0%BE%D0%B9%20%D0%BE%D0%B1%D0%BB%D0%B0%D1%81%D1%82%D0%B8
Грузчик,по договоренности,[],"['Пенсионерам', 'Студентам', 'Людям с инвалидностью']",ООО Профбизнес,[],"Московская обл, г Одинцово",Московсская область,Работа на складах,,опыт работы не имеет значения,образование любое,https://msk-region.rabota.ru/vacancy/54252705/?methodRecommendationType=by_filter&methodRecommendationName=%D0%92%D0%B0%D0%BA%D0%B0%D0%BD%D1%81%D0%B8%D0%B8%20%D0%B2%20%D0%9C%D0%BE%D1%81%D0%BA%D0%BE%D0%B2%D1%81%D0%BA%D0%BE%D0%B9%20%D0%BE%D0%B1%D0%BB%D0%B0%D1%81%D1%82%D0%B8
Работник торгового зала,69300— 84480 руб.,"['выкладка товара', 'мерчендайзинг', 'работа в торговом зале', 'оформление витрин', 'контроль срока годности', 'работа с ценниками', 'ротация товара', 'Выкладка товаров']","['Пенсионерам', 'Студентам', 'Людям с инвалидностью']",Работа - это проСТО,[],"Московская обл, г Клин, ул Маяковского",Московсская область,Работа в торговле,,опыт работы Без опыта,образование любое,https://msk-region.rabota.ru/vacancy/54232886/?methodRecommendationType=by_filter&methodRecommendationName=%D0%92%D0%B0%D0%BA%D0%B0%D0%BD%D1%81%D0%B8%D0%B8%20%D0%B2%20%D0%9C%D0%BE%D1%81%D0%BA%D0%BE%D0%B2%D1%81%D0%BA%D0%BE%D0%B9%20%D0%BE%D0%B1%D0%BB%D0%B0%D1%81%D1%82%D0%B8
Наполнитель баллонов на АЗС,от 62000 руб.,"['ответственность', 'клиентоориентированность']",[],"АО ""РН-Москва""",[],"Московская обл, пгт Серебряные Пруды, село Куребино",Московсская область,Работа на производстве,Наполнитель баллонов,опыт работы не имеет значения,образование среднее,https://msk-region.rabota.ru/vacancy/54229196/?methodRecommendationType=by_filter&methodRecommendationName=%D0%92%D0%B0%D0%BA%D0%B0%D0%BD%D1%81%D0%B8%D0%B8%20%D0%B2%20%D0%9C%D0%BE%D1%81%D0%BA%D0%BE%D0%B2%D1%81%D0%BA%D0%BE%D0%B9%20%D0%BE%D0%B1%D0%BB%D0%B0%D1%81%D1%82%D0%B8
Продавец-универсал ( ТЦ Вознесенский),до 30000 руб.,"['обучаемость', 'мерчендайзинг', 'обслуживание покупателей', 'касса']","['Пенсионерам', 'Студентам']",Familia,[],"Московская обл, г Сергиев Посад, ул Кооперативная, д 3",Московсская область,Работа в торговле,Продавец,опыт работы не имеет значения,образование любое,https://msk-region.rabota.ru/vacancy/54254411/?methodRecommendationType=by_filter&methodRecommendationName=%D0%92%D0%B0%D0%BA%D0%B0%D0%BD%D1%81%D0%B8%D0%B8%20%D0%B2%20%D0%9C%D0%BE%D1%81%D0%BA%D0%BE%D0%B2%D1%81%D0%BA%D0%BE%D0%B9%20%D0%BE%D0%B1%D0%BB%D0%B0%D1%81%D1%82%D0%B8
Водитель-экспедитор,78000— 130000 руб.,[],[],ООО «ЛК МУРАВЕЙ»,[],"Московская обл, г Лобня, ул Лейтенанта Бойко, д 104",Московсская область,Экспедитор,Водитель-экспедитор,опыт работы от 1 года,образование среднее,https://msk-region.rabota.ru/vacancy/45622963/?methodRecommendationType=by_filter&methodRecommendationName=%D0%92%D0%B0%D0%BA%D0%B0%D0%BD%D1%81%D0%B8%D0%B8%20%D0%B2%20%D0%9C%D0%BE%D1%81%D0%BA%D0%BE%D0%B2%D1%81%D0%BA%D0%BE%D0%B9%20%D0%BE%D0%B1%D0%BB%D0%B0%D1%81%D1%82%D0%B8
Мобильный товаровед (Родниковая 53б),от 96200 руб.,"['обучаемость', 'обучение персонала', 'Работа в команде']",[],Самокат,[],"Московская обл, г Красногорск, пгт Нахабино, ул Родниковая, д 53Б",Московсская область,Работа в торговле,Товаровед,опыт работы не имеет значения,образование любое,https://msk-region.rabota.ru/vacancy/54251838/?methodRecommendationType=by_filter&methodRecommendationName=%D0%92%D0%B0%D0%BA%D0%B0%D0%BD%D1%81%D0%B8%D0%B8%20%D0%B2%20%D0%9C%D0%BE%D1%81%D0%BA%D0%BE%D0%B2%D1%81%D0%BA%D0%BE%D0%B9%20%D0%BE%D0%B1%D0%BB%D0%B0%D1%81%D1%82%D0%B8
Курьер на автомобиле,по договоренности,"['ответственность', 'пунктуальность', 'обучаемость', 'вежливость', 'доставка заказов']",[],ООО Инсторадио,[],"Московская обл, г Королёв, ул Горького, д 3А",Московсская область,Работа в сфере доставки,Курьер,опыт работы не имеет значения,образование любое,https://msk-region.rabota.ru/vacancy/54251753/?methodRecommendationType=by_filter&methodRecommendationName=%D0%92%D0%B0%D0%BA%D0%B0%D0%BD%D1%81%D0%B8%D0%B8%20%D0%B2%20%D0%9C%D0%BE%D1%81%D0%BA%D0%BE%D0%B2%D1%81%D0%BA%D0%BE%D0%B9%20%D0%BE%D0%B1%D0%BB%D0%B0%D1%81%D1%82%D0%B8
Приемщик химчистки,от 70000 руб.,"['ответственность', 'стрессоустойчивость', 'обучаемость', 'безналичный расчет', 'общение с клиентами', 'работа с денежной наличностью', 'приемка', 'оформление документов']",['Быстрый отклик'],Грин Сити,[],"Московская обл, г Красногорск, деревня Глухово, ул Рублевское предместье, д 1 стр 4",Московсская область,,Приемщик,опыт работы не имеет значения,образование любое,https://msk-region.rabota.ru/vacancy/54246688/?methodRecommendationType=by_filter&methodRecommendationName=%D0%92%D0%B0%D0%BA%D0%B0%D0%BD%D1%81%D0%B8%D0%B8%20%D0%B2%20%D0%9C%D0%BE%D1%81%D0%BA%D0%BE%D0%B2%D1%81%D0%BA%D0%BE%D0%B9%20%D0%BE%D0%B1%D0%BB%D0%B0%D1%81%D1%82%D0%B8
Полевой специалист по обновлению карт (Яндекс),от 50000 руб.,"['ответственность', 'коммуникабельность', 'выносливость', 'Создание схем', 'выполнение заданий']",['Студентам'],Яндекс Крауд,[],"Московская обл, г Люберцы",Московсская область,,,опыт работы Без опыта,образование любое,https://msk-region.rabota.ru/vacancy/54255398/?methodRecommendationType=by_filter&methodRecommendationName=%D0%92%D0%B0%D0%BA%D0%B0%D0%BD%D1%81%D0%B8%D0%B8%20%D0%B2%20%D0%9C%D0%BE%D1%81%D0%BA%D0%BE%D0%B2%D1%81%D0%BA%D0%BE%D0%B9%20%D0%BE%D0%B1%D0%BB%D0%B0%D1%81%D1%82%D0%B8
Заправщик АЗС,от 60000 руб.,[],"['Пенсионерам', 'Людям с инвалидностью']","JCat, сервис размещения объявлений",[],"Московская область, Красногорск, автодорога Пятницкое шоссе территория, 9-й километр, 1",Московсская область,Заправщик,Заправщик азс,опыт работы не имеет значения,образование среднее,https://msk-region.rabota.ru/vacancy/54249721/?methodRecommendationType=by_filter&methodRecommendationName=%D0%92%D0%B0%D0%BA%D0%B0%D0%BD%D1%81%D0%B8%D0%B8%20%D0%B2%20%D0%9C%D0%BE%D1%81%D0%BA%D0%BE%D0%B2%D1%81%D0%BA%D0%BE%D0%B9%20%D0%BE%D0%B1%D0%BB%D0%B0%D1%81%D1%82%D0%B8
Менеджер по работе с клиентами,80000— 200000 руб.,['чтение чертежей'],[],Технология обработки металлов,[],"Московская обл, г Видное, Белокаменное шоссе, влд 16",Московсская область,,,опыт работы от 3 лет,образование высшее,https://msk-region.rabota.ru/vacancy/54249453/?methodRecommendationType=by_filter&methodRecommendationName=%D0%92%D0%B0%D0%BA%D0%B0%D0%BD%D1%81%D0%B8%D0%B8%20%D0%B2%20%D0%9C%D0%BE%D1%81%D0%BA%D0%BE%D0%B2%D1%81%D0%BA%D0%BE%D0%B9%20%D0%BE%D0%B1%D0%BB%D0%B0%D1%81%D1%82%D0%B8
Бизнес-ассистент / Личный помощник руководителя,от 50000 руб.,"['ответственность', 'пунктуальность', 'коммуникабельность', 'стрессоустойчивость', 'грамотная речь', 'обучаемость', 'MS Office Word', 'телефонные переговоры', 'работа с документами', 'исходящие звонки', 'регистрация входящей и исходящей документации', 'организация переговоров', 'Деловая коммуникация', 'деловая переписка']",['Студентам'],Морозов Артём Сергеевич,[],"Московская обл, г Дмитров, ул Московская, д 29Б",Московсская область,Работа в офисе,Секретарь,опыт работы не имеет значения,образование любое,https://msk-region.rabota.ru/vacancy/54246819/?methodRecommendationType=by_filter&methodRecommendationName=%D0%92%D0%B0%D0%BA%D0%B0%D0%BD%D1%81%D0%B8%D0%B8%20%D0%B2%20%D0%9C%D0%BE%D1%81%D0%BA%D0%BE%D0%B2%D1%81%D0%BA%D0%BE%D0%B9%20%D0%BE%D0%B1%D0%BB%D0%B0%D1%81%D1%82%D0%B8
Менеджер по продажам строительных материалов,от 100000 руб.,[],[],Авеон,[],"Московская обл, г Раменское, ул Михалевича, д 132",Московсская область,Работа в торговле,Менеджер по продажам,опыт работы не имеет значения,образование среднее,https://msk-region.rabota.ru/vacancy/54249033/?methodRecommendationType=by_filter&methodRecommendationName=%D0%92%D0%B0%D0%BA%D0%B0%D0%BD%D1%81%D0%B8%D0%B8%20%D0%B2%20%D0%9C%D0%BE%D1%81%D0%BA%D0%BE%D0%B2%D1%81%D0%BA%D0%BE%D0%B9%20%D0%BE%D0%B1%D0%BB%D0%B0%D1%81%D1%82%D0%B8
Начальник отдела контроля качества,120000— 150000 руб.,"['контроль качества', 'контроль сырья', 'работа в 1С ERP', 'контроля ГП', 'ведение баланса ГП', 'инструктаж по ОТ и ПБ', 'проверка и согласований договоров']",[],ООО Фрегат,[],"Московская обл, г Воскресенск, ул Кирова",Московсская область,Начальник,Начальник отдела,опыт работы от 3 лет,образование среднее,https://msk-region.rabota.ru/vacancy/54248823/?methodRecommendationType=by_filter&methodRecommendationName=%D0%92%D0%B0%D0%BA%D0%B0%D0%BD%D1%81%D0%B8%D0%B8%20%D0%B2%20%D0%9C%D0%BE%D1%81%D0%BA%D0%BE%D0%B2%D1%81%D0%BA%D0%BE%D0%B9%20%D0%BE%D0%B1%D0%BB%D0%B0%D1%81%D1%82%D0%B8
Уборщик,70000— 75000 руб.,"['уборка помещений', 'сухая и влажная уборка']",[],Кадровое агентство от Работа.ру,[],"Московская обл, г Дмитров, деревня Кузяево, д 70",Московсская область,Работа в сфере бытовых услуг,Уборщица,опыт работы не имеет значения,образование среднее,https://msk-region.rabota.ru/vacancy/54217296/?methodRecommendationType=by_filter&methodRecommendationName=%D0%92%D0%B0%D0%BA%D0%B0%D0%BD%D1%81%D0%B8%D0%B8%20%D0%B2%20%D0%9C%D0%BE%D1%81%D0%BA%D0%BE%D0%B2%D1%81%D0%BA%D0%BE%D0%B9%20%D0%BE%D0%B1%D0%BB%D0%B0%D1%81%D1%82%D0%B8
Уборщик,70000— 75000 руб.,"['уборка помещений', 'сухая и влажная уборка']",[],Кадровое агентство от Работа.ру,[],"Московская обл, г Дмитров, деревня Кузяево, д 70",Московсская область,Работа в сфере бытовых услуг,Уборщица,опыт работы не имеет значения,образование среднее,https://msk-region.rabota.ru/vacancy/54217295/?methodRecommendationType=by_filter&methodRecommendationName=%D0%92%D0%B0%D0%BA%D0%B0%D0%BD%D1%81%D0%B8%D0%B8%20%D0%B2%20%D0%9C%D0%BE%D1%81%D0%BA%D0%BE%D0%B2%D1%81%D0%BA%D0%BE%D0%B9%20%D0%BE%D0%B1%D0%BB%D0%B0%D1%81%D1%82%D0%B8
Врач - стоматолог-терапевт,по договоренности,"['ведение медицинской документации', 'отбеливание зубов', 'профессиональная гигиена полости рта', 'консультирование пациентов', 'составление плана лечения', 'лечение кариеса', 'эндодонтическое лечение', 'реставрация зубов', 'эстетическая реставрация зубов', 'лечение корневых каналов', 'чтение рентгенограмм']","['Быстрый отклик', 'Пенсионерам']",Дент-99,[],"Московская обл, г Мытищи, ул Колпакова, д 2А",Московсская область,Работа в сфере медицины,Врач,опыт работы от 3 лет,образование высшее,https://msk-region.rabota.ru/vacancy/54246006/?methodRecommendationType=by_filter&methodRecommendationName=%D0%92%D0%B0%D0%BA%D0%B0%D0%BD%D1%81%D0%B8%D0%B8%20%D0%B2%20%D0%9C%D0%BE%D1%81%D0%BA%D0%BE%D0%B2%D1%81%D0%BA%D0%BE%D0%B9%20%D0%BE%D0%B1%D0%BB%D0%B0%D1%81%D1%82%D0%B8
Слесарь КИПиА,от 150000 руб.,"['техническое обслуживание  КИПиА', 'монтаж инженерных систем', 'Техническая эксплуатация']",[],ООО Фрегат,[],"Московская обл, г Воскресенск, ул Кирова",Московсская область,Слесарь,Слесарь кипиа,опыт работы от 1 года,образование любое,https://msk-region.rabota.ru/vacancy/54226879/?methodRecommendationType=by_filter&methodRecommendationName=%D0%92%D0%B0%D0%BA%D0%B0%D0%BD%D1%81%D0%B8%D0%B8%20%D0%B2%20%D0%9C%D0%BE%D1%81%D0%BA%D0%BE%D0%B2%D1%81%D0%BA%D0%BE%D0%B9%20%D0%BE%D0%B1%D0%BB%D0%B0%D1%81%D1%82%D0%B8
Распиловщик-разнорабочий,80000— 120000 руб.,"['обучаемость', 'работа ручным инструментом']","['Быстрый отклик', 'Студентам']",ТехГарант,[],"Московская обл, г Раменское, деревня Чулково",Московсская область,,,опыт работы не имеет значения,образование любое,https://msk-region.rabota.ru/vacancy/45684058/?methodRecommendationType=by_filter&methodRecommendationName=%D0%92%D0%B0%D0%BA%D0%B0%D0%BD%D1%81%D0%B8%D0%B8%20%D0%B2%20%D0%9C%D0%BE%D1%81%D0%BA%D0%BE%D0%B2%D1%81%D0%BA%D0%BE%D0%B9%20%D0%BE%D0%B1%D0%BB%D0%B0%D1%81%D1%82%D0%B8
Заместитель директора магазина,80000— 90000 руб.,"['умение работать в команде', 'доброжелательность', 'инкассация', 'обучение персонала', 'мотивация персонала', 'кассовая дисциплина', 'мерчендайзинг', 'приемка товара', 'обеспечение выполнения плана продаж', 'учет товара', 'ведение документации', 'прием товара', 'руководство коллективом', 'товароведение', 'контроль заказа', 'работа с заказами', 'кассовая документация']","['Быстрый отклик', 'Пенсионерам']",Фуд стор,[],"Московская обл, г Раменское, деревня Тимонино, стр 146",Московсская область,Директор,Заместитель директора,опыт работы от 1 года,образование любое,https://msk-region.rabota.ru/vacancy/54246088/?methodRecommendationType=by_filter&methodRecommendationName=%D0%92%D0%B0%D0%BA%D0%B0%D0%BD%D1%81%D0%B8%D0%B8%20%D0%B2%20%D0%9C%D0%BE%D1%81%D0%BA%D0%BE%D0%B2%D1%81%D0%BA%D0%BE%D0%B9%20%D0%BE%D0%B1%D0%BB%D0%B0%D1%81%D1%82%D0%B8
Грузчик в гипермаркет,76900— 87900 руб.,"['погрузочно-разгрузочные работы', 'погрузочные работы', 'помощь в зале']","['Пенсионерам', 'Студентам', 'Людям с инвалидностью']",Работа - это проСТО,[],"Московская обл, г Наро-Фоминск",Московсская область,Работа на складах,Грузчик,опыт работы Без опыта,образование любое,https://msk-region.rabota.ru/vacancy/54244155/?methodRecommendationType=by_filter&methodRecommendationName=%D0%92%D0%B0%D0%BA%D0%B0%D0%BD%D1%81%D0%B8%D0%B8%20%D0%B2%20%D0%9C%D0%BE%D1%81%D0%BA%D0%BE%D0%B2%D1%81%D0%BA%D0%BE%D0%B9%20%D0%BE%D0%B1%D0%BB%D0%B0%D1%81%D1%82%D0%B8
Ветеринарный врач,100000— 150000 руб.,"['ответственность', 'пунктуальность', 'стрессоустойчивость', 'ведение медицинской документации', 'работа в стационаре']",[],Ветмастер,[],"Московская обл, г Бронницы, ул Льва Толстого, д 12а",Московсская область,Работа в сфере медицины,Врач,опыт работы от 1 года,образование высшее,https://msk-region.rabota.ru/vacancy/54241597/?methodRecommendationType=by_filter&methodRecommendationName=%D0%92%D0%B0%D0%BA%D0%B0%D0%BD%D1%81%D0%B8%D0%B8%20%D0%B2%20%D0%9C%D0%BE%D1%81%D0%BA%D0%BE%D0%B2%D1%81%D0%BA%D0%BE%D0%B9%20%D0%BE%D0%B1%D0%BB%D0%B0%D1%81%D1%82%D0%B8
Уборщик / Уборщица,от 60000 руб.,"['ответственность', 'аккуратность', 'трудолюбие', 'стрессоустойчивость', 'уборка', 'влажная уборка', 'сухая и влажная уборка', 'вынос мусора', 'уборка туалетов', 'поддержание чистоты и порядка']","['Быстрый отклик', 'Пенсионерам']",Оптимальные технологические решения,[],"Московская обл, г Химки, тер Международный Аэропорт Шереметьево",Московсская область,Работа в сфере бытовых услуг,Уборщица,опыт работы Без опыта,образование любое,https://msk-region.rabota.ru/vacancy/54239416/?methodRecommendationType=by_filter&methodRecommendationName=%D0%92%D0%B0%D0%BA%D0%B0%D0%BD%D1%81%D0%B8%D0%B8%20%D0%B2%20%D0%9C%D0%BE%D1%81%D0%BA%D0%BE%D0%B2%D1%81%D0%BA%D0%BE%D0%B9%20%D0%BE%D0%B1%D0%BB%D0%B0%D1%81%D1%82%D0%B8
Агент по недвижимости / Риелтор,от 100000 руб.,"['ведение переговоров', 'общение с клиентами', 'ведение клиентской базы', 'активные продажи', 'сопровождение клиентов', 'показы объектов', 'продажа недвижимости', 'аренда недвижимости', 'поиск объектов недвижимости']",[],Миэль в Орехово-Зуево,[],"Московская обл, г Орехово-Зуево, Центральный б-р, д 4",Московсская область,Работа в сфере недвижимости,Риэлтор,опыт работы Без опыта,образование высшее,https://msk-region.rabota.ru/vacancy/54226872/?methodRecommendationType=by_filter&methodRecommendationName=%D0%92%D0%B0%D0%BA%D0%B0%D0%BD%D1%81%D0%B8%D0%B8%20%D0%B2%20%D0%9C%D0%BE%D1%81%D0%BA%D0%BE%D0%B2%D1%81%D0%BA%D0%BE%D0%B9%20%D0%BE%D0%B1%D0%BB%D0%B0%D1%81%D1%82%D0%B8
Продавец-кассир (Дзержинский),от 80000 руб.,"['ответственность', 'пунктуальность', 'стрессоустойчивость', 'грамотная речь', 'обучаемость', 'доброжелательность', 'прием товар']","['Быстрый отклик', 'Студентам']",Красное и белое,[],"Московская обл, г Дзержинский",Московсская область,Работа в торговле,Продавец,опыт работы Без опыта,образование любое,https://msk-region.rabota.ru/vacancy/54203820/?methodRecommendationType=by_filter&methodRecommendationName=%D0%92%D0%B0%D0%BA%D0%B0%D0%BD%D1%81%D0%B8%D0%B8%20%D0%B2%20%D0%9C%D0%BE%D1%81%D0%BA%D0%BE%D0%B2%D1%81%D0%BA%D0%BE%D0%B9%20%D0%BE%D0%B1%D0%BB%D0%B0%D1%81%D1%82%D0%B8
Монтажник ВОЛС,80000— 350000 руб.,"['настройка сетевого оборудования', 'настройка систем видеонаблюдения', 'монтаж сетевого оборудования', 'прокладка кабелей', 'монтаж ВОЛС', 'монтаж систем видеонаблюдения', 'ремонт подвески', 'прокладка сети', 'Опоры']",[],"ООО ""ЛИНКИНТЕЛ""",[],"Московская обл, г Лобня, ул Крупской, д 26А",Московсская область,Работа в строительстве,Строитель,опыт работы от 1 года,образование среднее профессиональное,https://msk-region.rabota.ru/vacancy/53824178/?methodRecommendationType=by_filter&methodRecommendationName=%D0%92%D0%B0%D0%BA%D0%B0%D0%BD%D1%81%D0%B8%D0%B8%20%D0%B2%20%D0%9C%D0%BE%D1%81%D0%BA%D0%BE%D0%B2%D1%81%D0%BA%D0%BE%D0%B9%20%D0%BE%D0%B1%D0%BB%D0%B0%D1%81%D1%82%D0%B8
