id,Название вакансии,Минимальная зарплата,Максимальная зарплата,Валюта,Категория,Детальные категории,Город,Метро,Линия метро,Цвет линии метро,Адрес,Id компании,Индуcтрия,Кол-во персонала в компании,Кол-во размещенных вакансий,Название компании,Опыт,График работы,Образование,Широта,Долгота,ссылка
51780921,Дежурный инженер-энергетик,120000,0,rub,"['Строительство, проектирование, недвижимость', 'Услуги, ремонт, сервисное обслуживание']","['Эксплуатация зданий', 'Телекоммуникационное оборудование и сети', 'Промышленное оборудование', 'Торговое, складское, холодильное оборудование', 'Компьютеры и оргтехника']",Москва,"['Тушинская', 'Сходненская', 'Мякинино', 'Волоколамская']","['МЦД2', 'Таганско-Краснопресненская', 'Арбатско-Покровская', 'МЦД2']","['fuchsia', 'violet', 'darkblue', 'fuchsia']","Москва, Походный проезд, 3с2",11714,,100 — 500,68.0,Филиал ФКУ «Налог-Сервис» ФНС России по ЦОД в г. Москве,От 3 лет,Полный рабочий день,Не имеет значения,55.83503,37.408318,https://www.superjob.ru/vakansii/dezhurnyj-inzhener-energetik-51780921.html
51593835,Инженер по проектно-сметной работе,0,0,rub,"['Строительство, проектирование, недвижимость']",['Сметное дело'],Москва,[],[],[],,4942670,,менее 50,4.0,НК Роснефть,Без опыта,Полный рабочий день,Не имеет значения,,,https://www.superjob.ru/vakansii/inzhener-po-proektno-smetnoj-rabote-51593835.html
51697710,Инженер по эксплуатации зданий и сооружений,0,42000,rub,"['Административная работа, секретариат, АХО', 'Строительство, проектирование, недвижимость']","['АХО', 'Отопление, вентиляция и кондиционирование', 'Водоснабжение, канализация', 'Строительно-монтажные работы', 'Эксплуатация зданий']",Истра,[],[],[],,11714,,100 — 500,68.0,Филиал ФКУ «Налог-Сервис» ФНС России по ЦОД в г. Москве,От 3 лет,Полный рабочий день,Среднее специальное,,,https://istra.superjob.ru/vakansii/inzhener-po-ekspluatacii-zdanij-i-sooruzhenij-51697710.html
51697733,Специалист по обслуживанию зданий,52200,60900,rub,"['Строительство, проектирование, недвижимость', 'Рабочий персонал']","['Отопление, вентиляция и кондиционирование', 'Водоснабжение, канализация', 'Эксплуатация зданий', 'Газоснабжение', 'Рабочий персонал, разное']",Санкт-Петербург,"['Электросила', 'Московские Ворота', 'Волковская', 'Бухарестская']","['Московско-Петроградская', 'Московско-Петроградская', 'Фрунзенско-Приморская', 'Фрунзенско-Приморская']","['blue', 'blue', 'violet', 'violet']","Санкт-Петербург, Иркутская улица, 2с2",11714,,100 — 500,68.0,Филиал ФКУ «Налог-Сервис» ФНС России по ЦОД в г. Москве,Без опыта,Полный рабочий день,Не имеет значения,59.885101,30.335541,https://spb.superjob.ru/vakansii/specialist-po-obsluzhivaniyu-zdanij-51697733.html
51697890,Инженер слаботочных систем,0,0,rub,"['Строительство, проектирование, недвижимость', 'Рабочий персонал']","['Строительно-монтажные работы', 'Эксплуатация зданий', 'Электроснабжение', 'Слаботочные системы и сети', 'Квалифицированный рабочий']",Истра,[],[],[],,11714,,100 — 500,68.0,Филиал ФКУ «Налог-Сервис» ФНС России по ЦОД в г. Москве,От 3 лет,Полный рабочий день,Не имеет значения,,,https://istra.superjob.ru/vakansii/inzhener-slabotochnyh-sistem-51697890.html
51717864,Техник по эксплуатации зданий и сооружений,80000,120000,rub,"['Строительство, проектирование, недвижимость']",['Эксплуатация зданий'],Москва,['Каширская'],['Большая кольцевая линия'],['cian'],,4216439,,менее 50,1.0,АДМИРАЛ ИНЖИНИРИНГ,От 1 года,Полный рабочий день,Не имеет значения,,,https://www.superjob.ru/vakansii/tehnik-po-ekspluatacii-zdanij-i-sooruzhenij-51717864.html
51754780,Бэкенд‑разработчик стажер,0,0,rub,"['Консалтинг, стратегическое развитие', 'Строительство, проектирование, недвижимость']","['IT-консалтинг', 'Управление проектами (ГИП)']",Москва,[],[],[],,4944244,,менее 50,9.0,Контур,Без опыта,Полный рабочий день,Не имеет значения,,,https://www.superjob.ru/vakansii/bekend-51754780.html
51844438,"Директор магазина-партнер (Самара, Кирова, 90)",58000,110000,rub,"['Строительство, проектирование, недвижимость']","['Проектирование', 'Управление недвижимостью']",Самара,[],[],[],,2635306,,более 5000,45940.0,Пятёрочка,От 1 года,Полный рабочий день,Неполное высшее,,,https://samara.superjob.ru/vakansii/direktor-magazina-partner-51844438.html
51868898,Автокурьер на личном авто (Оплата патента),70000,160000,rub,"['Строительство, проектирование, недвижимость']",['ЖКХ'],Москва,['Войковская'],['Замоскворецкая'],['green'],"г Москва, проезд Старопетровский, д. 4А. 4А",0,,,,,Без опыта,Полный рабочий день,Не имеет значения,55.822704,37.501167,https://www.superjob.ru/vakansii/avtokurer-na-lichnom-avto-51868898.html
51870610,Бригадир на газобетон,200000,0,rub,"['Строительство, проектирование, недвижимость', 'Рабочий персонал']","['Строительно-монтажные работы', 'Эксплуатация зданий', 'Квалифицированный рабочий']",Мытищи,[],[],[],"Московская область, Мытищи",0,,,,,Без опыта,Полный рабочий день,Не имеет значения,55.909969,37.736744,https://mytischi.superjob.ru/vakansii/brigadir-na-gazobeton-51870610.html
31991194,Кладовщик-грузчик,65000,75000,rub,"['Транспорт, логистика, ВЭД', 'Строительство, проектирование, недвижимость']","['Складское хозяйство', 'Строительно-монтажные работы']",Санкт-Петербург,[],[],[],"Ленинградская область, Всеволожский район, Мурино",3392551,,менее 50,2.0,ПетроПромАльянс,От 1 года,Полный рабочий день,Не имеет значения,60.051285,30.438578,https://spb.superjob.ru/vakansii/kladovschik-gruzchik-31991194.html
40655947,Экономист,130000,130000,rub,"['Строительство, проектирование, недвижимость']","['Сметное дело', 'Экологическое сопровождение проектов']",Москва,['Славянский бульвар'],['МЦД1'],['darkorange'],"Москва, Дорогобужская улица, 13",2885715,,менее 50,3.0,ГБОУ Школа № 1195,От 1 года,Полный рабочий день,Высшее,55.716179,37.415989,https://www.superjob.ru/vakansii/ekonomist-40655947.html
45348416,Ведущий инженер-проектировщик систем электроснабжения,110000,150000,rub,"['Строительство, проектирование, недвижимость']","['Проектирование', 'Электроснабжение']",Санкт-Петербург,[],[],[],"Санкт-Петербург, Дунайский проспект, 13к2",3667262,,менее 50,0.0,СП -Инновация,От 1 года,Полный рабочий день,Не имеет значения,59.829147,30.337194,https://spb.superjob.ru/vakansii/veduschij-inzhener-proektirovschik-sistem-elektrosnabzheniya-45348416.html
45741079,Специалист по недвижимости,60000,0,rub,"['Продажи', 'Строительство, проектирование, недвижимость']","['Агентства недвижимости, оценка недвижимости', 'Начало карьеры, мало опыта']",Уфа,[],[],[],"Республика Башкортостан, Уфа, проспект Октября, 16",3759898,,менее 50,8.0,Жилищная инициатива,Без опыта,Полный рабочий день,Не имеет значения,54.745907,55.993202,https://ufa.superjob.ru/vakansii/specialist-po-nedvizhimosti-45741079.html
45764159,Дворник,65000,70000,rub,"['Строительство, проектирование, недвижимость', 'Услуги, ремонт, сервисное обслуживание', 'Рабочий персонал']","['ЖКХ', 'Другое', 'Клининг', 'Рабочий персонал, разное']",Санкт-Петербург,"['Горьковская', 'Петроградская', 'Спортивная', 'Чкаловская']","['Московско-Петроградская', 'Московско-Петроградская', 'Фрунзенско-Приморская', 'Фрунзенско-Приморская']","['blue', 'blue', 'violet', 'violet']","Санкт-Петербург, Большая Монетная улица, 11",2015778,,50 — 100,4.0,ГКУ Жилищное агентство Петроградского района,Без опыта,Полный рабочий день,Не имеет значения,59.961018,30.315823,https://spb.superjob.ru/vakansii/dvornik-45764159.html
49911395,Монтажник слаботочных систем,50000,100000,rub,"['Строительство, проектирование, недвижимость', 'Рабочий персонал']","['Строительно-монтажные работы', 'Рабочий персонал, разное', 'Квалифицированный рабочий']",Ульяновск,[],[],[],,4393094,,менее 50,1.0,Байт,От 1 года,Полный рабочий день,Не имеет значения,,,https://ulyanovsk.superjob.ru/vakansii/montazhnik-slabotochnyh-sistem-49911395.html
47868462,Рабочий по комплексному обслуживанию и ремонту здания,80000,0,rub,"['Строительство, проектирование, недвижимость', 'Рабочий персонал']","['Эксплуатация зданий', 'Рабочий персонал, разное']",Москва,"['Коломенская', 'Нагатинская']","['Замоскворецкая', 'Серпуховско-Тимирязевская']","['green', 'gray']",,4404493,,менее 50,2.0,ГБОУ Школа № 507,От 1 года,Полный рабочий день,Не имеет значения,,,https://www.superjob.ru/vakansii/rabochij-po-kompleksnomu-obsluzhivaniyu-i-remontu-zdaniya-47868462.html
50846066,Инженер ПТО,170000,0,rub,"['Строительство, проектирование, недвижимость']","['Технический надзор, строительная экспертиза / ПТО']",Лисичанск,[],[],[],Лисичанск,4740902,,менее 50,2.0,Союз,От 1 года,Полный рабочий день,Не имеет значения,48.912914,38.419552,https://lisichansk.superjob.ru/vakansii/inzhener-pto-50846066.html
50895660,Столяр 6 разряда,84000,84000,rub,"['Промышленность, производство', 'Рабочий персонал', 'Строительство, проектирование, недвижимость']","['Мебельное производство', 'Квалифицированный рабочий', 'Строительство деревянных домов и конструкций']",Москва,['Курская'],['МЦД4'],['mediumaquamarine'],"Москва, Мрузовский переулок, 11с1",202378,,1000 — 5000,36.0,МОСГАЗ,От 1 года,Полный рабочий день,Не имеет значения,55.75745,37.667419,https://www.superjob.ru/vakansii/stolyar-6-razryada-50895660.html
51312944,Инженер по наладке и испытаниям ЭТЛ,0,0,rub,"['Строительство, проектирование, недвижимость', 'Промышленность, производство', 'Услуги, ремонт, сервисное обслуживание', 'Рабочий персонал']","['Электроснабжение', 'Промышленное оборудование', 'Промышленное оборудование', 'Квалифицированный рабочий']",Новосибирск,[],[],[],"Красноярский край, Норильск",4273213,,500 — 1000,5.0,Черногорская ГРК,От 3 лет,Работа вахтовым методом,Высшее,69.343987,88.210396,https://nsk.superjob.ru/vakansii/inzhener-po-naladke-i-ispytaniyam-etl-51312944.html
51578076,Сервисный инженер по эксплуатации систем кондиционирования,124000,124000,rub,"['Строительство, проектирование, недвижимость', 'Промышленность, производство']","['Эксплуатация зданий', 'Автомобильная промышленность', 'Машиностроение, станкостроение', 'Нефтегазовое машиностроение', 'Промышленное оборудование']",Москва,['Парк Культуры'],['Кольцевая'],['brown'],"Москва, Зубовский бульвар, 4с1",4941795,,1000 — 5000,9.0,RT,От 1 года,Полный рабочий день,Среднее специальное,55.737358,37.590496,https://www.superjob.ru/vakansii/servisnyj-inzhener-po-ekspluatacii-sistem-kondicionirovaniya-51578076.html
51619131,Электрик,90000,90000,rub,"['Строительство, проектирование, недвижимость', 'Рабочий персонал']","['Электроснабжение', 'Слаботочные системы и сети', 'Рабочий персонал, разное', 'Квалифицированный рабочий']",Троицк,[],[],[],"Москва, Троицк, Физическая улица, 11с1",3388869,,1000 — 5000,3.0,ФИАН,От 1 года,Полный рабочий день,Не имеет значения,55.461357,37.294483,https://troitsk.superjob.ru/vakansii/elektrik-51619131.html
51633193,Слесарь-сантехник,70000,0,rub,"['Строительство, проектирование, недвижимость', 'Рабочий персонал']","['Водоснабжение, канализация', 'Рабочий персонал, разное', 'Квалифицированный рабочий']",Москва,[],[],[],"Москва, 1-й Добрынинский переулок, 19с6",3984111,,менее 50,1.0,Профновации,От 3 лет,Полный рабочий день,Не имеет значения,55.725189,37.620995,https://www.superjob.ru/vakansii/slesar-santehnik-51633193.html
51692704,Специалист по модульному ремонту техники (ТЦ Мега Химки),97000,120000,rub,"['Строительство, проектирование, недвижимость', 'Промышленность, производство']","['Подводно-технические работы', 'Атомная энергетика']",Химки,[],[],[],"Московская область, Химки, микрорайон ИКЕА, к2",100593,,более 5000,1143.0,"Группа ""М. Видео-Эльдорадо""",От 1 года,Полный рабочий день,Не имеет значения,55.910084,37.400692,https://himki.superjob.ru/vakansii/specialist-po-modulnomu-remontu-tehniki-51692704.html
51780932,Стажер в отдел недвижимости,340000,450000,rub,"['Строительство, проектирование, недвижимость']","['Благоустройство территорий', 'Сметное дело', 'Строительно-монтажные работы', 'Начало карьеры, мало опыта']",Москва,"['Таганская', 'Выхино', 'Рязанский проспект', 'Кузьминки', 'Текстильщики', 'Волгоградский проспект', 'Пролетарская', 'Лермонтовский проспект', 'Жулебино', 'Котельники']","['Таганско-Краснопресненская', 'МЦД3', 'Таганско-Краснопресненская', 'Таганско-Краснопресненская', 'МЦД2', 'Таганско-Краснопресненская', 'Таганско-Краснопресненская', 'Таганско-Краснопресненская', 'Таганско-Краснопресненская', 'Таганско-Краснопресненская']","['violet', 'orangered', 'violet', 'violet', 'fuchsia', 'violet', 'violet', 'violet', 'violet', 'violet']",,813261,,1000 — 5000,286.0,МИЭЛЬ,Без опыта,Полный рабочий день,Не имеет значения,,,https://www.superjob.ru/vakansii/stazher-v-otdel-nedvizhimosti-51780932.html
51761739,Штукатур маляр,113000,144000,rub,"['Строительство, проектирование, недвижимость', 'Рабочий персонал']","['Строительно-монтажные работы', 'Отделочные работы', 'Рабочий персонал, разное']",Москва,[],[],[],"Москва, Волоколамский проезд, 6к2",406175,,более 5000,112.0,PRIDEX Group,Без опыта,Полный рабочий день,Не имеет значения,55.826488,37.434505,https://www.superjob.ru/vakansii/shtukatur-malyar-51761739.html
51792805,Слесарь-электрик по ремонту электрооборудования 4 разряда,0,87000,rub,"['Строительство, проектирование, недвижимость', 'Рабочий персонал']","['Строительно-монтажные работы', 'Эксплуатация зданий', 'Квалифицированный рабочий']",Санкт-Петербург,['Гражданский Проспект'],['Кировско-Выборгская'],['red'],"Санкт-Петербург, Гражданский проспект, 131",441150,,более 5000,126.0,"СПб ГУП ""Горэлектротранс""",От 1 года,Полный рабочий день,Не имеет значения,60.040302,30.427664,https://spb.superjob.ru/vakansii/slesar-elektrik-po-remontu-elektrooborudovaniya-4-razryada-51792805.html
51799615,Рабочий по осмотру вагонов,90000,0,rub,"['Строительство, проектирование, недвижимость']","['Водоснабжение, канализация', 'Строительно-монтажные работы', 'Технический надзор, строительная экспертиза / ПТО']",Обнинск,[],[],[],"Москва, Троицкий административный округ, район Бекасово, деревня Архангельское, Зосимовская улица",2466656,,более 5000,3173.0,Российские железные дороги,Без опыта,Сменный график работы,Не имеет значения,55.401508,36.90271,https://obninsk.superjob.ru/vakansii/rabochij-po-osmotru-vagonov-51799615.html
51835371,Сметчик,0,0,rub,"['Строительство, проектирование, недвижимость']",['Сметное дело'],Москва,"['Тверская', 'Маяковская', 'Пушкинская', 'Чеховская']","['Замоскворецкая', 'Замоскворецкая', 'Таганско-Краснопресненская', 'Серпуховско-Тимирязевская']","['green', 'green', 'violet', 'gray']","Москва, Замоскворецкая линия, метро Тверская",3138475,,более 5000,70.0,Правительство Москвы,От 1 года,Полный рабочий день,Не имеет значения,55.764462,37.605949,https://www.superjob.ru/vakansii/smetchik-51835371.html
51835383,"Инженер-проектировщик ОВиК, ВК",100000,150000,rub,"['Строительство, проектирование, недвижимость']","['Отопление, вентиляция и кондиционирование', 'Водоснабжение, канализация', 'Проектирование']",Балашиха,[],[],[],"Московская область, Балашиха, улица Белякова, 2Б",1994470,,50 — 100,2.0,Рефбилдинг групп,От 1 года,Полный рабочий день,Не имеет значения,55.800945,37.967064,https://balashiha.superjob.ru/vakansii/inzhener-proektirovschik-ovik-51835383.html
51835519,Маляр,60000,0,rub,"['Строительство, проектирование, недвижимость', 'Рабочий персонал']","['Строительно-монтажные работы', 'Рабочий персонал, разное', 'Квалифицированный рабочий']",Воронеж,[],[],[],"Воронеж, улица Димитрова, 83",4124847,,менее 50,16.0,"ФБГУ ""29 КТЦ"" Минобороны России",От 1 года,Полный рабочий день,Не имеет значения,51.669689,39.26025,https://voronezh.superjob.ru/vakansii/malyar-51835519.html
51833807,Менеджер по работе с арендаторами,80000,0,rub,"['Строительство, проектирование, недвижимость']","['ЖКХ', 'Подводно-технические работы']",Москва,"['Сокол', 'Полежаевская', 'Октябрьское поле', 'Щукинская']","['Замоскворецкая', 'Таганско-Краснопресненская', 'Таганско-Краснопресненская', 'МЦД2']","['green', 'violet', 'violet', 'fuchsia']","Москва, улица Маршала Тухачевского, 58к3",703083,,100 — 500,74.0,МедлайН-Сервис,От 1 года,Полный рабочий день,Не имеет значения,55.786671,37.458462,https://www.superjob.ru/vakansii/menedzher-po-rabote-s-arendatorami-51833807.html
51844148,Заместитель главного инженера по тепломеханической части (Новоленская ТЭС),0,0,rub,"['Топ-персонал', 'Строительство, проектирование, недвижимость']","['Строительство, проектирование, недвижимость', 'Газоснабжение']",Москва,[],[],[],"Республика Саха (Якутия), Ленск",4595880,,более 5000,68.0,Инжиниринговый холдинг «эВ-групп»,От 3 лет,Полный рабочий день,Высшее,60.713734,114.91185,https://www.superjob.ru/vakansii/zamestitel-glavnogo-inzhenera-po-teplomehanicheskoj-chasti-51844148.html
51846029,Курьер службы доставки,0,210500,rub,"['Строительство, проектирование, недвижимость']","['Благоустройство территорий', 'Отопление, вентиляция и кондиционирование']",Москва,[],[],[],"Москва, улица Маршала Неделина, 2",4063471,,более 5000,892.0,Самокат,Без опыта,Полный рабочий день,Не имеет значения,55.72356,37.401409,https://www.superjob.ru/vakansii/kurer-sluzhby-dostavki-51846029.html
46602685,"Инженер-конструктор, проектировщик",100000,0,rub,"['Строительство, проектирование, недвижимость', 'Промышленность, производство']","['Конструирование', 'Авиационная промышленность', 'Машиностроение, станкостроение', 'Промышленное оборудование', 'Энергомашиностроение']",Санкт-Петербург,"['Электросила', 'Московские Ворота', 'Бухарестская']","['Московско-Петроградская', 'Московско-Петроградская', 'Фрунзенско-Приморская']","['blue', 'blue', 'violet']","Санкт-Петербург, Витебский проспект, 3",3869129,,50 — 100,1.0,Инженерные Светопрозрачные Конструкции,От 3 лет,Полный рабочий день,Не имеет значения,59.885048,30.343725,https://spb.superjob.ru/vakansii/inzhener-konstruktor-46602685.html
51698059,Электрик,6090,7830,rub,"['Строительство, проектирование, недвижимость', 'Рабочий персонал']","['Строительно-монтажные работы', 'Электроснабжение', 'Рабочий персонал, разное', 'Квалифицированный рабочий']",Кострома,[],[],[],"Кострома, Кинешемское шоссе, 27",11714,,100 — 500,68.0,Филиал ФКУ «Налог-Сервис» ФНС России по ЦОД в г. Москве,От 3 лет,Частичная занятость / Совместительство,Не имеет значения,57.751514,40.997746,https://kostroma.superjob.ru/vakansii/elektrik-51698059.html
51865979,Продавец в зону готовой еды,30200,48300,rub,"['Продажи', 'Строительство, проектирование, недвижимость']","['Агентства недвижимости, оценка недвижимости', 'Управление недвижимостью']",Ульяновск,[],[],[],"Ульяновск, Карбышева, 51",280168,,более 5000,18164.0,"Магнит, Розничная сеть",Не имеет значения,Сменный график работы,Не имеет значения,54.391006,48.578259,https://ulyanovsk.superjob.ru/vakansii/prodavec-v-zonu-gotovoj-edy-51865979.html
51870532,Плотник,80000,160000,rub,"['Строительство, проектирование, недвижимость']","['Подводно-технические работы', 'Управление строительством, девелопмент', 'Эксплуатация зданий']",Москва,[],[],[],,4156139,,менее 50,0.0,"ФСК ""Мостоотряд-47""",От 1 года,Полный рабочий день,Не имеет значения,,,https://www.superjob.ru/vakansii/plotnik-51870532.html
51870598,Монтажник натяжных потолков,150000,200000,rub,"['Строительство, проектирование, недвижимость', 'Рабочий персонал']","['Строительно-монтажные работы', 'Рабочий персонал, разное', 'Квалифицированный рабочий']",Москва,['Домодедовская'],['Замоскворецкая'],['green'],,4320216,,менее 50,1.0,Сильянов Александр Сергеевич,От 3 лет,Полный рабочий день,Не имеет значения,,,https://www.superjob.ru/vakansii/montazhnik-natyazhnyh-potolkov-51870598.html
51870687,Оператор по работе с клиентами,39840,49840,rub,"['Продажи', 'Строительство, проектирование, недвижимость']","['Агентства недвижимости, оценка недвижимости', 'Управление недвижимостью']",Воскресенск,[],[],[],"Московская область, Воскресенск, микрорайон Центральный, Октябрьская улица, 11",14215,,более 5000,1380.0,Почта России,Без опыта,Полный рабочий день,Не имеет значения,55.322849,38.679588,https://voskresensk.superjob.ru/vakansii/operator-po-rabote-s-klientami-51870687.html
50541256,"Слесарь по обслуживанию вентиляции, кондиционеров и сантехники",75000,75000,rub,"['Строительство, проектирование, недвижимость', 'Рабочий персонал']","['Отопление, вентиляция и кондиционирование', 'Водоснабжение, канализация', 'Рабочий персонал, разное', 'Квалифицированный рабочий']",Москва,['Лубянка'],['Сокольническая'],['red'],,2671282,,100 — 500,14.0,Чистый город,От 1 года,Полный рабочий день,Среднее специальное,,,https://www.superjob.ru/vakansii/slesar-po-obsluzhivaniyu-ventilyacii-50541256.html
51726951,Электромонтажник,160000,160000,rub,"['Строительство, проектирование, недвижимость', 'Рабочий персонал']","['Эксплуатация зданий', 'Электроснабжение', 'Квалифицированный рабочий']",Москва,[],[],[],,4899646,,менее 50,7.0,Р-Строй,От 1 года,Полный рабочий день,Среднее специальное,,,https://www.superjob.ru/vakansii/elektromontazhnik-51726951.html
51778935,Сотрудник отдела по работе с нейронными сетями,0,0,rub,"['Строительство, проектирование, недвижимость']","['Подводно-технические работы', 'Управление строительством, девелопмент']",Москва,[],[],[],,4957440,,более 5000,8.0,Tesla,Без опыта,Полный рабочий день,Не имеет значения,,,https://www.superjob.ru/vakansii/sotrudnik-otdela-po-rabote-s-nejronnymi-setyami-51778935.html
51792722,Младший инспектор отдела режима и надзора,60000,0,rub,"['Юриспруденция', 'Строительство, проектирование, недвижимость']","['Уголовное право', 'Технический надзор, строительная экспертиза / ПТО']",Ачинск,[],[],[],,4881155,,100 — 500,10.0,КП-19 ГУФСИН РОССИИ ПО КРАСНОЯРСКОМУ КРАЮ,Без опыта,Полный рабочий день,Не имеет значения,,,https://achinsk.superjob.ru/vakansii/mladshij-inspektor-otdela-rezhima-i-nadzora-51792722.html
51834941,Слесарь-сантехник,84000,0,rub,"['Строительство, проектирование, недвижимость', 'Рабочий персонал']","['Водоснабжение, канализация', 'Рабочий персонал, разное', 'Квалифицированный рабочий']",Москва,"['Комсомольская', 'Площадь трёх вокзалов']","['Кольцевая', 'МЦД4']","['brown', 'mediumaquamarine']","Москва, Комсомольская площадь, 1с3",2073835,,1000 — 5000,4.0,Мосинжпроект,От 1 года,Полный рабочий день,Не имеет значения,55.777065,37.653774,https://www.superjob.ru/vakansii/slesar-santehnik-51834941.html
51844103,Оператор заправочных станций г. Ленск,120000,175000,rub,"['Строительство, проектирование, недвижимость']","['Подводно-технические работы', 'Проектирование', 'Управление недвижимостью', 'Управление строительством, девелопмент']",Ленск,[],[],[],,4595880,,более 5000,68.0,Инжиниринговый холдинг «эВ-групп»,От 1 года,Полный рабочий день,Не имеет значения,,,https://lensk.superjob.ru/vakansii/operator-zapravochnyh-stancij-g-51844103.html
51844437,"Директор магазина-партнер (Самара, Строителей, 33)",58000,110000,rub,"['Продажи', 'Строительство, проектирование, недвижимость']","['Сельское хозяйство', 'Экологическое сопровождение проектов']",Самара,[],[],[],,2635306,,более 5000,45940.0,Пятёрочка,От 1 года,Полный рабочий день,Неполное высшее,,,https://samara.superjob.ru/vakansii/direktor-magazina-partner-51844437.html
51863773,Стажер-инженер-аналитик,0,0,rub,"['IT, Интернет, связь, телеком', 'Маркетинг, реклама, PR', 'Строительство, проектирование, недвижимость']","['Аналитика', 'Инжиниринг', 'Начало карьеры, мало опыта', 'Аналитика, исследование рынков', 'Начало карьеры, мало опыта']",Москва,[],[],[],,4962080,,менее 50,0.0,Netflix,Без опыта,Полный рабочий день,Не имеет значения,,,https://www.superjob.ru/vakansii/stazher-inzhener-analitik-51863773.html
51865964,Автокурьер на личном авто (Оплата патента),70000,160000,rub,"['Строительство, проектирование, недвижимость']","['Геодезия, картография, землеустроительство', 'ЖКХ', 'Конструирование', 'Проектирование', 'Другое']",Москва,['Тушинская'],['МЦД2'],['fuchsia'],"г Москва, улица Мещерякова, д. 7. 7",0,,,,,Без опыта,Полный рабочий день,Не имеет значения,55.832268,37.450188,https://www.superjob.ru/vakansii/avtokurer-na-lichnom-avto-51865964.html
51870516,Грузчик с выкладкой товара в Fix Price,63000,73000,rub,"['Строительство, проектирование, недвижимость']",['Благоустройство территорий'],Апрелевка,[],[],[],апрелевка ул горького д2а,75401,,более 5000,11152.0,"""БЭСТ ПРАЙС"" / Fix Price",Без опыта,Полный рабочий день,Не имеет значения,,,https://aprelevka.superjob.ru/vakansii/gruzchik-s-vykladkoj-tovara-v-fix-price-51870516.html
29654562,Электромонтер,0,0,rub,"['Строительство, проектирование, недвижимость', 'Рабочий персонал']","['Строительно-монтажные работы', 'Эксплуатация зданий', 'Квалифицированный рабочий']",Самара,[],[],[],,2531979,,более 5000,97.0,Башнефть-Розница,От 1 года,Полный рабочий день,Среднее специальное,,,https://samara.superjob.ru/vakansii/elektromonter-29654562.html
45739837,Монтажник,90000,0,rub,"['Строительство, проектирование, недвижимость', 'Рабочий персонал']","['Строительно-монтажные работы', 'Рабочий персонал, разное', 'Квалифицированный рабочий']",Солнечногорск,[],[],[],"Московская область, Солнечногорск, улица Разина, 8к1",4419146,,менее 50,1.0,СОЛСЕК+,Без опыта,Полный рабочий день,Среднее специальное,56.169563,36.978779,https://solnechnogorsk.superjob.ru/vakansii/montazhnik-45739837.html
45740979,Помощник в вопросах недвижимости,80000,0,rub,"['Продажи', 'Строительство, проектирование, недвижимость']","['Агентства недвижимости, оценка недвижимости', 'Другое']",Уфа,[],[],[],"Республика Башкортостан, Уфа, проспект Октября, 16",3759898,,менее 50,8.0,Жилищная инициатива,Без опыта,Полный рабочий день,Не имеет значения,54.745907,55.993202,https://ufa.superjob.ru/vakansii/pomoschnik-v-voprosah-nedvizhimosti-45740979.html
30756535,"Прораб (вентилируемые фасады, витражи)",110000,140000,rub,"['Строительство, проектирование, недвижимость', 'Топ-персонал']","['Строительно-монтажные работы', 'Строительство, проектирование, недвижимость']",Санкт-Петербург,[],[],[],Санкт-Петербург,3392551,,менее 50,2.0,ПетроПромАльянс,От 1 года,Полный рабочий день,Не имеет значения,59.938786,30.314997,https://spb.superjob.ru/vakansii/prorab-30756535.html
50324249,Слесарь-сантехник,100000,120000,rub,"['Строительство, проектирование, недвижимость', 'Рабочий персонал']","['Водоснабжение, канализация', 'Рабочий персонал, разное', 'Квалифицированный рабочий']",Санкт-Петербург,"['Нарвская', 'Балтийская']","['Кировско-Выборгская', 'Кировско-Выборгская']","['red', 'red']","Санкт-Петербург, Курляндская улица, 19-21",4576876,,50 — 100,0.0,УК СТИЛЬ ЭКСПЛУАТАЦИЯ,Без опыта,Полный рабочий день,Среднее специальное,59.911934,30.281813,https://spb.superjob.ru/vakansii/slesar-santehnik-50324249.html
50836499,Слесарь-сантехник,50000,0,rub,"['Строительство, проектирование, недвижимость', 'Рабочий персонал']","['Водоснабжение, канализация', 'Рабочий персонал, разное', 'Квалифицированный рабочий']",Вологда,[],[],[],"Вологда, микрорайон Водники, Северная улица, 15",2894890,,менее 50,25.0,БУЗ ВО Вологодская городская больница 2,Без опыта,Полный рабочий день,Не имеет значения,59.217808,39.935539,https://vologda.superjob.ru/vakansii/slesar-santehnik-50836499.html
51194013,Слесарь-сантехник,50000,0,rub,"['Строительство, проектирование, недвижимость', 'Рабочий персонал']","['Водоснабжение, канализация', 'Рабочий персонал, разное', 'Квалифицированный рабочий']",Дербент,[],[],[],"Сулейман-Стальский район, село Орта-Стал, Тополевая улица, 1",4828119,,менее 50,4.0,ЭКСОНОР,От 1 года,Полный рабочий день,Среднее специальное,41.796902,48.374599,https://derbent.superjob.ru/vakansii/slesar-santehnik-51194013.html
51225926,Инженер-электрик,0,0,rub,"['Строительство, проектирование, недвижимость']",['Электроснабжение'],Москва,[],[],[],"Видное, Южная промзона, 15с3",2631007,,более 5000,37.0,ЦЕМРОС,От 3 лет,Полный рабочий день,Не имеет значения,,,https://www.superjob.ru/vakansii/inzhener-elektrik-51225926.html
51443928,Плотник,44000,65000,rub,"['Строительство, проектирование, недвижимость', 'Промышленность, производство', 'Рабочий персонал']","['Строительно-монтажные работы', 'Мебельное производство', 'Рабочий персонал, разное', 'Квалифицированный рабочий']",Санкт-Петербург,"['Приморская', 'Василеостровская', 'Спортивная']","['Невско-Василеостровская', 'Невско-Василеостровская', 'Фрунзенско-Приморская']","['green', 'green', 'violet']",,291920,,более 5000,154.0,ФГБОУ ВО Санкт-Петербургский государственный университет,От 1 года,Полный рабочий день,Не имеет значения,,,https://spb.superjob.ru/vakansii/plotnik-51443928.html
51312952,Инженер по наладке и испытаниям ЭТЛ,0,0,rub,"['Строительство, проектирование, недвижимость', 'Промышленность, производство', 'Услуги, ремонт, сервисное обслуживание', 'Рабочий персонал']","['Электроснабжение', 'Промышленное оборудование', 'Промышленное оборудование', 'Квалифицированный рабочий']",Уфа,[],[],[],"Красноярский край, Норильск, Ленинский проспект, 10",4273213,,500 — 1000,5.0,Черногорская ГРК,От 3 лет,Работа вахтовым методом,Высшее,69.344337,88.211693,https://ufa.superjob.ru/vakansii/inzhener-po-naladke-i-ispytaniyam-etl-51312952.html
51619130,Слесарь-сантехник,80000,80000,rub,"['Строительство, проектирование, недвижимость', 'Рабочий персонал']","['Водоснабжение, канализация', 'Рабочий персонал, разное', 'Квалифицированный рабочий']",Москва,[],[],[],"Москва, Троицк, Физическая улица, 11с1",3388869,,1000 — 5000,3.0,ФИАН,От 1 года,Полный рабочий день,Не имеет значения,55.461357,37.294483,https://www.superjob.ru/vakansii/slesar-santehnik-51619130.html
51630994,Маляр,103700,103700,rub,"['Строительство, проектирование, недвижимость', 'Рабочий персонал']","['Строительно-монтажные работы', 'Рабочий персонал, разное', 'Квалифицированный рабочий']",Москва,"['Электрозаводская', 'Семёновская', 'Лефортово', 'Сортировочная']","['МЦД3', 'Арбатско-Покровская', 'Большая кольцевая линия', 'МЦД3']","['orangered', 'darkblue', 'cian', 'orangered']","Москва, Боровая улица, 3к1",4941795,,1000 — 5000,9.0,RT,От 1 года,Полный рабочий день,Не имеет значения,55.771706,37.715084,https://www.superjob.ru/vakansii/malyar-51630994.html
51725418,Монтер пути (г. Новоуральск),60000,0,rub,"['Транспорт, логистика, ВЭД', 'Рабочий персонал', 'Строительство, проектирование, недвижимость']","['Железнодорожные перевозки', 'Рабочий персонал, разное', 'Квалифицированный рабочий', 'Транспортные системы (мосты, дороги, тоннели)']",Новоуральск,[],[],[],"Свердловская область, Нижний Тагил, улица Константина Пылаева, 7А",2466656,,более 5000,3173.0,Российские железные дороги,Без опыта,Полный рабочий день,Среднее,57.946205,59.977924,https://novouralsk.superjob.ru/vakansii/monter-puti-51725418.html
51735612,Инженер строительного контроля по ОВ и ВК (м. Озерная),0,0,rub,"['Строительство, проектирование, недвижимость']","['Строительно-монтажные работы', 'Технический надзор, строительная экспертиза / ПТО']",Москва,[],[],[],"Москва, Озёрная улица, 42",4954091,,менее 50,16.0,Страна Девелопмент,От 3 лет,Полный рабочий день,Не имеет значения,55.671329,37.445812,https://www.superjob.ru/vakansii/inzhener-stroitelnogo-kontrolya-po-ov-i-vk-51735612.html
51737912,Сборщик заказов,90000,0,rub,"['Продажи', 'Строительство, проектирование, недвижимость']","['Агентства недвижимости, оценка недвижимости', 'Подводно-технические работы', 'Проектирование', 'Другое']",Москва,['Крылатское'],['Арбатско-Покровская'],['darkblue'],"осенний бульвар,12к1",2367016,,1000 — 5000,24.0,ПРОФБИЗНЕС,Без опыта,Полный рабочий день,Не имеет значения,,,https://www.superjob.ru/vakansii/sborschik-zakazov-51737912.html
51766017,"Слесарь-электрик по ремонту электрооборудования 4,5,6 разряда",0,88000,rub,"['Строительство, проектирование, недвижимость', 'Рабочий персонал']","['Строительно-монтажные работы', 'Эксплуатация зданий', 'Квалифицированный рабочий']",Санкт-Петербург,[],[],[],"Санкт-Петербург, улица Грибакиных, 3",441150,,более 5000,126.0,"СПб ГУП ""Горэлектротранс""",От 1 года,Полный рабочий день,Не имеет значения,59.862606,30.471645,https://spb.superjob.ru/vakansii/slesar-elektrik-po-remontu-elektrooborudovaniya-4-51766017.html
51765556,Начинающий агент по недвижимости,350000,0,rub,"['Строительство, проектирование, недвижимость', 'Топ-персонал']","['Другое', 'Строительство, проектирование, недвижимость']",Москва,"['Курская', 'Таганская', 'Марксистская']","['МЦД4', 'Таганско-Краснопресненская', 'Калининско-Солнцевская']","['mediumaquamarine', 'violet', 'yellow']","Москва, Таганско-Краснопресненская линия, метро Таганская",813261,,1000 — 5000,286.0,МИЭЛЬ,Без опыта,Полный рабочий день,Не имеет значения,55.739548,37.652958,https://www.superjob.ru/vakansii/nachinayuschij-agent-po-nedvizhimosti-51765556.html
51780804,Мастер сетевого района,71300,78200,rub,"['Строительство, проектирование, недвижимость']","['Подводно-технические работы', 'Проектирование', 'Управление строительством, девелопмент']",Ярославль,[],[],[],"Ярославль, Ленинградский проспект, 41",3842962,,менее 50,0.0,ТГК-2,От 3 лет,Полный рабочий день,Высшее,57.675705,39.800415,https://yaroslavl.superjob.ru/vakansii/master-setevogo-rajona-51780804.html
51781011,Продавец в зону готовой еды,45000,64500,rub,"['Продажи', 'Строительство, проектирование, недвижимость']","['Агентства недвижимости, оценка недвижимости', 'Подводно-технические работы', 'Проектирование']",Великий Новгород,[],[],[],"Великий Новгород, Мира, 34/11",280168,,более 5000,18164.0,"Магнит, Розничная сеть",Не имеет значения,Сменный график работы,Не имеет значения,58.529892,31.23074,https://novgorod.superjob.ru/vakansii/prodavec-v-zonu-gotovoj-edy-51781011.html
51801569,Слесарь-сантехник,55000,0,rub,"['Строительство, проектирование, недвижимость', 'Рабочий персонал']","['Водоснабжение, канализация', 'Рабочий персонал, разное', 'Квалифицированный рабочий']",Сертолово,[],[],[],,4959080,,менее 50,1.0,Комфорт,От 1 года,Полный рабочий день,Не имеет значения,,,https://sertolovo.superjob.ru/vakansii/slesar-santehnik-51801569.html
51801635,Конструктор машиностроение,80000,90000,rub,"['Строительство, проектирование, недвижимость']",['Конструирование'],Санкт-Петербург,['Выборгская'],['Кировско-Выборгская'],['red'],"Санкт-Петербург, Большой Сампсониевский проспект, 64",794796,,500 — 1000,32.0,НПО Компрессор,От 1 года,Полный рабочий день,Не имеет значения,59.976425,30.338093,https://spb.superjob.ru/vakansii/konstruktor-mashinostroenie-51801635.html
51549099,Техник связи,47000,55000,rub,"['IT, Интернет, связь, телеком', 'Услуги, ремонт, сервисное обслуживание', 'Строительство, проектирование, недвижимость']","['Телекоммуникации и связь', 'Телекоммуникационное оборудование и сети', 'Слаботочные системы и сети']",Лениногорск,[],[],[],"Республика Татарстан (Татарстан), Лениногорск, улица Куйбышева, 15",4243646,,более 5000,1.0,Таттелеком,Без опыта,Полный рабочий день,Среднее специальное,54.604733,52.44733,https://leninogorsk.superjob.ru/vakansii/tehnik-svyazi-51549099.html
51835314,Техник-электрик (ремонт ИБП),0,0,rub,"['Строительство, проектирование, недвижимость']",['Электроснабжение'],Москва,"['Речной вокзал', 'Беломорская']","['Замоскворецкая', 'Замоскворецкая']","['green', 'green']","Москва, Северный административный округ, район Левобережный",3138475,,более 5000,70.0,Правительство Москвы,От 1 года,Полный рабочий день,Не имеет значения,55.865425,37.465946,https://www.superjob.ru/vakansii/tehnik-elektrik-51835314.html
51844113,Кладовщик-Приемщик,0,70500,rub,"['Строительство, проектирование, недвижимость']",['Другое'],Москва,[],[],[],"Россия, г Москва, МКАД 84-й км, д 3 стр 1",154882,,более 5000,605.0,Ашан,Без опыта,Полный рабочий день,Не имеет значения,55.913414,37.571121,https://www.superjob.ru/vakansii/kladovschik-priemschik-51844113.html
51845993,Ночной кассир (м. Кропоткинская),109802,124124,rub,"['Строительство, проектирование, недвижимость', 'Промышленность, производство']","['Сметное дело', 'Производство товаров народного потребления']",Москва,"['Парк Культуры', 'Смоленская']","['Кольцевая', 'Филёвская']","['brown', 'blue']","Москва, улица Пречистенка, 25",248733,,более 5000,67.0,Магнолия,Без опыта,Полный рабочий день,Не имеет значения,55.740528,37.591675,https://www.superjob.ru/vakansii/nochnoj-kassir-51845993.html
51849979,Рабочий по комплексному обслуживанию здания (плиточные работы),102000,102000,rub,"['Административная работа, секретариат, АХО', 'Строительство, проектирование, недвижимость', 'Рабочий персонал']","['АХО', 'Эксплуатация зданий', 'Рабочий персонал, разное']",Санкт-Петербург,"['Проспект Просвещения', 'Парнас']","['Московско-Петроградская', 'Московско-Петроградская']","['blue', 'blue']","посёлок Парголово, Михайловская дорога, 14к1",124076,,500 — 1000,4.0,ЦДС,От 1 года,Полный рабочий день,Не имеет значения,,,https://spb.superjob.ru/vakansii/rabochij-po-kompleksnomu-obsluzhivaniyu-zdaniya-51849979.html
51850414,Электромонтер контактной сети,84300,180000,rub,"['Строительство, проектирование, недвижимость', 'Рабочий персонал']","['Электроснабжение', 'Квалифицированный рабочий']",Москва,[],[],[],,4156139,,менее 50,0.0,"ФСК ""Мостоотряд-47""",От 1 года,Полный рабочий день,Не имеет значения,,,https://www.superjob.ru/vakansii/elektromonter-kontaktnoj-seti-51850414.html
51854693,Электромонтажник-расключник (вахта),176000,176000,rub,"['Строительство, проектирование, недвижимость', 'Рабочий персонал']","['Эксплуатация зданий', 'Электроснабжение', 'Квалифицированный рабочий']",Екатеринбург,[],[],[],,3856938,,менее 50,1832.0,"Барс Пром/ООО ""БАРС ПРОМ""",От 1 года,Полный рабочий день,Не имеет значения,,,https://ekaterinburg.superjob.ru/vakansii/elektromontazhnik-rasklyuchnik-51854693.html
51865179,"Электрогазосварщик НАКС (КО, ГО, НДГО)",135000,0,rub,"['Строительство, проектирование, недвижимость', 'Рабочий персонал']","['Трубопроводы', 'Квалифицированный рабочий']",Ногинск,[],[],[],,4553430,,менее 50,9.0,"ФИРМА ""ГАЗКОМПЛЕКТ""",От 3 лет,Полный рабочий день,Не имеет значения,,,https://noginsk.superjob.ru/vakansii/elektrogazosvarschik-naks-51865179.html
51870505,Участковый маркшейдер ПГР,300000,300000,rub,"['Строительство, проектирование, недвижимость', 'Сырье']","['Геодезия, картография, землеустроительство', 'Добыча']",Красноярск,[],[],[],,2841975,,1000 — 5000,571.0,ГЕОПРОМАЙНИНГ,От 1 года,Полный рабочий день,Не имеет значения,,,https://krasnoyarsk.superjob.ru/vakansii/uchastkovyj-markshejder-pgr-51870505.html
45514437,Электромонтер по ремонту электрооборудования,150000,0,rub,"['Строительство, проектирование, недвижимость', 'Топ-персонал', 'Рабочий персонал']","['ЖКХ', 'Электроснабжение', 'Услуги, ремонт, сервисное обслуживание', 'Квалифицированный рабочий']",Москва,"['Таганская', 'Марксистская', 'Калитники']","['Таганско-Краснопресненская', 'Калининско-Солнцевская', 'МЦД2']","['violet', 'yellow', 'fuchsia']","Москва, Автомобильный проезд, 17",3001761,,1000 — 5000,21.0,Автомобильные дороги Центрального административного округа г. Москвы,От 1 года,Полный рабочий день,Среднее специальное,55.729183,37.707108,https://www.superjob.ru/vakansii/elektromonter-po-remontu-elektrooborudovaniya-45514437.html
51726952,Электромонтажник,160000,160000,rub,"['Строительство, проектирование, недвижимость', 'Рабочий персонал']","['Эксплуатация зданий', 'Электроснабжение', 'Квалифицированный рабочий']",Иркутск,[],[],[],,4899646,,менее 50,7.0,Р-Строй,От 1 года,Полный рабочий день,Среднее специальное,,,https://irkutsk.superjob.ru/vakansii/elektromontazhnik-51726952.html
51742117,Электромонтер контактной сети,81750,81750,rub,"['Строительство, проектирование, недвижимость', 'Рабочий персонал']","['Электроснабжение', 'Квалифицированный рабочий']",Смоленск,[],[],[],"Смоленск, улица Энергетиков",2466656,,более 5000,3173.0,Российские железные дороги,Без опыта,Полный рабочий день,Среднее,54.796261,31.814384,https://smolensk.superjob.ru/vakansii/elektromonter-kontaktnoj-seti-51742117.html
51758631,"Пекарь (Зеленогорск, Строителей, 11А)",42000,54600,rub,"['Туризм, гостиницы, общественное питание', 'Строительство, проектирование, недвижимость', 'Промышленность, производство', 'Рабочий персонал']","['Рестораны, кафе, столовые, фастфуд', 'Строительно-монтажные работы', 'Пищевая промышленность', 'Рабочий персонал, разное']",Зеленогорск (Красноярский край),[],[],[],,2635306,,более 5000,45940.0,Пятёрочка,Не имеет значения,Частичная занятость / Совместительство,Не имеет значения,,,https://zelenogorsk-kk.superjob.ru/vakansii/pekar-51758631.html
51782609,Начальник строительного участка монолитных работ,200000,0,rub,"['Строительство, проектирование, недвижимость', 'Топ-персонал']","['Строительно-монтажные работы', 'Управление строительством, девелопмент', 'Строительство, проектирование, недвижимость']",Янино-1,[],[],[],"Ленинградская область, Всеволожский район, городской поселок Янино-1",0,,,,,От 3 лет,Полный рабочий день,Не имеет значения,59.948429,30.563255,https://yanino-1.superjob.ru/vakansii/nachalnik-stroitelnogo-uchastka-monolitnyh-rabot-51782609.html
51825536,Юрисконсульт центра сопровождения закупок,0,0,rub,"['Юриспруденция', 'Строительство, проектирование, недвижимость']","['Другое', 'ЖКХ']",Нижний Новгород,[],[],[],,874575,,1000 — 5000,8229.0,ГК Русагро,От 1 года,Полный рабочий день,Высшее,,,https://nn.superjob.ru/vakansii/yuriskonsult-centra-soprovozhdeniya-zakupok-51825536.html
51834927,Бригадир отдела обслуживания зданий и сооружений,90000,0,rub,"['Строительство, проектирование, недвижимость']","['ЖКХ', 'Подводно-технические работы', 'Строительно-монтажные работы']",Москва,"['Комсомольская', 'Площадь трёх вокзалов']","['Кольцевая', 'МЦД4']","['brown', 'mediumaquamarine']","Москва, Комсомольская площадь, 1с3",2073835,,1000 — 5000,4.0,Мосинжпроект,От 1 года,Полный рабочий день,Не имеет значения,55.777065,37.653774,https://www.superjob.ru/vakansii/brigadir-otdela-obsluzhivaniya-zdanij-i-sooruzhenij-51834927.html
51865585,Автокурьер на личном авто (Оплата патента),70000,160000,rub,"['Строительство, проектирование, недвижимость']","['ЖКХ', 'Технический надзор, строительная экспертиза / ПТО']",Одинцово,[],[],[],"Московская область, г. Одинцово, шоссе Можайское, д. 58А. 58А",0,,,,,Без опыта,Полный рабочий день,Не имеет значения,55.679901,37.288548,https://odintsovo.superjob.ru/vakansii/avtokurer-na-lichnom-avto-51865585.html
51870205,Рабочий по комплексному обслуживанию здания,50000,60000,rub,"['Административная работа, секретариат, АХО', 'Строительство, проектирование, недвижимость', 'Рабочий персонал']","['АХО', 'Эксплуатация зданий', 'Рабочий персонал, разное']",Зеленоград,[],[],[],"Москва, Зеленоград, Каштановая аллея, 2А",4923433,,менее 50,1.0,"АНО ""Школа ""Согласие""",От 1 года,Частичная занятость / Совместительство,Не имеет значения,55.985786,37.228962,https://zelenograd.superjob.ru/vakansii/rabochij-po-kompleksnomu-obsluzhivaniyu-zdaniya-51870205.html
31379185,Слесарь-ремонтник,70000,0,rub,"['Строительство, проектирование, недвижимость', 'Промышленность, производство', 'Рабочий персонал']","['Отопление, вентиляция и кондиционирование', 'Начало карьеры, мало опыта', 'Промышленное оборудование', 'Рабочий персонал, разное', 'Квалифицированный рабочий']",Санкт-Петербург,"['Электросила', 'Бухарестская']","['Московско-Петроградская', 'Фрунзенско-Приморская']","['blue', 'violet']","Санкт-Петербург, Рощинская улица, 48",3417155,,100 — 500,2.0,Кранбург (УМ-3),От 1 года,Полный рабочий день,Среднее специальное,59.88073,30.345234,https://spb.superjob.ru/vakansii/slesar-remontnik-31379185.html
45569322,Начальник строительного участка/Руководитель проекта,210000,0,rub,"['Строительство, проектирование, недвижимость', 'Топ-персонал']","['Строительно-монтажные работы', 'Управление строительством, девелопмент', 'Строительство, проектирование, недвижимость']",Москва,"['Профсоюзная', 'Тульская', 'Нагорная', 'Верхние Котлы']","['Калужско-Рижская', 'Серпуховско-Тимирязевская', 'Серпуховско-Тимирязевская', 'МЦК']","['orange', 'gray', 'gray', 'lightpink']","Москва, Нагорная улица, 4А",71817,,100 — 500,21.0,ЭКО центр,От 6 лет,Полный рабочий день,Не имеет значения,55.682301,37.609325,https://www.superjob.ru/vakansii/nachalnik-stroitelnogo-uchastka-45569322.html
34737913,Электромонтажник,110000,150000,rub,"['Строительство, проектирование, недвижимость', 'Промышленность, производство']","['Электроснабжение', 'Энергетика']",Санкт-Петербург,[],[],[],"Санкт-Петербург, улица Беринга, 23к2",3952173,,менее 50,1.0,КЭС МОНТАЖ ИНН 7806552521,Без опыта,Полный рабочий день,Среднее специальное,59.94556,30.240238,https://spb.superjob.ru/vakansii/elektromontazhnik-34737913.html
48521817,Электромонтер по ремонту и обслуживанию электрооборудования 6 разряда,80000,0,rub,"['Строительство, проектирование, недвижимость', 'Услуги, ремонт, сервисное обслуживание', 'Рабочий персонал']","['Электроснабжение', 'Слаботочные системы и сети', 'Телекоммуникационное оборудование и сети', 'Промышленное оборудование', 'Квалифицированный рабочий']",Череповец,[],[],[],"Вологодская область, Череповец, улица 50-летия Октября, 1/33",3663738,,100 — 500,1.0,ЧЗСМ,От 6 лет,Полный рабочий день,Среднее специальное,59.131912,37.872665,https://cherepovets.superjob.ru/vakansii/elektromonter-po-remontu-i-obsluzhivaniyu-elektrooborudovaniya-6-razryada-48521817.html
49678069,Машинист колёсного экскаватора (полноповоротный),0,150000,rub,"['Строительство, проектирование, недвижимость', 'Рабочий персонал']","['Водоснабжение, канализация', 'Квалифицированный рабочий']",Москва,[],[],[],"Москва, Новочерёмушкинская улица, 23",3590948,,50 — 100,15.0,СТРОЙ КА ИК,От 3 лет,Полный рабочий день,Не имеет значения,55.681839,37.580013,https://www.superjob.ru/vakansii/mashinist-koljosnogo-ekskavatora-49678069.html
51225927,Инженер-электрик,0,0,rub,"['Строительство, проектирование, недвижимость']",['Электроснабжение'],Видное,[],[],[],"Видное, Южная промзона, 15с3",2631007,,более 5000,37.0,ЦЕМРОС,От 3 лет,Полный рабочий день,Не имеет значения,,,https://vidnoe.superjob.ru/vakansii/inzhener-elektrik-51225927.html
51312954,"Электромонтер по ремонту аппаратуры, релейной защиты и автоматики 5 разряд",0,0,rub,"['Строительство, проектирование, недвижимость', 'Рабочий персонал']","['Электроснабжение', 'Слаботочные системы и сети', 'Рабочий персонал, разное', 'Квалифицированный рабочий']",Норильск,[],[],[],"Красноярский край, Норильск",4273213,,500 — 1000,5.0,Черногорская ГРК,От 3 лет,Работа вахтовым методом,Среднее специальное,69.343987,88.210396,https://norilsk.superjob.ru/vakansii/elektromonter-po-remontu-apparatury-51312954.html
51725249,Инженер по сопровождению проектов дирекции строительства (по работе УК и гарантиям),172500,0,rub,"['Строительство, проектирование, недвижимость']","['Строительно-монтажные работы', 'Технический надзор, строительная экспертиза / ПТО', 'Другое']",Санкт-Петербург,"['Удельная', 'Озерки', 'Проспект Просвещения', 'Парнас']","['Московско-Петроградская', 'Московско-Петроградская', 'Московско-Петроградская', 'Московско-Петроградская']","['blue', 'blue', 'blue', 'blue']","Санкт-Петербург, проспект Энгельса",13775,,1000 — 5000,21.0,Setl Group,От 1 года,Полный рабочий день,Высшее,60.051216,30.333906,https://spb.superjob.ru/vakansii/inzhener-po-soprovozhdeniyu-proektov-direkcii-stroitelstva-51725249.html
51726841,Инженер-проектировщик ИССО,74675,74675,rub,"['Строительство, проектирование, недвижимость']",['Проектирование'],Саратов,[],[],[],"Саратов, Большая Садовая улица, 239",3440179,,1000 — 5000,28.0,Росжелдорпроект,От 3 лет,Полный рабочий день,Не имеет значения,51.54866,46.00666,https://saratov.superjob.ru/vakansii/inzhener-proektirovschik-isso-51726841.html
51735621,Мастер СМР (Генподряд),0,0,rub,"['Строительство, проектирование, недвижимость']",['Строительно-монтажные работы'],Екатеринбург,[],[],[],"Екатеринбург, микрорайон Академический",4954091,,менее 50,16.0,Страна Девелопмент,От 1 года,Полный рабочий день,Не имеет значения,56.778023,60.520145,https://ekaterinburg.superjob.ru/vakansii/master-smr-51735621.html
51737194,Контролёр на контрольно пропускном пункте,45000,55000,rub,"['Строительство, проектирование, недвижимость']","['Эксплуатация зданий', 'Электроснабжение']",Санкт-Петербург,['Выборгская'],['Кировско-Выборгская'],['red'],"Санкт-Петербург, Большой Сампсониевский проспект, 64",794796,,500 — 1000,32.0,НПО Компрессор,От 1 года,Полный рабочий день,Не имеет значения,59.976425,30.338093,https://spb.superjob.ru/vakansii/kontroljor-na-kontrolno-propusknom-punkte-51737194.html
51747326,Машинист крана,105884,0,rub,"['Строительство, проектирование, недвижимость', 'Рабочий персонал']","['Благоустройство территорий', 'Строительно-монтажные работы', 'Квалифицированный рабочий']",Санкт-Петербург,[],[],[],"Санкт-Петербург, проспект Стачек, 47БШ",22810,,500 — 1000,5.0,Металлсервис,От 1 года,Полный рабочий день,Не имеет значения,59.882687,30.261358,https://spb.superjob.ru/vakansii/mashinist-krana-51747326.html
51765558,Стажёр в агентство недвижимости,300000,550000,rub,"['Строительство, проектирование, недвижимость']","['Сметное дело', 'Управление недвижимостью', 'Начало карьеры, мало опыта']",Москва,"['Аэропорт', 'Сокол', 'Панфиловская', 'Красный Балтиец']","['Замоскворецкая', 'Замоскворецкая', 'МЦК', 'МЦД2']","['green', 'green', 'lightpink', 'fuchsia']",,813261,,1000 — 5000,286.0,МИЭЛЬ,Без опыта,Полный рабочий день,Не имеет значения,,,https://www.superjob.ru/vakansii/stazhjor-v-agentstvo-nedvizhimosti-51765558.html
51780800,Слесарь по обслуживанию тепловых сетей,59000,65000,rub,"['Строительство, проектирование, недвижимость']","['Отопление, вентиляция и кондиционирование']",Ярославль,[],[],[],"Ярославль, улица Полушкина Роща, 7",3842962,,менее 50,0.0,ТГК-2,Без опыта,Полный рабочий день,Не имеет значения,57.648605,39.876312,https://yaroslavl.superjob.ru/vakansii/slesar-po-obsluzhivaniyu-teplovyh-setej-51780800.html
51782877,Продавец в зону готовой еды,63200,90500,rub,"['Строительство, проектирование, недвижимость', 'Промышленность, производство', 'Топ-персонал']","['Управление недвижимостью', 'Пищевая промышленность', 'Промышленность, производство, сельское хозяйство']",Санкт-Петербург,[],[],[],"Санкт-Петербург, Рыбацкий проспект, 17к1",280168,,более 5000,18164.0,"Магнит, Розничная сеть",Не имеет значения,Сменный график работы,Не имеет значения,59.841869,30.496061,https://spb.superjob.ru/vakansii/prodavec-v-zonu-gotovoj-edy-51782877.html
51785315,Электрогазосварщик,70000,0,rub,"['Строительство, проектирование, недвижимость', 'Рабочий персонал']","['Благоустройство территорий', 'Строительно-монтажные работы', 'Квалифицированный рабочий']",Киров (Калужская область),[],[],[],деревня Малые Савки,51445,,1000 — 5000,6287.0,Союзснаб,От 1 года,Полный рабочий день,Не имеет значения,,,https://kirov-kaluga.superjob.ru/vakansii/elektrogazosvarschik-51785315.html
51801445,Инженер ПТО,100000,140000,rub,"['Строительство, проектирование, недвижимость']","['Технический надзор, строительная экспертиза / ПТО']",Москва,[],[],[],"Москва, Новослободская улица, 50/1с2",4959062,,менее 50,1.0,Эквитас,Без опыта,Полный рабочий день,Не имеет значения,55.786995,37.594421,https://www.superjob.ru/vakansii/inzhener-pto-51801445.html
51825522,Стропальщик,0,107000,rub,"['Строительство, проектирование, недвижимость', 'Рабочий персонал']","['Строительно-монтажные работы', 'Квалифицированный рабочий']",Обнинск,[],[],[],"Калужская область, Обнинск, улица Менделеева, 14",47545,,более 5000,0.0,Группа Компаний ПИК,Без опыта,Полный рабочий день,Не имеет значения,55.086224,36.589584,https://obninsk.superjob.ru/vakansii/stropalschik-51825522.html
51325715,Машинист экскаватора (тракторист),53000,60000,rub,"['Транспорт, логистика, ВЭД', 'Строительство, проектирование, недвижимость', 'Рабочий персонал']","['Автоперевозки', 'Благоустройство территорий', 'Рабочий персонал, разное', 'Квалифицированный рабочий']",Альметьевск,[],[],[],"Республика Татарстан (Татарстан), Альметьевск, Советская улица, 186с1",4243646,,более 5000,1.0,Таттелеком,Без опыта,Полный рабочий день,Не имеет значения,54.912762,52.311279,https://almetyevsk.superjob.ru/vakansii/mashinist-ekskavatora-51325715.html
51831744,Столяр строительный 6 разряда,0,90000,rub,"['Строительство, проектирование, недвижимость']","['Сметное дело', 'Строительно-монтажные работы']",Санкт-Петербург,"['Пролетарская', 'Ломоносовская', 'Улица Дыбенко', 'Проспект Большевиков', 'Ладожская', 'Новочеркасская', 'Площадь Александра Невского 2', 'Елизаровская']","['Невско-Василеостровская', 'Невско-Василеостровская', 'Правобережная', 'Правобережная', 'Правобережная', 'Правобережная', 'Правобережная', 'Невско-Василеостровская']","['green', 'green', 'yellow', 'yellow', 'yellow', 'yellow', 'yellow', 'green']","Санкт-Петербург, улица Седова, 7",441150,,более 5000,126.0,"СПб ГУП ""Горэлектротранс""",От 1 года,Полный рабочий день,Не имеет значения,59.902851,30.39077,https://spb.superjob.ru/vakansii/stolyar-stroitelnyj-6-razryada-51831744.html
51834610,Инженер ПТО / Инженер-сметчик,120000,0,rub,"['Строительство, проектирование, недвижимость']","['Сметное дело', 'Технический надзор, строительная экспертиза / ПТО']",Москва,['Выхино'],['МЦД3'],['orangered'],"Москва, Рязанский проспект, 99с9",4342931,,менее 50,4.0,СИМ Инжиниринг,От 1 года,Полный рабочий день,Не имеет значения,55.715981,37.812515,https://www.superjob.ru/vakansii/inzhener-pto-51834610.html
51845990,Кассир ночной (м. Университет),109802,125000,rub,"['Строительство, проектирование, недвижимость']",['ЖКХ'],Москва,[],[],[],"Москва, Ленинский проспект, 69",248733,,более 5000,67.0,Магнолия,Без опыта,Полный рабочий день,Не имеет значения,55.690372,37.550655,https://www.superjob.ru/vakansii/kassir-nochnoj-51845990.html
51848042,Монтажник турбоагрегатов и синхронных компенсаторов,310000,350000,rub,"['Строительство, проектирование, недвижимость', 'Рабочий персонал']","['Строительно-монтажные работы', 'Рабочий персонал, разное', 'Квалифицированный рабочий']",Ступино,[],[],[],Кашира,4595880,,более 5000,68.0,Инжиниринговый холдинг «эВ-групп»,От 3 лет,Полный рабочий день,Не имеет значения,,,https://stupino.superjob.ru/vakansii/montazhnik-turboagregatov-i-sinhronnyh-kompensatorov-51848042.html
51850359,Маляр АКЗ,135000,160000,rub,"['Строительство, проектирование, недвижимость', 'Рабочий персонал']","['Строительно-монтажные работы', 'Рабочий персонал, разное', 'Квалифицированный рабочий']",Иркутск,[],[],[],,2837310,,более 5000,65.0,СтройТрансНефтеГаз,От 1 года,Полный рабочий день,Не имеет значения,,,https://irkutsk.superjob.ru/vakansii/malyar-akz-51850359.html
51850377,Разнорабочий по комплексному обслуживанию зданий на территории храма блаженной Матроны Московской,90000,100000,rub,"['Строительство, проектирование, недвижимость']","['ЖКХ', 'Подводно-технические работы']",Москва,[],[],[],"Москва, Профсоюзная улица, 132к7А",3802096,,менее 50,3.0,Храм Иверской иконы Божией Матери в Беляево,От 1 года,Полный рабочий день,Не имеет значения,55.632526,37.507412,https://www.superjob.ru/vakansii/raznorabochij-po-kompleksnomu-obsluzhivaniyu-zdanij-na-territorii-hrama-blazhennoj-matrony-moskovskoj-51850377.html
51850415,Электромонтер контактной сети,84300,180000,rub,"['Строительство, проектирование, недвижимость', 'Рабочий персонал']","['Электроснабжение', 'Квалифицированный рабочий']",Санкт-Петербург,[],[],[],,4156139,,менее 50,0.0,"ФСК ""Мостоотряд-47""",От 1 года,Полный рабочий день,Не имеет значения,,,https://spb.superjob.ru/vakansii/elektromonter-kontaktnoj-seti-51850415.html
51854694,Электромонтажник-расключник (вахта),176000,176000,rub,"['Строительство, проектирование, недвижимость', 'Рабочий персонал']","['Эксплуатация зданий', 'Электроснабжение', 'Квалифицированный рабочий']",Хабаровск,[],[],[],,3856938,,менее 50,1832.0,"Барс Пром/ООО ""БАРС ПРОМ""",От 1 года,Полный рабочий день,Не имеет значения,,,https://habarovsk.superjob.ru/vakansii/elektromontazhnik-rasklyuchnik-51854694.html
51865131,Сотрудник на выпечку полуфабрикатов,0,71700,rub,"['Строительство, проектирование, недвижимость']","['Электроснабжение', 'Разработка генерального плана']",Москва,[],[],[],"Россия, г Москва, ул Кастанаевская, д 54 к 3",154882,,более 5000,605.0,Ашан,Без опыта,Полный рабочий день,Не имеет значения,55.735577,37.467796,https://www.superjob.ru/vakansii/sotrudnik-na-vypechku-polufabrikatov-51865131.html
51865180,"Электрогазосварщик НАКС (КО, ГО, НДГО)",135000,0,rub,"['Строительство, проектирование, недвижимость', 'Рабочий персонал']","['Трубопроводы', 'Квалифицированный рабочий']",Павловский Посад,[],[],[],,4553430,,менее 50,9.0,"ФИРМА ""ГАЗКОМПЛЕКТ""",От 3 лет,Полный рабочий день,Не имеет значения,,,https://pavlovskiy-posad.superjob.ru/vakansii/elektrogazosvarschik-naks-51865180.html
51868644,Сантехник,70000,0,rub,"['Строительство, проектирование, недвижимость', 'Рабочий персонал']","['Водоснабжение, канализация', 'Рабочий персонал, разное', 'Квалифицированный рабочий']",Санкт-Петербург,[],[],[],"Санкт-Петербург, Приморский район",4439,,1000 — 5000,1.0,"Группа Компаний ""Эталон""",От 1 года,Полный рабочий день,Не имеет значения,60.008163,30.259113,https://spb.superjob.ru/vakansii/santehnik-51868644.html
51870503,Участковый маркшейдер ПГР,300000,300000,rub,"['Строительство, проектирование, недвижимость', 'Сырье']","['Геодезия, картография, землеустроительство', 'Добыча']",Якутск,[],[],[],,2841975,,1000 — 5000,571.0,ГЕОПРОМАЙНИНГ,От 1 года,Полный рабочий день,Не имеет значения,,,https://yakutsk.superjob.ru/vakansii/uchastkovyj-markshejder-pgr-51870503.html
50324106,Сантехник,95000,0,rub,"['Строительство, проектирование, недвижимость', 'Рабочий персонал']","['Водоснабжение, канализация', 'Рабочий персонал, разное', 'Квалифицированный рабочий']",Москва,['Домодедовская'],['Замоскворецкая'],['green'],"Московская область, городской округ Домодедово, аэропорт Домодедово имени М.В. Ломоносова, 8",4016438,,более 5000,44.0,Московский аэропорт Домодедово,Без опыта,Сменный график работы,Среднее специальное,55.418175,37.889797,https://www.superjob.ru/vakansii/santehnik-50324106.html
51726953,Электромонтажник,160000,160000,rub,"['Строительство, проектирование, недвижимость', 'Рабочий персонал']","['Эксплуатация зданий', 'Электроснабжение', 'Квалифицированный рабочий']",Екатеринбург,[],[],[],,4899646,,менее 50,7.0,Р-Строй,От 1 года,Полный рабочий день,Среднее специальное,,,https://ekaterinburg.superjob.ru/vakansii/elektromontazhnik-51726953.html
51782608,Прораб монолитных работ,140000,0,rub,"['Строительство, проектирование, недвижимость']",['Строительно-монтажные работы'],Янино-1,[],[],[],"Ленинградская область, Всеволожский район, городской поселок Янино-1",0,,,,,От 3 лет,Полный рабочий день,Не имеет значения,59.948429,30.563255,https://yanino-1.superjob.ru/vakansii/prorab-monolitnyh-rabot-51782608.html
51799881,"Пекарь (Ухта, Строителей, 10)",51000,62000,rub,"['Туризм, гостиницы, общественное питание', 'Строительство, проектирование, недвижимость', 'Промышленность, производство', 'Рабочий персонал']","['Рестораны, кафе, столовые, фастфуд', 'Строительно-монтажные работы', 'Пищевая промышленность', 'Рабочий персонал, разное']",Ухта,[],[],[],,2635306,,более 5000,45940.0,Пятёрочка,Не имеет значения,Частичная занятость / Совместительство,Не имеет значения,,,https://uhta.superjob.ru/vakansii/pekar-51799881.html
51825532,Юрисконсульт центра сопровождения закупок,0,0,rub,"['Юриспруденция', 'Строительство, проектирование, недвижимость']","['Другое', 'ЖКХ']",Тамбов,[],[],[],,874575,,1000 — 5000,8229.0,ГК Русагро,От 1 года,Полный рабочий день,Высшее,,,https://tambov.superjob.ru/vakansii/yuriskonsult-centra-soprovozhdeniya-zakupok-51825532.html
51835313,Старший электромеханик,90000,110000,rub,"['Строительство, проектирование, недвижимость', 'Услуги, ремонт, сервисное обслуживание', 'Рабочий персонал']","['Электроснабжение', 'Промышленное оборудование', 'Квалифицированный рабочий']",Волоколамск,[],[],[],"Московская область, Волоколамск, Ямская улица",2466656,,более 5000,3173.0,Российские железные дороги,Без опыта,Полный рабочий день,Не имеет значения,55.993443,35.958195,https://volokolamsk.superjob.ru/vakansii/starshij-elektromehanik-51835313.html
51865322,Автокурьер на личном авто (Оплата патента),70000,160000,rub,"['Строительство, проектирование, недвижимость']","['Строительно-монтажные работы', 'Экологическое сопровождение проектов']",Москва,['Говорово'],['Калининско-Солнцевская'],['yellow'],"г Москва, улица 50 лет Октября, д. 4. 4",0,,,,,Без опыта,Полный рабочий день,Не имеет значения,55.654606,37.416492,https://www.superjob.ru/vakansii/avtokurer-na-lichnom-avto-51865322.html
51870381,Распиловщик форматно-раскроечного станка,90000,100000,rub,"['Строительство, проектирование, недвижимость', 'Промышленность, производство']","['Конструирование', 'Атомная энергетика']",Великий Новгород,[],[],[],"г Великий Новгород, ул Промышленная, д 13",3797376,,менее 50,337.0,JOBCART.RU,От 1 года,Полный рабочий день,Не имеет значения,58.56004,31.269222,https://novgorod.superjob.ru/vakansii/raspilovschik-formatno-raskroechnogo-stanka-51870381.html
11831204,"Менеджер по недвижимости (вторичный рынок жилья, м. Братиславская)",150000,0,rub,"['Продажи', 'Строительство, проектирование, недвижимость']","['Агентства недвижимости, оценка недвижимости', 'Другое', 'Другое', 'Начало карьеры, мало опыта']",Москва,"['Люблино', 'Братиславская', 'Марьино', 'Борисово', 'Алма-Атинская']","['Люблинско-Дмитровская', 'Люблинско-Дмитровская', 'Люблинско-Дмитровская', 'Люблинско-Дмитровская', 'Замоскворецкая']","['lime', 'lime', 'lime', 'lime', 'green']","Москва, Братиславская улица, 26",186972,,1000 — 5000,1010.0,ИНКОМ - Недвижимость,Без опыта,Полный рабочий день,Среднее специальное,55.654308,37.763737,https://www.superjob.ru/vakansii/menedzher-po-nedvizhimosti-11831204.html
50393475,Строитель-универсал (стройка),130000,150000,rub,"['Строительство, проектирование, недвижимость', 'Рабочий персонал']","['Строительно-монтажные работы', 'Рабочий персонал, разное', 'Квалифицированный рабочий']",Москва,"['Профсоюзная', 'Тульская', 'Нагорная']","['Калужско-Рижская', 'Серпуховско-Тимирязевская', 'Серпуховско-Тимирязевская']","['orange', 'gray', 'gray']","Москва, Нагорная улица, 4А",71817,,100 — 500,21.0,ЭКО центр,От 3 лет,Полный рабочий день,Не имеет значения,55.682301,37.609325,https://www.superjob.ru/vakansii/stroitel-universal-50393475.html
50404749,Ведущий инженер-конструктор,105000,0,rub,"['Строительство, проектирование, недвижимость', 'Промышленность, производство']","['Конструирование', 'Машиностроение, станкостроение', 'Промышленное оборудование', 'Радиотехническая и электронная промышленность', 'Энергомашиностроение']",Курган,[],[],[],"Курган, Автозаводская улица, 1А",4266459,,500 — 1000,8.0,Специальное конструкторское технологическое бюро Курганприбор,От 3 лет,Полный рабочий день,Высшее,55.428608,65.26329,https://kurgan.superjob.ru/vakansii/veduschij-inzhener-konstruktor-50404749.html
50469020,Инженер-проектировщик электроснабжения,60000,60000,rub,"['Строительство, проектирование, недвижимость']","['Проектирование', 'Электроснабжение']",Йошкар-Ола,[],[],[],"Йошкар-Ола, Ленинский проспект, 59Г",4149648,,менее 50,1.0,ПУ Парус,От 1 года,Полный рабочий день,Высшее,56.634754,47.874752,https://ioshkar-ola.superjob.ru/vakansii/inzhener-proektirovschik-elektrosnabzheniya-50469020.html
50599238,Электромонтер по ремонту и обслуживанию электрооборудования 3-го разряда,25000,30000,rub,"['Услуги, ремонт, сервисное обслуживание', 'Рабочий персонал', 'Строительство, проектирование, недвижимость']","['Телекоммуникационное оборудование и сети', 'Промышленное оборудование', 'Рабочий персонал, разное', 'Слаботочные системы и сети']",Москва,['Савёловская'],['МЦД4'],['mediumaquamarine'],"Москва, улица Сущёвский Вал, 1",4887815,,более 5000,62.0,Социальный фонд России,От 1 года,Сменный график работы,Не имеет значения,55.79351,37.590542,https://www.superjob.ru/vakansii/elektromonter-po-remontu-i-obsluzhivaniyu-elektrooborudovaniya-3-go-razryada-50599238.html
50929714,Инженер-проектировщик архитектурных и конструктивных решений,0,0,rub,"['Строительство, проектирование, недвижимость']",['Проектирование'],Москва,"['Рассказовка', 'Пыхтино', 'Аэропорт Внуково']","['Калининско-Солнцевская', 'Калининско-Солнцевская', 'Калининско-Солнцевская']","['yellow', 'yellow', 'yellow']","Москва, Солнцевская линия, метро Аэропорт Внуково",2720788,,1000 — 5000,47.0,Международный аэропорт Внуково,От 1 года,Полный рабочий день,Не имеет значения,55.607086,37.287701,https://www.superjob.ru/vakansii/inzhener-proektirovschik-arhitekturnyh-i-konstruktivnyh-reshenij-50929714.html
34022945,Помощник настоятеля по строительной и технической части,60000,70000,rub,"['Строительство, проектирование, недвижимость', 'Рабочий персонал']","['Водоснабжение, канализация', 'Электроснабжение', 'Слаботочные системы и сети', 'Рабочий персонал, разное', 'Квалифицированный рабочий']",Москва,['Коньково'],['Калужско-Рижская'],['orange'],"Москва, Профсоюзная улица, 132к7А",3802096,,менее 50,3.0,Храм Иверской иконы Божией Матери в Беляево,От 1 года,Полный рабочий день,Среднее,55.632526,37.507412,https://www.superjob.ru/vakansii/pomoschnik-nastoyatelya-po-stroitelnoj-i-tehnicheskoj-chasti-34022945.html
51225928,Инженер-электрик,0,0,rub,"['Строительство, проектирование, недвижимость']",['Электроснабжение'],Домодедово,[],[],[],"Видное, Южная промзона, 15с3",2631007,,более 5000,37.0,ЦЕМРОС,От 3 лет,Полный рабочий день,Не имеет значения,,,https://domodedovo.superjob.ru/vakansii/inzhener-elektrik-51225928.html
51007330,Заместитель начальника ПТО,0,95600,rub,"['Строительство, проектирование, недвижимость']","['Технический надзор, строительная экспертиза / ПТО']",Санкт-Петербург,[],[],[],"Санкт-Петербург, набережная реки Карповки, 13",441150,,более 5000,126.0,"СПб ГУП ""Горэлектротранс""",От 3 лет,Полный рабочий день,Не имеет значения,59.968624,30.312634,https://spb.superjob.ru/vakansii/zamestitel-nachalnika-pto-51007330.html
51682656,Электромонтер РЗА 5 разряд,0,0,rub,"['Строительство, проектирование, недвижимость', 'Рабочий персонал']","['Электроснабжение', 'Квалифицированный рабочий']",Санкт-Петербург,[],[],[],,4273213,,500 — 1000,5.0,Черногорская ГРК,От 3 лет,Полный рабочий день,Среднее специальное,,,https://spb.superjob.ru/vakansii/elektromonter-rza-5-razryad-51682656.html
51709967,Сторож,40000,0,rub,"['Строительство, проектирование, недвижимость']","['Подводно-технические работы', 'Проектирование', 'Управление строительством, девелопмент', 'Управление проектами (ГИП)']",Щелково,[],[],[],"Московская область, Щёлково",4057473,,500 — 1000,248.0,Публично-правовая компания «Военно-строительная компания»,От 1 года,Полный рабочий день,Не имеет значения,55.920219,37.991531,https://schelkovo.superjob.ru/vakansii/storozh-51709967.html
51725247,Инженер по строительству службы Заказчика-Застройщика,150000,0,rub,"['Строительство, проектирование, недвижимость']","['Строительно-монтажные работы', 'Технический надзор, строительная экспертиза / ПТО', 'Управление строительством, девелопмент', 'Управление проектами (ГИП)']",Санкт-Петербург,[],[],[],,13775,,1000 — 5000,21.0,Setl Group,От 1 года,Полный рабочий день,Высшее,,,https://spb.superjob.ru/vakansii/inzhener-po-stroitelstvu-sluzhby-zakazchika-zastrojschika-51725247.html
51735573,"Электрогазосварщик ручной сварки (НАКС СК 1, 2, 3, сварка составных свай)",155000,196000,rub,"['Строительство, проектирование, недвижимость', 'Рабочий персонал']","['Благоустройство территорий', 'Строительно-монтажные работы', 'Квалифицированный рабочий']",Хабаровск,[],[],[],,4407559,,менее 50,21.0,ГСП-6,От 1 года,Полный рабочий день,Не имеет значения,,,https://habarovsk.superjob.ru/vakansii/elektrogazosvarschik-ruchnoj-svarki-51735573.html
51735629,Инженер по расчету объёмов (ЭОМ и СС),0,0,rub,"['Строительство, проектирование, недвижимость']",['Другое'],Тюмень,[],[],[],"Тюмень, Харьковская улица, 72Б",4954091,,менее 50,16.0,Страна Девелопмент,От 1 года,Полный рабочий день,Не имеет значения,57.138023,65.603004,https://tyumen.superjob.ru/vakansii/inzhener-po-raschetu-objomov-51735629.html
51733159,Главный специалист по работе с клиентми,27093,28000,rub,"['Дизайн', 'Строительство, проектирование, недвижимость']","['Дизайн интерьера', 'Подводно-технические работы']",Карачаевск,[],[],[],"Карачаевский район, аул Новая Теберда",14215,,более 5000,1380.0,Почта России,Без опыта,Полный рабочий день,Не имеет значения,43.672798,41.895206,https://karachaevsk.superjob.ru/vakansii/glavnyj-specialist-po-rabote-s-klientmi-51733159.html
51649391,Сервисный инженер,64000,72000,rub,"['Услуги, ремонт, сервисное обслуживание', 'Строительство, проектирование, недвижимость']","['Телекоммуникационное оборудование и сети', 'Слаботочные системы и сети']",Большие Кайбицы,[],[],[],"Кайбицкий район, село Большие Кайбицы, Солнечный бульвар, 11",4243646,,более 5000,1.0,Таттелеком,Без опыта,Полный рабочий день,Высшее,,,https://bolshie-kaybitsy.superjob.ru/vakansii/servisnyj-inzhener-51649391.html
51765564,Начинающий специалист по недвижимости/Помощник риелтора МИЭЛЬ,680000,780000,rub,"['Строительство, проектирование, недвижимость']","['Сметное дело', 'Строительно-монтажные работы', 'Технический надзор, строительная экспертиза / ПТО']",Москва,"['Рижская', 'Марьина роща']","['МЦД2', 'МЦД4']","['fuchsia', 'mediumaquamarine']","Москва, улица Сущёвский Вал, 64",813261,,1000 — 5000,286.0,МИЭЛЬ,Без опыта,Полный рабочий день,Не имеет значения,55.79179,37.626385,https://www.superjob.ru/vakansii/nachinayuschij-specialist-po-nedvizhimosti-51765564.html
51780789,Слесарь по обслуживанию тепловых сетей,59000,65000,rub,"['Строительство, проектирование, недвижимость']","['Отопление, вентиляция и кондиционирование']",Ярославль,[],[],[],"Ярославль, улица Нефтяников, 11А",3842962,,менее 50,0.0,ТГК-2,Без опыта,Полный рабочий день,Не имеет значения,57.579514,39.836849,https://yaroslavl.superjob.ru/vakansii/slesar-po-obsluzhivaniyu-teplovyh-setej-51780789.html
51780978,Продавец в зону готовой еды,45600,68400,rub,"['Продажи', 'Строительство, проектирование, недвижимость']","['Агентства недвижимости, оценка недвижимости', 'Благоустройство территорий', 'Управление недвижимостью']",Мытищи,[],[],[],"Мытищи, Драчево, АОЗТ СХП Менжинец",280168,,более 5000,18164.0,"Магнит, Розничная сеть",Не имеет значения,Сменный график работы,Не имеет значения,56.106403,37.572018,https://mytischi.superjob.ru/vakansii/prodavec-v-zonu-gotovoj-edy-51780978.html
51782580,Главный теплотехник,80000,100000,rub,"['Строительство, проектирование, недвижимость']","['Отопление, вентиляция и кондиционирование']",Санкт-Петербург,[],[],[],"Санкт-Петербург, переулок Челиева, 13к3Т",4791977,,менее 50,0.0,АТЛАНТИЧЕСКИЙ АЛЬЯНС,От 3 лет,Полный рабочий день,Высшее,59.888184,30.478346,https://spb.superjob.ru/vakansii/glavnyj-teplotehnik-51782580.html
51795127,Мастер аварийно-восстановительной бригады по наружному освещению (Юго-Западный район),0,138000,rub,"['Строительство, проектирование, недвижимость']","['Благоустройство территорий', 'ЖКХ', 'Подводно-технические работы']",Москва,['Калужская'],['Калужско-Рижская'],['orange'],"Москва, улица Введенского, 1А",4019802,,более 5000,44.0,Объединенная энергетическая компания,От 1 года,Полный рабочий день,Не имеет значения,55.648281,37.549778,https://www.superjob.ru/vakansii/master-avarijno-vosstanovitelnoj-brigady-po-naruzhnomu-osvescheniyu-51795127.html
51799221,"Электрогазосварщик, г. Саратов вахта 30/30",180000,200000,rub,"['Строительство, проектирование, недвижимость', 'Рабочий персонал']","['Благоустройство территорий', 'Строительно-монтажные работы', 'Квалифицированный рабочий']",Краснодар,[],[],[],,3925670,,1000 — 5000,14.0,Бамтоннельстрой-Мост,От 1 года,Полный рабочий день,Не имеет значения,,,https://krasnodar.superjob.ru/vakansii/elektrogazosvarschik-51799221.html
51825519,Сантехник,0,81925,rub,"['Строительство, проектирование, недвижимость', 'Рабочий персонал']","['Водоснабжение, канализация', 'Рабочий персонал, разное', 'Квалифицированный рабочий']",Обнинск,[],[],[],"Калужская область, Обнинск, улица Менделеева, 14",47545,,более 5000,0.0,Группа Компаний ПИК,От 3 лет,Полный рабочий день,Не имеет значения,55.086224,36.589584,https://obninsk.superjob.ru/vakansii/santehnik-51825519.html
51845962,Администратор магазина (м. Университет),103730,117260,rub,"['Продажи', 'Строительство, проектирование, недвижимость']","['Агентства недвижимости, оценка недвижимости', 'Управление недвижимостью']",Москва,[],[],[],"Москва, Ломоносовский проспект, 18",248733,,более 5000,67.0,Магнолия,От 1 года,Полный рабочий день,Не имеет значения,55.692844,37.540352,https://www.superjob.ru/vakansii/administrator-magazina-51845962.html
51848035,Монтажник турбоагрегатов и синхронных компенсаторов,310000,350000,rub,"['Строительство, проектирование, недвижимость', 'Рабочий персонал']","['Строительно-монтажные работы', 'Рабочий персонал, разное', 'Квалифицированный рабочий']",Домодедово,[],[],[],Кашира,4595880,,более 5000,68.0,Инжиниринговый холдинг «эВ-групп»,От 3 лет,Полный рабочий день,Не имеет значения,,,https://domodedovo.superjob.ru/vakansii/montazhnik-turboagregatov-i-sinhronnyh-kompensatorov-51848035.html
51850360,Маляр АКЗ,135000,160000,rub,"['Строительство, проектирование, недвижимость', 'Рабочий персонал']","['Строительно-монтажные работы', 'Рабочий персонал, разное', 'Квалифицированный рабочий']",Новосибирск,[],[],[],,2837310,,более 5000,65.0,СтройТрансНефтеГаз,От 1 года,Полный рабочий день,Не имеет значения,,,https://nsk.superjob.ru/vakansii/malyar-akz-51850360.html
51850416,Электромонтер контактной сети,84300,180000,rub,"['Строительство, проектирование, недвижимость', 'Рабочий персонал']","['Электроснабжение', 'Квалифицированный рабочий']",Великий Новгород,[],[],[],,4156139,,менее 50,0.0,"ФСК ""Мостоотряд-47""",От 1 года,Полный рабочий день,Не имеет значения,,,https://novgorod.superjob.ru/vakansii/elektromonter-kontaktnoj-seti-51850416.html
51854695,Электромонтажник-расключник (вахта),176000,176000,rub,"['Строительство, проектирование, недвижимость', 'Рабочий персонал']","['Эксплуатация зданий', 'Электроснабжение', 'Квалифицированный рабочий']",Владивосток,[],[],[],,3856938,,менее 50,1832.0,"Барс Пром/ООО ""БАРС ПРОМ""",От 1 года,Полный рабочий день,Не имеет значения,,,https://vladivostok.superjob.ru/vakansii/elektromontazhnik-rasklyuchnik-51854695.html
51865121,Сотрудник на выпечку полуфабрикатов,0,71700,rub,"['Строительство, проектирование, недвижимость']","['Подводно-технические работы', 'Сметное дело']",Москва,[],[],[],"Москва, Окружной проезд, вл2Ас1",154882,,более 5000,605.0,Ашан,Без опыта,Полный рабочий день,Не имеет значения,55.803982,37.744755,https://www.superjob.ru/vakansii/sotrudnik-na-vypechku-polufabrikatov-51865121.html
51865181,"Электрогазосварщик НАКС (КО, ГО, НДГО)",135000,0,rub,"['Строительство, проектирование, недвижимость', 'Рабочий персонал']","['Трубопроводы', 'Квалифицированный рабочий']",Реутов,[],[],[],,4553430,,менее 50,9.0,"ФИРМА ""ГАЗКОМПЛЕКТ""",От 3 лет,Полный рабочий день,Не имеет значения,,,https://reutov.superjob.ru/vakansii/elektrogazosvarschik-naks-51865181.html
51870379,Электросварщик,150000,167000,rub,"['Строительство, проектирование, недвижимость', 'Рабочий персонал']","['Строительно-монтажные работы', 'Квалифицированный рабочий']",Москва,['Авиамоторная'],['МЦД3'],['orangered'],,406175,,более 5000,112.0,PRIDEX Group,От 1 года,Полный рабочий день,Не имеет значения,,,https://www.superjob.ru/vakansii/elektrosvarschik-51870379.html
51870504,Участковый маркшейдер ПГР,300000,300000,rub,"['Строительство, проектирование, недвижимость', 'Сырье']","['Геодезия, картография, землеустроительство', 'Добыча']",Иркутск,[],[],[],,2841975,,1000 — 5000,571.0,ГЕОПРОМАЙНИНГ,От 1 года,Полный рабочий день,Не имеет значения,,,https://irkutsk.superjob.ru/vakansii/uchastkovyj-markshejder-pgr-51870504.html
47790616,Монтажник светопрозрачных конструкций,80000,0,rub,"['Строительство, проектирование, недвижимость', 'Рабочий персонал']","['Строительно-монтажные работы', 'Рабочий персонал, разное', 'Квалифицированный рабочий']",Москва,[],[],[],,4542667,,менее 50,1.0,ГЛАССВЭЙ,От 3 лет,Полный рабочий день,Не имеет значения,,,https://www.superjob.ru/vakansii/montazhnik-svetoprozrachnyh-konstrukcij-47790616.html
50947040,"Пекарь (Альметьевск, Строителей, 10А)",45000,51500,rub,"['Туризм, гостиницы, общественное питание', 'Строительство, проектирование, недвижимость', 'Промышленность, производство', 'Рабочий персонал']","['Рестораны, кафе, столовые, фастфуд', 'Строительно-монтажные работы', 'Пищевая промышленность', 'Рабочий персонал, разное']",Альметьевск,[],[],[],,2635306,,более 5000,45940.0,Пятёрочка,Не имеет значения,Частичная занятость / Совместительство,Не имеет значения,,,https://almetyevsk.superjob.ru/vakansii/pekar-50947040.html
51713115,Дежурный техник,5300,5300,rub,"['Административная работа, секретариат, АХО', 'Строительство, проектирование, недвижимость']","['АХО', 'Эксплуатация зданий']",Санкт-Петербург,['Крестовский остров'],['Фрунзенско-Приморская'],['violet'],"Санкт-Петербург, Крестовский проспект, 4",3494791,,500 — 1000,0.0,Управление комфортом,От 1 года,Сменный график работы,Среднее специальное,59.969784,30.274616,https://spb.superjob.ru/vakansii/dezhurnyj-tehnik-51713115.html
51726954,Электромонтажник,160000,160000,rub,"['Строительство, проектирование, недвижимость', 'Рабочий персонал']","['Эксплуатация зданий', 'Электроснабжение', 'Квалифицированный рабочий']",Челябинск,[],[],[],,4899646,,менее 50,7.0,Р-Строй,От 1 года,Полный рабочий день,Среднее специальное,,,https://chelyabinsk.superjob.ru/vakansii/elektromontazhnik-51726954.html
51777051,"Комплексный рабочий, разнорабочий по обслуживанию здания",40000,0,rub,"['Административная работа, секретариат, АХО', 'Строительство, проектирование, недвижимость', 'Рабочий персонал']","['АХО', 'Эксплуатация зданий', 'Рабочий персонал, разное']",Екатеринбург,[],[],[],"Екатеринбург, улица Горького 21",4945580,,100 — 500,0.0,"ГКУ СО ""УАЗ ГСО""",Без опыта,Полный рабочий день,Не имеет значения,,,https://ekaterinburg.superjob.ru/vakansii/kompleksnyj-rabochij-51777051.html
51801442,Машинист экскаватора,0,0,rub,"['Строительство, проектирование, недвижимость', 'Рабочий персонал']","['Благоустройство территорий', 'Квалифицированный рабочий']",Санкт-Петербург,[],[],[],"г Санкт-Петербург, пр-кт Обуховской Обороны, д 86 литера У",3797376,,менее 50,337.0,JOBCART.RU,От 1 года,Полный рабочий день,Не имеет значения,59.893555,30.440285,https://spb.superjob.ru/vakansii/mashinist-ekskavatora-51801442.html
51860915,Электромонтер контактной сети,73000,73000,rub,"['Строительство, проектирование, недвижимость', 'Рабочий персонал']","['Электроснабжение', 'Квалифицированный рабочий']",Красный,[],[],[],"Смоленская обл, Краснинский р-н, деревня Гусино, ул Вокзальная",2466656,,более 5000,3173.0,Российские железные дороги,Без опыта,Полный рабочий день,Не имеет значения,,,https://krasniy.superjob.ru/vakansii/elektromonter-kontaktnoj-seti-51860915.html
51870517,Автокурьер на личном авто (Оплата патента),70000,160000,rub,"['Строительство, проектирование, недвижимость']","['Благоустройство территорий', 'Отопление, вентиляция и кондиционирование', 'Строительно-монтажные работы']",Москва,['Новые Черёмушки'],['Калужско-Рижская'],['orange'],"г Москва, улица Профсоюзная, д. 56. 56",0,,,,,Без опыта,Полный рабочий день,Не имеет значения,55.670021,37.552479,https://www.superjob.ru/vakansii/avtokurer-na-lichnom-avto-51870517.html
48342384,Плотник,25000,0,rub,"['Строительство, проектирование, недвижимость', 'Рабочий персонал']","['ЖКХ', 'Строительно-монтажные работы', 'Отделочные работы', 'Рабочий персонал, разное', 'Квалифицированный рабочий']",Рязань,[],[],[],"Рязань, улица Керамзавода, 28А",4567342,,менее 50,1.0,УО СКОПЫ+,От 1 года,Полный рабочий день,Не имеет значения,54.606529,39.672558,https://ryazan.superjob.ru/vakansii/plotnik-48342384.html
50127955,Рабочий по комплексному обслуживанию и ремонту здания,90000,0,rub,"['Строительство, проектирование, недвижимость', 'Рабочий персонал']","['Эксплуатация зданий', 'Рабочий персонал, разное']",Москва,[],[],[],"Москва, улица Кузнецкий Мост, 21/5",3574216,,менее 50,1.0,Сервис Менеджмент,От 1 года,Полный рабочий день,Среднее специальное,55.762005,37.62645,https://www.superjob.ru/vakansii/rabochij-po-kompleksnomu-obsluzhivaniyu-i-remontu-zdaniya-50127955.html
51078167,Начальник смены участка подачи и хранения сырья,0,0,rub,"['Промышленность, производство', 'Строительство, проектирование, недвижимость']","['Полиграфическое производство', 'Металлургия', 'Производство стройматериалов', 'Строительно-монтажные работы', 'Электроснабжение']",Жердевка,[],[],[],,0,,,,,Без опыта,Полный рабочий день,Не имеет значения,,,https://zherdevka.superjob.ru/vakansii/nachalnik-smeny-uchastka-podachi-i-hraneniya-syrya-51078167.html
51081462,Электромеханик по лифтам,110000,0,rub,"['Строительство, проектирование, недвижимость']",['Эксплуатация зданий'],Воскресенск,[],[],[],Москва,4367542,,менее 50,5.0,"Фирма ""ЛИФТРЕМОНТ""",От 1 года,Сменный график работы,Среднее специальное,55.755863,37.617699,https://voskresensk.superjob.ru/vakansii/elektromehanik-po-liftam-51081462.html
51214787,Инженер-сметчик/ведущий инженер сметчик,170000,0,rub,"['Строительство, проектирование, недвижимость']","['Строительно-монтажные работы', 'Технический надзор, строительная экспертиза / ПТО']",Москва,[],[],[],"Москва, Аптекарский переулок, 4с4",643629,,50 — 100,1.0,"""ГРУППА КОМПАНИЙ ""ПРОФ ИНЖИНИРИНГ""",От 3 лет,Полный рабочий день,Не имеет значения,55.76754,37.674713,https://www.superjob.ru/vakansii/inzhener-smetchik-51214787.html
51682661,Электромонтер РЗА 5 разряд,0,0,rub,"['Строительство, проектирование, недвижимость', 'Рабочий персонал']","['Электроснабжение', 'Квалифицированный рабочий']",Новосибирск,[],[],[],,4273213,,500 — 1000,5.0,Черногорская ГРК,От 3 лет,Полный рабочий день,Среднее специальное,,,https://nsk.superjob.ru/vakansii/elektromonter-rza-5-razryad-51682661.html
51684266,Электромонтер по ремонту и обслуживанию элоборудования,130000,0,rub,"['Строительство, проектирование, недвижимость', 'Рабочий персонал']","['Электроснабжение', 'Квалифицированный рабочий']",Видное,[],[],[],"Московская область, Ленинский городской округ, Видное, Южная промзона, улица Металлистов, 15с3",2631007,,более 5000,37.0,ЦЕМРОС,От 3 лет,Полный рабочий день,Не имеет значения,55.541504,37.759693,https://vidnoe.superjob.ru/vakansii/elektromonter-po-remontu-i-obsluzhivaniyu-eloborudovaniya-51684266.html
51709927,Слесарь по вентиляции и кондиционированию,130000,0,rub,"['Строительство, проектирование, недвижимость', 'Рабочий персонал']","['Отопление, вентиляция и кондиционирование', 'Квалифицированный рабочий']",Москва,[],[],[],,4057473,,500 — 1000,248.0,Публично-правовая компания «Военно-строительная компания»,От 1 года,Полный рабочий день,Не имеет значения,,,https://www.superjob.ru/vakansii/slesar-po-ventilyacii-i-kondicionirovaniyu-51709927.html
51725213,Ведущий инженер генерального плана,185000,0,rub,"['Строительство, проектирование, недвижимость']","['Проектирование', 'Разработка генерального плана']",Санкт-Петербург,"['Лесная', 'Чёрная Речка']","['Кировско-Выборгская', 'Московско-Петроградская']","['red', 'blue']","Санкт-Петербург, Ушаковская набережная, 3к1",13775,,1000 — 5000,21.0,Setl Group,От 3 лет,Полный рабочий день,Не имеет значения,59.981762,30.314844,https://spb.superjob.ru/vakansii/veduschij-inzhener-generalnogo-plana-51725213.html
51735683,Мастер СМР,0,172413,rub,"['Строительство, проектирование, недвижимость']",['Строительно-монтажные работы'],Москва,"['Братиславская', 'Марьино', 'Перерва', 'Курьяново']","['Люблинско-Дмитровская', 'Люблинско-Дмитровская', 'МЦД2', 'МЦД2']","['lime', 'lime', 'fuchsia', 'fuchsia']","Москва, Иловайская улица",4954091,,менее 50,16.0,Страна Девелопмент,От 1 года,Полный рабочий день,Не имеет значения,55.65976,37.718822,https://www.superjob.ru/vakansii/master-smr-51735683.html
51765567,Помощник риелтора,450000,0,rub,"['Продажи', 'Строительство, проектирование, недвижимость']","['Агентства недвижимости, оценка недвижимости', 'Конструирование', 'Начало карьеры, мало опыта']",Москва,"['Охотный ряд', 'Библиотека им. Ленина', 'Театральная', 'Площадь Революции']","['Сокольническая', 'Сокольническая', 'Замоскворецкая', 'Арбатско-Покровская']","['red', 'red', 'green', 'darkblue']","Москва, Сокольническая линия, метро Охотный Ряд",813261,,1000 — 5000,286.0,МИЭЛЬ,Без опыта,Полный рабочий день,Не имеет значения,55.756969,37.615524,https://www.superjob.ru/vakansii/pomoschnik-rieltora-51765567.html
51780786,Тракторист,56000,0,rub,"['Транспорт, логистика, ВЭД', 'Строительство, проектирование, недвижимость', 'Рабочий персонал']","['Автоперевозки', 'Строительно-монтажные работы', 'Рабочий персонал, разное']",Ярославль,[],[],[],"Ярославль, проспект Октября, 83",3842962,,менее 50,0.0,ТГК-2,От 1 года,Полный рабочий день,Не имеет значения,57.651409,39.840595,https://yaroslavl.superjob.ru/vakansii/traktorist-51780786.html
51782560,Машинист железнодорожно-строительных машин,0,0,rub,"['Строительство, проектирование, недвижимость']","['Строительно-монтажные работы', 'Технический надзор, строительная экспертиза / ПТО', 'Транспортные системы (мосты, дороги, тоннели)']",Лысьва,[],[],[],"Пермский край, Лысьва, улица Пожарского, 8",4555557,,1000 — 5000,7.0,ЭЛЕКТРОТЯЖМАШ-ПРИВОД,От 1 года,Полный рабочий день,Не имеет значения,58.123234,57.810154,https://lysva.superjob.ru/vakansii/mashinist-zheleznodorozhno-stroitelnyh-mashin-51782560.html
51795014,Главный специалист по строительным работам (г. Инта),0,0,rub,"['Строительство, проектирование, недвижимость']","['Подводно-технические работы', 'Сметное дело', 'Строительно-монтажные работы']",Инта,[],[],[],,178200,,1000 — 5000,61.0,Т Плюс,От 3 лет,Полный рабочий день,Высшее,,,https://inta.superjob.ru/vakansii/glavnyj-specialist-po-stroitelnym-rabotam-51795014.html
51799144,Электромонтер оперативно-выездной бригады (Юго-Запад),0,124900,rub,"['Строительство, проектирование, недвижимость']",['Электроснабжение'],Москва,['Калужская'],['Калужско-Рижская'],['orange'],"Москва, улица Введенского, 1А",4019802,,более 5000,44.0,Объединенная энергетическая компания,От 1 года,Полный рабочий день,Не имеет значения,55.648281,37.549778,https://www.superjob.ru/vakansii/elektromonter-operativno-vyezdnoj-brigady-51799144.html
51799222,"Электрогазосварщик, г. Саратов вахта 30/30",180000,200000,rub,"['Строительство, проектирование, недвижимость', 'Рабочий персонал']","['Благоустройство территорий', 'Строительно-монтажные работы', 'Квалифицированный рабочий']",Чебоксары,[],[],[],,3925670,,1000 — 5000,14.0,Бамтоннельстрой-Мост,От 1 года,Полный рабочий день,Не имеет значения,,,https://cheboksary.superjob.ru/vakansii/elektrogazosvarschik-51799222.html
51801464,Слесарь-сантехник,0,65000,rub,"['Строительство, проектирование, недвижимость', 'Рабочий персонал']","['Водоснабжение, канализация', 'Рабочий персонал, разное', 'Квалифицированный рабочий']",Санкт-Петербург,[],[],[],"Санкт-Петербург, проспект Героев, 23",2683078,,менее 50,3.0,«Героев»,От 1 года,Полный рабочий день,Не имеет значения,59.863014,30.162111,https://spb.superjob.ru/vakansii/slesar-santehnik-51801464.html
51810383,Инженер-электроник 1 категории,0,95000,rub,"['IT, Интернет, связь, телеком', 'Промышленность, производство', 'Строительство, проектирование, недвижимость']","['Инжиниринг', 'Радиотехническая и электронная промышленность', 'Слаботочные системы и сети']",Санкт-Петербург,"['Площадь Ленина', 'Выборгская', 'Горьковская', 'Петроградская']","['Кировско-Выборгская', 'Кировско-Выборгская', 'Московско-Петроградская', 'Московско-Петроградская']","['red', 'red', 'blue', 'blue']","Санкт-Петербург, Большая Посадская улица, 24/2Д",441150,,более 5000,126.0,"СПб ГУП ""Горэлектротранс""",От 3 лет,Полный рабочий день,Не имеет значения,59.960075,30.325993,https://spb.superjob.ru/vakansii/inzhener-elektronik-1-kategorii-51810383.html
51825509,"Электрик, Электромонтер",0,84836,rub,"['Строительство, проектирование, недвижимость', 'Рабочий персонал']","['Эксплуатация зданий', 'Электроснабжение', 'Слаботочные системы и сети', 'Рабочий персонал, разное', 'Квалифицированный рабочий']",Москва,[],[],[],"Калужская область, Обнинск, улица Менделеева, 14",47545,,более 5000,0.0,Группа Компаний ПИК,От 3 лет,Полный рабочий день,Не имеет значения,55.086224,36.589584,https://www.superjob.ru/vakansii/elektrik-51825509.html
51848032,Монтажник турбоагрегатов и синхронных компенсаторов,310000,350000,rub,"['Строительство, проектирование, недвижимость', 'Рабочий персонал']","['Строительно-монтажные работы', 'Рабочий персонал, разное', 'Квалифицированный рабочий']",Кашира,[],[],[],Кашира,4595880,,более 5000,68.0,Инжиниринговый холдинг «эВ-групп»,От 3 лет,Полный рабочий день,Не имеет значения,,,https://kashira.superjob.ru/vakansii/montazhnik-turboagregatov-i-sinhronnyh-kompensatorov-51848032.html
51850327,Электромонтер по ремонту и обслуживанию электрооборудования,140000,165000,rub,"['Строительство, проектирование, недвижимость']","['Строительно-монтажные работы', 'Слаботочные системы и сети']",Новосибирск,[],[],[],,2837310,,более 5000,65.0,СтройТрансНефтеГаз,От 1 года,Полный рабочий день,Не имеет значения,,,https://nsk.superjob.ru/vakansii/elektromonter-po-remontu-i-obsluzhivaniyu-elektrooborudovaniya-51850327.html
51850410,Электромонтер,84300,170000,rub,"['Строительство, проектирование, недвижимость', 'Рабочий персонал']","['Эксплуатация зданий', 'Электроснабжение', 'Слаботочные системы и сети', 'Рабочий персонал, разное', 'Квалифицированный рабочий']",Москва,[],[],[],,4156139,,менее 50,0.0,"ФСК ""Мостоотряд-47""",От 1 года,Полный рабочий день,Не имеет значения,,,https://www.superjob.ru/vakansii/elektromonter-51850410.html
51854696,Электромонтажник-расключник (вахта),176000,176000,rub,"['Строительство, проектирование, недвижимость', 'Рабочий персонал']","['Эксплуатация зданий', 'Электроснабжение', 'Квалифицированный рабочий']",Благовещенск (Амурская область),[],[],[],,3856938,,менее 50,1832.0,"Барс Пром/ООО ""БАРС ПРОМ""",От 1 года,Полный рабочий день,Не имеет значения,,,https://blagoveshensk.superjob.ru/vakansii/elektromontazhnik-rasklyuchnik-51854696.html
51856873,Продавец в зону готовой еды,66300,87800,rub,"['Строительство, проектирование, недвижимость']","['Геодезия, картография, землеустроительство', 'Разработка генерального плана']",Троицк,[],[],[],"Троицк, Городская, 26",280168,,более 5000,18164.0,"Магнит, Розничная сеть",Не имеет значения,Сменный график работы,Не имеет значения,55.492146,37.312279,https://troitsk.superjob.ru/vakansii/prodavec-v-zonu-gotovoj-edy-51856873.html
51864252,Водолаз,100000,100000,rub,"['Строительство, проектирование, недвижимость']",['Подводно-технические работы'],Селятино,[],[],[],"Московская область, Наро-Фоминский городской округ, деревня Алабино, Профессиональная улица, 1А",918144,,100 — 500,2.0,"Акционерное общество ""Аварийно-технический центр Росатома""",От 3 лет,Полный рабочий день,Среднее специальное,55.526745,36.988068,https://selyatino.superjob.ru/vakansii/vodolaz-51864252.html
51864937,Сотрудник на выпечку заморозки,0,71700,rub,"['Продажи', 'Строительство, проектирование, недвижимость']","['Агентства недвижимости, оценка недвижимости', 'Подводно-технические работы', 'Управление строительством, девелопмент']",Москва,[],[],[],"Россия, г Москва, ул Бутлерова, д 3А",154882,,более 5000,605.0,Ашан,Без опыта,Полный рабочий день,Не имеет значения,55.654453,37.524166,https://www.superjob.ru/vakansii/sotrudnik-na-vypechku-zamorozki-51864937.html
51865182,"Электрогазосварщик НАКС (КО, ГО, НДГО)",135000,0,rub,"['Строительство, проектирование, недвижимость', 'Рабочий персонал']","['Трубопроводы', 'Квалифицированный рабочий']",Электросталь,[],[],[],,4553430,,менее 50,9.0,"ФИРМА ""ГАЗКОМПЛЕКТ""",От 3 лет,Полный рабочий день,Не имеет значения,,,https://elektrostal.superjob.ru/vakansii/elektrogazosvarschik-naks-51865182.html
51868489,Лаборант,50000,0,rub,"['Медицина, фармацевтика, ветеринария', 'Строительство, проектирование, недвижимость', 'Промышленность, производство']","['Больницы, поликлиники, диагностические центры, лаборатории', 'Начало карьеры, мало опыта', 'Начало карьеры, мало опыта']",Руза,[],[],[],"Москва, Волоколамское шоссе, 13Ас1",338410,,100 — 500,16.0,Рузское молоко,Без опыта,Полный рабочий день,Не имеет значения,55.808094,37.497181,https://ruza.superjob.ru/vakansii/laborant-51868489.html
51870257,Бригадир маркировки на производство,95000,114000,rub,"['Строительство, проектирование, недвижимость', 'Рабочий персонал']","['Строительно-монтажные работы', 'Эксплуатация зданий', 'Квалифицированный рабочий']",Москва,[],[],[],"Москва, Бирюлевская улица, 38",400494,,более 5000,235.0,"КуулКлевер (МясновЪ, Отдохни)",От 1 года,Полный рабочий день,Не имеет значения,,,https://www.superjob.ru/vakansii/brigadir-markirovki-na-proizvodstvo-51870257.html
51870314,Инженер-конструктор 1 категории,100000,150000,rub,"['Строительство, проектирование, недвижимость']",['Конструирование'],Санкт-Петербург,['Электросила'],['Московско-Петроградская'],['blue'],"г.Санкт-Петербург, вн.тер.г. муниципальный округ Московская Застава, ул. Благодатная, д. 10, к. 3 стр. 1",197674,,50 — 100,2.0,Флаг Альфа,От 3 лет,Полный рабочий день,Высшее,,,https://spb.superjob.ru/vakansii/inzhener-konstruktor-1-kategorii-51870314.html
51870317,Заведующий сектором в службу ранней помощи,0,0,rub,"['Медицина, фармацевтика, ветеринария', 'Строительство, проектирование, недвижимость']","['Больницы, поликлиники, диагностические центры, лаборатории', 'Водоснабжение, канализация']",Москва,['Юго-Западная'],['Сокольническая'],['red'],"Москва, Сокольническая линия, метро Юго-Западная",3138475,,более 5000,70.0,Правительство Москвы,От 1 года,Полный рабочий день,Не имеет значения,55.663635,37.483093,https://www.superjob.ru/vakansii/zaveduyuschij-sektorom-v-sluzhbu-rannej-pomoschi-51870317.html
51870377,Электросварщик,150000,167000,rub,"['Строительство, проектирование, недвижимость', 'Рабочий персонал']","['Строительно-монтажные работы', 'Квалифицированный рабочий']",Москва,['Волгоградский проспект'],['Таганско-Краснопресненская'],['violet'],,406175,,более 5000,112.0,PRIDEX Group,От 1 года,Полный рабочий день,Не имеет значения,,,https://www.superjob.ru/vakansii/elektrosvarschik-51870377.html
50494971,"Директор магазина-партнер (Борисоглебский,)",103000,131000,rub,"['Строительство, проектирование, недвижимость']","['ЖКХ', 'Строительно-монтажные работы']",Борисоглебский,[],[],[],"Борисоглебский, Кооперативная, 3Б",2635306,,более 5000,45940.0,Пятёрочка,От 1 года,Полный рабочий день,Неполное высшее,57.262245,39.15601,https://yaroslavl.superjob.ru/vakansii/direktor-magazina-partner-50494971.html
51726955,Электромонтажник,160000,160000,rub,"['Строительство, проектирование, недвижимость', 'Рабочий персонал']","['Эксплуатация зданий', 'Электроснабжение', 'Квалифицированный рабочий']",Новосибирск,[],[],[],,4899646,,менее 50,7.0,Р-Строй,От 1 года,Полный рабочий день,Среднее специальное,,,https://nsk.superjob.ru/vakansii/elektromontazhnik-51726955.html
51713112,Дежурный техник,5300,5300,rub,"['Административная работа, секретариат, АХО', 'Строительство, проектирование, недвижимость']","['АХО', 'Эксплуатация зданий']",Санкт-Петербург,"['Петроградская', 'Чкаловская']","['Московско-Петроградская', 'Фрунзенско-Приморская']","['blue', 'violet']","Санкт-Петербург, Барочная улица, 6",3494791,,500 — 1000,0.0,Управление комфортом,От 1 года,Сменный график работы,Среднее специальное,59.965649,30.285793,https://spb.superjob.ru/vakansii/dezhurnyj-tehnik-51713112.html
51782491,Инженер-техник по обслуживанию здания,75000,92000,rub,"['Административная работа, секретариат, АХО', 'Строительство, проектирование, недвижимость']","['АХО', 'Эксплуатация зданий']",Санкт-Петербург,['Парнас'],['Московско-Петроградская'],['blue'],"Посёлок Парголово, улица Фёдора Абрамова, 16к3",3930777,,100 — 500,2.0,ГБОУ СОШ № 469 Выборгского района Санкт-Петербурга,От 1 года,Полный рабочий день,Высшее,60.078705,30.33997,https://spb.superjob.ru/vakansii/inzhener-tehnik-po-obsluzhivaniyu-zdaniya-51782491.html
51801228,Слесарь-сантехник,60000,65000,rub,"['Строительство, проектирование, недвижимость', 'Рабочий персонал']","['Водоснабжение, канализация', 'Рабочий персонал, разное', 'Квалифицированный рабочий']",Санкт-Петербург,['Балтийская'],['Кировско-Выборгская'],['red'],"Санкт-Петербург, улица Шкапина, д.30",298376,,100 — 500,5.0,СПб ГБУЗ МИАЦ,От 1 года,Полный рабочий день,Не имеет значения,,,https://spb.superjob.ru/vakansii/slesar-santehnik-51801228.html
51827450,Электромонтер по ремонту линий электропередачи,114700,114700,rub,"['Строительство, проектирование, недвижимость']","['Эксплуатация зданий', 'Электроснабжение']",Москва,"['Водный стадион', 'Коптево', 'Верхние Лихоборы']","['Замоскворецкая', 'МЦК', 'Люблинско-Дмитровская']","['green', 'lightpink', 'lime']","Москва, Михалковская улица",2466656,,более 5000,3173.0,Российские железные дороги,Без опыта,Полный рабочий день,Не имеет значения,55.840572,37.523384,https://www.superjob.ru/vakansii/elektromonter-po-remontu-linij-elektroperedachi-51827450.html
51847779,Мастер дорожный,90000,120000,rub,"['Строительство, проектирование, недвижимость']","['Транспортные системы (мосты, дороги, тоннели)']",Домодедово,[],[],[],Домодедово,817813,,1000 — 5000,227.0,ГБУ МО Мосавтодор,От 1 года,Полный рабочий день,Не имеет значения,55.437176,37.768005,https://domodedovo.superjob.ru/vakansii/master-dorozhnyj-51847779.html
51870418,Хлебопек. Сменный график,0,70000,rub,"['Продажи', 'Строительство, проектирование, недвижимость']","['Агентства недвижимости, оценка недвижимости', 'Начало карьеры, мало опыта']",Москва,[],[],[],"г Москва, улица Золоторожский Вал, д. 32 стр. 10. 32",0,,,,,Без опыта,Сменный график работы,Не имеет значения,55.74958,37.68182,https://www.superjob.ru/vakansii/hlebopek-51870418.html
27416778,Электромеханик по ДГУ,100000,0,rub,"['Строительство, проектирование, недвижимость', 'Услуги, ремонт, сервисное обслуживание', 'Рабочий персонал']","['Электроснабжение', 'Слаботочные системы и сети', 'Телекоммуникационное оборудование и сети', 'Промышленное оборудование', 'Квалифицированный рабочий']",Санкт-Петербург,[],[],[],"Санкт-Петербург, Химический переулок, 12к3",2190760,,50 — 100,2.0,Тэтра Инжиниринг,От 3 лет,Полный рабочий день,Среднее специальное,59.890835,30.290167,https://spb.superjob.ru/vakansii/elektromehanik-po-dgu-27416778.html
47283160,Мастер сантехнического участка,60000,0,rub,"['Строительство, проектирование, недвижимость', 'Рабочий персонал']","['ЖКХ', 'Рабочий персонал, разное', 'Квалифицированный рабочий']",Санкт-Петербург,"['Озерки', 'Проспект Просвещения']","['Московско-Петроградская', 'Московско-Петроградская']","['blue', 'blue']",,3276510,,менее 50,7.0,Жилкомсервис № 1 Выборгского района,От 3 лет,Полный рабочий день,Не имеет значения,,,https://spb.superjob.ru/vakansii/master-santehnicheskogo-uchastka-47283160.html
46384675,Менеджер по продажам,120000,0,rub,"['Продажи', 'Строительство, проектирование, недвижимость']","['Агентства недвижимости, оценка недвижимости', 'Начало карьеры, мало опыта', 'Управление недвижимостью']",Уфа,[],[],[],"Республика Башкортостан, Уфа, проспект Октября, 16",3759898,,менее 50,8.0,Жилищная инициатива,Без опыта,Полный рабочий день,Не имеет значения,54.745907,55.993202,https://ufa.superjob.ru/vakansii/menedzher-po-prodazham-46384675.html
48359755,Электромонтер по ремонту и обслуживанию электрооборудования,55000,70000,rub,"['Строительство, проектирование, недвижимость', 'Промышленность, производство', 'Рабочий персонал']","['Электроснабжение', 'Слаботочные системы и сети', 'Металлургия', 'Производство металлических изделий и заготовок', 'Рабочий персонал, разное']",Ижевск,[],[],[],"Удмуртская Республика, Ижевск, улица Новоажимова, 6",173974,,более 5000,67.0,Мечел,Без опыта,Полный рабочий день,Среднее специальное,56.836498,53.195911,https://izhevsk.superjob.ru/vakansii/elektromonter-po-remontu-i-obsluzhivaniyu-elektrooborudovaniya-48359755.html
50340162,Инженер строительного контроля,100000,0,rub,"['Строительство, проектирование, недвижимость']","['Строительно-монтажные работы', 'Технический надзор, строительная экспертиза / ПТО']",Гатчина,[],[],[],,3419796,,менее 50,0.0,ПрофКонтроль,От 3 лет,Полный рабочий день,Среднее специальное,,,https://gatchina.superjob.ru/vakansii/inzhener-stroitelnogo-kontrolya-50340162.html
50938253,Автослесарь,3000,0,byn,"['Строительство, проектирование, недвижимость', 'Услуги, ремонт, сервисное обслуживание', 'Рабочий персонал']","['Проектирование', 'Электроснабжение', 'Автосервис', 'Рабочий персонал, разное', 'Квалифицированный рабочий']",Минск,[],[],[],"Минск, Тростенецкая улица, 10",4004949,,менее 50,2.0,Вэларисервис,От 1 года,Сменный график работы,Не имеет значения,53.879536,27.583183,https://www.superjob.ru/vakansii/avtoslesar-50938253.html
51486112,Дежурный электромонтер,45000,70000,rub,"['Строительство, проектирование, недвижимость', 'Промышленность, производство', 'Рабочий персонал']","['Эксплуатация зданий', 'Электроснабжение', 'Энергетика', 'Квалифицированный рабочий']",Санкт-Петербург,[],[],[],,291920,,более 5000,154.0,ФГБОУ ВО Санкт-Петербургский государственный университет,От 1 года,Полный рабочий день,Не имеет значения,,,https://spb.superjob.ru/vakansii/dezhurnyj-elektromonter-51486112.html
51615147,Электромонтер 5 разряда,150000,150000,rub,"['Строительство, проектирование, недвижимость', 'Рабочий персонал']","['Электроснабжение', 'Квалифицированный рабочий']",Красноярск,[],[],[],,5033,,более 5000,25.0,АЙЭФСИЭМ ГРУПП,От 1 года,Работа вахтовым методом,Не имеет значения,,,https://krasnoyarsk.superjob.ru/vakansii/elektromonter-5-razryada-51615147.html
51643024,Разнорабочий,260000,0,rub,"['Строительство, проектирование, недвижимость', 'Рабочий персонал']","['Водоснабжение, канализация', 'Рабочий персонал, разное', 'Квалифицированный рабочий']",Улан-Удэ,[],[],[],Чукотский автономный округ,4744563,,1000 — 5000,4189.0,АКС,Без опыта,Полный рабочий день,Не имеет значения,65.982613,174.432327,https://ulan-ude.superjob.ru/vakansii/raznorabochij-51643024.html
51682668,Электромонтер РЗА 5 разряд,0,0,rub,"['Строительство, проектирование, недвижимость', 'Рабочий персонал']","['Электроснабжение', 'Квалифицированный рабочий']",Рязань,[],[],[],,4273213,,500 — 1000,5.0,Черногорская ГРК,От 3 лет,Полный рабочий день,Среднее специальное,,,https://ryazan.superjob.ru/vakansii/elektromonter-rza-5-razryad-51682668.html
51692285,Электромонтер по ремонту и обслуживанию электрооборудования 5 разряда,64000,0,rub,"['Строительство, проектирование, недвижимость']",['Строительно-монтажные работы'],Екатеринбург,[],[],[],"Екатеринбург, ул. Маневровая, 12",178200,,1000 — 5000,61.0,Т Плюс,Без опыта,Полный рабочий день,Среднее специальное,,,https://ekaterinburg.superjob.ru/vakansii/elektromonter-po-remontu-i-obsluzhivaniyu-elektrooborudovaniya-5-razryada-51692285.html
51698265,Инженер-энергетик СГИ,161040,161040,rub,"['Строительство, проектирование, недвижимость', 'Промышленность, производство']","['Строительно-монтажные работы', 'Технический надзор, строительная экспертиза / ПТО', 'Атомная энергетика']",Москва,[],[],[],"Москва, Космодамианская набережная, 22",355437,,100 — 500,5115.0,ФБУН ЦНИИ Эпидемиологии Роспотребнадзора,От 3 лет,Полный рабочий день,Не имеет значения,55.743275,37.640999,https://www.superjob.ru/vakansii/inzhener-energetik-sgi-51698265.html
51699349,Сборщик онлайн заказов,0,73000,rub,"['Строительство, проектирование, недвижимость']","['Начало карьеры, мало опыта', 'Разработка генерального плана']",Йошкар-Ола,[],[],[],"Республика Марий Эл, Йошкар-Ола",3719222,,более 5000,99.0,КУПЕР,Без опыта,Частичная занятость / Совместительство,Не имеет значения,56.631599,47.886177,https://ioshkar-ola.superjob.ru/vakansii/sborschik-onlajn-zakazov-51699349.html
51699878,Электромонтер-линейщик по монтажу воздушных линий высокого напряжения и контактной сети,111000,137000,rub,"['Строительство, проектирование, недвижимость']",['Электроснабжение'],Уфа,[],[],[],,2837310,,более 5000,65.0,СтройТрансНефтеГаз,От 1 года,Полный рабочий день,Не имеет значения,,,https://ufa.superjob.ru/vakansii/elektromonter-linejschik-po-montazhu-vozdushnyh-linij-vysokogo-napryazheniya-i-kontaktnoj-seti-51699878.html
51709928,Слесарь по вентиляции и кондиционированию,130000,0,rub,"['Строительство, проектирование, недвижимость']","['Отопление, вентиляция и кондиционирование', 'Строительно-монтажные работы']",Щелково,[],[],[],,4057473,,500 — 1000,248.0,Публично-правовая компания «Военно-строительная компания»,От 1 года,Полный рабочий день,Не имеет значения,,,https://schelkovo.superjob.ru/vakansii/slesar-po-ventilyacii-i-kondicionirovaniyu-51709928.html
51725205,Инженер-проектировщик по ОВ2,190000,0,rub,"['Строительство, проектирование, недвижимость']",['Проектирование'],Санкт-Петербург,"['Лесная', 'Чёрная Речка']","['Кировско-Выборгская', 'Московско-Петроградская']","['red', 'blue']","Санкт-Петербург, Ушаковская набережная, 3к1",13775,,1000 — 5000,21.0,Setl Group,От 3 лет,Полный рабочий день,Высшее,59.981762,30.314844,https://spb.superjob.ru/vakansii/inzhener-proektirovschik-po-ov2-51725205.html
51683210,Слесарь-ремонтник,0,0,rub,"['Строительство, проектирование, недвижимость', 'Промышленность, производство', 'Услуги, ремонт, сервисное обслуживание', 'Рабочий персонал']","['Другое', 'Промышленное оборудование', 'Промышленное оборудование', 'Рабочий персонал, разное', 'Квалифицированный рабочий']",Верхняя Синячиха (Свердловская область),[],[],[],"Свердловская область, посёлок городского типа Верхняя Синячиха, Кедровая улица, 5",202488,,более 5000,10.0,СВЕЗА,От 1 года,Полный рабочий день,Среднее специальное,58.005547,61.699203,https://www.superjob.ru/vakansii/slesar-remontnik-51683210.html
51735685,Производитель работ,184000,220800,rub,"['Строительство, проектирование, недвижимость', 'Топ-персонал']","['Строительно-монтажные работы', 'Строительство, проектирование, недвижимость']",Москва,"['Подрезково', 'Новоподрезково', 'Молжаниново']","['МЦД3', 'МЦД3', 'МЦД3']","['orangered', 'orangered', 'orangered']","Москва, Новосходненское шоссе, 5А",4954091,,менее 50,16.0,Страна Девелопмент,От 1 года,Полный рабочий день,Не имеет значения,55.918686,37.374031,https://www.superjob.ru/vakansii/proizvoditel-rabot-51735685.html
51765868,Слесарь-электрик по ремонту электрооборудования 3 разряда,78500,0,rub,"['Строительство, проектирование, недвижимость', 'Промышленность, производство']","['Эксплуатация зданий', 'Промышленное оборудование']",Санкт-Петербург,"['Ленинский проспект', 'Автово']","['Кировско-Выборгская', 'Кировско-Выборгская']","['red', 'red']","Санкт-Петербург, проспект Стачек, 114",441150,,более 5000,126.0,"СПб ГУП ""Горэлектротранс""",Без опыта,Полный рабочий день,Не имеет значения,59.858391,30.257549,https://spb.superjob.ru/vakansii/slesar-elektrik-po-remontu-elektrooborudovaniya-3-razryada-51765868.html
51765568,Менеджер по недвижимости,350000,415000,rub,"['Строительство, проектирование, недвижимость']","['Сметное дело', 'Начало карьеры, мало опыта', 'Экологическое сопровождение проектов']",Москва,"['Новокузнецкая', 'Третьяковская', 'Полянка']","['Замоскворецкая', 'Калужско-Рижская', 'Серпуховско-Тимирязевская']","['green', 'orange', 'gray']",,813261,,1000 — 5000,286.0,МИЭЛЬ,Без опыта,Полный рабочий день,Не имеет значения,,,https://www.superjob.ru/vakansii/menedzher-po-nedvizhimosti-51765568.html
51780958,Продавец в зону готовой еды,44200,59520,rub,"['Строительство, проектирование, недвижимость']","['Строительно-монтажные работы', 'Управление недвижимостью']",Видное,[],[],[],"Видное, Володарского, Центральная, 4",280168,,более 5000,18164.0,"Магнит, Розничная сеть",Не имеет значения,Сменный график работы,Не имеет значения,55.501621,37.942356,https://vidnoe.superjob.ru/vakansii/prodavec-v-zonu-gotovoj-edy-51780958.html
51784893,Электрик,120000,120000,rub,"['Строительство, проектирование, недвижимость', 'Рабочий персонал']","['Электроснабжение', 'Слаботочные системы и сети', 'Рабочий персонал, разное', 'Квалифицированный рабочий']",Москва,[],[],[],"Москва, 1-й Дорожный проезд, 9",3982843,,менее 50,1.0,МСУ - 31 Промэлектромонтаж,От 1 года,Полный рабочий день,Не имеет значения,55.614227,37.625496,https://www.superjob.ru/vakansii/elektrik-51784893.html
51791067,Электромонтажник по кабельным сетям,0,0,rub,"['Строительство, проектирование, недвижимость', 'Рабочий персонал']","['Электроснабжение', 'Слаботочные системы и сети', 'Квалифицированный рабочий']",Красноярск,[],[],[],,1996534,,более 5000,45.0,Группа Полюс,От 1 года,Полный рабочий день,Не имеет значения,,,https://krasnoyarsk.superjob.ru/vakansii/elektromontazhnik-po-kabelnym-setyam-51791067.html
51799223,"Электрогазосварщик, г. Саратов вахта 30/30",180000,200000,rub,"['Строительство, проектирование, недвижимость', 'Рабочий персонал']","['Благоустройство территорий', 'Строительно-монтажные работы', 'Квалифицированный рабочий']",Липецк,[],[],[],,3925670,,1000 — 5000,14.0,Бамтоннельстрой-Мост,От 1 года,Полный рабочий день,Не имеет значения,,,https://lipetsk.superjob.ru/vakansii/elektrogazosvarschik-51799223.html
51801444,Рабочий по комплексному обслуживанию и ремонту здания,0,61500,rub,"['Строительство, проектирование, недвижимость', 'Рабочий персонал']","['Эксплуатация зданий', 'Рабочий персонал, разное']",Санкт-Петербург,['Ленинский проспект'],['Кировско-Выборгская'],['red'],"Санкт-Петербург, пр. Героев, д. 23",2683078,,менее 50,3.0,«Героев»,От 1 года,Полный рабочий день,Не имеет значения,,,https://spb.superjob.ru/vakansii/rabochij-po-kompleksnomu-obsluzhivaniyu-i-remontu-zdaniya-51801444.html
51845795,Главный менеджер по работе с корпоративными клиентами,0,0,rub,"['Строительство, проектирование, недвижимость']","['Подводно-технические работы', 'Экологическое сопровождение проектов', 'Управление проектами (ГИП)']",Евпатория,[],[],[],"Республика Крым, Евпатория, проспект Победы, 4",235578,,более 5000,62.0,Банк ВТБ,От 3 лет,Полный рабочий день,Не имеет значения,45.189632,33.350323,https://evpatoriya.superjob.ru/vakansii/glavnyj-menedzher-po-rabote-s-korporativnymi-klientami-51845795.html
51848024,Монтажник турбоагрегатов и синхронных компенсаторов,310000,350000,rub,"['Строительство, проектирование, недвижимость', 'Рабочий персонал']","['Строительно-монтажные работы', 'Рабочий персонал, разное', 'Квалифицированный рабочий']",Москва,[],[],[],Кашира,4595880,,более 5000,68.0,Инжиниринговый холдинг «эВ-групп»,От 3 лет,Полный рабочий день,Не имеет значения,,,https://www.superjob.ru/vakansii/montazhnik-turboagregatov-i-sinhronnyh-kompensatorov-51848024.html
51850406,Электрогазосварщик,88000,175000,rub,"['Строительство, проектирование, недвижимость', 'Рабочий персонал']","['Благоустройство территорий', 'Строительно-монтажные работы', 'Квалифицированный рабочий']",Москва,[],[],[],,4156139,,менее 50,0.0,"ФСК ""Мостоотряд-47""",От 1 года,Работа вахтовым методом,Не имеет значения,,,https://www.superjob.ru/vakansii/elektrogazosvarschik-51850406.html
51854697,Электромонтажник-расключник (вахта),176000,176000,rub,"['Строительство, проектирование, недвижимость', 'Рабочий персонал']","['Эксплуатация зданий', 'Электроснабжение', 'Квалифицированный рабочий']",Чита,[],[],[],,3856938,,менее 50,1832.0,"Барс Пром/ООО ""БАРС ПРОМ""",От 1 года,Полный рабочий день,Не имеет значения,,,https://chita.superjob.ru/vakansii/elektromontazhnik-rasklyuchnik-51854697.html
51865183,"Электрогазосварщик НАКС (КО, ГО, НДГО)",135000,0,rub,"['Строительство, проектирование, недвижимость', 'Рабочий персонал']","['Трубопроводы', 'Квалифицированный рабочий']",Электроугли,[],[],[],,4553430,,менее 50,9.0,"ФИРМА ""ГАЗКОМПЛЕКТ""",От 3 лет,Полный рабочий день,Не имеет значения,,,https://elektrougli.superjob.ru/vakansii/elektrogazosvarschik-naks-51865183.html
51838287,Ведущий инженер-проектировщик ОВиК,75000,90000,rub,"['Строительство, проектирование, недвижимость']","['Отопление, вентиляция и кондиционирование', 'Проектирование']",Воронеж,[],[],[],"Воронеж, улица Берёзовая Роща, 6А",3440179,,1000 — 5000,28.0,Росжелдорпроект,От 1 года,Полный рабочий день,Не имеет значения,51.698463,39.224648,https://voronezh.superjob.ru/vakansii/veduschij-inzhener-proektirovschik-ovik-51838287.html
51870375,Слесарь-сантехник,120000,136000,rub,"['Строительство, проектирование, недвижимость', 'Рабочий персонал']","['Водоснабжение, канализация', 'Рабочий персонал, разное', 'Квалифицированный рабочий']",Москва,['Баррикадная'],['Таганско-Краснопресненская'],['violet'],,406175,,более 5000,112.0,PRIDEX Group,От 1 года,Полный рабочий день,Не имеет значения,,,https://www.superjob.ru/vakansii/slesar-santehnik-51870375.html
50497048,Пекарь,39850,53800,rub,"['Туризм, гостиницы, общественное питание', 'Строительство, проектирование, недвижимость', 'Промышленность, производство', 'Рабочий персонал']","['Рестораны, кафе, столовые, фастфуд', 'Строительно-монтажные работы', 'Пищевая промышленность', 'Рабочий персонал, разное']",Краснокаменск (Забайкальский край),[],[],[],"Краснокаменск, Строителей, 7крп",2635306,,более 5000,45940.0,Пятёрочка,Не имеет значения,Частичная занятость / Совместительство,Не имеет значения,50.101509,118.037148,https://chita.superjob.ru/vakansii/pekar-50497048.html
51726956,Электромонтажник,160000,160000,rub,"['Строительство, проектирование, недвижимость', 'Рабочий персонал']","['Эксплуатация зданий', 'Электроснабжение', 'Квалифицированный рабочий']",Томск,[],[],[],,4899646,,менее 50,7.0,Р-Строй,От 1 года,Полный рабочий день,Среднее специальное,,,https://tomsk.superjob.ru/vakansii/elektromontazhnik-51726956.html
51834346,Электросварщик,80000,120000,rub,"['Строительство, проектирование, недвижимость', 'Рабочий персонал']","['Строительно-монтажные работы', 'Квалифицированный рабочий']",Челябинск,[],[],[],"г Челябинск, ул Радонежская, д 32",3797376,,менее 50,337.0,JOBCART.RU,От 1 года,Полный рабочий день,Не имеет значения,55.229046,61.308067,https://chelyabinsk.superjob.ru/vakansii/elektrosvarschik-51834346.html
51834352,Старший инженер строительного контроля/Инженер по качеству,200000,0,rub,"['Строительство, проектирование, недвижимость']","['Строительно-монтажные работы', 'Технический надзор, строительная экспертиза / ПТО']",Мытищи,[],[],[],"Московская область, Мытищи, 3-я Крестьянская улица, стр23",0,,,,,От 1 года,Полный рабочий день,Не имеет значения,55.892071,37.71413,https://mytischi.superjob.ru/vakansii/starshij-inzhener-stroitelnogo-kontrolya-51834352.html
51847773,Тракторист,80000,90000,rub,"['Транспорт, логистика, ВЭД', 'Строительство, проектирование, недвижимость', 'Рабочий персонал']","['Автоперевозки', 'Строительно-монтажные работы', 'Рабочий персонал, разное']",Домодедово,[],[],[],городской округ Домодедово,817813,,1000 — 5000,227.0,ГБУ МО Мосавтодор,От 1 года,Полный рабочий день,Среднее,55.339287,37.808491,https://domodedovo.superjob.ru/vakansii/traktorist-51847773.html
51868180,Стажёр Data Science в департамент валидации и управления модельным риском,0,0,rub,"['Строительство, проектирование, недвижимость']","['Начало карьеры, мало опыта']",Москва,[],[],[],,4905642,,менее 50,13.0,Альфа-Банк: Старт карьеры,Без опыта,Полный рабочий день,Не имеет значения,,,https://www.superjob.ru/vakansii/stazhjor-data-science-v-departament-validacii-i-upravleniya-modelnym-riskom-51868180.html
51870294,Повар в отдел хлебобулочных изделий,0,70000,rub,"['Строительство, проектирование, недвижимость']",['Подводно-технические работы'],Москва,['Октябрьское поле'],['Таганско-Краснопресненская'],['violet'],"г Москва, улица Народного Ополчения, д. 44 к. 1. 44",0,,,,,Без опыта,Сменный график работы,Не имеет значения,55.791653,37.491253,https://www.superjob.ru/vakansii/povar-v-otdel-hlebobulochnyh-izdelij-51870294.html
11594859,Монтажник металлоконструкций,60000,90000,rub,"['Транспорт, логистика, ВЭД', 'Строительство, проектирование, недвижимость', 'Промышленность, производство']","['Автоперевозки', 'Строительно-монтажные работы', 'Другое', 'Другое']",Санкт-Петербург,['Площадь Ленина'],['Кировско-Выборгская'],['red'],,434925,,менее 50,1.0,АСТАХОВ,От 1 года,Полный рабочий день,Не имеет значения,,,https://spb.superjob.ru/vakansii/montazhnik-metallokonstrukcij-11594859.html
47246002,Электромонтер по эксплуатации распределительных сетей,59000,0,rub,"['Строительство, проектирование, недвижимость', 'Рабочий персонал']","['Эксплуатация зданий', 'Электроснабжение', 'Рабочий персонал, разное', 'Квалифицированный рабочий']",Рыбинск,[],[],[],"Рыбинск, Ярославская область, улица Кулибина, 14",4876582,,менее 50,8.0,"""РОССЕТИ ЦЕНТР"" - ""ЯРЭНЕРГО""",Без опыта,Полный рабочий день,Среднее специальное,,,https://rybinsk.superjob.ru/vakansii/elektromonter-po-ekspluatacii-raspredelitelnyh-setej-47246002.html
50219983,Рабочий по комплексному обслуживанию и ремонту зданий,75000,82000,rub,"['Строительство, проектирование, недвижимость', 'Рабочий персонал']","['ЖКХ', 'Строительно-монтажные работы', 'Эксплуатация зданий', 'Другое', 'Рабочий персонал, разное']",Санкт-Петербург,[],[],[],,3930777,,100 — 500,2.0,ГБОУ СОШ № 469 Выборгского района Санкт-Петербурга,От 6 лет,Полный рабочий день,Не имеет значения,,,https://spb.superjob.ru/vakansii/rabochij-po-kompleksnomu-obsluzhivaniyu-i-remontu-zdanij-50219983.html
50546344,Тракторист,45000,0,rub,"['Транспорт, логистика, ВЭД', 'Строительство, проектирование, недвижимость', 'Рабочий персонал']","['Автоперевозки', 'Строительно-монтажные работы', 'Рабочий персонал, разное']",Звенигород,[],[],[],"Московская область, Одинцовский городской округ, село Каринское, 107/1",4887815,,более 5000,62.0,Социальный фонд России,От 1 года,Полный рабочий день,Среднее,55.709602,36.684528,https://zvenigorod.superjob.ru/vakansii/traktorist-50546344.html
50726211,Электромонтажник,90000,110000,rub,"['Строительство, проектирование, недвижимость', 'Рабочий персонал']","['Эксплуатация зданий', 'Электроснабжение', 'Квалифицированный рабочий']",Санкт-Петербург,"['Площадь Александра Невского 1', 'Площадь Александра Невского 2']","['Невско-Василеостровская', 'Правобережная']","['green', 'yellow']","Санкт-Петербург, улица Профессора Качалова, 7",35359,,менее 50,1375.0,ВЕРТЕК,От 1 года,Полный рабочий день,Не имеет значения,59.914288,30.396303,https://spb.superjob.ru/vakansii/elektromontazhnik-50726211.html
50813217,Дворник (1-2 часа в день / Центральный район),0,0,rub,"['Строительство, проектирование, недвижимость']","['Благоустройство территорий', 'ЖКХ']",Волгоград,[],[],[],"Волгоград, улица Михаила Балонина",4907240,,менее 50,2.0,"МКУ ""ГЦУПП""",Без опыта,Частичная занятость / Совместительство,Не имеет значения,48.712212,44.509907,https://volgograd.superjob.ru/vakansii/dvornik-50813217.html
50874376,Слесарь по ремонту и обслуживанию систем вентиляции и кондиционирования,86688,86688,rub,"['Строительство, проектирование, недвижимость', 'Услуги, ремонт, сервисное обслуживание', 'Рабочий персонал']","['Отопление, вентиляция и кондиционирование', 'Торговое, складское, холодильное оборудование', 'Бытовая техника', 'Квалифицированный рабочий']",Москва,['Курская'],['МЦД4'],['mediumaquamarine'],"Москва, Мрузовский переулок, 11с1",202378,,1000 — 5000,36.0,МОСГАЗ,Без опыта,Полный рабочий день,Не имеет значения,55.75745,37.667419,https://www.superjob.ru/vakansii/slesar-po-remontu-i-obsluzhivaniyu-sistem-ventilyacii-i-kondicionirovaniya-50874376.html
50864222,Электромонтер,77000,77000,rub,"['Строительство, проектирование, недвижимость', 'Рабочий персонал']","['Эксплуатация зданий', 'Электроснабжение', 'Слаботочные системы и сети', 'Рабочий персонал, разное', 'Квалифицированный рабочий']",Санкт-Петербург,"['Петроградская', 'Чкаловская', 'Крестовский остров']","['Московско-Петроградская', 'Фрунзенско-Приморская', 'Фрунзенско-Приморская']","['blue', 'violet', 'violet']","Санкт-Петербург, Барочная улица, 6",3494791,,500 — 1000,0.0,Управление комфортом,От 1 года,Полный рабочий день,Среднее специальное,59.965649,30.285793,https://spb.superjob.ru/vakansii/elektromonter-50864222.html
51035220,Инженер по качеству 1 категории,55000,0,rub,"['Строительство, проектирование, недвижимость']","['ЖКХ', 'Конструирование']",Белоозерский,[],[],[],"Московская область, городской округ Воскресенск, Белоозёрский",4566322,,менее 50,5.0,ФКП ГКНИПАС ИМЕНИ Л. К. САФРОНОВА,От 1 года,Полный рабочий день,Высшее,55.459618,38.438919,https://beloozerskiy.superjob.ru/vakansii/inzhener-po-kachestvu-1-kategorii-51035220.html
51615148,Электромонтер 5 разряда,150000,150000,rub,"['Строительство, проектирование, недвижимость', 'Рабочий персонал']","['Электроснабжение', 'Квалифицированный рабочий']",Канск,[],[],[],,5033,,более 5000,25.0,АЙЭФСИЭМ ГРУПП,От 1 года,Работа вахтовым методом,Не имеет значения,,,https://kansk.superjob.ru/vakansii/elektromonter-5-razryada-51615148.html
51643025,Разнорабочий,260000,0,rub,"['Строительство, проектирование, недвижимость', 'Рабочий персонал']","['Водоснабжение, канализация', 'Рабочий персонал, разное', 'Квалифицированный рабочий']",Кемерово,[],[],[],Чукотский автономный округ,4744563,,1000 — 5000,4189.0,АКС,Без опыта,Полный рабочий день,Не имеет значения,65.982613,174.432327,https://kemerovo.superjob.ru/vakansii/raznorabochij-51643025.html
51645552,Кладовщик,55000,0,rub,"['Транспорт, логистика, ВЭД', 'Строительство, проектирование, недвижимость']","['Складское хозяйство', 'ЖКХ']",Санкт-Петербург,['Озерки'],['Московско-Петроградская'],['blue'],"Санкт-Петербург, проспект Луначарского, 5",3276510,,менее 50,7.0,Жилкомсервис № 1 Выборгского района,От 1 года,Полный рабочий день,Среднее специальное,60.043831,30.322031,https://spb.superjob.ru/vakansii/kladovschik-51645552.html
51658309,"Инженер-конструктор (подвесные потолки, НВФ навесные вентилируемые фасады)",150000,0,rub,"['Строительство, проектирование, недвижимость']","['Конструирование', 'Строительно-монтажные работы']",Москва,['Павелецкая'],['Замоскворецкая'],['green'],,4572092,,менее 50,1.0,Эрдал групп,От 3 лет,Полный рабочий день,Не имеет значения,,,https://www.superjob.ru/vakansii/inzhener-konstruktor-51658309.html
51682671,Электромонтер РЗА 5 разряд,0,0,rub,"['Строительство, проектирование, недвижимость', 'Рабочий персонал']","['Электроснабжение', 'Квалифицированный рабочий']",Самара,[],[],[],,4273213,,500 — 1000,5.0,Черногорская ГРК,От 3 лет,Полный рабочий день,Среднее специальное,,,https://samara.superjob.ru/vakansii/elektromonter-rza-5-razryad-51682671.html
51709929,Слесарь по вентиляции и кондиционированию,130000,0,rub,"['Строительство, проектирование, недвижимость']","['Конструирование', 'Подводно-технические работы', 'Строительно-монтажные работы']",Подольск,[],[],[],,4057473,,500 — 1000,248.0,Публично-правовая компания «Военно-строительная компания»,От 1 года,Полный рабочий день,Не имеет значения,,,https://podolsk.superjob.ru/vakansii/slesar-po-ventilyacii-i-kondicionirovaniyu-51709929.html
51725200,Инженер-проектировщик ВК,190000,0,rub,"['Строительство, проектирование, недвижимость']","['Отопление, вентиляция и кондиционирование', 'Проектирование']",Санкт-Петербург,[],[],[],"Санкт-Петербург, Ушаковская набережная, 3к1",13775,,1000 — 5000,21.0,Setl Group,От 1 года,Полный рабочий день,Высшее,59.981762,30.314844,https://spb.superjob.ru/vakansii/inzhener-proektirovschik-vk-51725200.html
51735669,"Инженер строительного контроля (инженерные сети, ОВВК)",168000,201600,rub,"['Строительство, проектирование, недвижимость']","['Строительно-монтажные работы', 'Технический надзор, строительная экспертиза / ПТО']",Екатеринбург,[],[],[],"Свердловская область, муниципальное образование Екатеринбург, посёлок Совхозный, Комбинатская улица, 18",4954091,,менее 50,16.0,Страна Девелопмент,От 3 лет,Полный рабочий день,Не имеет значения,56.760387,60.57156,https://ekaterinburg.superjob.ru/vakansii/inzhener-stroitelnogo-kontrolya-51735669.html
51765580,Начинающий агент в МИЭЛЬ,410000,0,rub,"['Строительство, проектирование, недвижимость']","['Управление недвижимостью', 'Экологическое сопровождение проектов', 'Управление проектами (ГИП)']",Москва,"['Охотный ряд', 'Библиотека им. Ленина', 'Театральная', 'Площадь Революции']","['Сокольническая', 'Сокольническая', 'Замоскворецкая', 'Арбатско-Покровская']","['red', 'red', 'green', 'darkblue']",,813261,,1000 — 5000,286.0,МИЭЛЬ,Без опыта,Полный рабочий день,Не имеет значения,,,https://www.superjob.ru/vakansii/nachinayuschij-agent-v-miel-51765580.html
51784736,Функциональный архитектор (персонал и заработная плата),0,0,rub,"['Строительство, проектирование, недвижимость']","['Проектирование', 'Сметное дело', 'Строительно-монтажные работы']",Москва,[],[],[],,2631007,,более 5000,37.0,ЦЕМРОС,От 6 лет,Полный рабочий день,Не имеет значения,,,https://www.superjob.ru/vakansii/funkcionalnyj-arhitektor-51784736.html
51790682,"Монтажник систем вентиляции, кондиционирования воздуха, пневмотранспорта и аспирации, 5 разряд",0,0,rub,"['Строительство, проектирование, недвижимость', 'Рабочий персонал']","['Отопление, вентиляция и кондиционирование', 'Квалифицированный рабочий']",Красноярск,[],[],[],"Красноярский край, Северо-Енисейский округ, вахтовый посёлок Еруда",1996534,,более 5000,45.0,Группа Полюс,От 1 года,Полный рабочий день,Не имеет значения,59.886845,92.898277,https://krasnoyarsk.superjob.ru/vakansii/montazhnik-sistem-ventilyacii-51790682.html
51794955,Слесарь по обслуживанию тепловых сетей и тепловых пунктов (Уктус),65000,0,rub,"['Строительство, проектирование, недвижимость']","['Отопление, вентиляция и кондиционирование']",Екатеринбург,[],[],[],"Свердловская область, Екатеринбург, Самолётная улица, 6",178200,,1000 — 5000,61.0,Т Плюс,Без опыта,Полный рабочий день,Среднее,56.790859,60.640999,https://ekaterinburg.superjob.ru/vakansii/slesar-po-obsluzhivaniyu-teplovyh-setej-i-teplovyh-punktov-51794955.html
51799224,"Электрогазосварщик, г. Саратов вахта 30/30",180000,200000,rub,"['Строительство, проектирование, недвижимость', 'Рабочий персонал']","['Благоустройство территорий', 'Строительно-монтажные работы', 'Квалифицированный рабочий']",Казань,[],[],[],,3925670,,1000 — 5000,14.0,Бамтоннельстрой-Мост,От 1 года,Полный рабочий день,Не имеет значения,,,https://kazan.superjob.ru/vakansii/elektrogazosvarschik-51799224.html
51799246,Слесарь-электрик по ремонту электрооборудования 3 разряда,78500,0,rub,"['Строительство, проектирование, недвижимость', 'Рабочий персонал']","['Строительно-монтажные работы', 'Эксплуатация зданий', 'Слаботочные системы и сети', 'Рабочий персонал, разное', 'Квалифицированный рабочий']",Санкт-Петербург,"['Лесная', 'Площадь Мужества', 'Чёрная Речка', 'Пионерская']","['Кировско-Выборгская', 'Кировско-Выборгская', 'Московско-Петроградская', 'Московско-Петроградская']","['red', 'red', 'blue', 'blue']","Санкт-Петербург, Сердобольская улица, 2ГИ",441150,,более 5000,126.0,"СПб ГУП ""Горэлектротранс""",От 1 года,Полный рабочий день,Не имеет значения,59.993687,30.327763,https://spb.superjob.ru/vakansii/slesar-elektrik-po-remontu-elektrooborudovaniya-3-razryada-51799246.html
51801679,Разнорабочий по ремонту пути,66500,66500,rub,"['Бухгалтерия, финансы, аудит', 'Строительство, проектирование, недвижимость', 'Промышленность, производство']","['Бухгалтерский учет', 'Строительно-монтажные работы', 'Транспортные системы (мосты, дороги, тоннели)', 'Машиностроение, станкостроение']",Вурнары,[],[],[],"Чувашская Республика — Чувашия, посёлок городского типа Вурнары, улица Карла Маркса, 49",2466656,,более 5000,3173.0,Российские железные дороги,Без опыта,Полный рабочий день,Не имеет значения,55.497334,46.953529,https://vurnary.superjob.ru/vakansii/raznorabochij-po-remontu-puti-51801679.html
51825767,Продавец в зону готовой еды,54000,75200,rub,"['Строительство, проектирование, недвижимость', 'Промышленность, производство']","['Отопление, вентиляция и кондиционирование', 'Авиационная промышленность']",Домодедово,[],[],[],"Домодедово, Белые Столбы, Авенариуса, 8В",280168,,более 5000,18164.0,"Магнит, Розничная сеть",Не имеет значения,Сменный график работы,Не имеет значения,55.331577,37.838612,https://domodedovo.superjob.ru/vakansii/prodavec-v-zonu-gotovoj-edy-51825767.html
51845778,Газовщик,70000,0,rub,"['Промышленность, производство', 'Строительство, проектирование, недвижимость']","['Металлургия', 'Газоснабжение']",Челябинск,[],[],[],"Челябинск, 2-я Павелецкая улица, 4",173974,,более 5000,67.0,Мечел,От 1 года,Полный рабочий день,Не имеет значения,55.260178,61.418777,https://chelyabinsk.superjob.ru/vakansii/gazovschik-51845778.html
51850244,Электромонтер главного щита управления электростанции 5 разряда,100100,100100,rub,"['Строительство, проектирование, недвижимость', 'Рабочий персонал']","['Электроснабжение', 'Квалифицированный рабочий']",Кемь,[],[],[],"Республика Карелия, Кемский муниципальный округ, посёлок Кривой Порог",289082,,более 5000,60.0,Территориальная генерирующая компания №1,От 1 года,Полный рабочий день,Не имеет значения,65.039925,33.672325,https://kem.superjob.ru/vakansii/elektromonter-glavnogo-schita-upravleniya-elektrostancii-5-razryada-51850244.html
51850405,Монтажник,88000,170000,rub,"['Строительство, проектирование, недвижимость', 'Рабочий персонал']","['Строительно-монтажные работы', 'Рабочий персонал, разное', 'Квалифицированный рабочий']",Санкт-Петербург,[],[],[],,4156139,,менее 50,0.0,"ФСК ""Мостоотряд-47""",От 1 года,Работа вахтовым методом,Не имеет значения,,,https://spb.superjob.ru/vakansii/montazhnik-51850405.html
51854313,Автокрановщик,210000,250000,rub,"['Строительство, проектирование, недвижимость', 'Рабочий персонал']","['Другое', 'Транспортные системы (мосты, дороги, тоннели)', 'Рабочий персонал, разное']",Ленск,[],[],[],,4595880,,более 5000,68.0,Инжиниринговый холдинг «эВ-групп»,От 3 лет,Полный рабочий день,Не имеет значения,,,https://lensk.superjob.ru/vakansii/avtokranovschik-51854313.html
51854698,Электромонтажник-расключник (вахта),176000,176000,rub,"['Строительство, проектирование, недвижимость', 'Рабочий персонал']","['Эксплуатация зданий', 'Электроснабжение', 'Квалифицированный рабочий']",Иркутск,[],[],[],,3856938,,менее 50,1832.0,"Барс Пром/ООО ""БАРС ПРОМ""",От 1 года,Полный рабочий день,Не имеет значения,,,https://irkutsk.superjob.ru/vakansii/elektromontazhnik-rasklyuchnik-51854698.html
51865184,"Электрогазосварщик НАКС (КО, ГО, НДГО)",135000,0,rub,"['Строительство, проектирование, недвижимость', 'Рабочий персонал']","['Трубопроводы', 'Квалифицированный рабочий']",Р. п. им. Воровского (Ногинский район),[],[],[],,4553430,,менее 50,9.0,"ФИРМА ""ГАЗКОМПЛЕКТ""",От 3 лет,Полный рабочий день,Не имеет значения,,,https://www.superjob.ru/vakansii/elektrogazosvarschik-naks-51865184.html
51865189,Оператор котельной,70000,0,rub,"['Строительство, проектирование, недвижимость', 'Рабочий персонал']","['Отопление, вентиляция и кондиционирование', 'Рабочий персонал, разное']",Санкт-Петербург,[],[],[],"Санкт-Петербург, 2 линия – Московско-Петроградская, метро Электросила",6269,,более 5000,12.0,Силовые машины,От 1 года,Полный рабочий день,Не имеет значения,59.879166,30.318707,https://spb.superjob.ru/vakansii/operator-kotelnoj-51865189.html
51870370,Слесарь-сантехник,120000,136000,rub,"['Строительство, проектирование, недвижимость', 'Рабочий персонал']","['Водоснабжение, канализация', 'Рабочий персонал, разное', 'Квалифицированный рабочий']",Москва,['Краснопресненская'],['Кольцевая'],['brown'],,406175,,более 5000,112.0,PRIDEX Group,От 1 года,Полный рабочий день,Не имеет значения,,,https://www.superjob.ru/vakansii/slesar-santehnik-51870370.html
46603831,Рабочий по комплексному обслуживанию здания,90000,0,rub,"['Строительство, проектирование, недвижимость']","['Строительно-монтажные работы', 'Эксплуатация зданий', 'Отделочные работы']",Щелково,[],[],[],"Щёлково, территория Агрохим, с9Ак3",2814845,,100 — 500,6.0,Техноколор,От 1 года,Полный рабочий день,Среднее специальное,,,https://schelkovo.superjob.ru/vakansii/rabochij-po-kompleksnomu-obsluzhivaniyu-zdaniya-46603831.html
50498360,"Сборщик заказов (, 1, 1/1)",45500,65500,rub,"['Строительство, проектирование, недвижимость']","['Управление недвижимостью', 'Другое']",Десногорск,[],[],[],Десногорск,2635306,,более 5000,45940.0,Пятёрочка,Не имеет значения,Полный рабочий день,Не имеет значения,54.152351,33.28788,https://desnogorsk.superjob.ru/vakansii/sborschik-zakazov-50498360.html
47869139,Мастер по текущему ремонту (Плотник),65000,65000,rub,"['Рабочий персонал', 'Строительство, проектирование, недвижимость']","['Рабочий персонал, разное', 'Квалифицированный рабочий', 'Отделочные работы']",Санкт-Петербург,"['Петроградская', 'Чёрная Речка', 'Чкаловская', 'Старая Деревня']","['Московско-Петроградская', 'Московско-Петроградская', 'Фрунзенско-Приморская', 'Фрунзенско-Приморская']","['blue', 'blue', 'violet', 'violet']","Санкт-Петербург, Малая Разночинная улица, 10",3494791,,500 — 1000,0.0,Управление комфортом,От 1 года,Полный рабочий день,Не имеет значения,59.958511,30.2897,https://spb.superjob.ru/vakansii/master-po-tekuschemu-remontu-47869139.html
51726957,Электромонтажник,160000,160000,rub,"['Строительство, проектирование, недвижимость', 'Рабочий персонал']","['Эксплуатация зданий', 'Электроснабжение', 'Квалифицированный рабочий']",Красноярск,[],[],[],,4899646,,менее 50,7.0,Р-Строй,От 1 года,Полный рабочий день,Среднее специальное,,,https://krasnoyarsk.superjob.ru/vakansii/elektromontazhnik-51726957.html
51761064,Стажер по подбору персонала,0,0,rub,"['Строительство, проектирование, недвижимость', 'Консалтинг, стратегическое развитие']","['Начало карьеры, мало опыта', 'IT-консалтинг', 'Кадровый консалтинг']",Москва,[],[],[],,4944476,,менее 50,15.0,КРОК,Без опыта,Полный рабочий день,Не имеет значения,,,https://www.superjob.ru/vakansii/stazher-po-podboru-personala-51761064.html
51868121,Стажёр в отдел исследований и моделирования,0,0,rub,"['Строительство, проектирование, недвижимость']","['Начало карьеры, мало опыта', 'Экологическое сопровождение проектов']",Москва,[],[],[],,4905642,,менее 50,13.0,Альфа-Банк: Старт карьеры,Без опыта,Полный рабочий день,Не имеет значения,,,https://www.superjob.ru/vakansii/stazhjor-v-otdel-issledovanij-i-modelirovaniya-51868121.html
51868245,Автокурьер на личном авто (Оплата патента),70000,160000,rub,"['Бухгалтерия, финансы, аудит', 'Строительство, проектирование, недвижимость']","['МСФО, IFRS, РСБУ', 'Начало карьеры, мало опыта']",Москва,['Лихоборы'],['МЦД3'],['orangered'],"г Москва, улица Автомоторная, д. 6. 6",0,,,,,Без опыта,Полный рабочий день,Не имеет значения,55.849827,37.536491,https://www.superjob.ru/vakansii/avtokurer-na-lichnom-avto-51868245.html
50483619,Разнорабочий на строительный объект (прокладка кабеля),80000,100000,rub,"['Строительство, проектирование, недвижимость', 'Рабочий персонал']","['Строительно-монтажные работы', 'Рабочий персонал, разное']",Москва,[],[],[],,4416641,,менее 50,2.0,Лабиринт-Информ,От 1 года,Полный рабочий день,Не имеет значения,,,https://www.superjob.ru/vakansii/raznorabochij-na-stroitelnyj-obekt-50483619.html
50546123,Рабочий по комплексному обслуживанию здания,25000,0,rub,"['Строительство, проектирование, недвижимость', 'Рабочий персонал']","['Строительно-монтажные работы', 'Эксплуатация зданий', 'Другое', 'Рабочий персонал, разное']",Тюмень,[],[],[],,4887815,,более 5000,62.0,Социальный фонд России,Без опыта,Полный рабочий день,Не имеет значения,,,https://tyumen.superjob.ru/vakansii/rabochij-po-kompleksnomu-obsluzhivaniyu-zdaniya-50546123.html
50738393,Машинист АГП,83300,125000,rub,"['Транспорт, логистика, ВЭД', 'Строительство, проектирование, недвижимость', 'Рабочий персонал']","['Автоперевозки', 'Электроснабжение', 'Слаботочные системы и сети', 'Рабочий персонал, разное']",Москва,"['Автозаводская', 'ЗИЛ']","['МЦК', 'МЦК']","['lightpink', 'lightpink']","Москва, 2-й Кожуховский проезд, 29к2с11",4019802,,более 5000,44.0,Объединенная энергетическая компания,От 1 года,Сменный график работы,Среднее специальное,55.697777,37.65591,https://www.superjob.ru/vakansii/mashinist-agp-50738393.html
50874905,Электрик,0,50000,rub,"['Строительство, проектирование, недвижимость', 'Рабочий персонал']","['Электроснабжение', 'Слаботочные системы и сети', 'Рабочий персонал, разное', 'Квалифицированный рабочий']",Москва,['Охотный ряд'],['Сокольническая'],['red'],"Москва, Моховая улица, 11с3",4761791,,менее 50,1.0,"Федеральное государственное бюджетное учреждение науки ""Институт Европы Российской академии наук""",От 1 года,Полный рабочий день,Среднее специальное,55.756599,37.610413,https://www.superjob.ru/vakansii/elektrik-50874905.html
50921262,Оператор котельной,0,100000,rub,"['Строительство, проектирование, недвижимость', 'Рабочий персонал']","['Отопление, вентиляция и кондиционирование', 'Рабочий персонал, разное']",Санкт-Петербург,['Площадь Мужества'],['Кировско-Выборгская'],['red'],"Санкт-Петербург, Политехническая улица, 13-15",2354775,,1000 — 5000,1388.0,СПБ ОАО КРАСНЫЙ ОКТЯБРЬ,От 1 года,Сменный график работы,Не имеет значения,59.996681,30.365957,https://spb.superjob.ru/vakansii/operator-kotelnoj-50921262.html
50941792,Производитель работ,130000,0,rub,"['Строительство, проектирование, недвижимость', 'Топ-персонал']","['Строительно-монтажные работы', 'Строительство, проектирование, недвижимость']",Ханты-Мансийск,[],[],[],Ханты-Мансийск Мира 116,4486829,,100 — 500,152.0,"ФИЛИАЛ №5 АКЦИОНЕРНОГО ОБЩЕСТВА ""ГОСУДАРСТВЕННАЯ КОМПАНИЯ ""СЕВЕРАВТОДОР""",От 3 лет,Полный рабочий день,Не имеет значения,,,https://khanty-mansiisk.superjob.ru/vakansii/proizvoditel-rabot-50941792.html
51021142,Мастер участка светопрозрачных конструкций,80000,0,rub,"['Строительство, проектирование, недвижимость', 'Промышленность, производство']","['Строительно-монтажные работы', 'Эксплуатация зданий', 'Производство товаров народного потребления']",Серпухов,[],[],[],"Московская область, городской округ Серпухов, деревня Дашковка, 43Г",4746781,,менее 50,9.0,ДМД СК,От 1 года,Полный рабочий день,Не имеет значения,54.901516,37.343262,https://serpukhov.superjob.ru/vakansii/master-uchastka-svetoprozrachnyh-konstrukcij-51021142.html
51191708,Монтажник охранно-пожарной сигнализации,0,0,rub,"['Строительство, проектирование, недвижимость']",['Слаботочные системы и сети'],Сергиев Посад,[],[],[],"Московская область, Сергиев Посад, Фестивальная улица, 10А",411551,,менее 50,25.0,Ассоциация охранных предприятий «Посад»,От 1 года,Полный рабочий день,Не имеет значения,56.294914,38.165562,https://sergiev-posad.superjob.ru/vakansii/montazhnik-ohranno-pozharnoj-signalizacii-51191708.html
51615149,Электромонтер 5 разряда,150000,150000,rub,"['Строительство, проектирование, недвижимость', 'Рабочий персонал']","['Электроснабжение', 'Квалифицированный рабочий']",Кемерово,[],[],[],,5033,,более 5000,25.0,АЙЭФСИЭМ ГРУПП,От 1 года,Работа вахтовым методом,Не имеет значения,,,https://kemerovo.superjob.ru/vakansii/elektromonter-5-razryada-51615149.html
51617556,Электромонтёр по ремонту и обслуживанию грузоподъёмного электрооборудования,90000,100000,rub,"['Промышленность, производство', 'Строительство, проектирование, недвижимость']","['Железнодорожное машиностроение', 'Радиотехническая и электронная промышленность', 'Слаботочные системы и сети']",Санкт-Петербург,['Выборгская'],['Кировско-Выборгская'],['red'],"Санкт-Петербург, Большой Сампсониевский проспект, 64",794796,,500 — 1000,32.0,НПО Компрессор,От 1 года,Полный рабочий день,Не имеет значения,59.976425,30.338093,https://spb.superjob.ru/vakansii/elektromontjor-po-remontu-i-obsluzhivaniyu-gruzopodjomnogo-elektrooborudovaniya-51617556.html
51643019,Разнорабочий,260000,0,rub,"['Строительство, проектирование, недвижимость', 'Рабочий персонал']","['Водоснабжение, канализация', 'Рабочий персонал, разное', 'Квалифицированный рабочий']",Братск,[],[],[],Чукотский автономный округ,4744563,,1000 — 5000,4189.0,АКС,Без опыта,Полный рабочий день,Не имеет значения,65.982613,174.432327,https://bratsk.superjob.ru/vakansii/raznorabochij-51643019.html
51682674,Электромонтер РЗА (5 разряд),0,0,rub,"['Строительство, проектирование, недвижимость', 'Рабочий персонал']","['Электроснабжение', 'Квалифицированный рабочий']",Владивосток,[],[],[],,4273213,,500 — 1000,5.0,Черногорская ГРК,От 3 лет,Полный рабочий день,Среднее специальное,,,https://vladivostok.superjob.ru/vakansii/elektromonter-rza-51682674.html
51700205,Мастер СМР / Прораб (в Египет),185000,200000,rub,"['Строительство, проектирование, недвижимость']","['Проектирование', 'Строительно-монтажные работы', 'Управление проектами (ГИП)']",Москва,[],[],[],,970633,,более 5000,2342.0,Трест Росспецэнергомонтаж,От 3 лет,Полный рабочий день,Не имеет значения,,,https://www.superjob.ru/vakansii/master-smr-51700205.html
51706892,Электромонтер,48000,50000,rub,"['Строительство, проектирование, недвижимость', 'Рабочий персонал']","['Эксплуатация зданий', 'Электроснабжение', 'Слаботочные системы и сети', 'Рабочий персонал, разное', 'Квалифицированный рабочий']",Оренбург,[],[],[],"Оренбург, проспект Гагарина, 48/1",178200,,1000 — 5000,61.0,Т Плюс,Без опыта,Полный рабочий день,Не имеет значения,51.7757,55.184135,https://orenburg.superjob.ru/vakansii/elektromonter-51706892.html
51707483,Оператор котельной,55000,75000,rub,"['Строительство, проектирование, недвижимость', 'Рабочий персонал']","['Отопление, вентиляция и кондиционирование', 'Рабочий персонал, разное']",Санкт-Петербург,[],[],[],,2082628,,более 5000,2.0,"ГУП ""Топливно-энергетический комплекс СПб""",Без опыта,Полный рабочий день,Не имеет значения,,,https://spb.superjob.ru/vakansii/operator-kotelnoj-51707483.html
51709911,Сантехник,130000,0,rub,"['Строительство, проектирование, недвижимость', 'Промышленность, производство']","['ЖКХ', 'Автомобильная промышленность']",Москва,[],[],[],,4057473,,500 — 1000,248.0,Публично-правовая компания «Военно-строительная компания»,От 1 года,Полный рабочий день,Не имеет значения,,,https://www.superjob.ru/vakansii/santehnik-51709911.html
51725195,"Техник (БЦ Московский, 212) сотрудник АХО",60000,70000,rub,"['Административная работа, секретариат, АХО', 'Строительство, проектирование, недвижимость', 'Рабочий персонал']","['АХО', 'Отопление, вентиляция и кондиционирование', 'Эксплуатация зданий', 'Отделочные работы', 'Квалифицированный рабочий']",Санкт-Петербург,['Московская'],['Московско-Петроградская'],['blue'],"Санкт-Петербург, Московский проспект, 212",13775,,1000 — 5000,21.0,Setl Group,Без опыта,Полный рабочий день,Среднее специальное,59.852119,30.32725,https://spb.superjob.ru/vakansii/tehnik-51725195.html
51735678,Производитель работ,0,229885,rub,"['Строительство, проектирование, недвижимость', 'Топ-персонал']","['Строительно-монтажные работы', 'Строительство, проектирование, недвижимость']",Москва,"['Братиславская', 'Перерва', 'Депо', 'Курьяново']","['Люблинско-Дмитровская', 'МЦД2', 'МЦД2', 'МЦД2']","['lime', 'fuchsia', 'fuchsia', 'fuchsia']","Москва, Иловайская улица",4954091,,менее 50,16.0,Страна Девелопмент,От 1 года,Полный рабочий день,Не имеет значения,55.65976,37.718822,https://www.superjob.ru/vakansii/proizvoditel-rabot-51735678.html
51752294,"Уборщица на мебельное производств, 3 часа в день",20000,0,rub,"['Дизайн', 'Строительство, проектирование, недвижимость']","['Дизайн интерьера', 'Ландшафтный дизайн', 'Конструирование']",Пенза,[],[],[],"Пенза, улица Германа Титова, 5к11",3470053,,менее 50,21.0,Интерьер-Центр,Без опыта,Полный рабочий день,Не имеет значения,53.22694,44.971352,https://penza.superjob.ru/vakansii/uborschica-na-mebelnoe-proizvodstv-51752294.html
30281773,Агент по аренде недвижимости,60000,0,rub,"['Продажи', 'Строительство, проектирование, недвижимость']","['Агентства недвижимости, оценка недвижимости', 'Автомобили, запчасти', 'Услуги для бизнеса', 'Начало карьеры, мало опыта', 'Начало карьеры, мало опыта']",Москва,"['Кропоткинская', 'Парк Культуры', 'Фрунзенская', 'Смоленская']","['Сокольническая', 'Кольцевая', 'Сокольническая', 'Филёвская']","['red', 'brown', 'red', 'blue']","Москва, Зубовский бульвар, 21-23с1",186972,,1000 — 5000,1010.0,ИНКОМ - Недвижимость,От 1 года,Полный рабочий день,Не имеет значения,55.735943,37.59021,https://www.superjob.ru/vakansii/agent-po-arende-nedvizhimosti-30281773.html
51768201,Главный специалист по работе с клиентами,31157,32924,rub,"['Строительство, проектирование, недвижимость']",['Экологическое сопровождение проектов'],Экспериментальный (Оренбургская область),[],[],[],"Оренбургский район, посёлок Экспериментальный, Культурная улица",14215,,более 5000,1380.0,Почта России,От 1 года,Частичная занятость / Совместительство,Не имеет значения,51.538155,55.027885,https://www.superjob.ru/vakansii/glavnyj-specialist-po-rabote-s-klientami-51768201.html
51765581,Начинающий риелтор/Агент,450000,750000,rub,"['Продажи', 'Строительство, проектирование, недвижимость']","['Агентства недвижимости, оценка недвижимости', 'Начало карьеры, мало опыта']",Москва,"['Курская', 'Таганская', 'Марксистская']","['МЦД4', 'Таганско-Краснопресненская', 'Калининско-Солнцевская']","['mediumaquamarine', 'violet', 'yellow']","Москва, Таганская улица",813261,,1000 — 5000,286.0,МИЭЛЬ,Без опыта,Полный рабочий день,Не имеет значения,55.739746,37.66433,https://www.superjob.ru/vakansii/nachinayuschij-rieltor-51765581.html
51782418,Инженер-проектировщик,0,160000,rub,"['Строительство, проектирование, недвижимость']",['Проектирование'],Москва,"['Красногвардейская', 'Зябликово']","['Замоскворецкая', 'Люблинско-Дмитровская']","['green', 'lime']","Ореховый бульвар, дом 28",180504,,1000 — 5000,21.0,ФГБУ ФНКЦ специализированных видов медицинской помощи и медицинских технологий ФМБА России,От 1 года,Полный рабочий день,Не имеет значения,,,https://www.superjob.ru/vakansii/inzhener-proektirovschik-51782418.html
51790669,"Монтажник систем вентиляции, кондиционирования воздуха, пневмотранспорта и аспирации, 4 разряд",0,0,rub,"['Строительство, проектирование, недвижимость', 'Рабочий персонал']","['Отопление, вентиляция и кондиционирование', 'Квалифицированный рабочий']",Красноярск,[],[],[],"Красноярский край, Северо-Енисейский округ, вахтовый посёлок Еруда",1996534,,более 5000,45.0,Группа Полюс,От 1 года,Полный рабочий день,Не имеет значения,59.886845,92.898277,https://krasnoyarsk.superjob.ru/vakansii/montazhnik-sistem-ventilyacii-51790669.html
51799216,"Электрогазосварщик, г. Саратов вахта 30/30",180000,200000,rub,"['Строительство, проектирование, недвижимость', 'Рабочий персонал']","['Благоустройство территорий', 'Строительно-монтажные работы', 'Квалифицированный рабочий']",Екатеринбург,[],[],[],,3925670,,1000 — 5000,14.0,Бамтоннельстрой-Мост,От 1 года,Полный рабочий день,Не имеет значения,,,https://ekaterinburg.superjob.ru/vakansii/elektrogazosvarschik-51799216.html
51801680,Разнорабочий по ремонту пути,66500,66500,rub,"['Строительство, проектирование, недвижимость']","['Подводно-технические работы', 'Строительно-монтажные работы']",Шумерля,[],[],[],"Чувашская Республика — Чувашия, Шумерля, улица Маршала Жукова, 3А",2466656,,более 5000,3173.0,Российские железные дороги,Без опыта,Полный рабочий день,Не имеет значения,55.495419,46.409401,https://shumerlya.superjob.ru/vakansii/raznorabochij-po-remontu-puti-51801680.html
51810328,Маляр 5 разряда,0,60500,rub,"['Строительство, проектирование, недвижимость', 'Рабочий персонал']","['Строительно-монтажные работы', 'Рабочий персонал, разное', 'Квалифицированный рабочий']",Санкт-Петербург,"['Площадь Ленина', 'Выборгская', 'Горьковская', 'Петроградская']","['Кировско-Выборгская', 'Кировско-Выборгская', 'Московско-Петроградская', 'Московско-Петроградская']","['red', 'red', 'blue', 'blue']","Санкт-Петербург, Большая Посадская улица, 24/2Д",441150,,более 5000,126.0,"СПб ГУП ""Горэлектротранс""",Без опыта,Полный рабочий день,Не имеет значения,59.960075,30.325993,https://spb.superjob.ru/vakansii/malyar-5-razryada-51810328.html
51847689,Рабочий по комплексному обслуживанию и ремонту зданий,0,120920,rub,"['Строительство, проектирование, недвижимость', 'Рабочий персонал']","['Эксплуатация зданий', 'Рабочий персонал, разное']",Южно-Сахалинск,[],[],[],"Сахалинская область, Углегорский городской округ, посёлок городского типа Шахтёрск",345901,,1000 — 5000,29.0,Восточная Горнорудная Компания (EMCO),От 1 года,Полный рабочий день,Не имеет значения,49.159794,142.105133,https://yuzhno-sakhalinsk.superjob.ru/vakansii/rabochij-po-kompleksnomu-obsluzhivaniyu-i-remontu-zdanij-51847689.html
51854699,Электромонтажник-расключник (вахта),176000,176000,rub,"['Строительство, проектирование, недвижимость', 'Рабочий персонал']","['Эксплуатация зданий', 'Электроснабжение', 'Квалифицированный рабочий']",Красноярск,[],[],[],,3856938,,менее 50,1832.0,"Барс Пром/ООО ""БАРС ПРОМ""",От 1 года,Полный рабочий день,Не имеет значения,,,https://krasnoyarsk.superjob.ru/vakansii/elektromontazhnik-rasklyuchnik-51854699.html
51854737,Продавец в зону готовой еды,43300,57700,rub,"['Строительство, проектирование, недвижимость']","['Строительно-монтажные работы', 'Технический надзор, строительная экспертиза / ПТО']",Калуга,[],[],[],"Калуга, Маршала Жукова, 38",280168,,более 5000,18164.0,"Магнит, Розничная сеть",Не имеет значения,Сменный график работы,Не имеет значения,54.516674,36.288551,https://kaluga.superjob.ru/vakansii/prodavec-v-zonu-gotovoj-edy-51854737.html
51862395,Электромонтер,100000,0,rub,"['Строительство, проектирование, недвижимость', 'Рабочий персонал']","['Эксплуатация зданий', 'Электроснабжение', 'Слаботочные системы и сети', 'Рабочий персонал, разное', 'Квалифицированный рабочий']",Москва,[],[],[],"Москва, Бережковская набережная, 20с87",4460820,,100 — 500,1.0,СПЕЦДОРПРОЕКТ,Без опыта,Полный рабочий день,Не имеет значения,55.734783,37.547623,https://www.superjob.ru/vakansii/elektromonter-51862395.html
51865176,"Электрогазосварщик НАКС (КО, ГО, НДГО)",135000,0,rub,"['Строительство, проектирование, недвижимость', 'Рабочий персонал']","['Трубопроводы', 'Квалифицированный рабочий']",Балашиха,[],[],[],,4553430,,менее 50,9.0,"ФИРМА ""ГАЗКОМПЛЕКТ""",От 3 лет,Полный рабочий день,Не имеет значения,,,https://balashiha.superjob.ru/vakansii/elektrogazosvarschik-naks-51865176.html
51870368,Слесарь-сантехник,120000,136000,rub,"['Строительство, проектирование, недвижимость', 'Рабочий персонал']","['Водоснабжение, канализация', 'Рабочий персонал, разное', 'Квалифицированный рабочий']",Москва,['Деловой центр'],['Филёвская'],['blue'],,406175,,более 5000,112.0,PRIDEX Group,От 1 года,Полный рабочий день,Не имеет значения,,,https://www.superjob.ru/vakansii/slesar-santehnik-51870368.html
51760926,Стажер системный инженер (BigData),0,0,rub,"['IT, Интернет, связь, телеком', 'Строительство, проектирование, недвижимость', 'Промышленность, производство']","['Инжиниринг', 'Сетевые технологии', 'Начало карьеры, мало опыта', 'Начало карьеры, мало опыта', 'Начало карьеры, мало опыта']",Москва,[],[],[],,4944476,,менее 50,15.0,КРОК,Без опыта,Полный рабочий день,Не имеет значения,,,https://www.superjob.ru/vakansii/stazher-sistemnyj-inzhener-51760926.html
51726958,Электромонтажник,160000,160000,rub,"['Строительство, проектирование, недвижимость', 'Рабочий персонал']","['Эксплуатация зданий', 'Электроснабжение', 'Квалифицированный рабочий']",Омск,[],[],[],,4899646,,менее 50,7.0,Р-Строй,От 1 года,Полный рабочий день,Среднее специальное,,,https://omsk.superjob.ru/vakansii/elektromontazhnik-51726958.html
51768063,Прораб / Начальник участка,80000,100000,rub,"['Строительство, проектирование, недвижимость', 'Промышленность, производство']","['Строительно-монтажные работы', 'Электроснабжение', 'Трубопроводы', 'Транспортные системы (мосты, дороги, тоннели)', 'Производство стройматериалов']",Курган,[],[],[],"Курган, микрорайон Чистое Поле",4956375,,менее 50,1.0,Михайлова Елена Николаевна,Без опыта,Полный рабочий день,Не имеет значения,55.493298,65.275879,https://kurgan.superjob.ru/vakansii/prorab-51768063.html
51844224,"Продавец-кассир (Калининград, ГПК Железнодорожник, А, 88-90)",45000,76000,rub,"['Продажи', 'Строительство, проектирование, недвижимость']","['Агентства недвижимости, оценка недвижимости', 'Управление строительством, девелопмент']",Калининград,[],[],[],,2635306,,более 5000,45940.0,Пятёрочка,Не имеет значения,Частичная занятость / Совместительство,Не имеет значения,,,https://kaliningrad.superjob.ru/vakansii/prodavec-kassir-51844224.html
51849986,Главный специалист технического отдела,80000,80000,rub,"['Строительство, проектирование, недвижимость']","['Управление строительством, девелопмент']",Мытищи,[],[],[],"Московская область, городской округ Мытищи, посёлок Поведники",4928804,,менее 50,2.0,Клязьма,От 3 лет,Полный рабочий день,Не имеет значения,55.977409,37.606434,https://mytischi.superjob.ru/vakansii/glavnyj-specialist-tehnicheskogo-otdela-51849986.html
51868119,Стажёр в отдел развития инструментов управления данными,0,0,rub,"['Строительство, проектирование, недвижимость']","['Начало карьеры, мало опыта', 'Управление проектами (ГИП)']",Москва,[],[],[],,4905642,,менее 50,13.0,Альфа-Банк: Старт карьеры,Без опыта,Полный рабочий день,Не имеет значения,,,https://www.superjob.ru/vakansii/stazhjor-v-otdel-razvitiya-instrumentov-upravleniya-dannymi-51868119.html
51870123,Автокурьер на личном авто (Оплата патента),70000,160000,rub,"['Строительство, проектирование, недвижимость']",['ЖКХ'],Москва,['Минская'],['МЦД4'],['mediumaquamarine'],"г Москва, улица Косыгина, д. 55. 55",0,,,,,Без опыта,Полный рабочий день,Не имеет значения,55.716469,37.533443,https://www.superjob.ru/vakansii/avtokurer-na-lichnom-avto-51870123.html
46302500,Слесарь-сварщик,38000,0,rub,"['Строительство, проектирование, недвижимость', 'Промышленность, производство', 'Рабочий персонал']","['Строительно-монтажные работы', 'Промышленное оборудование', 'Производство металлических изделий и заготовок', 'Рабочий персонал, разное', 'Квалифицированный рабочий']",Самара,[],[],[],"Самара, Луцкая улица, 2к3",4465589,,менее 50,1.0,ПромКомпектСервис,От 1 года,Полный рабочий день,Не имеет значения,53.182507,50.144203,https://samara.superjob.ru/vakansii/slesar-svarschik-46302500.html
46333761,"Старшина, плотник, разнорабочий, инспектор тыла, инженер",50000,80000,rub,"['Строительство, проектирование, недвижимость', 'Рабочий персонал']","['Строительно-монтажные работы', 'Технический надзор, строительная экспертиза / ПТО', 'Управление строительством, девелопмент', 'Рабочий персонал, разное']",Санкт-Петербург,"['Площадь Ленина', 'Выборгская', 'Лесная']","['Кировско-Выборгская', 'Кировско-Выборгская', 'Кировско-Выборгская']","['red', 'red', 'red']","Санкт-Петербург, Минеральная улица, 3-5",3117918,,500 — 1000,3.0,УМВД России по Калининскому району г. Санкт-Петербурга,Без опыта,Полный рабочий день,Среднее специальное,59.96653,30.381435,https://spb.superjob.ru/vakansii/starshina-46333761.html
45358336,"Монтажник слаботочных систем, СКС",80000,120000,rub,"['Рабочий персонал', 'Строительство, проектирование, недвижимость']","['Рабочий персонал, разное', 'Квалифицированный рабочий', 'Слаботочные системы и сети']",Москва,[],[],[],,4416641,,менее 50,2.0,Лабиринт-Информ,От 3 лет,Полный рабочий день,Не имеет значения,,,https://www.superjob.ru/vakansii/montazhnik-slabotochnyh-sistem-45358336.html
49659353,Выездной специалист связи,80000,0,rub,"['IT, Интернет, связь, телеком', 'Строительство, проектирование, недвижимость', 'Услуги, ремонт, сервисное обслуживание', 'Рабочий персонал']","['Телекоммуникации и связь', 'Электроснабжение', 'Слаботочные системы и сети', 'Телекоммуникационное оборудование и сети', 'Рабочий персонал, разное']",Самара,[],[],[],,24172,,более 5000,72.0,Ростелеком,Без опыта,Сменный график работы,Не имеет значения,,,https://samara.superjob.ru/vakansii/vyezdnoj-specialist-svyazi-49659353.html
49873484,Электромонтажник,120000,0,rub,"['Рабочий персонал', 'Строительство, проектирование, недвижимость']","['Рабочий персонал, разное', 'Слаботочные системы и сети']",Москва,[],[],[],Москва (Алтуфьево) Московская область (Люберцы),4807321,,менее 50,1.0,Ратникова И. Г.,От 1 года,Полный рабочий день,Среднее специальное,,,https://www.superjob.ru/vakansii/elektromontazhnik-49873484.html
50307424,Машинист экскаватора (PC 1250),230000,0,rub,"['Транспорт, логистика, ВЭД', 'Строительство, проектирование, недвижимость', 'Рабочий персонал']","['Автоперевозки', 'Благоустройство территорий', 'Квалифицированный рабочий']",Поселок им. Гастелло (Магаданская обл.),[],[],[],"Магаданская область, Тенькинский муниципальный округ, посёлок имени Гастелло",2478071,,500 — 1000,36.0,«Золоторудная Компания Павлик»,От 3 лет,Работа вахтовым методом,Не имеет значения,61.553967,148.003265,https://magadan.superjob.ru/vakansii/mashinist-ekskavatora-50307424.html
46374140,Техник-сантехник,45500,52000,rub,"['Строительство, проектирование, недвижимость']","['Водоснабжение, канализация']",Москва,[],[],[],"Москва, Волгоградский проспект, 43к2",4466582,,менее 50,0.0,ГРИН КОМФОРТ,От 1 года,Сменный график работы,Среднее,55.713863,37.71962,https://www.superjob.ru/vakansii/tehnik-santehnik-46374140.html
50546096,Слесарь-сантехник,25000,0,rub,"['Строительство, проектирование, недвижимость', 'Рабочий персонал']","['Водоснабжение, канализация', 'Рабочий персонал, разное', 'Квалифицированный рабочий']",Тюмень,[],[],[],"Тюмень, улица Мельникайте, 134",4887815,,более 5000,62.0,Социальный фонд России,От 1 года,Полный рабочий день,Среднее специальное,57.119251,65.543922,https://tyumen.superjob.ru/vakansii/slesar-santehnik-50546096.html
50644232,Электромонтер аварийно-восстановительной бригады наружного освещения,84000,110000,rub,"['Строительство, проектирование, недвижимость', 'Рабочий персонал']","['Электроснабжение', 'Слаботочные системы и сети', 'Рабочий персонал, разное']",Москва,"['Отрадное', 'Владыкино']","['Серпуховско-Тимирязевская', 'МЦК']","['gray', 'lightpink']","Москва, Отрадная улица, 2Бс6",4019802,,более 5000,44.0,Объединенная энергетическая компания,От 1 года,Сменный график работы,Среднее специальное,55.856564,37.599506,https://www.superjob.ru/vakansii/elektromonter-avarijno-vosstanovitelnoj-brigady-naruzhnogo-osvescheniya-50644232.html
51615150,Электромонтер 5 разряда,150000,150000,rub,"['Строительство, проектирование, недвижимость', 'Рабочий персонал']","['Электроснабжение', 'Квалифицированный рабочий']",Ачинск,[],[],[],,5033,,более 5000,25.0,АЙЭФСИЭМ ГРУПП,От 1 года,Работа вахтовым методом,Не имеет значения,,,https://achinsk.superjob.ru/vakansii/elektromonter-5-razryada-51615150.html
51623637,Специалист по сопровождению сделок с недвижимостью,80000,180000,rub,"['Строительство, проектирование, недвижимость']",['Управление недвижимостью'],Ставрополь,[],[],[],"Ставрополь, улица Мира, 330А",4943868,,менее 50,4.0,«Этажи 26»,Без опыта,Полный рабочий день,Не имеет значения,45.035496,41.954586,https://stavropol.superjob.ru/vakansii/specialist-po-soprovozhdeniyu-sdelok-s-nedvizhimostyu-51623637.html
51643020,Разнорабочий,260000,0,rub,"['Строительство, проектирование, недвижимость', 'Рабочий персонал']","['Водоснабжение, канализация', 'Рабочий персонал, разное', 'Квалифицированный рабочий']",Кызыл,[],[],[],Чукотский автономный округ,4744563,,1000 — 5000,4189.0,АКС,Без опыта,Полный рабочий день,Не имеет значения,65.982613,174.432327,https://kyzyl.superjob.ru/vakansii/raznorabochij-51643020.html
51657537,Электромонтер по обслуживанию электрооборудования,90000,105000,rub,"['Строительство, проектирование, недвижимость', 'Промышленность, производство', 'Рабочий персонал']","['Электроснабжение', 'Слаботочные системы и сети', 'Железнодорожное машиностроение', 'Радиотехническая и электронная промышленность', 'Рабочий персонал, разное']",Санкт-Петербург,[],[],[],"Санкт-Петербург, Большой Сампсониевский проспект, 64",794796,,500 — 1000,32.0,НПО Компрессор,От 3 лет,Полный рабочий день,Не имеет значения,59.976425,30.338093,https://spb.superjob.ru/vakansii/elektromonter-po-obsluzhivaniyu-elektrooborudovaniya-51657537.html
51682677,Электромонтер РЗА (5 разряд),0,0,rub,"['Строительство, проектирование, недвижимость', 'Рабочий персонал']","['Электроснабжение', 'Квалифицированный рабочий']",Смоленск,[],[],[],,4273213,,500 — 1000,5.0,Черногорская ГРК,От 3 лет,Полный рабочий день,Среднее специальное,,,https://smolensk.superjob.ru/vakansii/elektromonter-rza-51682677.html
51611680,Помощник главного инженера проекта центра по проектированию высокоскоростных магистралей,0,0,rub,"['Строительство, проектирование, недвижимость']","['Проектирование', 'Управление проектами (ГИП)']",Москва,[],[],[],"Москва, Малая Сухаревская площадь, 10",3440179,,1000 — 5000,28.0,Росжелдорпроект,От 1 года,Полный рабочий день,Высшее,55.772472,37.63068,https://www.superjob.ru/vakansii/pomoschnik-glavnogo-inzhenera-proekta-centra-po-proektirovaniyu-vysokoskorostnyh-magistralej-51611680.html
51709912,Сантехник,130000,0,rub,"['Строительство, проектирование, недвижимость', 'Рабочий персонал']","['Водоснабжение, канализация', 'Рабочий персонал, разное', 'Квалифицированный рабочий']",Щелково,[],[],[],,4057473,,500 — 1000,248.0,Публично-правовая компания «Военно-строительная компания»,От 1 года,Полный рабочий день,Не имеет значения,,,https://schelkovo.superjob.ru/vakansii/santehnik-51709912.html
51725186,Слесарь-сантехник,92000,0,rub,"['Строительство, проектирование, недвижимость', 'Рабочий персонал']","['Водоснабжение, канализация', 'Рабочий персонал, разное', 'Квалифицированный рабочий']",Санкт-Петербург,[],[],[],"Санкт-Петербург, Кубинская улица, 76к1",13775,,1000 — 5000,21.0,Setl Group,От 1 года,Полный рабочий день,Среднее специальное,59.845947,30.293716,https://spb.superjob.ru/vakansii/slesar-santehnik-51725186.html
51735659,Ведущий инженер по эксплуатации,0,0,rub,"['Строительство, проектирование, недвижимость']",['Эксплуатация зданий'],Тюмень,[],[],[],"Тюмень, улица Тимофея Чаркова, 60",4954091,,менее 50,16.0,Страна Девелопмент,От 3 лет,Полный рабочий день,Не имеет значения,57.175545,65.656479,https://tyumen.superjob.ru/vakansii/veduschij-inzhener-po-ekspluatacii-51735659.html
30281033,Эксперт по недвижимости,60000,0,rub,"['Продажи', 'Строительство, проектирование, недвижимость']","['Агентства недвижимости, оценка недвижимости', 'Автомобили, запчасти', 'Услуги для бизнеса', 'Другое', 'Начало карьеры, мало опыта']",Москва,"['Кропоткинская', 'Парк Культуры', 'Фрунзенская']","['Сокольническая', 'Кольцевая', 'Сокольническая']","['red', 'brown', 'red']","Москва, Зубовский бульвар, 21-23с1",186972,,1000 — 5000,1010.0,ИНКОМ - Недвижимость,От 1 года,Полный рабочий день,Не имеет значения,55.735943,37.59021,https://www.superjob.ru/vakansii/ekspert-po-nedvizhimosti-30281033.html
51765583,Помощник риелтора,450000,0,rub,"['Продажи', 'Строительство, проектирование, недвижимость']","['Агентства недвижимости, оценка недвижимости', 'Управление недвижимостью', 'Начало карьеры, мало опыта']",Москва,"['Охотный ряд', 'Библиотека им. Ленина', 'Театральная', 'Площадь Революции']","['Сокольническая', 'Сокольническая', 'Замоскворецкая', 'Арбатско-Покровская']","['red', 'red', 'green', 'darkblue']",Москва,813261,,1000 — 5000,286.0,МИЭЛЬ,Без опыта,Полный рабочий день,Не имеет значения,55.755863,37.617699,https://www.superjob.ru/vakansii/pomoschnik-rieltora-51765583.html
51768487,Слесарь по ремонту и обслуживанию систем вентиляции и кондиционирования 4 разряд,0,97200,rub,"['Строительство, проектирование, недвижимость', 'Услуги, ремонт, сервисное обслуживание', 'Рабочий персонал']","['Отопление, вентиляция и кондиционирование', 'Другое', 'Квалифицированный рабочий']",Санкт-Петербург,[],[],[],"Санкт-Петербург, Ленинский проспект, 140к2",441150,,более 5000,126.0,"СПб ГУП ""Горэлектротранс""",От 1 года,Полный рабочий день,Среднее специальное,59.85627,30.285002,https://spb.superjob.ru/vakansii/slesar-po-remontu-i-obsluzhivaniyu-sistem-ventilyacii-i-kondicionirovaniya-4-razryad-51768487.html
51782356,Инженер-строитель,0,0,rub,"['Строительство, проектирование, недвижимость']",['Строительно-монтажные работы'],Москва,"['Рассказовка', 'Внуково', 'Пыхтино', 'Аэропорт Внуково']","['Калининско-Солнцевская', 'МЦД4', 'Калининско-Солнцевская', 'Калининско-Солнцевская']","['yellow', 'mediumaquamarine', 'yellow', 'yellow']","Москва, Солнцевская линия, метро Аэропорт Внуково",2720788,,1000 — 5000,47.0,Международный аэропорт Внуково,От 3 лет,Полный рабочий день,Не имеет значения,55.607086,37.287701,https://www.superjob.ru/vakansii/inzhener-stroitel-51782356.html
51790463,Начальник ПТО на центральные котельные,90000,0,rub,"['Строительство, проектирование, недвижимость', 'Топ-персонал']","['Отопление, вентиляция и кондиционирование', 'Строительно-монтажные работы', 'Технический надзор, строительная экспертиза / ПТО', 'Слаботочные системы и сети', 'Строительство, проектирование, недвижимость']",Екатеринбург,[],[],[],"Свердловская область, Екатеринбург, Гурзуфская улица, 40А",178200,,1000 — 5000,61.0,Т Плюс,От 1 года,Полный рабочий день,Не имеет значения,56.825691,60.571091,https://ekaterinburg.superjob.ru/vakansii/nachalnik-pto-na-centralnye-kotelnye-51790463.html
51790638,"Монтажник по монтажу стальных и железобетонных конструкций, 4 разряд",0,0,rub,"['Строительство, проектирование, недвижимость', 'Рабочий персонал']","['Строительно-монтажные работы', 'Рабочий персонал, разное', 'Квалифицированный рабочий']",Красноярск,[],[],[],"Красноярский край, Северо-Енисейский округ, вахтовый посёлок Еруда",1996534,,более 5000,45.0,Группа Полюс,От 1 года,Полный рабочий день,Не имеет значения,59.886845,92.898277,https://krasnoyarsk.superjob.ru/vakansii/montazhnik-po-montazhu-stalnyh-i-zhelezobetonnyh-konstrukcij-51790638.html
51799217,"Электрогазосварщик, г. Саратов вахта 30/30",180000,200000,rub,"['Строительство, проектирование, недвижимость', 'Рабочий персонал']","['Благоустройство территорий', 'Строительно-монтажные работы', 'Квалифицированный рабочий']",Волгоград,[],[],[],,3925670,,1000 — 5000,14.0,Бамтоннельстрой-Мост,От 1 года,Полный рабочий день,Не имеет значения,,,https://volgograd.superjob.ru/vakansii/elektrogazosvarschik-51799217.html
51801681,Разнорабочий по ремонту пути (пгт. Вурнары),66500,66500,rub,"['Бухгалтерия, финансы, аудит', 'Строительство, проектирование, недвижимость']","['Казначейство', 'Благоустройство территорий']",Канаш,[],[],[],,2466656,,более 5000,3173.0,Российские железные дороги,Без опыта,Полный рабочий день,Не имеет значения,,,https://kanash.superjob.ru/vakansii/raznorabochij-po-remontu-puti-51801681.html
51824732,Бригадир,0,84000,rub,"['Строительство, проектирование, недвижимость', 'Рабочий персонал']","['Строительно-монтажные работы', 'Эксплуатация зданий', 'Квалифицированный рабочий']",Москва,[],[],[],"Россия, г Москва, Бесединское шоссе, д 15",154882,,более 5000,605.0,Ашан,Без опыта,Полный рабочий день,Не имеет значения,55.625286,37.761337,https://www.superjob.ru/vakansii/brigadir-51824732.html
51826943,Начальник участка/смены,35000,40000,rub,"['Строительство, проектирование, недвижимость', 'Промышленность, производство']","['Строительно-монтажные работы', 'Электроснабжение', 'Трубопроводы', 'Транспортные системы (мосты, дороги, тоннели)', 'Производство стройматериалов']",Курган,[],[],[],"Курган, Станционная улица, 13А",14215,,более 5000,1380.0,Почта России,Без опыта,Полный рабочий день,Не имеет значения,55.442062,65.321327,https://kurgan.superjob.ru/vakansii/nachalnik-uchastka-51826943.html
51844115,Продавец магазина Магнит,43000,57300,rub,"['Строительство, проектирование, недвижимость']","['Конструирование', 'Управление недвижимостью']",Челябинск,[],[],[],"Челябинск, Братьев Кашириных, 93А",280168,,более 5000,18164.0,"Магнит, Розничная сеть",Не имеет значения,Полный рабочий день,Не имеет значения,55.177303,61.36356,https://chelyabinsk.superjob.ru/vakansii/prodavec-magazina-magnit-51844115.html
51850119,Электрогазосварщик 3 разряда,70000,0,rub,"['Строительство, проектирование, недвижимость', 'Рабочий персонал']","['Благоустройство территорий', 'Строительно-монтажные работы', 'Квалифицированный рабочий']",Салехард,[],[],[],,4425313,,менее 50,126.0,"Рекрутинговый центр ""Работа на Ямале""",От 1 года,Полный рабочий день,Не имеет значения,,,https://salehard.superjob.ru/vakansii/elektrogazosvarschik-3-razryada-51850119.html
51854700,Электромонтажник-расключник (вахта),176000,176000,rub,"['Строительство, проектирование, недвижимость', 'Рабочий персонал']","['Эксплуатация зданий', 'Электроснабжение', 'Квалифицированный рабочий']",Новосибирск,[],[],[],,3856938,,менее 50,1832.0,"Барс Пром/ООО ""БАРС ПРОМ""",От 1 года,Полный рабочий день,Не имеет значения,,,https://nsk.superjob.ru/vakansii/elektromontazhnik-rasklyuchnik-51854700.html
51865177,"Электрогазосварщик НАКС (КО, ГО, НДГО)",135000,0,rub,"['Строительство, проектирование, недвижимость', 'Рабочий персонал']","['Трубопроводы', 'Квалифицированный рабочий']",Железнодорожный,[],[],[],,4553430,,менее 50,9.0,"ФИРМА ""ГАЗКОМПЛЕКТ""",От 3 лет,Полный рабочий день,Не имеет значения,,,https://zheleznodorozhniy.superjob.ru/vakansii/elektrogazosvarschik-naks-51865177.html
51870365,Слесарь-сантехник,120000,136000,rub,"['Строительство, проектирование, недвижимость', 'Рабочий персонал']","['Водоснабжение, канализация', 'Рабочий персонал, разное', 'Квалифицированный рабочий']",Москва,['Улица 1905 года'],['Таганско-Краснопресненская'],['violet'],,406175,,более 5000,112.0,PRIDEX Group,От 1 года,Полный рабочий день,Не имеет значения,,,https://www.superjob.ru/vakansii/slesar-santehnik-51870365.html
51596762,Рабочий по комплексному обслуживанию зданий (на спортивный объект),50000,55000,rub,"['Административная работа, секретариат, АХО', 'Строительство, проектирование, недвижимость', 'Рабочий персонал']","['АХО', 'Эксплуатация зданий', 'Рабочий персонал, разное']",Москва,"['Аэропорт', 'ЦСКА']","['Замоскворецкая', 'Большая кольцевая линия']","['green', 'cian']","Москва, улица Авиаконструктора Микояна, 10",4899694,,более 5000,2.0,ЦСКА,Без опыта,Сменный график работы,Не имеет значения,55.793076,37.535545,https://www.superjob.ru/vakansii/rabochij-po-kompleksnomu-obsluzhivaniyu-zdanij-51596762.html
51726959,Электромонтажник,160000,160000,rub,"['Строительство, проектирование, недвижимость', 'Рабочий персонал']","['Эксплуатация зданий', 'Электроснабжение', 'Квалифицированный рабочий']",Калининград,[],[],[],,4899646,,менее 50,7.0,Р-Строй,От 1 года,Полный рабочий день,Среднее специальное,,,https://kaliningrad.superjob.ru/vakansii/elektromontazhnik-51726959.html
51760908,Стажер-сервисный инженер по системам кондиционирования,0,0,rub,"['IT, Интернет, связь, телеком', 'Строительство, проектирование, недвижимость', 'Услуги, ремонт, сервисное обслуживание']","['Инжиниринг', 'Начало карьеры, мало опыта', 'Начало карьеры, мало опыта', 'Бытовая техника', 'Компьютеры и оргтехника']",Москва,[],[],[],,4944476,,менее 50,15.0,КРОК,Без опыта,Полный рабочий день,Не имеет значения,,,https://www.superjob.ru/vakansii/stazher-servisnyj-inzhener-po-sistemam-kondicionirovaniya-51760908.html
51789745,Техник по ремонту и обслуживанию зданий,80000,95000,rub,"['Административная работа, секретариат, АХО', 'Строительство, проектирование, недвижимость']","['АХО', 'Эксплуатация зданий']",Москва,"['Площадь Ильича', 'Римская']","['Калининско-Солнцевская', 'Люблинско-Дмитровская']","['yellow', 'lime']",,4884805,,1000 — 5000,2.0,ГКУ ЦОДД,От 1 года,Полный рабочий день,Не имеет значения,,,https://www.superjob.ru/vakansii/tehnik-po-remontu-i-obsluzhivaniyu-zdanij-51789745.html
51844218,"Продавец-кассир (Москва, Южнобутовская, 13)",65000,75000,rub,"['Строительство, проектирование, недвижимость']",['Сметное дело'],Москва,[],[],[],,2635306,,более 5000,45940.0,Пятёрочка,Не имеет значения,Частичная занятость / Совместительство,Не имеет значения,,,https://www.superjob.ru/vakansii/prodavec-kassir-51844218.html
51846028,Электромонтер по ремонту линий электропередачи,85000,140000,rub,"['Строительство, проектирование, недвижимость']","['Эксплуатация зданий', 'Электроснабжение']",Москва,"['Щукинская', 'Спартак', 'Покровское', 'Покровское-Стрешнево']","['МЦД2', 'Таганско-Краснопресненская', 'МЦД2', 'МЦД2']","['fuchsia', 'violet', 'fuchsia', 'fuchsia']","Москва, Врачебный проезд",2466656,,более 5000,3173.0,Российские железные дороги,Без опыта,Полный рабочий день,Не имеет значения,55.81366,37.457466,https://www.superjob.ru/vakansii/elektromonter-po-remontu-linij-elektroperedachi-51846028.html
51863366,Автокурьер на личном авто (Оплата патента),70000,160000,rub,"['Строительство, проектирование, недвижимость', 'Топ-персонал']","['Конструирование', 'Услуги, ремонт, сервисное обслуживание']",Москва,['Парк Победы'],['Калининско-Солнцевская'],['yellow'],"г Москва, улица 1812 года, д. 2 к. 2. 2",0,,,,,Без опыта,Полный рабочий день,Не имеет значения,55.73563,37.524506,https://www.superjob.ru/vakansii/avtokurer-na-lichnom-avto-51863366.html
51868061,Стажёр в отдел рекрутмента в департамент по управлению человеческим капиталом,0,0,rub,"['Строительство, проектирование, недвижимость', 'Консалтинг, стратегическое развитие']","['Начало карьеры, мало опыта', 'Кадровый консалтинг']",Москва,[],[],[],,4905642,,менее 50,13.0,Альфа-Банк: Старт карьеры,Без опыта,Полный рабочий день,Не имеет значения,,,https://www.superjob.ru/vakansii/stazhjor-v-otdel-rekrutmenta-v-departament-po-upravleniyu-chelovecheskim-kapitalom-51868061.html
49659425,Мастер по обслуживанию абонентов,55000,0,rub,"['IT, Интернет, связь, телеком', 'Строительство, проектирование, недвижимость', 'Услуги, ремонт, сервисное обслуживание', 'Рабочий персонал']","['Телекоммуникации и связь', 'Электроснабжение', 'Слаботочные системы и сети', 'Телекоммуникационное оборудование и сети', 'Рабочий персонал, разное']",Димитровград,[],[],[],,24172,,более 5000,72.0,Ростелеком,Без опыта,Сменный график работы,Не имеет значения,,,https://dimitrovgrad.superjob.ru/vakansii/master-po-obsluzhivaniyu-abonentov-49659425.html
49910179,Столяр-станочник,80000,115000,rub,"['Строительство, проектирование, недвижимость', 'Промышленность, производство', 'Рабочий персонал']","['Строительно-монтажные работы', 'Мебельное производство', 'Квалифицированный рабочий']",Щелково,[],[],[],"Московская область, городской округ Щёлково, территория Домостроитель, 4А",2187516,,менее 50,1.0,БАЛЧУГ ВУД,От 1 года,Полный рабочий день,Не имеет значения,55.924622,37.941261,https://schelkovo.superjob.ru/vakansii/stolyar-stanochnik-49910179.html
49709759,Главный специалист отдела капитального строительства и эксплуатации,43300,48000,rub,"['Строительство, проектирование, недвижимость', 'Рабочий персонал']","['Эксплуатация зданий', 'Квалифицированный рабочий']",Рязань,[],[],[],"Рязань, Почтовая улица, 49",14215,,более 5000,1380.0,Почта России,От 1 года,Полный рабочий день,Среднее специальное,54.629337,39.742081,https://ryazan.superjob.ru/vakansii/glavnyj-specialist-otdela-kapitalnogo-stroitelstva-i-ekspluatacii-49709759.html
50546021,Электромонтер,25000,0,rub,"['Строительство, проектирование, недвижимость', 'Рабочий персонал']","['Эксплуатация зданий', 'Электроснабжение', 'Слаботочные системы и сети', 'Рабочий персонал, разное', 'Квалифицированный рабочий']",Тюмень,[],[],[],"Тюмень, улица Мельникайте, 134",4887815,,более 5000,62.0,Социальный фонд России,От 3 лет,Полный рабочий день,Среднее специальное,57.119251,65.543922,https://tyumen.superjob.ru/vakansii/elektromonter-50546021.html
50683334,Машинист автогидроподъемника,80000,121000,rub,"['Строительство, проектирование, недвижимость', 'Рабочий персонал']","['Строительно-монтажные работы', 'Другое', 'Рабочий персонал, разное']",Москва,"['Отрадное', 'Владыкино']","['Серпуховско-Тимирязевская', 'МЦК']","['gray', 'lightpink']","Москва, Отрадная улица, 2Бс6",4019802,,более 5000,44.0,Объединенная энергетическая компания,От 1 года,Сменный график работы,Среднее специальное,55.856564,37.599506,https://www.superjob.ru/vakansii/mashinist-avtogidropodemnika-50683334.html
46374144,Техник-электрик,45500,52000,rub,"['Строительство, проектирование, недвижимость']",['Электроснабжение'],Москва,[],[],[],"Москва, Волгоградский проспект, 43к1",4466582,,менее 50,0.0,ГРИН КОМФОРТ,От 3 лет,Сменный график работы,Среднее,55.714725,37.718147,https://www.superjob.ru/vakansii/tehnik-elektrik-46374144.html
50792883,Электромонтер по ремонту электрооборудования,90000,0,rub,"['Строительство, проектирование, недвижимость', 'Рабочий персонал']","['Электроснабжение', 'Квалифицированный рабочий']",Москва,[],[],[],"Москва, улица Свободы, 89к5",248733,,более 5000,67.0,Магнолия,От 1 года,Полный рабочий день,Не имеет значения,55.865883,37.442291,https://www.superjob.ru/vakansii/elektromonter-po-remontu-elektrooborudovaniya-50792883.html
51540116,Машинист экскаватора 6 разряда (ГГОК),157800,157800,rub,"['Строительство, проектирование, недвижимость', 'Рабочий персонал']","['Благоустройство территорий', 'Квалифицированный рабочий']",Красноярск,[],[],[],"Красноярский край, Мотыгинский район",3943353,,менее 50,25.0,Новоангарский обогатительный комбинат,От 1 года,Работа вахтовым методом,Не имеет значения,58.551361,94.55658,https://krasnoyarsk.superjob.ru/vakansii/mashinist-ekskavatora-6-razryada-51540116.html
51615151,Электромонтер 5 разряда,150000,150000,rub,"['Строительство, проектирование, недвижимость', 'Рабочий персонал']","['Электроснабжение', 'Квалифицированный рабочий']",Черемхово (Иркутская область),[],[],[],,5033,,более 5000,25.0,АЙЭФСИЭМ ГРУПП,От 1 года,Работа вахтовым методом,Не имеет значения,,,https://cheremhovo.superjob.ru/vakansii/elektromonter-5-razryada-51615151.html
51643021,Разнорабочий,260000,0,rub,"['Строительство, проектирование, недвижимость', 'Рабочий персонал']","['Водоснабжение, канализация', 'Рабочий персонал, разное', 'Квалифицированный рабочий']",Ак-Довурак,[],[],[],Чукотский автономный округ,4744563,,1000 — 5000,4189.0,АКС,Без опыта,Полный рабочий день,Не имеет значения,65.982613,174.432327,https://ak-dovurak.superjob.ru/vakansii/raznorabochij-51643021.html
51682681,Электромонтер РЗА (5 разряд),0,0,rub,"['Строительство, проектирование, недвижимость', 'Рабочий персонал']","['Электроснабжение', 'Квалифицированный рабочий']",Мурманск,[],[],[],,4273213,,500 — 1000,5.0,Черногорская ГРК,От 3 лет,Полный рабочий день,Среднее специальное,,,https://murmansk.superjob.ru/vakansii/elektromonter-rza-51682681.html
51696641,Машинист ручной буровой установки УБШМ,185000,185000,rub,"['Строительство, проектирование, недвижимость']","['Подводно-технические работы', 'Сметное дело', 'Технический надзор, строительная экспертиза / ПТО']",Набережные Челны,[],[],[],,2837310,,более 5000,65.0,СтройТрансНефтеГаз,От 1 года,Полный рабочий день,Не имеет значения,,,https://naberezhnye-chelny.superjob.ru/vakansii/mashinist-ruchnoj-burovoj-ustanovki-ubshm-51696641.html
51709725,Монтажник окон,130000,0,rub,"['Строительство, проектирование, недвижимость']","['Сметное дело', 'Строительно-монтажные работы']",Красногорск,[],[],[],,4057473,,500 — 1000,248.0,Публично-правовая компания «Военно-строительная компания»,От 1 года,Полный рабочий день,Не имеет значения,,,https://krasnogorsk.superjob.ru/vakansii/montazhnik-okon-51709725.html
51725161,Специалист по строительству улично-дорожной сети,130000,0,rub,"['Рабочий персонал', 'Строительство, проектирование, недвижимость']","['Рабочий персонал, разное', 'Транспортные системы (мосты, дороги, тоннели)']",Санкт-Петербург,['Проспект Ветеранов'],['Кировско-Выборгская'],['red'],"Санкт-Петербург, проспект Будённого",13775,,1000 — 5000,21.0,Setl Group,Без опыта,Полный рабочий день,Высшее,59.844543,30.091021,https://spb.superjob.ru/vakansii/specialist-po-stroitelstvu-ulichno-dorozhnoj-seti-51725161.html
51726505,Инженер технического надзора (слаботочные системы и системы автоматизации),0,0,rub,"['Строительство, проектирование, недвижимость']","['Технический надзор, строительная экспертиза / ПТО']",Москва,"['Рассказовка', 'Внуково', 'Пыхтино', 'Аэропорт Внуково']","['Калининско-Солнцевская', 'МЦД4', 'Калининско-Солнцевская', 'Калининско-Солнцевская']","['yellow', 'mediumaquamarine', 'yellow', 'yellow']","Москва, Новомосковский административный округ, аэропорт Внуково имени А.Н. Туполева, 1с19",2720788,,1000 — 5000,47.0,Международный аэропорт Внуково,От 3 лет,Полный рабочий день,Не имеет значения,55.607822,37.282494,https://www.superjob.ru/vakansii/inzhener-tehnicheskogo-nadzora-51726505.html
51732777,"Электрогазосварщик ручной сварки (НАКС СК 1, 2, 3, сварка составных свай)",155000,196000,rub,"['Строительство, проектирование, недвижимость', 'Рабочий персонал']","['Благоустройство территорий', 'Строительно-монтажные работы', 'Квалифицированный рабочий']",Сургут,[],[],[],,4407559,,менее 50,21.0,ГСП-6,От 3 лет,Полный рабочий день,Не имеет значения,,,https://surgut.superjob.ru/vakansii/elektrogazosvarschik-ruchnoj-svarki-51732777.html
51735350,Стропальщик 5 разряда,53000,0,rub,"['Строительство, проектирование, недвижимость', 'Рабочий персонал']","['Строительно-монтажные работы', 'Квалифицированный рабочий']",Екатеринбург,[],[],[],"Свердловская область, Екатеринбург, Складской проезд, 11",178200,,1000 — 5000,61.0,Т Плюс,Без опыта,Полный рабочий день,Среднее специальное,56.768276,60.56525,https://ekaterinburg.superjob.ru/vakansii/stropalschik-5-razryada-51735350.html
50307402,Техник по обслуживанию здания (универсал),0,90000,rub,"['Административная работа, секретариат, АХО', 'Строительство, проектирование, недвижимость', 'Рабочий персонал']","['АХО', 'Водоснабжение, канализация', 'Эксплуатация зданий', 'Слаботочные системы и сети', 'Рабочий персонал, разное']",Москва,"['Первомайская', 'Щёлковская']","['Арбатско-Покровская', 'Арбатско-Покровская']","['darkblue', 'darkblue']","Москва, Сиреневый бульвар, 32А",802560,,50 — 100,48.0,"Многопрофильная Медицинская Клиника ""ЕВРОМЕДКЛИНИК 24""",От 1 года,Полный рабочий день,Среднее специальное,55.801975,37.803936,https://www.superjob.ru/vakansii/tehnik-po-obsluzhivaniyu-zdaniya-50307402.html
51768415,Слесарь-электрик по ремонту электрооборудования 4 разряда,0,100000,rub,"['Строительство, проектирование, недвижимость', 'Рабочий персонал']","['Электроснабжение', 'Слаботочные системы и сети', 'Рабочий персонал, разное', 'Квалифицированный рабочий']",Санкт-Петербург,"['Проспект Ветеранов', 'Ленинский проспект']","['Кировско-Выборгская', 'Кировско-Выборгская']","['red', 'red']","Санкт-Петербург, Ленинский проспект, 140к2",441150,,более 5000,126.0,"СПб ГУП ""Горэлектротранс""",От 1 года,Полный рабочий день,Среднее специальное,59.85627,30.285002,https://spb.superjob.ru/vakansii/slesar-elektrik-po-remontu-elektrooborudovaniya-4-razryada-51768415.html
51780906,Эксперт по заключению сделок,260000,380000,rub,"['Строительство, проектирование, недвижимость']","['Проектирование', 'Сметное дело']",Москва,"['Медведково', 'Бабушкинская', 'Свиблово', 'Ботанический сад', 'ВДНХ', 'Алексеевская', 'Рижская', 'Проспект Мира', 'Тургеневская', 'Китай-город']","['Калужско-Рижская', 'Калужско-Рижская', 'Калужско-Рижская', 'МЦК', 'Калужско-Рижская', 'Калужско-Рижская', 'МЦД2', 'Калужско-Рижская', 'Калужско-Рижская', 'Калужско-Рижская']","['orange', 'orange', 'orange', 'lightpink', 'orange', 'orange', 'fuchsia', 'orange', 'orange', 'orange']",,813261,,1000 — 5000,286.0,МИЭЛЬ,Без опыта,Полный рабочий день,Не имеет значения,,,https://www.superjob.ru/vakansii/ekspert-po-zaklyucheniyu-sdelok-51780906.html
51782106,Инженер по организации эксплуатации и ремонту зданий и сооружений,100000,100000,rub,"['Строительство, проектирование, недвижимость']",['Эксплуатация зданий'],Санкт-Петербург,[],[],[],"Санкт-Петербург, Пискарёвский проспект, 25",2175568,,100 — 500,6.0,Комплексный центр социального обслуживания населения,От 1 года,Полный рабочий день,Не имеет значения,59.969872,30.413074,https://spb.superjob.ru/vakansii/inzhener-po-organizacii-ekspluatacii-i-remontu-zdanij-i-sooruzhenij-51782106.html
51782682,Инженер слаботочных систем по сервису и обслуживанию охранно-пожарной сигнализации,80000,0,rub,"['Безопасность, службы охраны', 'Строительство, проектирование, недвижимость']","['Пожарная безопасность', 'Слаботочные системы и сети']",Одинцово,[],[],[],"Московская область, Одинцово, Внуковская улица, 11",4957888,,менее 50,1.0,СБ-ВИДЕО,От 1 года,Полный рабочий день,Высшее,,,https://odintsovo.superjob.ru/vakansii/inzhener-slabotochnyh-sistem-po-servisu-i-obsluzhivaniyu-ohranno-pozharnoj-signalizacii-51782682.html
51790571,"Монтажник по монтажу стальных и железобетонных конструкций, 5 разряда",0,0,rub,"['Строительство, проектирование, недвижимость', 'Рабочий персонал']","['Строительно-монтажные работы', 'Рабочий персонал, разное', 'Квалифицированный рабочий']",Красноярск,[],[],[],"Красноярский край, Северо-Енисейский округ, вахтовый посёлок Еруда",1996534,,более 5000,45.0,Группа Полюс,От 1 года,Полный рабочий день,Не имеет значения,59.886845,92.898277,https://krasnoyarsk.superjob.ru/vakansii/montazhnik-po-montazhu-stalnyh-i-zhelezobetonnyh-konstrukcij-51790571.html
51799218,"Электрогазосварщик, г. Саратов вахта 30/30",180000,200000,rub,"['Строительство, проектирование, недвижимость', 'Рабочий персонал']","['Благоустройство территорий', 'Строительно-монтажные работы', 'Квалифицированный рабочий']",Воронеж,[],[],[],,3925670,,1000 — 5000,14.0,Бамтоннельстрой-Мост,От 1 года,Полный рабочий день,Не имеет значения,,,https://voronezh.superjob.ru/vakansii/elektrogazosvarschik-51799218.html
51801037,Инженер-сметчик,70000,0,rub,"['Строительство, проектирование, недвижимость']",['Сметное дело'],Ноябрьск,[],[],[],"Ямало-Ненецкий автономный округ, Ноябрьск, квартал Юго-Восточный Промузел",4425313,,менее 50,126.0,"Рекрутинговый центр ""Работа на Ямале""",От 1 года,Полный рабочий день,Не имеет значения,63.172981,75.450302,https://noyabrsk.superjob.ru/vakansii/inzhener-smetchik-51801037.html
51845658,Грузчик,76500,0,rub,"['Маркетинг, реклама, PR', 'Строительство, проектирование, недвижимость']","['Мерчандайзинг', 'Благоустройство территорий', 'Управление недвижимостью']",Москва,"['Тимирязевская', 'Фонвизинская']","['МЦД1', 'Люблинско-Дмитровская']","['darkorange', 'lime']","Москва, улица Милашенкова, 4",74315,,более 5000,160.0,Азбука вкуса,Без опыта,Полный рабочий день,Не имеет значения,55.823715,37.590946,https://www.superjob.ru/vakansii/gruzchik-51845658.html
51849938,Электромонтёр,60000,70000,rub,"['Строительство, проектирование, недвижимость', 'Рабочий персонал']","['Эксплуатация зданий', 'Электроснабжение', 'Слаботочные системы и сети', 'Рабочий персонал, разное', 'Квалифицированный рабочий']",Санкт-Петербург,"['Рыбацкое', 'Обухово', 'Пролетарская']","['Невско-Василеостровская', 'Невско-Василеостровская', 'Невско-Василеостровская']","['green', 'green', 'green']","Санкт-Петербург, территория Мурзинка, Прогонная улица, 7М",2625662,,100 — 500,10.0,Академия машиностроения имени Ж. Я. Котина,От 3 лет,Полный рабочий день,Не имеет значения,59.850628,30.473801,https://spb.superjob.ru/vakansii/elektromontjor-51849938.html
51854701,Электромонтажник-расключник (вахта),176000,176000,rub,"['Строительство, проектирование, недвижимость', 'Рабочий персонал']","['Эксплуатация зданий', 'Электроснабжение', 'Квалифицированный рабочий']",Омск,[],[],[],,3856938,,менее 50,1832.0,"Барс Пром/ООО ""БАРС ПРОМ""",От 1 года,Полный рабочий день,Не имеет значения,,,https://omsk.superjob.ru/vakansii/elektromontazhnik-rasklyuchnik-51854701.html
51858200,Продавец в зону готовой еды,55700,78700,rub,"['Строительство, проектирование, недвижимость']","['Благоустройство территорий', 'Сметное дело', 'Управление недвижимостью']",Сосновый Бор (Ленинградская область),[],[],[],"Сосновый Бор, Сибирская, 7",280168,,более 5000,18164.0,"Магнит, Розничная сеть",Не имеет значения,Сменный график работы,Не имеет значения,59.895439,29.091751,https://sosnovyi-bor.superjob.ru/vakansii/prodavec-v-zonu-gotovoj-edy-51858200.html
51865178,"Электрогазосварщик НАКС (КО, ГО, НДГО)",135000,0,rub,"['Строительство, проектирование, недвижимость', 'Рабочий персонал']","['Трубопроводы', 'Квалифицированный рабочий']",Москва,[],[],[],,4553430,,менее 50,9.0,"ФИРМА ""ГАЗКОМПЛЕКТ""",От 3 лет,Полный рабочий день,Не имеет значения,,,https://www.superjob.ru/vakansii/elektrogazosvarschik-naks-51865178.html
51869976,Электрогазосварщик 6 разряда,265000,0,rub,"['Строительство, проектирование, недвижимость', 'Рабочий персонал']","['Благоустройство территорий', 'Строительно-монтажные работы', 'Квалифицированный рабочий']",Улан-Удэ,[],[],[],,4595880,,более 5000,68.0,Инжиниринговый холдинг «эВ-групп»,От 1 года,Полный рабочий день,Не имеет значения,,,https://ulan-ude.superjob.ru/vakansii/elektrogazosvarschik-6-razryada-51869976.html
51870363,Слесарь-сантехник,120000,136000,rub,"['Строительство, проектирование, недвижимость', 'Рабочий персонал']","['Водоснабжение, канализация', 'Рабочий персонал, разное', 'Квалифицированный рабочий']",Москва,['Шелепиха'],['Большая кольцевая линия'],['cian'],,406175,,более 5000,112.0,PRIDEX Group,От 1 года,Полный рабочий день,Не имеет значения,,,https://www.superjob.ru/vakansii/slesar-santehnik-51870363.html
51611414,Инженер 1 категории (сектор по работе с ТСЖ и ОСЖ),60000,0,rub,"['Строительство, проектирование, недвижимость']",['ЖКХ'],Санкт-Петербург,[],[],[],"Санкт-Петербург, Тарасова улица, д. 8, к.1",4849983,,500 — 1000,0.0,Жилищное агентство Красногвардейского района Санкт-Петербурга,От 1 года,Полный рабочий день,Высшее,59.949829,30.412159,https://spb.superjob.ru/vakansii/inzhener-1-kategorii-51611414.html
51698382,Начальник участка пути,0,160000,rub,"['Административная работа, секретариат, АХО', 'Строительство, проектирование, недвижимость']","['Начало карьеры, мало опыта', 'Благоустройство территорий']",Бологое,[],[],[],,2466656,,более 5000,3173.0,Российские железные дороги,От 1 года,Полный рабочий день,Высшее,,,https://bologoe.superjob.ru/vakansii/nachalnik-uchastka-puti-51698382.html
51726960,Электромонтажник,160000,160000,rub,"['Строительство, проектирование, недвижимость', 'Рабочий персонал']","['Эксплуатация зданий', 'Электроснабжение', 'Квалифицированный рабочий']",Улан-Удэ,[],[],[],,4899646,,менее 50,7.0,Р-Строй,От 1 года,Полный рабочий день,Среднее специальное,,,https://ulan-ude.superjob.ru/vakansii/elektromontazhnik-51726960.html
51738020,Главный специалист отдела подготовки технических заданий,77500,98400,rub,"['Строительство, проектирование, недвижимость']","['Управление строительством, девелопмент']",Санкт-Петербург,['Московская'],['Московско-Петроградская'],['blue'],"Санкт-Петербург, 5 Предпортовый проезд, д.4, к.3",627236,,500 — 1000,0.0,"СПб ГКУ ""Городской мониторинговый центр""",От 3 лет,Полный рабочий день,Не имеет значения,,,https://spb.superjob.ru/vakansii/glavnyj-specialist-otdela-podgotovki-tehnicheskih-zadanij-51738020.html
51760904,Стажер инженер ИБ,0,0,rub,"['IT, Интернет, связь, телеком', 'Строительство, проектирование, недвижимость', 'Промышленность, производство']","['Начало карьеры, мало опыта', 'Начало карьеры, мало опыта', 'Начало карьеры, мало опыта']",Москва,[],[],[],,4944476,,менее 50,15.0,КРОК,Без опыта,Полный рабочий день,Не имеет значения,,,https://www.superjob.ru/vakansii/stazher-inzhener-ib-51760904.html
51782105,Главный специалист службы эксплуатации тепломеханического оборудования,98290,98290,rub,"['Административная работа, секретариат, АХО', 'Строительство, проектирование, недвижимость']","['АХО', 'Эксплуатация зданий']",Санкт-Петербург,[],[],[],"Санкт-Петербург, проспект Добролюбова, 16к2",289082,,более 5000,60.0,Территориальная генерирующая компания №1,От 6 лет,Полный рабочий день,Не имеет значения,59.950188,30.294928,https://spb.superjob.ru/vakansii/glavnyj-specialist-sluzhby-ekspluatacii-teplomehanicheskogo-oborudovaniya-51782105.html
51844220,"Продавец-кассир (Саратов, Мира, 20В)",43000,58000,rub,"['Строительство, проектирование, недвижимость']","['ЖКХ', 'Строительно-монтажные работы']",Саратов,[],[],[],,2635306,,более 5000,45940.0,Пятёрочка,Не имеет значения,Частичная занятость / Совместительство,Не имеет значения,,,https://saratov.superjob.ru/vakansii/prodavec-kassir-51844220.html
51845638,Водитель Камаза,60000,0,rub,"['Строительство, проектирование, недвижимость']","['Сметное дело', 'Строительно-монтажные работы']",Красноярск,[],[],[],"Красноярск, улица 60 лет Октября, 111А",4881155,,100 — 500,10.0,КП-19 ГУФСИН РОССИИ ПО КРАСНОЯРСКОМУ КРАЮ,От 1 года,Полный рабочий день,Не имеет значения,55.983891,92.901138,https://krasnoyarsk.superjob.ru/vakansii/voditel-kamaza-51845638.html
51847516,Инженер по эксплуатации зданий,130000,0,rub,"['Строительство, проектирование, недвижимость']","['ЖКХ', 'Строительно-монтажные работы', 'Эксплуатация зданий', 'Другое']",Москва,"['Кунцевская', 'Молодёжная']","['МЦД1', 'Арбатско-Покровская']","['darkorange', 'darkblue']","Россия, Московская обл, г Одинцово, рп Новоивановское, Можайское шоссе, д 110",154882,,более 5000,605.0,Ашан,От 1 года,Полный рабочий день,Высшее,55.712055,37.370525,https://www.superjob.ru/vakansii/inzhener-po-ekspluatacii-zdanij-51847516.html
51869819,Backend,0,0,rub,"['Строительство, проектирование, недвижимость']","['Геодезия, картография, землеустроительство']",Москва,[],[],[],"Москва, Тестовская улица",0,,,,,От 3 лет,Полный рабочий день,Не имеет значения,55.747463,37.533588,https://www.superjob.ru/vakansii/backend-51869819.html
51870113,Хлебопек. Сменный график,0,70000,rub,"['Строительство, проектирование, недвижимость']","['Управление недвижимостью', 'Управление строительством, девелопмент']",Москва,['Озёрная'],['Калининско-Солнцевская'],['yellow'],"г Москва, улица Мичуринский проспект.Олимпийская деревня, д. 16 к. 2. 16",0,,,,,Без опыта,Сменный график работы,Не имеет значения,55.671421,37.463493,https://www.superjob.ru/vakansii/hlebopek-51870113.html
29049209,Электромеханик по лифтам,45000,0,rub,"['Административная работа, секретариат, АХО', 'Строительство, проектирование, недвижимость']","['АХО', 'Эксплуатация зданий']",Санкт-Петербург,['Удельная'],['Московско-Петроградская'],['blue'],"Санкт-Петербург, улица Аккуратова, 2",121709,,более 5000,19.0,"ФГБУ ""Национальный медицинский исследовательский центр им. В. А. Алмазова"" Минздрава России",От 1 года,Полный рабочий день,Среднее специальное,60.015362,30.301584,https://spb.superjob.ru/vakansii/elektromehanik-po-liftam-29049209.html
49662666,Специалист по подключению интернета,70000,0,rub,"['IT, Интернет, связь, телеком', 'Строительство, проектирование, недвижимость', 'Услуги, ремонт, сервисное обслуживание', 'Рабочий персонал']","['Телекоммуникации и связь', 'Электроснабжение', 'Слаботочные системы и сети', 'Телекоммуникационное оборудование и сети', 'Рабочий персонал, разное']",Тольятти,[],[],[],,24172,,более 5000,72.0,Ростелеком,Без опыта,Сменный график работы,Не имеет значения,,,https://tolyatti.superjob.ru/vakansii/specialist-po-podklyucheniyu-interneta-49662666.html
50415203,Электромонтер по ремонту и обслуживанию оборудования,0,97938,rub,"['Строительство, проектирование, недвижимость', 'Рабочий персонал']","['Электроснабжение', 'Слаботочные системы и сети', 'Рабочий персонал, разное']",Шлиссельбург,[],[],[],"Ленинградская область, Кировский район, Шлиссельбург",666117,,1000 — 5000,80.0,Птицефабрика Синявинская,От 1 года,Полный рабочий день,Среднее специальное,59.944958,31.034754,https://shlisselburg.superjob.ru/vakansii/elektromonter-po-remontu-i-obsluzhivaniyu-oborudovaniya-50415203.html
49228810,Рабочий по комплексному обслуживанию и ремонту зданий (6-го разряда),30000,0,rub,"['Строительство, проектирование, недвижимость', 'Рабочий персонал']","['ЖКХ', 'Строительно-монтажные работы', 'Эксплуатация зданий', 'Рабочий персонал, разное', 'Квалифицированный рабочий']",Рязань,[],[],[],"Рязань, Почтовая улица, 49",14215,,более 5000,1380.0,Почта России,От 1 года,Полный рабочий день,Среднее специальное,54.629337,39.742081,https://ryazan.superjob.ru/vakansii/rabochij-po-kompleksnomu-obsluzhivaniyu-i-remontu-zdanij-49228810.html
50683358,Электромонтер по ремонту и монтажу кабельных линий,83000,124000,rub,"['Строительство, проектирование, недвижимость', 'Рабочий персонал']","['Электроснабжение', 'Слаботочные системы и сети', 'Рабочий персонал, разное']",Троицк,[],[],[],"Москва, Троицкий административный округ, Краснопахорский район, село Красная Пахра",4019802,,более 5000,44.0,Объединенная энергетическая компания,От 1 года,Сменный график работы,Среднее специальное,55.430851,37.275181,https://troitsk.superjob.ru/vakansii/elektromonter-po-remontu-i-montazhu-kabelnyh-linij-50683358.html
47880595,Дежурный техник в аварийную службу,9000,9000,rub,"['Строительство, проектирование, недвижимость', 'Рабочий персонал']","['ЖКХ', 'Эксплуатация зданий', 'Электроснабжение', 'Слаботочные системы и сети', 'Квалифицированный рабочий']",Санкт-Петербург,[],[],[],Санкт-Петербург,3494791,,500 — 1000,0.0,Управление комфортом,От 1 года,Сменный график работы,Среднее специальное,59.938786,30.314997,https://spb.superjob.ru/vakansii/dezhurnyj-tehnik-v-avarijnuyu-sluzhbu-47880595.html
50988868,Электромонтер,54000,54000,rub,"['Строительство, проектирование, недвижимость', 'Рабочий персонал']","['Эксплуатация зданий', 'Электроснабжение', 'Слаботочные системы и сети', 'Рабочий персонал, разное', 'Квалифицированный рабочий']",Санкт-Петербург,[],[],[],"Ленинградская область, Всеволожск, Колтушское шоссе, 20",2187039,,1000 — 5000,1563.0,Всеволожская КМБ,От 1 года,Полный рабочий день,Не имеет значения,60.037704,30.631096,https://spb.superjob.ru/vakansii/elektromonter-50988868.html
51184132,Комендант,85000,85000,rub,"['Административная работа, секретариат, АХО', 'Строительство, проектирование, недвижимость']","['АХО', 'Эксплуатация зданий']",Москва,"['Бульвар Рокоссовского', 'Белокаменная']","['МЦК', 'МЦК']","['lightpink', 'lightpink']","Москва, Лосиноостровская улица, 24с1",314091,,1000 — 5000,5.0,"ФГБОУ ВО РГСУ, РГСУ, РОССИЙСКИЙ ГОСУДАРСТВЕННЫЙ СОЦИАЛЬНЫЙ УНИВЕРСИТЕТ",Без опыта,Полный рабочий день,Не имеет значения,55.82579,37.719173,https://www.superjob.ru/vakansii/komendant-51184132.html
51607266,Машинист экскаватора 5 разряда (ГГОК),157800,157800,rub,"['Строительство, проектирование, недвижимость', 'Рабочий персонал']","['Благоустройство территорий', 'Квалифицированный рабочий']",Красноярск,[],[],[],"Красноярский край, Мотыгинский район",3943353,,менее 50,25.0,Новоангарский обогатительный комбинат,От 1 года,Работа вахтовым методом,Не имеет значения,58.551361,94.55658,https://krasnoyarsk.superjob.ru/vakansii/mashinist-ekskavatora-5-razryada-51607266.html
51615152,Электромонтер 5 разряда,150000,150000,rub,"['Строительство, проектирование, недвижимость', 'Рабочий персонал']","['Электроснабжение', 'Квалифицированный рабочий']",Новосибирск,[],[],[],,5033,,более 5000,25.0,АЙЭФСИЭМ ГРУПП,От 1 года,Работа вахтовым методом,Не имеет значения,,,https://nsk.superjob.ru/vakansii/elektromonter-5-razryada-51615152.html
51643022,Разнорабочий,260000,0,rub,"['Строительство, проектирование, недвижимость', 'Рабочий персонал']","['Водоснабжение, канализация', 'Рабочий персонал, разное', 'Квалифицированный рабочий']",Чита,[],[],[],Чукотский автономный округ,4744563,,1000 — 5000,4189.0,АКС,Без опыта,Полный рабочий день,Не имеет значения,65.982613,174.432327,https://chita.superjob.ru/vakansii/raznorabochij-51643022.html
51682683,Электромонтер РЗА (5 разряд),0,0,rub,"['Строительство, проектирование, недвижимость', 'Рабочий персонал']","['Электроснабжение', 'Квалифицированный рабочий']",Иваново,[],[],[],,4273213,,500 — 1000,5.0,Черногорская ГРК,От 3 лет,Полный рабочий день,Среднее специальное,,,https://ivanovo.superjob.ru/vakansii/elektromonter-rza-51682683.html
51709723,Монтажник окон,130000,0,rub,"['Строительство, проектирование, недвижимость']","['Строительно-монтажные работы', 'Технический надзор, строительная экспертиза / ПТО']",Щелково,[],[],[],,4057473,,500 — 1000,248.0,Публично-правовая компания «Военно-строительная компания»,От 1 года,Полный рабочий день,Не имеет значения,,,https://schelkovo.superjob.ru/vakansii/montazhnik-okon-51709723.html
51720013,Ведущий архитектор,0,220000,rub,"['Дизайн', 'Строительство, проектирование, недвижимость']","['Архитектура', 'Архитектура', 'Проектирование']",Москва,['Трубная'],['Люблинско-Дмитровская'],['lime'],,4864380,,100 — 500,3.0,"ПИК ""МОСТОВИК""",От 3 лет,Полный рабочий день,Не имеет значения,,,https://www.superjob.ru/vakansii/veduschij-arhitektor-51720013.html
51725147,Электромонтёр (строительная площадка),104000,138000,rub,"['Строительство, проектирование, недвижимость', 'Рабочий персонал']","['Эксплуатация зданий', 'Электроснабжение', 'Слаботочные системы и сети', 'Рабочий персонал, разное', 'Квалифицированный рабочий']",Санкт-Петербург,"['Рыбацкое', 'Пролетарская']","['Невско-Василеостровская', 'Невско-Василеостровская']","['green', 'green']","Ленинградская область, Всеволожский район, Свердловское городское поселение, деревня Новосаратовка, ЖК Город Звёзд",13775,,1000 — 5000,21.0,Setl Group,От 1 года,Полный рабочий день,Среднее специальное,59.854046,30.549034,https://spb.superjob.ru/vakansii/elektromontjor-51725147.html
51765799,Маляр 4 разряда,55000,58000,rub,"['Строительство, проектирование, недвижимость', 'Рабочий персонал']","['Строительно-монтажные работы', 'Рабочий персонал, разное', 'Квалифицированный рабочий']",Санкт-Петербург,[],[],[],"Санкт-Петербург, улица Дыбенко, 35",441150,,более 5000,126.0,"СПб ГУП ""Горэлектротранс""",Без опыта,Полный рабочий день,Не имеет значения,59.909008,30.495422,https://spb.superjob.ru/vakansii/malyar-4-razryada-51765799.html
51765586,Начинающий риелтор,600000,0,rub,"['Строительство, проектирование, недвижимость']","['Подводно-технические работы', 'Проектирование', 'Сметное дело', 'Строительно-монтажные работы', 'Технический надзор, строительная экспертиза / ПТО']",Москва,"['Курская', 'Таганская', 'Марксистская']","['МЦД4', 'Таганско-Краснопресненская', 'Калининско-Солнцевская']","['mediumaquamarine', 'violet', 'yellow']",,813261,,1000 — 5000,286.0,МИЭЛЬ,Без опыта,Полный рабочий день,Не имеет значения,,,https://www.superjob.ru/vakansii/nachinayuschij-rieltor-51765586.html
51790624,"Бетонщик, 4 разряд",0,0,rub,"['Строительство, проектирование, недвижимость', 'Рабочий персонал']","['Строительно-монтажные работы', 'Рабочий персонал, разное']",Владивосток,[],[],[],,1996534,,более 5000,45.0,Группа Полюс,От 1 года,Полный рабочий день,Не имеет значения,,,https://vladivostok.superjob.ru/vakansii/betonschik-51790624.html
51799219,"Электрогазосварщик, г. Саратов вахта 30/30",180000,200000,rub,"['Строительство, проектирование, недвижимость', 'Рабочий персонал']","['Благоустройство территорий', 'Строительно-монтажные работы', 'Квалифицированный рабочий']",Москва,[],[],[],,3925670,,1000 — 5000,14.0,Бамтоннельстрой-Мост,От 1 года,Полный рабочий день,Не имеет значения,,,https://www.superjob.ru/vakansii/elektrogazosvarschik-51799219.html
51801605,Продавец в зону готовой еды,59700,79500,rub,"['Продажи', 'Строительство, проектирование, недвижимость']","['Агентства недвижимости, оценка недвижимости', 'Управление недвижимостью']",Кировск (Мурманская обл.),[],[],[],"Кировск, Комсомольская, 3",280168,,более 5000,18164.0,"Магнит, Розничная сеть",Не имеет значения,Сменный график работы,Не имеет значения,67.653099,33.703434,https://kirovsk-murmanskaya-oblast.superjob.ru/vakansii/prodavec-v-zonu-gotovoj-edy-51801605.html
51809164,Инженер-технолог очистных сооружений,58000,0,rub,"['Строительство, проектирование, недвижимость', 'Услуги, ремонт, сервисное обслуживание']","['Водоснабжение, канализация', 'Другое', 'Экологическое сопровождение проектов', 'Промышленное оборудование']",Киров (Кировская область),[],[],[],"Кирово-Чепецкий район, село Бурмакино",4887815,,более 5000,62.0,Социальный фонд России,От 3 лет,Полный рабочий день,Не имеет значения,58.323605,49.799427,https://kirov.superjob.ru/vakansii/inzhener-tehnolog-ochistnyh-sooruzhenij-51809164.html
51824811,Машинист крана ТЭЦ-2,58000,0,rub,"['Строительство, проектирование, недвижимость', 'Рабочий персонал']","['Благоустройство территорий', 'Строительно-монтажные работы', 'Квалифицированный рабочий']",Ижевск,[],[],[],"Удмуртская Республика, Ижевск, Воткинское шоссе, 284",178200,,1000 — 5000,61.0,Т Плюс,От 1 года,Полный рабочий день,Не имеет значения,56.89344,53.341217,https://izhevsk.superjob.ru/vakansii/mashinist-krana-tec-2-51824811.html
51833923,Распределитель работ (Египет),100000,100000,rub,"['Строительство, проектирование, недвижимость']","['Сметное дело', 'Строительно-монтажные работы', 'Технический надзор, строительная экспертиза / ПТО']",Екатеринбург,[],[],[],,970633,,более 5000,2342.0,Трест Росспецэнергомонтаж,От 1 года,Полный рабочий день,Не имеет значения,,,https://ekaterinburg.superjob.ru/vakansii/raspredelitel-rabot-51833923.html
51849897,Электромонтажник КИПиА,150000,175000,rub,"['Строительство, проектирование, недвижимость', 'Рабочий персонал']","['Электроснабжение', 'Квалифицированный рабочий']",Екатеринбург,[],[],[],,509989,,1000 — 5000,127.0,Ленгазспецстрой,От 1 года,Полный рабочий день,Не имеет значения,,,https://ekaterinburg.superjob.ru/vakansii/elektromontazhnik-kipia-51849897.html
51849933,Ночной продавец-контролер м. Курская,4774,0,rub,"['Строительство, проектирование, недвижимость']",['ЖКХ'],Москва,"['Курская', 'Бауманская', 'Электрозаводская', 'Семёновская', 'Партизанская', 'Измайловская', 'Первомайская', 'Щёлковская', 'Чкаловская', 'Римская']","['МЦД4', 'Арбатско-Покровская', 'МЦД3', 'Арбатско-Покровская', 'Арбатско-Покровская', 'Арбатско-Покровская', 'Арбатско-Покровская', 'Арбатско-Покровская', 'Люблинско-Дмитровская', 'Люблинско-Дмитровская']","['mediumaquamarine', 'darkblue', 'orangered', 'darkblue', 'darkblue', 'darkblue', 'darkblue', 'darkblue', 'lime', 'lime']","Москва, Токмаков переулок, 12/20",248733,,более 5000,67.0,Магнолия,Без опыта,Полный рабочий день,Не имеет значения,55.765202,37.67009,https://www.superjob.ru/vakansii/nochnoj-prodavec-kontroler-m-51849933.html
51854702,Электромонтажник-расключник (вахта),176000,176000,rub,"['Строительство, проектирование, недвижимость', 'Рабочий персонал']","['Эксплуатация зданий', 'Электроснабжение', 'Квалифицированный рабочий']",Уфа,[],[],[],,3856938,,менее 50,1832.0,"Барс Пром/ООО ""БАРС ПРОМ""",От 1 года,Полный рабочий день,Не имеет значения,,,https://ufa.superjob.ru/vakansii/elektromontazhnik-rasklyuchnik-51854702.html
51673670,Слесарь-сантехник,50000,80000,rub,"['Строительство, проектирование, недвижимость', 'Промышленность, производство', 'Рабочий персонал']","['Водоснабжение, канализация', 'Промышленное оборудование', 'Рабочий персонал, разное', 'Квалифицированный рабочий']",Санкт-Петербург,[],[],[],"Санкт-Петербург, набережная канала Грибоедова, 30-32",4763170,,1000 — 5000,29.0,СПбГЭУ,От 1 года,Полный рабочий день,Не имеет значения,59.931915,30.32593,https://spb.superjob.ru/vakansii/slesar-santehnik-51673670.html
51869829,Сотрудник пункта выдачи заказов (м. Арбатская),2900,0,rub,"['Строительство, проектирование, недвижимость']","['Управление недвижимостью', 'Другое']",Москва,[],[],[],"Москва, Поварская улица, 8/1к1",4962161,,менее 50,33.0,ООО Фокс Ин Бокс,Без опыта,Полный рабочий день,Не имеет значения,55.754177,37.598518,https://www.superjob.ru/vakansii/sotrudnik-punkta-vydachi-zakazov-51869829.html
51870359,Слесарь-сантехник,120000,136000,rub,"['Строительство, проектирование, недвижимость', 'Рабочий персонал']","['Водоснабжение, канализация', 'Рабочий персонал, разное', 'Квалифицированный рабочий']",Москва,['Авиамоторная'],['МЦД3'],['orangered'],,406175,,более 5000,112.0,PRIDEX Group,От 1 года,Полный рабочий день,Не имеет значения,,,https://www.superjob.ru/vakansii/slesar-santehnik-51870359.html
51726938,Монтажник ЖБК,160000,160000,rub,"['Строительство, проектирование, недвижимость', 'Рабочий персонал']","['Строительно-монтажные работы', 'Рабочий персонал, разное', 'Квалифицированный рабочий']",Свободный,[],[],[],,4899646,,менее 50,7.0,Р-Строй,От 1 года,Полный рабочий день,Не имеет значения,,,https://svobodniy.superjob.ru/vakansii/montazhnik-zhbk-51726938.html
51694729,Главный специалист сектора выдачи и контроля технических условий,80000,100000,rub,"['Строительство, проектирование, недвижимость']","['Строительно-монтажные работы', 'Слаботочные системы и сети']",Санкт-Петербург,[],[],[],"Санкт-Петербург, 5-й Предпортовый проезд, 4к3",627236,,500 — 1000,0.0,"СПб ГКУ ""Городской мониторинговый центр""",От 3 лет,Полный рабочий день,Высшее,59.839256,30.31488,https://spb.superjob.ru/vakansii/glavnyj-specialist-sektora-vydachi-i-kontrolya-tehnicheskih-uslovij-51694729.html
51735179,Ведущий инженер ПТО,79590,0,rub,"['Строительство, проектирование, недвижимость']","['Технический надзор, строительная экспертиза / ПТО']",Донецк (Донецкая область),[],[],[],"Донецк, Донецкая улица, 38",4937899,,более 5000,7.0,"ГУП ДНР ""Донбасстеплоэнерго",От 1 года,Полный рабочий день,Не имеет значения,47.993103,37.81654,https://doneck-dnr.superjob.ru/vakansii/veduschij-inzhener-pto-51735179.html
51782746,Электромонтер по ремонту воздушных линий электропередачи,67000,67000,rub,"['Строительство, проектирование, недвижимость', 'Промышленность, производство']","['Электроснабжение', 'Энергетика']",Ряжск,[],[],[],"Рязанская область, Ряжск, улица Ильича",2466656,,более 5000,3173.0,Российские железные дороги,Без опыта,Полный рабочий день,Среднее,53.707775,40.105492,https://ryazhsk.superjob.ru/vakansii/elektromonter-po-remontu-vozdushnyh-linij-elektroperedachi-51782746.html
51800876,Электромонтер по эксплуатации электросчетчиков,53100,0,rub,"['Строительство, проектирование, недвижимость', 'Рабочий персонал']","['Эксплуатация зданий', 'Электроснабжение', 'Слаботочные системы и сети', 'Рабочий персонал, разное', 'Квалифицированный рабочий']",Углич,[],[],[],,4876582,,менее 50,8.0,"""РОССЕТИ ЦЕНТР"" - ""ЯРЭНЕРГО""",Без опыта,Полный рабочий день,Среднее специальное,,,https://uglich.superjob.ru/vakansii/elektromonter-po-ekspluatacii-elektroschetchikov-51800876.html
51824463,Эксперт по актуарным расчетам для бухгалтерской и МСФО отчетности,0,0,rub,"['Бухгалтерия, финансы, аудит', 'IT, Интернет, связь, телеком', 'Строительство, проектирование, недвижимость']","['Планово-экономическое управление', 'Администрирование баз данных', 'Аналитика', 'Внедрение и сопровождение ПО', 'Экологическое сопровождение проектов']",Москва,[],[],[],"Москва, улица Малая Дмитровка, 10",191494,,500 — 1000,8.0,НПФ Благосостояние,От 3 лет,Полный рабочий день,Не имеет значения,55.768749,37.606434,https://www.superjob.ru/vakansii/ekspert-po-aktuarnym-raschetam-dlya-buhgalterskoj-i-msfo-otchetnosti-51824463.html
51837024,Инженер по эксплуатации зданий,0,0,rub,"['Строительство, проектирование, недвижимость']",['Эксплуатация зданий'],Астрахань,[],[],[],"Астрахань, улица Богдана Хмельницкого, 22",235578,,более 5000,62.0,Банк ВТБ,От 3 лет,Полный рабочий день,Не имеет значения,46.335121,48.017441,https://astrakhan.superjob.ru/vakansii/inzhener-po-ekspluatacii-zdanij-51837024.html
51844191,"Администратор магазина (Илек, Илек, Мира, 20в)",38000,50000,rub,"['Строительство, проектирование, недвижимость']","['Подводно-технические работы', 'Проектирование', 'Управление недвижимостью']",Илек,[],[],[],,2635306,,более 5000,45940.0,Пятёрочка,От 1 года,Полный рабочий день,Не имеет значения,,,https://ilek.superjob.ru/vakansii/administrator-magazina-51844191.html
51849844,Рабочий по комплексному обслуживанию и ремонту здания,60000,60000,rub,"['Строительство, проектирование, недвижимость', 'Рабочий персонал']","['Эксплуатация зданий', 'Рабочий персонал, разное']",Санкт-Петербург,"['Ладожская', 'Новочеркасская']","['Правобережная', 'Правобережная']","['yellow', 'yellow']","ул. Маршала Тухачевского, д.17А",4349581,,100 — 500,0.0,ГБОУ СОШ № 188 Красногвардейского района Санкт-Петербурга,От 3 лет,Полный рабочий день,Не имеет значения,,,https://spb.superjob.ru/vakansii/rabochij-po-kompleksnomu-obsluzhivaniyu-i-remontu-zdaniya-51849844.html
51869983,Младший повар в отдел мучных изделий,0,70000,rub,"['Строительство, проектирование, недвижимость', 'Топ-персонал']","['Подводно-технические работы', 'Промышленность, производство, сельское хозяйство']",Москва,['Генерала Тюленева'],['Троицкая'],['darkspringgreen'],"г Москва, улица Тёплый Стан, д. 27 стр. 1. 27",0,,,,,Без опыта,Сменный график работы,Не имеет значения,55.630615,37.482037,https://www.superjob.ru/vakansii/mladshij-povar-v-otdel-muchnyh-izdelij-51869983.html
11747256,Менеджер по продажам недвижимости / Агент / Риелтор (продажа покупка вторичного жилья),150000,0,rub,"['Продажи', 'Строительство, проектирование, недвижимость']","['Агентства недвижимости, оценка недвижимости', 'Алкоголь, напитки', 'Бытовая техника, электроника, фото, видео', 'Начало карьеры, мало опыта', 'Начало карьеры, мало опыта']",Москва,"['Мякинино', 'Волоколамская', 'Митино', 'Пятницкое Шоссе']","['Арбатско-Покровская', 'МЦД2', 'Арбатско-Покровская', 'Арбатско-Покровская']","['darkblue', 'fuchsia', 'darkblue', 'darkblue']","Москва, Митинская улица, 33",186972,,1000 — 5000,1010.0,ИНКОМ - Недвижимость,Без опыта,Полный рабочий день,Среднее специальное,55.84771,37.355957,https://www.superjob.ru/vakansii/menedzher-po-prodazham-nedvizhimosti-11747256.html
50415153,Электромонтер по ремонту и обслуживанию оборудования,0,97938,rub,"['Строительство, проектирование, недвижимость', 'Рабочий персонал']","['Электроснабжение', 'Слаботочные системы и сети', 'Рабочий персонал, разное']",Приладожский,[],[],[],"Ленинградская область, Кировский район, городской посёлок Приладожский",666117,,1000 — 5000,80.0,Птицефабрика Синявинская,От 1 года,Полный рабочий день,Среднее специальное,59.876392,31.32819,https://spb.superjob.ru/vakansii/elektromonter-po-remontu-i-obsluzhivaniyu-oborudovaniya-50415153.html
50605708,"Сметчик, сметчик-инженер ПТО",100000,0,rub,"['Строительство, проектирование, недвижимость']","['Сметное дело', 'Строительно-монтажные работы', 'Технический надзор, строительная экспертиза / ПТО']",Донецк (Донецкая область),[],[],[],Донецк,4891910,,менее 50,0.0,"ФСК ""Новый проект""",От 1 года,Полный рабочий день,Среднее специальное,48.015884,37.802849,https://doneck-dnr.superjob.ru/vakansii/smetchik-50605708.html
50683363,Мастер аварийно-восстановительной бригады,92000,138000,rub,"['Строительство, проектирование, недвижимость', 'Промышленность, производство', 'Рабочий персонал']","['Электроснабжение', 'Слаботочные системы и сети', 'Энергетика', 'Рабочий персонал, разное']",Москва,"['Отрадное', 'Владыкино']","['Серпуховско-Тимирязевская', 'МЦК']","['gray', 'lightpink']","Москва, Отрадная улица, 2Бс6",4019802,,более 5000,44.0,Объединенная энергетическая компания,От 3 лет,Сменный график работы,Среднее специальное,55.856564,37.599506,https://www.superjob.ru/vakansii/master-avarijno-vosstanovitelnoj-brigady-50683363.html
51073833,Монтажник слаботочных систем,110000,0,rub,"['Строительство, проектирование, недвижимость', 'Рабочий персонал']","['Эксплуатация зданий', 'Электроснабжение', 'Слаботочные системы и сети', 'Рабочий персонал, разное', 'Квалифицированный рабочий']",Москва,[],[],[],,2720788,,1000 — 5000,47.0,Международный аэропорт Внуково,Без опыта,Полный рабочий день,Не имеет значения,,,https://www.superjob.ru/vakansii/montazhnik-slabotochnyh-sistem-51073833.html
51615153,Электромонтер 5 разряда,150000,150000,rub,"['Строительство, проектирование, недвижимость', 'Рабочий персонал']","['Электроснабжение', 'Квалифицированный рабочий']",Шарыпово,[],[],[],,5033,,более 5000,25.0,АЙЭФСИЭМ ГРУПП,От 1 года,Работа вахтовым методом,Не имеет значения,,,https://sharypovo.superjob.ru/vakansii/elektromonter-5-razryada-51615153.html
51643023,Разнорабочий,260000,0,rub,"['Строительство, проектирование, недвижимость', 'Рабочий персонал']","['Водоснабжение, канализация', 'Рабочий персонал, разное', 'Квалифицированный рабочий']",Барнаул,[],[],[],Чукотский автономный округ,4744563,,1000 — 5000,4189.0,АКС,Без опыта,Полный рабочий день,Не имеет значения,65.982613,174.432327,https://barnaul.superjob.ru/vakansii/raznorabochij-51643023.html
51651246,Мастер строительных и монтажных работ СМР,0,0,rub,"['Строительство, проектирование, недвижимость', 'Рабочий персонал']","['Строительно-монтажные работы', 'Рабочий персонал, разное']",Иркутск,[],[],[],,1996534,,более 5000,45.0,Группа Полюс,От 3 лет,Полный рабочий день,Среднее специальное,,,https://irkutsk.superjob.ru/vakansii/master-stroitelnyh-i-montazhnyh-rabot-smr-51651246.html
51682720,Электромонтер РЗА (5 разряд),0,0,rub,"['Строительство, проектирование, недвижимость', 'Рабочий персонал']","['Электроснабжение', 'Квалифицированный рабочий']",Новочеркасск,[],[],[],,4273213,,500 — 1000,5.0,Черногорская ГРК,От 3 лет,Полный рабочий день,Среднее специальное,,,https://novocherkassk.superjob.ru/vakansii/elektromonter-rza-51682720.html
51657512,Заместитель главного инженера проекта центра по проектированию высокоскоростных магистралей,0,0,rub,"['Строительство, проектирование, недвижимость']","['Проектирование', 'Управление проектами (ГИП)']",Москва,[],[],[],"Москва, Малая Сухаревская площадь, 10",3440179,,1000 — 5000,28.0,Росжелдорпроект,От 3 лет,Полный рабочий день,Высшее,55.772472,37.63068,https://www.superjob.ru/vakansii/zamestitel-glavnogo-inzhenera-proekta-centra-po-proektirovaniyu-vysokoskorostnyh-magistralej-51657512.html
51690823,"Электромонтер по ремонту и обслуживанию электрооборудования 5, 6 разряда",82000,92000,rub,"['Строительство, проектирование, недвижимость']","['Строительно-монтажные работы', 'Электроснабжение']",Москва,"['Речной вокзал', 'Алтуфьево', 'Лихоборы', 'Ховрино', 'Селигерская', 'Грачёвская', 'Яхромская']","['Замоскворецкая', 'Серпуховско-Тимирязевская', 'МЦД3', 'МЦД3', 'Люблинско-Дмитровская', 'МЦД3', 'Люблинско-Дмитровская']","['green', 'gray', 'orangered', 'orangered', 'lime', 'orangered', 'lime']","Москва, Коровинское шоссе, 37Ас1",220831,,более 5000,22.0,Московская объединенная энергетическая компания,От 1 года,Полный рабочий день,Не имеет значения,55.885132,37.511662,https://www.superjob.ru/vakansii/elektromonter-po-remontu-i-obsluzhivaniyu-elektrooborudovaniya-5-51690823.html
51709703,Облицовщик,130000,0,rub,"['Строительство, проектирование, недвижимость']","['Строительство деревянных домов и конструкций', 'Отделочные работы']",Москва,[],[],[],,4057473,,500 — 1000,248.0,Публично-правовая компания «Военно-строительная компания»,От 1 года,Полный рабочий день,Не имеет значения,,,https://www.superjob.ru/vakansii/oblicovschik-51709703.html
51725052,Инженер участка / Прораб (общестроительные работы),150000,0,rub,"['Строительство, проектирование, недвижимость']","['Строительно-монтажные работы', 'Управление строительством, девелопмент']",Санкт-Петербург,[],[],[],,13775,,1000 — 5000,21.0,Setl Group,От 1 года,Полный рабочий день,Высшее,,,https://spb.superjob.ru/vakansii/inzhener-uchastka-51725052.html
51733164,Главный специалист по работе с клиентми,27093,28000,rub,"['Дизайн', 'Строительство, проектирование, недвижимость']","['Дизайн интерьера', 'Подводно-технические работы']",Адыге-Хабль,[],[],[],"Карачаево-Черкесская Республика, Адыге-Хабльский район, Апсуанское муниципальное образование, село Спарта, Набережный переулок, 7",14215,,более 5000,1380.0,Почта России,Без опыта,Полный рабочий день,Не имеет значения,44.411659,41.798054,https://www.superjob.ru/vakansii/glavnyj-specialist-po-rabote-s-klientmi-51733164.html
51765588,Менеджер по адаптации персонала,110000,0,rub,"['Продажи', 'Строительство, проектирование, недвижимость']","['Агентства недвижимости, оценка недвижимости', 'Управление недвижимостью']",Москва,"['Курская', 'Таганская', 'Марксистская']","['МЦД4', 'Таганско-Краснопресненская', 'Калининско-Солнцевская']","['mediumaquamarine', 'violet', 'yellow']","Москва, Николоямская улица, 40с1",813261,,1000 — 5000,286.0,МИЭЛЬ,От 1 года,Полный рабочий день,Не имеет значения,55.746998,37.65947,https://www.superjob.ru/vakansii/menedzher-po-adaptacii-personala-51765588.html
51780218,Электромонтер по ремонту и обслуживанию,40000,0,rub,"['Строительство, проектирование, недвижимость', 'Рабочий персонал']","['Электроснабжение', 'Квалифицированный рабочий']",Туймазы,[],[],[],"Республика Башкортостан, Туймазы, Советская улица, 2А",2531979,,более 5000,97.0,Башнефть-Розница,От 1 года,Полный рабочий день,Не имеет значения,54.619316,53.694965,https://tuimazy.superjob.ru/vakansii/elektromonter-po-remontu-i-obsluzhivaniyu-51780218.html
51782548,Слесарь-сантехник,78800,94500,rub,"['Строительство, проектирование, недвижимость', 'Рабочий персонал']","['Водоснабжение, канализация', 'Рабочий персонал, разное', 'Квалифицированный рабочий']",Санкт-Петербург,['Горьковская'],['Московско-Петроградская'],['blue'],"Санкт-Петербург, Большая Посадская улица, 24/2С",441150,,более 5000,126.0,"СПб ГУП ""Горэлектротранс""",От 1 года,Полный рабочий день,Не имеет значения,59.961105,30.327259,https://spb.superjob.ru/vakansii/slesar-santehnik-51782548.html
51687933,Специалист инженерно-хозяйственного отдела,90000,0,rub,"['Административная работа, секретариат, АХО', 'Строительство, проектирование, недвижимость']","['АХО', 'Эксплуатация зданий']",Санкт-Петербург,['Обводный канал'],['Фрунзенско-Приморская'],['violet'],"Санкт-Петербург, Лиговский проспект, 195",193865,,1000 — 5000,14.0,АКБ «АВАНГАРД»,От 3 лет,Полный рабочий день,Не имеет значения,59.911781,30.347857,https://spb.superjob.ru/vakansii/specialist-inzhenerno-hozyajstvennogo-otdela-51687933.html
51797978,Инженер-геодезист,195000,0,rub,"['Строительство, проектирование, недвижимость']","['Геодезия, картография, землеустроительство']",Москва,[],[],[],,4595880,,более 5000,68.0,Инжиниринговый холдинг «эВ-групп»,От 1 года,Полный рабочий день,Не имеет значения,,,https://www.superjob.ru/vakansii/inzhener-geodezist-51797978.html
51799220,"Электрогазосварщик, г. Саратов вахта 30/30",180000,200000,rub,"['Строительство, проектирование, недвижимость', 'Рабочий персонал']","['Благоустройство территорий', 'Строительно-монтажные работы', 'Квалифицированный рабочий']",Уфа,[],[],[],,3925670,,1000 — 5000,14.0,Бамтоннельстрой-Мост,От 1 года,Полный рабочий день,Не имеет значения,,,https://ufa.superjob.ru/vakansii/elektrogazosvarschik-51799220.html
51800892,Слесарь-сантехник,0,115000,rub,"['Строительство, проектирование, недвижимость', 'Рабочий персонал']","['Водоснабжение, канализация', 'Рабочий персонал, разное', 'Квалифицированный рабочий']",Москва,"['Филёвский парк', 'Пионерская', 'Мнёвники']","['Филёвская', 'Филёвская', 'Большая кольцевая линия']","['blue', 'blue', 'cian']","Москва, Нижние Мнёвники, д. 9",4353589,,менее 50,340.0,Jobers,От 1 года,Полный рабочий день,Среднее специальное,55.751892,37.454124,https://www.superjob.ru/vakansii/slesar-santehnik-51800892.html
51800943,"Рабочий по обслуживанию зданий и сооружений, разнорабочий",0,71075,rub,"['Строительство, проектирование, недвижимость', 'Рабочий персонал']","['Эксплуатация зданий', 'Рабочий персонал, разное']",Новосибирск,[],[],[],"Новосибирск, улица Курчатова, 1",154882,,более 5000,605.0,Ашан,Без опыта,Полный рабочий день,Не имеет значения,55.104313,82.960693,https://nsk.superjob.ru/vakansii/rabochij-po-obsluzhivaniyu-zdanij-i-sooruzhenij-51800943.html
51801589,Продавец в зону готовой еды,63200,89300,rub,"['Строительство, проектирование, недвижимость', 'Топ-персонал']","['Благоустройство территорий', 'Безопасность, службы охраны', 'Туризм, гостиницы, общественное питание']",Янино-1,[],[],[],"Ковалево, Ковалево, Поперечная, 79",280168,,более 5000,18164.0,"Магнит, Розничная сеть",Не имеет значения,Сменный график работы,Не имеет значения,59.979191,30.568808,https://yanino-1.superjob.ru/vakansii/prodavec-v-zonu-gotovoj-edy-51801589.html
51824691,Электрослесарь ТЭЦ-2,60600,60600,rub,"['Строительство, проектирование, недвижимость', 'Рабочий персонал']","['Электроснабжение', 'Квалифицированный рабочий']",Ижевск,[],[],[],"Удмуртская Республика, Ижевск, Воткинское шоссе, 284",178200,,1000 — 5000,61.0,Т Плюс,Без опыта,Полный рабочий день,Не имеет значения,56.89344,53.341217,https://izhevsk.superjob.ru/vakansii/elektroslesar-tec-2-51824691.html
51751479,"Инженер ПТО/Ведущий инженер ПТО (дороги, сваи)",145000,256000,rub,"['Строительство, проектирование, недвижимость']","['Строительно-монтажные работы', 'Технический надзор, строительная экспертиза / ПТО']",Тамбей (Ямальский район),[],[],[],,4407559,,менее 50,21.0,ГСП-6,От 3 лет,Полный рабочий день,Не имеет значения,,,https://www.superjob.ru/vakansii/inzhener-pto-51751479.html
51833924,Распределитель работ (Египет),100000,100000,rub,"['Строительство, проектирование, недвижимость']","['Строительно-монтажные работы', 'Технический надзор, строительная экспертиза / ПТО']",Сочи,[],[],[],,970633,,более 5000,2342.0,Трест Росспецэнергомонтаж,От 1 года,Полный рабочий день,Не имеет значения,,,https://sochi.superjob.ru/vakansii/raspredelitel-rabot-51833924.html
51849895,Электромонтажник КИПиА,150000,175000,rub,"['Строительство, проектирование, недвижимость', 'Рабочий персонал']","['Электроснабжение', 'Квалифицированный рабочий']",Краснодар,[],[],[],,509989,,1000 — 5000,127.0,Ленгазспецстрой,От 1 года,Полный рабочий день,Не имеет значения,,,https://krasnodar.superjob.ru/vakansii/elektromontazhnik-kipia-51849895.html
51854628,Каменщик (вахта),167000,167000,rub,"['Строительство, проектирование, недвижимость', 'Рабочий персонал']","['Строительно-монтажные работы', 'Рабочий персонал, разное']",Хабаровск,[],[],[],,3856938,,менее 50,1832.0,"Барс Пром/ООО ""БАРС ПРОМ""",От 1 года,Полный рабочий день,Не имеет значения,,,https://habarovsk.superjob.ru/vakansii/kamenschik-51854628.html
51673656,Электромонтер,50000,70000,rub,"['Строительство, проектирование, недвижимость', 'Рабочий персонал']","['Эксплуатация зданий', 'Электроснабжение', 'Слаботочные системы и сети', 'Рабочий персонал, разное', 'Квалифицированный рабочий']",Санкт-Петербург,[],[],[],"Санкт-Петербург, набережная канала Грибоедова, 30-32",4763170,,1000 — 5000,29.0,СПбГЭУ,От 3 лет,Полный рабочий день,Не имеет значения,59.931915,30.32593,https://spb.superjob.ru/vakansii/elektromonter-51673656.html
51870357,Слесарь-сантехник,120000,136000,rub,"['Строительство, проектирование, недвижимость', 'Рабочий персонал']","['Водоснабжение, канализация', 'Рабочий персонал, разное', 'Квалифицированный рабочий']",Москва,['Крестьянская застава'],['Люблинско-Дмитровская'],['lime'],,406175,,более 5000,112.0,PRIDEX Group,От 1 года,Полный рабочий день,Не имеет значения,,,https://www.superjob.ru/vakansii/slesar-santehnik-51870357.html
51680382,Главный специалист (в области организации и контроля работ в электроустановках учреждения),90000,100000,rub,"['Строительство, проектирование, недвижимость', 'Промышленность, производство']","['Электроснабжение', 'Энергетика']",Санкт-Петербург,['Московская'],['Московско-Петроградская'],['blue'],"Санкт-Петербург, 5-й Предпортовый проезд, 4к3",627236,,500 — 1000,0.0,"СПб ГКУ ""Городской мониторинговый центр""",От 3 лет,Полный рабочий день,Высшее,59.839256,30.31488,https://spb.superjob.ru/vakansii/glavnyj-specialist-51680382.html
51726939,Монтажник ЖБК,160000,160000,rub,"['Строительство, проектирование, недвижимость', 'Рабочий персонал']","['Строительно-монтажные работы', 'Рабочий персонал, разное', 'Квалифицированный рабочий']",Новосибирск,[],[],[],,4899646,,менее 50,7.0,Р-Строй,От 1 года,Полный рабочий день,Не имеет значения,,,https://nsk.superjob.ru/vakansii/montazhnik-zhbk-51726939.html
51766365,"Пекарь (Строитель, Строитель, Придорожная, 22)",35000,60000,rub,"['Туризм, гостиницы, общественное питание', 'Строительство, проектирование, недвижимость', 'Промышленность, производство', 'Рабочий персонал']","['Рестораны, кафе, столовые, фастфуд', 'Строительно-монтажные работы', 'Пищевая промышленность', 'Рабочий персонал, разное']",Строитель (Тамбовская область),[],[],[],,2635306,,более 5000,45940.0,Пятёрочка,Не имеет значения,Частичная занятость / Совместительство,Не имеет значения,,,https://tambovskaya-oblast-stroitel.superjob.ru/vakansii/pekar-51766365.html
51794497,Инженер 1 категории (отдел по работе с обращениями граждан),60000,0,rub,"['Строительство, проектирование, недвижимость', 'Рабочий персонал']","['ЖКХ', 'Рабочий персонал, разное']",Санкт-Петербург,[],[],[],"Санкт-Петербург, Тарасова улица, 8к1",4849983,,500 — 1000,0.0,Жилищное агентство Красногвардейского района Санкт-Петербурга,От 1 года,Полный рабочий день,Среднее специальное,59.949829,30.412159,https://spb.superjob.ru/vakansii/inzhener-1-kategorii-51794497.html
51800865,Электромонтер по эксплуатации электросчетчиков,53100,0,rub,"['Строительство, проектирование, недвижимость', 'Рабочий персонал']","['Эксплуатация зданий', 'Электроснабжение', 'Слаботочные системы и сети', 'Рабочий персонал, разное', 'Квалифицированный рабочий']",Пошехонье,[],[],[],,4876582,,менее 50,8.0,"""РОССЕТИ ЦЕНТР"" - ""ЯРЭНЕРГО""",Без опыта,Полный рабочий день,Среднее специальное,,,https://poshekhonye.superjob.ru/vakansii/elektromonter-po-ekspluatacii-elektroschetchikov-51800865.html
51809077,Дизайнер-архитектор,0,0,rub,"['Дизайн', 'Строительство, проектирование, недвижимость']","['Архитектура', 'Промышленный дизайн', 'Архитектура']",Москва,[],[],[],,4932822,,менее 50,6.0,Tiffany&Co,От 3 лет,Полный рабочий день,Не имеет значения,,,https://www.superjob.ru/vakansii/dizajner-arhitektor-51809077.html
51869782,Инженер-сметчик,110000,150000,rub,"['Строительство, проектирование, недвижимость']",['Сметное дело'],Москва,[],[],[],"г Москва, пер Живарев, д 8 стр 3",3797376,,менее 50,337.0,JOBCART.RU,От 1 года,Полный рабочий день,Не имеет значения,55.776588,37.643505,https://www.superjob.ru/vakansii/inzhener-smetchik-51869782.html
51869981,Повар в отдел хлебобулочных изделий,0,70000,rub,"['Строительство, проектирование, недвижимость']","['Сметное дело', 'Строительно-монтажные работы', 'Строительство деревянных домов и конструкций']",Москва,['Юго-Западная'],['Сокольническая'],['red'],"г Москва, улица Академика Анохина, д. 2 к. 1А. 2",0,,,,,Без опыта,Сменный график работы,Не имеет значения,55.670216,37.476654,https://www.superjob.ru/vakansii/povar-v-otdel-hlebobulochnyh-izdelij-51869981.html
44708692,Электромонтер по эксплуатации распределительных сетей 4-5 разряд,79050,101750,rub,"['Строительство, проектирование, недвижимость', 'Промышленность, производство', 'Рабочий персонал']","['Эксплуатация зданий', 'Электроснабжение', 'Энергетика', 'Рабочий персонал, разное', 'Квалифицированный рабочий']",Бронницы,[],[],[],"Московская область, Бронницы",335586,,более 5000,40.0,«Оборонэнерго»,От 1 года,Полный рабочий день,Среднее специальное,55.425652,38.264244,https://bronnitsi.superjob.ru/vakansii/elektromonter-po-ekspluatacii-raspredelitelnyh-setej-4-5-razryad-44708692.html
49656226,Электромонтер связи,0,32000,rub,"['Строительство, проектирование, недвижимость', 'Рабочий персонал']","['Электроснабжение', 'Слаботочные системы и сети', 'Рабочий персонал, разное', 'Квалифицированный рабочий']",Тольятти,[],[],[],"Самарская область, Тольятти, улица Голосова, 32Б",24172,,более 5000,72.0,Ростелеком,Без опыта,Полный рабочий день,Среднее,53.507275,49.432762,https://tolyatti.superjob.ru/vakansii/elektromonter-svyazi-49656226.html
50393515,Электрик / Электромонтер,90000,90000,rub,"['Административная работа, секретариат, АХО', 'Строительство, проектирование, недвижимость', 'Рабочий персонал']","['АХО', 'Эксплуатация зданий', 'Электроснабжение', 'Рабочий персонал, разное', 'Квалифицированный рабочий']",Москва,"['Профсоюзная', 'Тульская', 'Нагорная']","['Калужско-Рижская', 'Серпуховско-Тимирязевская', 'Серпуховско-Тимирязевская']","['orange', 'gray', 'gray']","Москва, Нагорная улица, 4А",71817,,100 — 500,21.0,ЭКО центр,От 3 лет,Полный рабочий день,Не имеет значения,55.682301,37.609325,https://www.superjob.ru/vakansii/elektrik-50393515.html
50683364,Мастер бригады по ремонту наружного освещения,92000,138000,rub,"['Строительство, проектирование, недвижимость', 'Рабочий персонал']","['Электроснабжение', 'Слаботочные системы и сети', 'Рабочий персонал, разное', 'Квалифицированный рабочий']",Москва,"['Отрадное', 'Владыкино']","['Серпуховско-Тимирязевская', 'МЦК']","['gray', 'lightpink']","Москва, Отрадная улица, 2Бс6",4019802,,более 5000,44.0,Объединенная энергетическая компания,От 1 года,Сменный график работы,Среднее специальное,55.856564,37.599506,https://www.superjob.ru/vakansii/master-brigady-po-remontu-naruzhnogo-osvescheniya-50683364.html
50805870,Инженер-конструктор,58498,85000,rub,"['Строительство, проектирование, недвижимость', 'Промышленность, производство']","['Конструирование', 'Авиационная промышленность', 'Машиностроение, станкостроение', 'Промышленное оборудование', 'Энергомашиностроение']",Заречный (Пензенская область),[],[],[],"Пензенская область, Заречный",4912961,,1000 — 5000,21.0,"ПО ""Старт""",Без опыта,Полный рабочий день,Высшее,53.196087,45.169071,https://zarechniy.superjob.ru/vakansii/inzhener-konstruktor-50805870.html
50888508,Слесарь-сантехник,77000,78000,rub,"['Строительство, проектирование, недвижимость', 'Рабочий персонал']","['Водоснабжение, канализация', 'Рабочий персонал, разное', 'Квалифицированный рабочий']",Якутск,[],[],[],"Республика Саха (Якутия), Якутск, улица Чернышевского, 6",3514049,,менее 50,5.0,«АДК»,От 3 лет,Сменный график работы,Не имеет значения,62.027122,129.746475,https://yakutsk.superjob.ru/vakansii/slesar-santehnik-50888508.html
51079858,Рабочий по комплексному обслуживанию и ремонту зданий,53350,55000,rub,"['Строительство, проектирование, недвижимость', 'Рабочий персонал']","['Эксплуатация зданий', 'Рабочий персонал, разное']",Санкт-Петербург,[],[],[],"Санкт-Петербург, 2-й Верхний переулок, 10",447702,,менее 50,1365.0,"Производственно-складской комплекс ""ТЕХНОТРАНС""",От 1 года,Полный рабочий день,Не имеет значения,60.066593,30.374914,https://spb.superjob.ru/vakansii/rabochij-po-kompleksnomu-obsluzhivaniyu-i-remontu-zdanij-51079858.html
51103380,Электромонтер,40000,0,rub,"['Строительство, проектирование, недвижимость', 'Промышленность, производство', 'Рабочий персонал']","['Электроснабжение', 'Слаботочные системы и сети', 'Энергетика', 'Рабочий персонал, разное']",Невинномысск,[],[],[],"Ставропольский край, Невинномысск, улица Павлова, 5",4931080,,менее 50,0.0,ГБУЗ СК,От 3 лет,Полный рабочий день,Среднее,44.640736,41.932388,https://nevinnomyssk.superjob.ru/vakansii/elektromonter-51103380.html
51131504,Администратор в отдел по связям с общественностью,65000,75000,rub,"['Бухгалтерия, финансы, аудит', 'Строительство, проектирование, недвижимость']","['Электронный документооборот', 'Сметное дело']",Санкт-Петербург,[],[],[],"Санкт-Петербург, набережная реки Фонтанки, 154",291920,,более 5000,154.0,ФГБОУ ВО Санкт-Петербургский государственный университет,От 3 лет,Полный рабочий день,Не имеет значения,59.915764,30.282551,https://spb.superjob.ru/vakansii/administrator-v-otdel-po-svyazyam-s-obschestvennostyu-51131504.html
51073834,Монтажник слаботочных систем,110000,0,rub,"['Строительство, проектирование, недвижимость', 'Рабочий персонал']","['Эксплуатация зданий', 'Электроснабжение', 'Слаботочные системы и сети', 'Рабочий персонал, разное', 'Квалифицированный рабочий']",Внуково,[],[],[],,2720788,,1000 — 5000,47.0,Международный аэропорт Внуково,Без опыта,Полный рабочий день,Не имеет значения,,,https://vnukovo.superjob.ru/vakansii/montazhnik-slabotochnyh-sistem-51073834.html
51239858,Инженер-геодезист ((Усть-Луга)),140000,140000,rub,"['Строительство, проектирование, недвижимость']","['Геодезия, картография, землеустроительство']",Усть-Луга,[],[],[],"Ленинградская область, Кингисеппский район, посёлок Усть-Луга",4862987,,более 5000,2.0,Международный EPC-проект Генеральный подрядчик,От 1 года,Полный рабочий день,Не имеет значения,59.657677,28.26664,https://spb.superjob.ru/vakansii/inzhener-geodezist-51239858.html
51615154,Электромонтер 5 разряда,150000,150000,rub,"['Строительство, проектирование, недвижимость', 'Рабочий персонал']","['Электроснабжение', 'Квалифицированный рабочий']",Саяногорск,[],[],[],,5033,,более 5000,25.0,АЙЭФСИЭМ ГРУПП,От 1 года,Работа вахтовым методом,Не имеет значения,,,https://sayanogorsk.superjob.ru/vakansii/elektromonter-5-razryada-51615154.html
51643014,Разнорабочий,260000,0,rub,"['Строительство, проектирование, недвижимость', 'Рабочий персонал']","['Водоснабжение, канализация', 'Рабочий персонал, разное', 'Квалифицированный рабочий']",Тюмень,[],[],[],Чукотский автономный округ,4744563,,1000 — 5000,4189.0,АКС,Без опыта,Полный рабочий день,Не имеет значения,65.982613,174.432327,https://tyumen.superjob.ru/vakansii/raznorabochij-51643014.html
51651247,Мастер строительных и монтажных работ СМР,0,0,rub,"['Строительство, проектирование, недвижимость', 'Рабочий персонал']","['Строительно-монтажные работы', 'Рабочий персонал, разное']",Кемерово,[],[],[],,1996534,,более 5000,45.0,Группа Полюс,От 3 лет,Полный рабочий день,Среднее специальное,,,https://kemerovo.superjob.ru/vakansii/master-stroitelnyh-i-montazhnyh-rabot-smr-51651247.html
51682721,Электромонтер РЗА (5 разряд),0,0,rub,"['Строительство, проектирование, недвижимость', 'Рабочий персонал']","['Электроснабжение', 'Квалифицированный рабочий']",Воронеж,[],[],[],,4273213,,500 — 1000,5.0,Черногорская ГРК,От 3 лет,Полный рабочий день,Среднее специальное,,,https://voronezh.superjob.ru/vakansii/elektromonter-rza-51682721.html
51707581,Дорожный рабочий,60000,80000,rub,"['Рабочий персонал', 'Строительство, проектирование, недвижимость']","['Рабочий персонал, разное', 'Транспортные системы (мосты, дороги, тоннели)']",Кисляковская,[],[],[],"посёлок Кисляковка, Восточная улица, 7",2466656,,более 5000,3173.0,Российские железные дороги,Без опыта,Полный рабочий день,Не имеет значения,,,https://krasnodar.superjob.ru/vakansii/dorozhnyj-rabochij-51707581.html
51709708,Облицовщик,130000,0,rub,"['Строительство, проектирование, недвижимость']","['Сметное дело', 'Строительно-монтажные работы', 'Транспортные системы (мосты, дороги, тоннели)']",Химки,[],[],[],,4057473,,500 — 1000,248.0,Публично-правовая компания «Военно-строительная компания»,От 1 года,Полный рабочий день,Не имеет значения,,,https://himki.superjob.ru/vakansii/oblicovschik-51709708.html
51725043,Инженер участка / Прораб ЭО и СС,150000,0,rub,"['Строительство, проектирование, недвижимость']","['Строительно-монтажные работы', 'Управление строительством, девелопмент']",Санкт-Петербург,[],[],[],"Пулковское шоссе, 103х",13775,,1000 — 5000,21.0,Setl Group,От 1 года,Полный рабочий день,Высшее,59.750759,30.312195,https://spb.superjob.ru/vakansii/inzhener-uchastka-51725043.html
51755355,Начальник отделения почтовой связи,31157,34430,rub,"['Строительство, проектирование, недвижимость', 'Топ-персонал']","['Управление недвижимостью', 'Государственная служба, некоммерческие организации']",Пригородный (Оренбургская область),[],[],[],"Оренбургский район, посёлок Пригородный, Центральная улица",14215,,более 5000,1380.0,Почта России,От 1 года,Полный рабочий день,Не имеет значения,51.76297,55.268948,https://www.superjob.ru/vakansii/nachalnik-otdeleniya-pochtovoj-svyazi-51755355.html
51780785,Начинающий специалист по недвижимости,260000,380000,rub,"['Продажи', 'Строительство, проектирование, недвижимость']","['Агентства недвижимости, оценка недвижимости', 'Начало карьеры, мало опыта']",Москва,"['Киевская', 'Смоленская', 'Арбатская', 'Бауманская', 'Электрозаводская', 'Семёновская', 'Партизанская', 'Измайловская', 'Первомайская', 'Щёлковская']","['Филёвская', 'Филёвская', 'Филёвская', 'Арбатско-Покровская', 'МЦД3', 'Арбатско-Покровская', 'Арбатско-Покровская', 'Арбатско-Покровская', 'Арбатско-Покровская', 'Арбатско-Покровская']","['blue', 'blue', 'blue', 'darkblue', 'orangered', 'darkblue', 'darkblue', 'darkblue', 'darkblue', 'darkblue']",,813261,,1000 — 5000,286.0,МИЭЛЬ,Без опыта,Полный рабочий день,Не имеет значения,,,https://www.superjob.ru/vakansii/nachinayuschij-specialist-po-nedvizhimosti-51780785.html
51782675,Работник торгового зала в Гипермаркет Магнит,42200,58600,rub,"['Строительство, проектирование, недвижимость']","['Подводно-технические работы', 'Сметное дело']",Краснодар,[],[],[],"Краснодар, им. Александра Покрышкина, 3",280168,,более 5000,18164.0,"Магнит, Розничная сеть",Не имеет значения,Сменный график работы,Не имеет значения,45.107685,38.949261,https://krasnodar.superjob.ru/vakansii/rabotnik-torgovogo-zala-v-gipermarket-magnit-51782675.html
51797979,Инженер-геодезист,195000,0,rub,"['Строительство, проектирование, недвижимость']","['Геодезия, картография, землеустроительство']",Ковров,[],[],[],,4595880,,более 5000,68.0,Инжиниринговый холдинг «эВ-групп»,От 1 года,Полный рабочий день,Не имеет значения,,,https://kovrov.superjob.ru/vakansii/inzhener-geodezist-51797979.html
51799215,"Электрогазосварщик, г. Саратов вахта 30/30",180000,200000,rub,"['Строительство, проектирование, недвижимость', 'Рабочий персонал']","['Благоустройство территорий', 'Строительно-монтажные работы', 'Квалифицированный рабочий']",Саратов,[],[],[],,3925670,,1000 — 5000,14.0,Бамтоннельстрой-Мост,От 1 года,Полный рабочий день,Не имеет значения,,,https://saratov.superjob.ru/vakansii/elektrogazosvarschik-51799215.html
51800978,Оператор котельной 2 разряда,50000,0,rub,"['Строительство, проектирование, недвижимость', 'Рабочий персонал']","['Отопление, вентиляция и кондиционирование', 'Рабочий персонал, разное']",Екатеринбург,[],[],[],"Минск, улица Жуковского, 1",178200,,1000 — 5000,61.0,Т Плюс,От 1 года,Сменный график работы,Среднее специальное,53.884865,27.552641,https://ekaterinburg.superjob.ru/vakansii/operator-kotelnoj-2-razryada-51800978.html
51833925,Распределитель работ (Египет),100000,100000,rub,"['Строительство, проектирование, недвижимость', 'Промышленность, производство']","['Управление строительством, девелопмент', 'Атомная энергетика']",Краснодар,[],[],[],,970633,,более 5000,2342.0,Трест Росспецэнергомонтаж,От 1 года,Полный рабочий день,Не имеет значения,,,https://krasnodar.superjob.ru/vakansii/raspredelitel-rabot-51833925.html
51836904,Эксперт,0,0,rub,"['Бухгалтерия, финансы, аудит', 'Строительство, проектирование, недвижимость', 'Топ-персонал']","['Планово-экономическое управление', 'Технический надзор, строительная экспертиза / ПТО', 'Услуги, ремонт, сервисное обслуживание']",Новосибирск,[],[],[],"Новосибирск, улица Ленина, 86",235578,,более 5000,62.0,Банк ВТБ,От 3 лет,Полный рабочий день,Не имеет значения,55.036621,82.898819,https://nsk.superjob.ru/vakansii/ekspert-51836904.html
51849896,Электромонтажник КИПиА,150000,175000,rub,"['Строительство, проектирование, недвижимость', 'Рабочий персонал']","['Электроснабжение', 'Квалифицированный рабочий']",Красноярск,[],[],[],,509989,,1000 — 5000,127.0,Ленгазспецстрой,От 1 года,Полный рабочий день,Не имеет значения,,,https://krasnoyarsk.superjob.ru/vakansii/elektromontazhnik-kipia-51849896.html
51854629,Каменщик (вахта),167000,167000,rub,"['Строительство, проектирование, недвижимость', 'Рабочий персонал']","['Строительно-монтажные работы', 'Рабочий персонал, разное']",Владивосток,[],[],[],,3856938,,менее 50,1832.0,"Барс Пром/ООО ""БАРС ПРОМ""",От 1 года,Полный рабочий день,Не имеет значения,,,https://vladivostok.superjob.ru/vakansii/kamenschik-51854629.html
51862956,Сканировщик торгового зала в ночь,0,56000,rub,"['Продажи', 'Строительство, проектирование, недвижимость', 'Сельское хозяйство']","['Агентства недвижимости, оценка недвижимости', 'Другое', 'Растениеводство']",Волгоград,[],[],[],"Россия, г Волгоград, ул Историческая, д 175",154882,,более 5000,605.0,Ашан,Без опыта,Полный рабочий день,Не имеет значения,48.75658,44.477951,https://volgograd.superjob.ru/vakansii/skanirovschik-torgovogo-zala-v-noch-51862956.html
51868436,Дворник в детском оздоровительном лагере,0,27500,rub,"['Строительство, проектирование, недвижимость']","['Благоустройство территорий', 'ЖКХ']",Санкт-Петербург,[],[],[],"Ленинградская область, Всеволожский район, Лесколовское сельское поселение, деревня Аньялово",441150,,более 5000,126.0,"СПб ГУП ""Горэлектротранс""",Без опыта,Полный рабочий день,Не имеет значения,60.2994,30.494669,https://spb.superjob.ru/vakansii/dvornik-v-detskom-ozdorovitelnom-lagere-51868436.html
51673662,"Инженер по организации эксплуатации, обслуживанию и ремонту зданий и сооружений",0,50000,rub,"['Строительство, проектирование, недвижимость', 'Услуги, ремонт, сервисное обслуживание', 'Рабочий персонал']","['Водоснабжение, канализация', 'Эксплуатация зданий', 'Промышленное оборудование', 'Бытовая техника', 'Рабочий персонал, разное']",Санкт-Петербург,[],[],[],"Санкт-Петербург, набережная канала Грибоедова, 30-32",4763170,,1000 — 5000,29.0,СПбГЭУ,От 3 лет,Полный рабочий день,Не имеет значения,59.931915,30.32593,https://spb.superjob.ru/vakansii/inzhener-po-organizacii-ekspluatacii-51673662.html
51870354,Слесарь-сантехник,120000,136000,rub,"['Строительство, проектирование, недвижимость', 'Рабочий персонал']","['Водоснабжение, канализация', 'Рабочий персонал, разное', 'Квалифицированный рабочий']",Москва,['Пролетарская'],['Таганско-Краснопресненская'],['violet'],,406175,,более 5000,112.0,PRIDEX Group,От 1 года,Полный рабочий день,Не имеет значения,,,https://www.superjob.ru/vakansii/slesar-santehnik-51870354.html
47514238,Помощник инженера по холодильному оборудованию,55000,0,rub,"['Услуги, ремонт, сервисное обслуживание']","['Торговое, складское, холодильное оборудование']",Москва,[],[],[],Москва,0,,,,,Без опыта,Полный рабочий день,Среднее,55.755863,37.617699,https://www.superjob.ru/vakansii/pomoschnik-inzhenera-po-holodilnomu-oborudovaniyu-47514238.html
50277393,Слесарь по ремонту КИПиА,84000,84000,rub,"['Услуги, ремонт, сервисное обслуживание', 'Рабочий персонал']","['Промышленное оборудование', 'Рабочий персонал, разное', 'Квалифицированный рабочий']",Одинцово,[],[],[],"посёлок Внуково, Заводское шоссе, 19А",2720788,,1000 — 5000,47.0,Международный аэропорт Внуково,От 1 года,Полный рабочий день,Не имеет значения,55.604713,37.252724,https://odintsovo.superjob.ru/vakansii/slesar-po-remontu-kipia-50277393.html
50359548,Уборщик/Уборщица,75000,100000,rub,"['Услуги, ремонт, сервисное обслуживание', 'Рабочий персонал']","['Клининг', 'Рабочий персонал, разное']",Москва,['Домодедовская'],['Замоскворецкая'],['green'],"городской округ Домодедово, аэропорт Домодедово имени М.В. Ломоносова, 8",4016438,,более 5000,44.0,Московский аэропорт Домодедово,Без опыта,Сменный график работы,Среднее,55.418175,37.889797,https://www.superjob.ru/vakansii/uborschik-50359548.html
51780921,Дежурный инженер-энергетик,120000,0,rub,"['Строительство, проектирование, недвижимость', 'Услуги, ремонт, сервисное обслуживание']","['Эксплуатация зданий', 'Телекоммуникационное оборудование и сети', 'Промышленное оборудование', 'Торговое, складское, холодильное оборудование', 'Компьютеры и оргтехника']",Москва,"['Тушинская', 'Сходненская', 'Мякинино', 'Волоколамская']","['МЦД2', 'Таганско-Краснопресненская', 'Арбатско-Покровская', 'МЦД2']","['fuchsia', 'violet', 'darkblue', 'fuchsia']","Москва, Походный проезд, 3с2",11714,,100 — 500,68.0,Филиал ФКУ «Налог-Сервис» ФНС России по ЦОД в г. Москве,От 3 лет,Полный рабочий день,Не имеет значения,55.83503,37.408318,https://www.superjob.ru/vakansii/dezhurnyj-inzhener-energetik-51780921.html
51619276,Уборщица/Уборщик в магазин CR (ТЦ Авиапарк),0,0,rub,"['Услуги, ремонт, сервисное обслуживание']",['Клининг'],Москва,"['Аэропорт', 'Полежаевская', 'ЦСКА']","['Замоскворецкая', 'Таганско-Краснопресненская', 'Большая кольцевая линия']","['green', 'violet', 'cian']","Москва, Ходынский бульвар, 4",31255,,более 5000,23.0,FES retail,Без опыта,Полный рабочий день,Не имеет значения,55.79023,37.531288,https://www.superjob.ru/vakansii/uborschica-51619276.html
51697871,Специалист по обслуживанию ПК и оргтехники,31755,40020,rub,"['IT, Интернет, связь, телеком', 'Услуги, ремонт, сервисное обслуживание']","['Системное администрирование', 'Внедрение и сопровождение ПО', 'Компьютеры и оргтехника']",Малоярославец,[],[],[],"Малоярославец, Калужская улица, 8",11714,,100 — 500,68.0,Филиал ФКУ «Налог-Сервис» ФНС России по ЦОД в г. Москве,Без опыта,Полный рабочий день,Не имеет значения,55.012657,36.458153,https://maloyaroslavets.superjob.ru/vakansii/specialist-po-obsluzhivaniyu-pk-i-orgtehniki-51697871.html
51835313,Старший электромеханик,90000,110000,rub,"['Строительство, проектирование, недвижимость', 'Услуги, ремонт, сервисное обслуживание', 'Рабочий персонал']","['Электроснабжение', 'Промышленное оборудование', 'Квалифицированный рабочий']",Волоколамск,[],[],[],"Московская область, Волоколамск, Ямская улица",2466656,,более 5000,3173.0,Российские железные дороги,Без опыта,Полный рабочий день,Не имеет значения,55.993443,35.958195,https://volokolamsk.superjob.ru/vakansii/starshij-elektromehanik-51835313.html
51834917,Электромонтер по ремонту и обслуживанию электрооборудования,84000,0,rub,"['Услуги, ремонт, сервисное обслуживание']","['Телекоммуникационное оборудование и сети', 'Промышленное оборудование']",Москва,"['Комсомольская', 'Площадь трёх вокзалов']","['Кольцевая', 'МЦД4']","['brown', 'mediumaquamarine']","Москва, Комсомольская площадь, 1с3",2073835,,1000 — 5000,4.0,Мосинжпроект,От 1 года,Полный рабочий день,Не имеет значения,55.777065,37.653774,https://www.superjob.ru/vakansii/elektromonter-po-remontu-i-obsluzhivaniyu-elektrooborudovaniya-51834917.html
27517905,Сервисный инженер (механик) по холодильному оборудованию,120000,150000,rub,"['Услуги, ремонт, сервисное обслуживание']","['Торговое, складское, холодильное оборудование']",Москва,[],[],[],,1994470,,50 — 100,2.0,Рефбилдинг групп,От 3 лет,Полный рабочий день,Среднее специальное,,,https://www.superjob.ru/vakansii/servisnyj-inzhener-27517905.html
32295012,Педагог-психолог,48000,60000,rub,"['Услуги, ремонт, сервисное обслуживание']",['Психологическое консультирование'],Санкт-Петербург,['Проспект Большевиков'],['Правобережная'],['yellow'],"Санкт-Петербург, проспект Пятилеток, 14к3",2306752,,50 — 100,7.0,ГБДОУ детский сад № 33 комбинированного вида Невского района Санкт-Петербурга,От 1 года,Полный рабочий день,Среднее специальное,59.922577,30.450983,https://spb.superjob.ru/vakansii/pedagog-psiholog-32295012.html
38895328,Уборщик служебных помещений,35000,45000,rub,"['Услуги, ремонт, сервисное обслуживание']",['Клининг'],Санкт-Петербург,['Комендантский проспект'],['Фрунзенско-Приморская'],['violet'],"Санкт-Петербург, Шуваловский проспект, 37к2",136004,,50 — 100,4.0,ГБОУ школа № 154 Приморского района Санкт-Петербурга,Без опыта,Полный рабочий день,Не имеет значения,60.032116,30.244909,https://spb.superjob.ru/vakansii/uborschik-sluzhebnyh-pomeschenij-38895328.html
45764159,Дворник,65000,70000,rub,"['Строительство, проектирование, недвижимость', 'Услуги, ремонт, сервисное обслуживание', 'Рабочий персонал']","['ЖКХ', 'Другое', 'Клининг', 'Рабочий персонал, разное']",Санкт-Петербург,"['Горьковская', 'Петроградская', 'Спортивная', 'Чкаловская']","['Московско-Петроградская', 'Московско-Петроградская', 'Фрунзенско-Приморская', 'Фрунзенско-Приморская']","['blue', 'blue', 'violet', 'violet']","Санкт-Петербург, Большая Монетная улица, 11",2015778,,50 — 100,4.0,ГКУ Жилищное агентство Петроградского района,Без опыта,Полный рабочий день,Не имеет значения,59.961018,30.315823,https://spb.superjob.ru/vakansii/dvornik-45764159.html
50086677,Швея,70000,0,rub,"['Промышленность, производство', 'Услуги, ремонт, сервисное обслуживание']","['Легкая промышленность', 'Ателье']",Подольск,[],[],[],"Подольск, Рязановское шоссе, 11 (станция Силикатная, 7 минут пешком)",4170224,,менее 50,1.0,СПОРТТЕК,От 1 года,Полный рабочий день,Не имеет значения,55.472275,37.551159,https://podolsk.superjob.ru/vakansii/shveya-50086677.html
50326198,Уборщик / Уборщица,88400,93600,rub,"['Услуги, ремонт, сервисное обслуживание', 'Рабочий персонал']","['Клининг', 'Рабочий персонал, разное']",Санкт-Петербург,"['Рыбацкое', 'Обухово', 'Пролетарская', 'Ломоносовская', 'Улица Дыбенко', 'Проспект Большевиков', 'Ладожская', 'Новочеркасская', 'Площадь Александра Невского 2', 'Лиговский проспект']","['Невско-Василеостровская', 'Невско-Василеостровская', 'Невско-Василеостровская', 'Невско-Василеостровская', 'Правобережная', 'Правобережная', 'Правобережная', 'Правобережная', 'Правобережная', 'Правобережная']","['green', 'green', 'green', 'green', 'yellow', 'yellow', 'yellow', 'yellow', 'yellow', 'yellow']",Санкт-Петербург,166099,,100 — 500,239.0,ГК АКМЭ,Без опыта,Полный рабочий день,Не имеет значения,59.938786,30.314997,https://spb.superjob.ru/vakansii/uborschik-50326198.html
48763364,Мастер по стирке и глажению сорочек,65000,0,rub,"['Услуги, ремонт, сервисное обслуживание', 'Рабочий персонал']","['Химчистки, прачечные', 'Начало карьеры, мало опыта', 'Рабочий персонал, разное']",Москва,['Калужская'],['Калужско-Рижская'],['orange'],"Москва, улица Бутлерова, 9",3058622,,1000 — 5000,79.0,"Сеть химчисток ""Диана""",Без опыта,Сменный график работы,Не имеет значения,55.652054,37.529922,https://www.superjob.ru/vakansii/master-po-stirke-i-glazheniyu-sorochek-48763364.html
50514106,Уборщик,70000,0,rub,"['Услуги, ремонт, сервисное обслуживание', 'Рабочий персонал']","['Клининг', 'Рабочий персонал, разное']",Москва,['Яхромская'],['Люблинско-Дмитровская'],['lime'],"Москва, улица 800-летия Москвы, 22",2592033,,1000 — 5000,22.0,"ГБУЗ ""Городская клиническая больница имени В. В. Вересаева ДЗМ""",Без опыта,Сменный график работы,Не имеет значения,55.877834,37.555058,https://www.superjob.ru/vakansii/uborschik-50514106.html
50514685,Слесарь-ремонтник (5 разряд),75000,80000,rub,"['Услуги, ремонт, сервисное обслуживание', 'Рабочий персонал']","['Промышленное оборудование', 'Рабочий персонал, разное', 'Квалифицированный рабочий']",Видное,[],[],[],"Московская область, Ленинский городской округ, Видное, Южная промзона, вл17",2631007,,более 5000,37.0,ЦЕМРОС,От 1 года,Сменный график работы,Среднее специальное,55.538509,37.761086,https://vidnoe.superjob.ru/vakansii/slesar-remontnik-50514685.html
50507665,Уборщик производственных помещений,30000,0,rub,"['Услуги, ремонт, сервисное обслуживание', 'Рабочий персонал']","['Клининг', 'Рабочий персонал, разное']",Рязань,[],[],[],"Рязань, Почтовая улица, 49",14215,,более 5000,1380.0,Почта России,Без опыта,Полный рабочий день,Не имеет значения,54.629337,39.742081,https://ryazan.superjob.ru/vakansii/uborschik-proizvodstvennyh-pomeschenij-50507665.html
50887052,Слесарь-ремонтник / Сантехник (РЭО 15),0,50617,rub,"['Услуги, ремонт, сервисное обслуживание', 'Рабочий персонал']","['Промышленное оборудование', 'Рабочий персонал, разное', 'Квалифицированный рабочий']",Санкт-Петербург,[],[],[],"Санкт-Петербург, Петергоф, Университетский проспект, 26",291920,,более 5000,154.0,ФГБОУ ВО Санкт-Петербургский государственный университет,От 1 года,Полный рабочий день,Не имеет значения,59.878414,29.83704,https://spb.superjob.ru/vakansii/slesar-remontnik-50887052.html
51013649,"Заправщик на АЗС (Кирова, д. 103А)",30700,0,rub,"['Услуги, ремонт, сервисное обслуживание']",['Автосервис'],Ульяновск,[],[],[],"Ульяновск, улица Кирова, 103А",2531979,,более 5000,97.0,Башнефть-Розница,Без опыта,Полный рабочий день,Не имеет значения,54.293518,48.374268,https://ulyanovsk.superjob.ru/vakansii/zapravschik-na-azs-51013649.html
51312944,Инженер по наладке и испытаниям ЭТЛ,0,0,rub,"['Строительство, проектирование, недвижимость', 'Промышленность, производство', 'Услуги, ремонт, сервисное обслуживание', 'Рабочий персонал']","['Электроснабжение', 'Промышленное оборудование', 'Промышленное оборудование', 'Квалифицированный рабочий']",Новосибирск,[],[],[],"Красноярский край, Норильск",4273213,,500 — 1000,5.0,Черногорская ГРК,От 3 лет,Работа вахтовым методом,Высшее,69.343987,88.210396,https://nsk.superjob.ru/vakansii/inzhener-po-naladke-i-ispytaniyam-etl-51312944.html
50088692,Автослесарь,70000,70000,rub,"['Услуги, ремонт, сервисное обслуживание']",['Автосервис'],Красногорск,[],[],[],"Московская область, Красногорск, Международная улица, 6",3551066,,более 5000,43.0,Твой Дом,От 1 года,Полный рабочий день,Не имеет значения,55.817226,37.387684,https://krasnogorsk.superjob.ru/vakansii/avtoslesar-50088692.html
51680407,Уборщик служебных помещений,45000,55000,rub,"['Медицина, фармацевтика, ветеринария', 'Услуги, ремонт, сервисное обслуживание', 'Рабочий персонал']","['Другое', 'Клининг', 'Начало карьеры, мало опыта', 'Рабочий персонал, разное']",Санкт-Петербург,[],[],[],"Санкт-Петербург, набережная реки Фонтанки, 148",202965,,100 — 500,14.0,Санкт-Петербургский гериатрический медико-социальный центр,Без опыта,Полный рабочий день,Не имеет значения,59.915565,30.286367,https://spb.superjob.ru/vakansii/uborschik-sluzhebnyh-pomeschenij-51680407.html
51735613,Инженер по гарантии,0,0,rub,"['Услуги, ремонт, сервисное обслуживание']","['Автосервис', 'Промышленное оборудование', 'Бытовая техника']",Москва,"['Коломенская', 'Автозаводская', 'Технопарк', 'ЗИЛ']","['Замоскворецкая', 'МЦК', 'Замоскворецкая', 'МЦК']","['green', 'lightpink', 'green', 'lightpink']","Москва, улица Мустая Карима, 12",4954091,,менее 50,16.0,Страна Девелопмент,От 1 года,Полный рабочий день,Не имеет значения,55.688534,37.659004,https://www.superjob.ru/vakansii/inzhener-po-garantii-51735613.html
51741814,Электромонтер по ремонту и обслуживанию электрооборудования,102354,198000,rub,"['Услуги, ремонт, сервисное обслуживание']","['Телекоммуникационное оборудование и сети', 'Промышленное оборудование']",Санкт-Петербург,[],[],[],"Санкт-Петербург, проспект Стачек, 47БШ",22810,,500 — 1000,5.0,Металлсервис,От 1 года,Полный рабочий день,Среднее специальное,59.882687,30.261358,https://spb.superjob.ru/vakansii/elektromonter-po-remontu-i-obsluzhivaniyu-elektrooborudovaniya-51741814.html
51773201,Мастер по ремонту контрольно-измерительных приборов и автоматики,0,0,rub,"['Услуги, ремонт, сервисное обслуживание']","['Автосервис', 'Металлоремонт', 'Телекоммуникационное оборудование и сети', 'Торговое, складское, холодильное оборудование', 'Бытовая техника']",Уссурийск,[],[],[],,874575,,1000 — 5000,8229.0,ГК Русагро,От 1 года,Полный рабочий день,Не имеет значения,,,https://ussuriysk.superjob.ru/vakansii/master-po-remontu-kontrolno-izmeritelnyh-priborov-i-avtomatiki-51773201.html
51782725,Товаровед-оценщик,60000,100000,rub,"['Услуги, ремонт, сервисное обслуживание', 'Продажи']","['Другое', 'Ювелирные изделия', 'Другое']",Москва,"['Филёвский парк', 'Пионерская', 'Славянский бульвар']","['Филёвская', 'Филёвская', 'МЦД1']","['blue', 'blue', 'darkorange']","Москва, Малая Филёвская улица, д. 22",4353589,,менее 50,340.0,Jobers,От 1 года,Сменный график работы,Не имеет значения,55.73666,37.465973,https://www.superjob.ru/vakansii/tovaroved-ocenschik-51782725.html
51782774,Механик по выпуску автотранспортных средства на линию,120000,0,rub,"['Транспорт, логистика, ВЭД', 'Услуги, ремонт, сервисное обслуживание']","['Автоперевозки', 'Автосервис']",Санкт-Петербург,"['Чёрная Речка', 'Пионерская']","['Московско-Петроградская', 'Московско-Петроградская']","['blue', 'blue']",ЛСЗ,2280790,,менее 50,2.0,"""ПКБ ""РЭМ""",От 1 года,Полный рабочий день,Не имеет значения,,,https://spb.superjob.ru/vakansii/mehanik-po-vypusku-avtotransportnyh-sredstva-na-liniyu-51782774.html
51782850,Грузчик-котломойщик,88000,88000,rub,"['Транспорт, логистика, ВЭД', 'Услуги, ремонт, сервисное обслуживание', 'Рабочий персонал']","['Складское хозяйство', 'Клининг', 'Рабочий персонал, разное']",Москва,[],[],[],,72326,,1000 — 5000,106.0,Образовательный холдинг СИНЕРГИЯ,От 1 года,Полный рабочий день,Не имеет значения,,,https://www.superjob.ru/vakansii/gruzchik-kotlomojschik-51782850.html
51792780,Уборщик служебных помещений,0,37000,rub,"['Услуги, ремонт, сервисное обслуживание']",['Клининг'],Санкт-Петербург,['Гражданский Проспект'],['Кировско-Выборгская'],['red'],"Санкт-Петербург, Гражданский проспект, 131",441150,,более 5000,126.0,"СПб ГУП ""Горэлектротранс""",Без опыта,Полный рабочий день,Не имеет значения,60.040302,30.427664,https://spb.superjob.ru/vakansii/uborschik-sluzhebnyh-pomeschenij-51792780.html
51801408,Мойщик посуды,60000,0,rub,"['Туризм, гостиницы, общественное питание', 'Услуги, ремонт, сервисное обслуживание', 'Рабочий персонал']","['Рестораны, кафе, столовые, фастфуд', 'Клининг', 'Рабочий персонал, разное']",Москва,[],[],[],Петровско-разумовская аллея 22,4861851,,50 — 100,3.0,ТРАСТ МЕДИА,От 1 года,Сменный график работы,Не имеет значения,,,https://www.superjob.ru/vakansii/mojschik-posudy-51801408.html
51549099,Техник связи,47000,55000,rub,"['IT, Интернет, связь, телеком', 'Услуги, ремонт, сервисное обслуживание', 'Строительство, проектирование, недвижимость']","['Телекоммуникации и связь', 'Телекоммуникационное оборудование и сети', 'Слаботочные системы и сети']",Лениногорск,[],[],[],"Республика Татарстан (Татарстан), Лениногорск, улица Куйбышева, 15",4243646,,более 5000,1.0,Таттелеком,Без опыта,Полный рабочий день,Среднее специальное,54.604733,52.44733,https://leninogorsk.superjob.ru/vakansii/tehnik-svyazi-51549099.html
51774754,Уборщица помещений,70000,0,rub,"['Услуги, ремонт, сервисное обслуживание', 'Рабочий персонал']","['Клининг', 'Рабочий персонал, разное']",Москва,"['Парк Культуры', 'Смоленская']","['Кольцевая', 'Филёвская']","['brown', 'blue']","Москва, 3-й Неопалимовский переулок, 13с1",703083,,100 — 500,74.0,МедлайН-Сервис,Без опыта,Полный рабочий день,Не имеет значения,55.740303,37.583115,https://www.superjob.ru/vakansii/uborschica-pomeschenij-51774754.html
51844054,Специалист по техническому обслуживанию терминалов оплаты,0,80000,rub,"['Услуги, ремонт, сервисное обслуживание']","['Телекоммуникационное оборудование и сети', 'Промышленное оборудование', 'Торговое, складское, холодильное оборудование', 'Бытовая техника', 'Компьютеры и оргтехника']",Москва,"['Калужская', 'Воронцовская']","['Калужско-Рижская', 'Большая кольцевая линия']","['orange', 'cian']","Москва, улица Обручева, 30/1с1",3001379,,более 5000,25.0,ИТ-Холдинг Т1,Без опыта,Полный рабочий день,Не имеет значения,55.65641,37.527382,https://www.superjob.ru/vakansii/specialist-po-tehnicheskomu-obsluzhivaniyu-terminalov-oplaty-51844054.html
51700058,Дежурный сетевой инженер,0,0,rub,"['IT, Интернет, связь, телеком', 'Услуги, ремонт, сервисное обслуживание']","['Администрирование баз данных', 'Инжиниринг', 'Сетевые технологии', 'Системная интеграция', 'Телекоммуникационное оборудование и сети']",Москва,"['Тушинская', 'Сходненская', 'Мякинино', 'Волоколамская']","['МЦД2', 'Таганско-Краснопресненская', 'Арбатско-Покровская', 'МЦД2']","['fuchsia', 'violet', 'darkblue', 'fuchsia']","Москва, Походный проезд, 3",11714,,100 — 500,68.0,Филиал ФКУ «Налог-Сервис» ФНС России по ЦОД в г. Москве,От 3 лет,Полный рабочий день,Высшее,55.834797,37.409763,https://www.superjob.ru/vakansii/dezhurnyj-setevoj-inzhener-51700058.html
51848111,Специалист по модульному ремонту техники (ТЦ Красный Кит),97000,120000,rub,"['Услуги, ремонт, сервисное обслуживание']","['Телекоммуникационное оборудование и сети', 'Компьютеры и оргтехника']",Мытищи,[],[],[],"Мытищи, Шараповский проезд, вл2",100593,,более 5000,1143.0,"Группа ""М. Видео-Эльдорадо""",От 1 года,Сменный график работы,Не имеет значения,55.916679,37.759266,https://mytischi.superjob.ru/vakansii/specialist-po-modulnomu-remontu-tehniki-51848111.html
51850431,Уборщик/Уборщица в ресторан,86000,129000,rub,"['Услуги, ремонт, сервисное обслуживание']",['Клининг'],Москва,['Технопарк'],['Замоскворецкая'],['green'],,174527,,1000 — 5000,0.0,Теремок - Инвест,Без опыта,Полный рабочий день,Не имеет значения,,,https://www.superjob.ru/vakansii/uborschik-51850431.html
51865968,Приемщик в Гипермаркет Магнит,30000,41600,rub,"['Транспорт, логистика, ВЭД', 'Услуги, ремонт, сервисное обслуживание']","['Складское хозяйство', 'Автосервис']",Кропоткин,[],[],[],"Кропоткин, Казанский, 14",280168,,более 5000,18164.0,"Магнит, Розничная сеть",Не имеет значения,Сменный график работы,Не имеет значения,45.432137,40.537807,https://kropotkin.superjob.ru/vakansii/priemschik-v-gipermarket-magnit-51865968.html
51869653,Уборщица общих помещений бизнес-центра,65000,65000,rub,"['Услуги, ремонт, сервисное обслуживание']",['Клининг'],Москва,[],[],[],"Москва, улица Докукина, 16с1",306126,,менее 50,0.0,Офис Лайн,От 1 года,Полный рабочий день,Не имеет значения,55.841171,37.650433,https://www.superjob.ru/vakansii/uborschica-obschih-pomeschenij-biznes-centra-51869653.html
51870382,Санитарка-уборщица в стоматологическую клинику,0,0,rub,"['Медицина, фармацевтика, ветеринария', 'Услуги, ремонт, сервисное обслуживание', 'Рабочий персонал']","['Другое', 'Клининг', 'Рабочий персонал, разное']",Москва,[],[],[],"Москва, улица Земляной Вал, 64с2",425133,,100 — 500,13.0,ДентаВита,Без опыта,Сменный график работы,Не имеет значения,55.746189,37.654709,https://www.superjob.ru/vakansii/sanitarka-uborschica-v-stomatologicheskuyu-kliniku-51870382.html
31181630,"Инженер, механик, техник по ремонту холодильного оборудования",150000,0,rub,"['Промышленность, производство', 'Услуги, ремонт, сервисное обслуживание', 'Рабочий персонал']","['Промышленное оборудование', 'Промышленное оборудование', 'Торговое, складское, холодильное оборудование', 'Квалифицированный рабочий']",Москва,[],[],[],,0,,,,,От 1 года,Полный рабочий день,Среднее специальное,,,https://www.superjob.ru/vakansii/inzhener-31181630.html
51689045,"Администратор магазина (Волгодонск, Ленина, 8)",54506,70900,rub,"['Маркетинг, реклама, PR', 'Услуги, ремонт, сервисное обслуживание', 'Продажи']","['Мерчандайзинг', 'Клининг', 'Логистика']",Волгодонск,[],[],[],,2635306,,более 5000,45940.0,Пятёрочка,От 1 года,Полный рабочий день,Не имеет значения,,,https://volgodonsk.superjob.ru/vakansii/administrator-magazina-51689045.html
51766274,Слесарь-ремонтник,59000,59000,rub,"['Услуги, ремонт, сервисное обслуживание', 'Рабочий персонал']","['Промышленное оборудование', 'Рабочий персонал, разное', 'Квалифицированный рабочий']",Рязань,[],[],[],"Рязань, Вокзальная улица, 28",2466656,,более 5000,3173.0,Российские железные дороги,Без опыта,Полный рабочий день,Среднее,54.633331,39.710892,https://ryazan.superjob.ru/vakansii/slesar-remontnik-51766274.html
51777049,"Уборщик территории, дворник",30000,0,rub,"['Услуги, ремонт, сервисное обслуживание', 'Рабочий персонал']","['Клининг', 'Рабочий персонал, разное']",Екатеринбург,[],[],[],"Екатеринбург, улица Горького 21",4945580,,100 — 500,0.0,"ГКУ СО ""УАЗ ГСО""",Без опыта,Полный рабочий день,Не имеет значения,,,https://ekaterinburg.superjob.ru/vakansii/uborschik-territorii-51777049.html
51860455,Мойщик посуды,60000,0,rub,"['Туризм, гостиницы, общественное питание', 'Услуги, ремонт, сервисное обслуживание', 'Рабочий персонал']","['Рестораны, кафе, столовые, фастфуд', 'Клининг', 'Рабочий персонал, разное']",Токсово,[],[],[],"Ленинградская область, Всеволожский район, Токсовское городское поселение, городской посёлок Токсово, Санаторная улица, 36",4899694,,более 5000,2.0,ЦСКА,Без опыта,Полный рабочий день,Не имеет значения,60.161285,30.554262,https://spb.superjob.ru/vakansii/mojschik-posudy-51860455.html
51619274,Уборщица/Уборщик в магазин CR (ТЦ Европолис),0,0,rub,"['Услуги, ремонт, сервисное обслуживание']",['Клининг'],Москва,"['Свиблово', 'Ботанический сад', 'Ростокино']","['Калужско-Рижская', 'МЦК', 'МЦК']","['orange', 'lightpink', 'lightpink']","Москва, проспект Мира, 211к2",31255,,более 5000,23.0,FES retail,Без опыта,Полный рабочий день,Не имеет значения,55.845856,37.662094,https://www.superjob.ru/vakansii/uborschica-51619274.html
51834783,Ведущий инженер по обслуживанию компьютерной техники,80000,100000,rub,"['Услуги, ремонт, сервисное обслуживание']",['Компьютеры и оргтехника'],Москва,['Кузьминки'],['Таганско-Краснопресненская'],['violet'],"Москва, Волгоградский проспект, 121",3278398,,100 — 500,1.0,МГТ,От 3 лет,Полный рабочий день,Не имеет значения,55.708076,37.767117,https://www.superjob.ru/vakansii/veduschij-inzhener-po-obsluzhivaniyu-kompyuternoj-tehniki-51834783.html
29629505,Обувщик (ручная затяжка обуви),85000,120000,rub,"['Промышленность, производство', 'Услуги, ремонт, сервисное обслуживание', 'Рабочий персонал']","['Легкая промышленность', 'Обувь', 'Квалифицированный рабочий']",Москва,"['Новогиреево', 'Перово', 'Шоссе Энтузиастов']","['МЦД4', 'МЦД3', 'МЦК']","['mediumaquamarine', 'orangered', 'lightpink']","Москва, улица Плющева, 18к2",2925313,,менее 50,3.0,Метеор,От 1 года,Полный рабочий день,Среднее специальное,55.74136,37.76054,https://www.superjob.ru/vakansii/obuvschik-29629505.html
47333307,Механик,55000,0,rub,"['Промышленность, производство', 'Услуги, ремонт, сервисное обслуживание', 'Рабочий персонал']","['Пищевая промышленность', 'Промышленное оборудование', 'Промышленное оборудование', 'Квалифицированный рабочий']",Волгоград,[],[],[],"Волгоградская область, Городищенский район, Новорогачинское городское поселение, рабочий посёлок Новый Рогачик, улица Ленина, 75",2776431,,100 — 500,3.0,Городищенский комбинат хлебопродуктов,От 1 года,Полный рабочий день,Среднее специальное,48.679096,44.0616,https://volgograd.superjob.ru/vakansii/mehanik-47333307.html
48521817,Электромонтер по ремонту и обслуживанию электрооборудования 6 разряда,80000,0,rub,"['Строительство, проектирование, недвижимость', 'Услуги, ремонт, сервисное обслуживание', 'Рабочий персонал']","['Электроснабжение', 'Слаботочные системы и сети', 'Телекоммуникационное оборудование и сети', 'Промышленное оборудование', 'Квалифицированный рабочий']",Череповец,[],[],[],"Вологодская область, Череповец, улица 50-летия Октября, 1/33",3663738,,100 — 500,1.0,ЧЗСМ,От 6 лет,Полный рабочий день,Среднее специальное,59.131912,37.872665,https://cherepovets.superjob.ru/vakansii/elektromonter-po-remontu-i-obsluzhivaniyu-elektrooborudovaniya-6-razryada-48521817.html
49174269,Закройщик по шторам,90000,180000,rub,"['Промышленность, производство', 'Услуги, ремонт, сервисное обслуживание', 'Рабочий персонал']","['Легкая промышленность', 'Производство товаров народного потребления', 'Ателье', 'Рабочий персонал, разное']",Москва,['Волоколамская'],['МЦД2'],['fuchsia'],"Москва, Новотушинский проезд, 10к2",4750414,,менее 50,1.0,Natalis Art,От 3 лет,Сменный график работы,Не имеет значения,55.840492,37.380928,https://www.superjob.ru/vakansii/zakrojschik-po-shtoram-49174269.html
49421310,Сервисный инженер / Техник по ремонту кофейного оборудования,60000,90000,rub,"['Услуги, ремонт, сервисное обслуживание']","['Оборудование для индустрии развлечения и спортивного инвентаря', 'Телекоммуникационное оборудование и сети', 'Промышленное оборудование', 'Торговое, складское, холодильное оборудование']",Владимир,[],[],[],,2114041,,50 — 100,4.0,Сервис Про Бизнес,Без опыта,Полный рабочий день,Среднее специальное,,,https://vladimir.superjob.ru/vakansii/servisnyj-inzhener-49421310.html
49531998,Автослесарь по ремонту автомобилей,70000,0,rub,"['Услуги, ремонт, сервисное обслуживание']",['Автосервис'],Тула,[],[],[],"Тула, Новомедвенский проезд, 10",4770050,,менее 50,1.0,ВОЛТ-ТЕК,От 1 года,Сменный график работы,Не имеет значения,54.21896,37.685852,https://tula.superjob.ru/vakansii/avtoslesar-po-remontu-avtomobilej-49531998.html
40412313,Электромонтер по ремонту и обслуживанию электрооборудования,83000,100000,rub,"['Услуги, ремонт, сервисное обслуживание', 'Рабочий персонал']","['Промышленное оборудование', 'Квалифицированный рабочий']",Балахна,[],[],[],"Нижегородская область, Балахна, улица Горького, 1",4126093,,менее 50,21.0,Волга,От 1 года,Полный рабочий день,Не имеет значения,56.529327,43.560287,https://balahna.superjob.ru/vakansii/elektromonter-po-remontu-i-obsluzhivaniyu-elektrooborudovaniya-40412313.html
50404753,Уборщик производственных и служебных помещений,45000,0,rub,"['Услуги, ремонт, сервисное обслуживание', 'Рабочий персонал']","['Клининг', 'Рабочий персонал, разное']",Курган,[],[],[],"Курган, Автозаводская улица, 1А",4266459,,500 — 1000,8.0,Специальное конструкторское технологическое бюро Курганприбор,Без опыта,Полный рабочий день,Не имеет значения,55.428608,65.26329,https://kurgan.superjob.ru/vakansii/uborschik-proizvodstvennyh-i-sluzhebnyh-pomeschenij-50404753.html
50536047,Уборщик служебных помещений,23000,0,rub,"['Услуги, ремонт, сервисное обслуживание', 'Рабочий персонал']","['Клининг', 'Рабочий персонал, разное']",Москва,[],[],[],"Москва, улица Рословка, 6к2",4887815,,более 5000,62.0,Социальный фонд России,Без опыта,Полный рабочий день,Не имеет значения,55.829842,37.357922,https://www.superjob.ru/vakansii/uborschik-sluzhebnyh-pomeschenij-50536047.html
40335919,Дефектовщик авиационной техники,95000,105000,rub,"['Промышленность, производство', 'Услуги, ремонт, сервисное обслуживание', 'Рабочий персонал']","['Машиностроение, станкостроение', 'Промышленное оборудование', 'Автосервис', 'Промышленное оборудование', 'Квалифицированный рабочий']",Санкт-Петербург,['Площадь Мужества'],['Кировско-Выборгская'],['red'],"Санкт-Петербург, Политехническая улица, 13-15",2354775,,1000 — 5000,1388.0,СПБ ОАО КРАСНЫЙ ОКТЯБРЬ,От 1 года,Полный рабочий день,Среднее специальное,59.996681,30.365957,https://spb.superjob.ru/vakansii/defektovschik-aviacionnoj-tehniki-40335919.html
50758040,Приемщик заказов / Продавец-консультант,35000,0,rub,"['Услуги, ремонт, сервисное обслуживание']","['Химчистки, прачечные']",Москва,['Красносельская'],['Сокольническая'],['red'],"Москва, Краснопрудная улица, 13А",3058622,,1000 — 5000,79.0,"Сеть химчисток ""Диана""",Без опыта,Сменный график работы,Не имеет значения,55.780445,37.666161,https://www.superjob.ru/vakansii/priemschik-zakazov-50758040.html
50809454,Слесарь-ремонтник,47510,80000,rub,"['Услуги, ремонт, сервисное обслуживание', 'Рабочий персонал']","['Промышленное оборудование', 'Рабочий персонал, разное', 'Квалифицированный рабочий']",Заречный (Пензенская область),[],[],[],"Пензенская область, Заречный",4912961,,1000 — 5000,21.0,"ПО ""Старт""",Без опыта,Полный рабочий день,Не имеет значения,53.196087,45.169071,https://zarechniy.superjob.ru/vakansii/slesar-remontnik-50809454.html
51013650,"Заправщик на АЗС (пр-кт Созидателей, 104)",30700,0,rub,"['Услуги, ремонт, сервисное обслуживание']",['Автосервис'],Ульяновск,[],[],[],"Ульяновск, проспект Созидателей, 104",2531979,,более 5000,97.0,Башнефть-Розница,Без опыта,Полный рабочий день,Не имеет значения,54.363602,48.577038,https://ulyanovsk.superjob.ru/vakansii/zapravschik-na-azs-51013650.html
50816157,Техник по инструменту,61200,0,rub,"['Промышленность, производство', 'Услуги, ремонт, сервисное обслуживание', 'Рабочий персонал']","['Промышленное оборудование', 'Промышленное оборудование', 'Квалифицированный рабочий']",Санкт-Петербург,[],[],[],"Ленинградская область, Гатчина, улица Григорина, 7А",572951,,1000 — 5000,27.0,ОДК-СЕРВИС,От 1 года,Полный рабочий день,Не имеет значения,59.562233,30.103622,https://spb.superjob.ru/vakansii/tehnik-po-instrumentu-50816157.html
51190619,Слесарь по ремонту оборудования,50000,0,rub,"['Промышленность, производство', 'Услуги, ремонт, сервисное обслуживание', 'Рабочий персонал']","['Промышленное оборудование', 'Автосервис', 'Рабочий персонал, разное', 'Квалифицированный рабочий']",Дербент,[],[],[],"Сулейман-Стальский район, село Орта-Стал, Тополевая улица, 1",4828119,,менее 50,4.0,ЭКСОНОР,От 1 года,Полный рабочий день,Среднее специальное,41.796902,48.374599,https://derbent.superjob.ru/vakansii/slesar-po-remontu-oborudovaniya-51190619.html
51312952,Инженер по наладке и испытаниям ЭТЛ,0,0,rub,"['Строительство, проектирование, недвижимость', 'Промышленность, производство', 'Услуги, ремонт, сервисное обслуживание', 'Рабочий персонал']","['Электроснабжение', 'Промышленное оборудование', 'Промышленное оборудование', 'Квалифицированный рабочий']",Уфа,[],[],[],"Красноярский край, Норильск, Ленинский проспект, 10",4273213,,500 — 1000,5.0,Черногорская ГРК,От 3 лет,Работа вахтовым методом,Высшее,69.344337,88.211693,https://ufa.superjob.ru/vakansii/inzhener-po-naladke-i-ispytaniyam-etl-51312952.html
51725188,Горничная / Домработница-домработник (загородный дом),0,0,rub,"['Туризм, гостиницы, общественное питание', 'Услуги, ремонт, сервисное обслуживание', 'Домашний персонал', 'Рабочий персонал']","['Гостиницы, отели, кемпинги, мотели', 'Клининг', 'Уборка и помощь по дому', 'Рабочий персонал, разное']",Санкт-Петербург,[],[],[],,13775,,1000 — 5000,21.0,Setl Group,От 1 года,Полный рабочий день,Не имеет значения,,,https://spb.superjob.ru/vakansii/gornichnaya-51725188.html
51735014,Дневной мойщик посуды (м. Пятницкое шоссе),63000,65000,rub,"['Туризм, гостиницы, общественное питание', 'Услуги, ремонт, сервисное обслуживание', 'Рабочий персонал']","['Рестораны, кафе, столовые, фастфуд', 'Клининг', 'Рабочий персонал, разное']",Москва,[],[],[],"Московская область, городской округ Красногорск, посёлок городского типа Отрадное, вл2с1",249006,,более 5000,928.0,"Группа Компаний ""Медси""/АО ""ГРУППА КОМПАНИЙ ""МЕДСИ""",Без опыта,Полный рабочий день,Не имеет значения,55.873329,37.32457,https://www.superjob.ru/vakansii/dnevnoj-mojschik-posudy-51735014.html
51735579,Слесарь-механик,90000,0,rub,"['Промышленность, производство', 'Услуги, ремонт, сервисное обслуживание', 'Рабочий персонал']","['Автомобильная промышленность', 'Промышленное оборудование', 'Автосервис', 'Промышленное оборудование', 'Квалифицированный рабочий']",Гатчина,[],[],[],"Ленинградская область, Гатчина, Индустриальная улица, 27",4952094,,менее 50,1.0,Аквалит ТМ-Синтез,От 1 года,Полный рабочий день,Не имеет значения,59.573029,30.158554,https://gatchina.superjob.ru/vakansii/slesar-mehanik-51735579.html
51747171,Слесарь ремонтник 2/2,88942,179500,rub,"['Услуги, ремонт, сервисное обслуживание', 'Рабочий персонал']","['Промышленное оборудование', 'Рабочий персонал, разное', 'Квалифицированный рабочий']",Санкт-Петербург,[],[],[],"Санкт-Петербург, проспект Стачек, 47БШ",22810,,500 — 1000,5.0,Металлсервис,От 1 года,Полный рабочий день,Не имеет значения,59.882687,30.261358,https://spb.superjob.ru/vakansii/slesar-remontnik-2-51747171.html
51757986,Наладчик оборудования,92000,0,rub,"['Промышленность, производство', 'Услуги, ремонт, сервисное обслуживание', 'Рабочий персонал']","['Промышленное оборудование', 'Промышленное оборудование', 'Квалифицированный рабочий']",Кировск (Ленинградская обл.),[],[],[],"Ленинградская область, Кировский район, городской посёлок Приладожский",666117,,1000 — 5000,80.0,Птицефабрика Синявинская,От 1 года,Сменный график работы,Не имеет значения,59.876392,31.32819,https://kirovsk-spb.superjob.ru/vakansii/naladchik-oborudovaniya-51757986.html
51649391,Сервисный инженер,64000,72000,rub,"['Услуги, ремонт, сервисное обслуживание', 'Строительство, проектирование, недвижимость']","['Телекоммуникационное оборудование и сети', 'Слаботочные системы и сети']",Большие Кайбицы,[],[],[],"Кайбицкий район, село Большие Кайбицы, Солнечный бульвар, 11",4243646,,более 5000,1.0,Таттелеком,Без опыта,Полный рабочий день,Высшее,,,https://bolshie-kaybitsy.superjob.ru/vakansii/servisnyj-inzhener-51649391.html
51773202,Мастер по ремонту контрольно-измерительных приборов и автоматики,0,0,rub,"['Услуги, ремонт, сервисное обслуживание']","['Автосервис', 'Металлоремонт', 'Телекоммуникационное оборудование и сети', 'Торговое, складское, холодильное оборудование', 'Бытовая техника']",Владивосток,[],[],[],,874575,,1000 — 5000,8229.0,ГК Русагро,От 1 года,Полный рабочий день,Не имеет значения,,,https://vladivostok.superjob.ru/vakansii/master-po-remontu-kontrolno-izmeritelnyh-priborov-i-avtomatiki-51773202.html
51780762,Мастер по ремонту оборудования,0,78600,rub,"['Промышленность, производство', 'Услуги, ремонт, сервисное обслуживание', 'Рабочий персонал']","['Промышленное оборудование', 'Промышленное оборудование', 'Квалифицированный рабочий']",Ярославль,[],[],[],"Ярославль, проспект Октября, 83",3842962,,менее 50,0.0,ТГК-2,От 3 лет,Полный рабочий день,Высшее,57.651409,39.840595,https://yaroslavl.superjob.ru/vakansii/master-po-remontu-oborudovaniya-51780762.html
51792329,Мойщик-уборщик подвижного состава,0,65000,rub,"['Туризм, гостиницы, общественное питание', 'Услуги, ремонт, сервисное обслуживание', 'Рабочий персонал']","['Рестораны, кафе, столовые, фастфуд', 'Клининг', 'Рабочий персонал, разное']",Санкт-Петербург,"['Площадь Ленина', 'Выборгская', 'Горьковская', 'Петроградская']","['Кировско-Выборгская', 'Кировско-Выборгская', 'Московско-Петроградская', 'Московско-Петроградская']","['red', 'red', 'blue', 'blue']","Санкт-Петербург, Большая Посадская улица, 24/2Д",441150,,более 5000,126.0,"СПб ГУП ""Горэлектротранс""",Без опыта,Полный рабочий день,Не имеет значения,59.960075,30.325993,https://spb.superjob.ru/vakansii/mojschik-uborschik-podvizhnogo-sostava-51792329.html
51799254,Электромонтер по ремонту и обслуживанию электрооборудования (Юго-Запад),0,124900,rub,"['Услуги, ремонт, сервисное обслуживание']","['Телекоммуникационное оборудование и сети', 'Промышленное оборудование']",Москва,['Калужская'],['Калужско-Рижская'],['orange'],"Москва, улица Введенского, 1А",4019802,,более 5000,44.0,Объединенная энергетическая компания,От 1 года,Полный рабочий день,Не имеет значения,55.648281,37.549778,https://www.superjob.ru/vakansii/elektromonter-po-remontu-i-obsluzhivaniyu-elektrooborudovaniya-51799254.html
51825516,Слесарь ремонтник,0,86815,rub,"['Услуги, ремонт, сервисное обслуживание', 'Рабочий персонал']","['Промышленное оборудование', 'Рабочий персонал, разное', 'Квалифицированный рабочий']",Обнинск,[],[],[],"Калужская область, Обнинск, улица Менделеева, 14",47545,,более 5000,0.0,Группа Компаний ПИК,От 3 лет,Полный рабочий день,Не имеет значения,55.086224,36.589584,https://obninsk.superjob.ru/vakansii/slesar-remontnik-51825516.html
51827364,Уборщик служебных помещений,0,35000,rub,"['Услуги, ремонт, сервисное обслуживание']",['Клининг'],Санкт-Петербург,[],[],[],"10-я линия В. О., д. 55, лит. А",4894541,,50 — 100,8.0,ГБУ ДПО ЦОПП СПб,Без опыта,Полный рабочий день,Не имеет значения,,,https://spb.superjob.ru/vakansii/uborschik-sluzhebnyh-pomeschenij-51827364.html
51830602,Уборщик служебных помещений/специалист по комплексному обслуживанию территории,100000,0,rub,"['Услуги, ремонт, сервисное обслуживание']",['Клининг'],"Раздоры (Московская об., Одинцовский р.)",[],[],[],,4923283,,менее 50,1.0,Парцель Сервис,От 1 года,Полный рабочий день,Не имеет значения,,,https://www.superjob.ru/vakansii/uborschik-sluzhebnyh-pomeschenij-51830602.html
51692608,Мастер по модульному ремонту техники (ТЦ Алимпик),65000,0,rub,"['Услуги, ремонт, сервисное обслуживание']","['Автосервис', 'Металлоремонт', 'Телекоммуникационное оборудование и сети', 'Торговое, складское, холодильное оборудование', 'Бытовая техника']",Астрахань,[],[],[],"Астрахань, Боевая улица, 25",100593,,более 5000,1143.0,"Группа ""М. Видео-Эльдорадо""",От 1 года,Сменный график работы,Не имеет значения,46.338295,48.023163,https://astrakhan.superjob.ru/vakansii/master-po-modulnomu-remontu-tehniki-51692608.html
51835464,Приемщик в Гипермаркет Магнит,40500,54000,rub,"['Транспорт, логистика, ВЭД', 'Услуги, ремонт, сервисное обслуживание']","['Складское хозяйство', 'Автосервис']",Армавир (Краснодарский край),[],[],[],"Армавир, Энгельса, 57/2",280168,,более 5000,18164.0,"Магнит, Розничная сеть",Не имеет значения,Сменный график работы,Не имеет значения,44.999275,41.119617,https://armavir.superjob.ru/vakansii/priemschik-v-gipermarket-magnit-51835464.html
51850370,Главный механик по транспорту,120000,0,rub,"['Транспорт, логистика, ВЭД', 'Услуги, ремонт, сервисное обслуживание']","['Автоперевозки', 'Автосервис']",Москва,[],[],[],"Московская область, городской округ Люберцы, деревня Мотяково",2139610,,50 — 100,5107.0,САХ района Новокосино,От 3 лет,Полный рабочий день,Не имеет значения,55.700695,38.009823,https://www.superjob.ru/vakansii/glavnyj-mehanik-po-transportu-51850370.html
51870463,Сервисный инженер по ремонту спецтехники (Москва),0,200000,rub,"['Услуги, ремонт, сервисное обслуживание']","['Автосервис', 'Телекоммуникационное оборудование и сети', 'Промышленное оборудование', 'Бытовая техника', 'Компьютеры и оргтехника']",Москва,"['Новогиреево', 'Новокосино', 'Никольское']","['МЦД4', 'Калининско-Солнцевская', 'МЦД4']","['mediumaquamarine', 'yellow', 'mediumaquamarine']","Москва, Новокосинская улица",4353589,,менее 50,340.0,Jobers,Без опыта,Полный рабочий день,Не имеет значения,55.749485,37.591496,https://www.superjob.ru/vakansii/servisnyj-inzhener-po-remontu-spectehniki-51870463.html
51166301,Мастер по текущему ремонту (плотник),65000,65000,rub,"['Услуги, ремонт, сервисное обслуживание']","['Автосервис', 'Металлоремонт', 'Телекоммуникационное оборудование и сети', 'Торговое, складское, холодильное оборудование', 'Бытовая техника']",Санкт-Петербург,['Комендантский проспект'],['Фрунзенско-Приморская'],['violet'],"Санкт-Петербург, Комендантский проспект, 60к1",3494791,,500 — 1000,0.0,Управление комфортом,От 1 года,Полный рабочий день,Не имеет значения,60.035496,30.225039,https://spb.superjob.ru/vakansii/master-po-tekuschemu-remontu-51166301.html
51737660,Уборщик служебных помещений,60000,90000,rub,"['Услуги, ремонт, сервисное обслуживание']",['Клининг'],Москва,"['Юго-Западная', 'Беляево', 'Тропарёво', 'Новаторская', 'Университет Дружбы Народов']","['Сокольническая', 'Калужско-Рижская', 'Сокольническая', 'Троицкая', 'Троицкая']","['red', 'orange', 'red', 'darkspringgreen', 'darkspringgreen']","Москва, улица Саморы Машела, 1",4821130,,1000 — 5000,11.0,«НМИЦ ДГОИ им. Дмитрия Рогачева» Минздрава России,Без опыта,Полный рабочий день,Не имеет значения,55.653061,37.493156,https://www.superjob.ru/vakansii/uborschik-sluzhebnyh-pomeschenij-51737660.html
51619272,Уборщица/Уборщик в магазин CR (ТЦ Галерея),0,0,rub,"['Услуги, ремонт, сервисное обслуживание']",['Клининг'],Санкт-Петербург,"['Владимирская', 'Площадь Восстания', 'Маяковская']","['Кировско-Выборгская', 'Кировско-Выборгская', 'Невско-Василеостровская']","['red', 'red', 'green']","Санкт-Петербург, Лиговский проспект, 30",31255,,более 5000,23.0,FES retail,Без опыта,Полный рабочий день,Не имеет значения,59.927563,30.360613,https://spb.superjob.ru/vakansii/uborschica-51619272.html
51737956,Техник (Краснобогатырская),80000,81000,rub,"['Промышленность, производство', 'Услуги, ремонт, сервисное обслуживание', 'Рабочий персонал']","['Промышленное оборудование', 'Промышленное оборудование', 'Квалифицированный рабочий']",Москва,"['Бульвар Рокоссовского', 'Преображенская площадь', 'Белокаменная']","['МЦК', 'Сокольническая', 'МЦК']","['lightpink', 'red', 'lightpink']","Москва, Краснобогатырская улица",249006,,более 5000,928.0,"Группа Компаний ""Медси""/АО ""ГРУППА КОМПАНИЙ ""МЕДСИ""",Без опыта,Полный рабочий день,Не имеет значения,55.809978,37.703701,https://www.superjob.ru/vakansii/tehnik-51737956.html
51766215,Наладчик железнодорожно-строительных машин и механизмов,75000,75000,rub,"['Промышленность, производство', 'Услуги, ремонт, сервисное обслуживание', 'Рабочий персонал']","['Промышленное оборудование', 'Промышленное оборудование', 'Квалифицированный рабочий']",Рязань,[],[],[],"Рязань, Вокзальная улица, 28",2466656,,более 5000,3173.0,Российские железные дороги,Без опыта,Полный рабочий день,Среднее специальное,54.633331,39.710892,https://ryazan.superjob.ru/vakansii/naladchik-zheleznodorozhno-stroitelnyh-mashin-i-mehanizmov-51766215.html
51801416,Уборщик служебных помещений,0,0,rub,"['Услуги, ремонт, сервисное обслуживание']",['Клининг'],Обнинск,[],[],[],,3797376,,менее 50,337.0,JOBCART.RU,Без опыта,Полный рабочий день,Не имеет значения,,,https://obninsk.superjob.ru/vakansii/uborschik-sluzhebnyh-pomeschenij-51801416.html
27416778,Электромеханик по ДГУ,100000,0,rub,"['Строительство, проектирование, недвижимость', 'Услуги, ремонт, сервисное обслуживание', 'Рабочий персонал']","['Электроснабжение', 'Слаботочные системы и сети', 'Телекоммуникационное оборудование и сети', 'Промышленное оборудование', 'Квалифицированный рабочий']",Санкт-Петербург,[],[],[],"Санкт-Петербург, Химический переулок, 12к3",2190760,,50 — 100,2.0,Тэтра Инжиниринг,От 3 лет,Полный рабочий день,Среднее специальное,59.890835,30.290167,https://spb.superjob.ru/vakansii/elektromehanik-po-dgu-27416778.html
43582027,"Механик-моторист по ремонту грузовых автомобилей (Газон, Газель, Хино, Исудзу)",120000,160000,rub,"['Услуги, ремонт, сервисное обслуживание', 'Рабочий персонал']","['Автосервис', 'Квалифицированный рабочий']",Долгопрудный,[],[],[],"Московская область, Долгопрудный",4346771,,менее 50,2.0,Центрефтранс,От 3 лет,Полный рабочий день,Не имеет значения,55.933304,37.514229,https://dolgoprudniy.superjob.ru/vakansii/mehanik-motorist-po-remontu-gruzovyh-avtomobilej-43582027.html
49535437,Конструктор одежды,120000,0,rub,"['Промышленность, производство', 'Услуги, ремонт, сервисное обслуживание']","['Легкая промышленность', 'Ателье']",Москва,"['Алексеевская', 'Рижская']","['Калужско-Рижская', 'МЦД2']","['orange', 'fuchsia']",Москва,4439100,,менее 50,1.0,Ателье 7,От 6 лет,Полный рабочий день,Среднее специальное,55.755863,37.617699,https://www.superjob.ru/vakansii/konstruktor-odezhdy-49535437.html
50303321,Разнорабочий на склад,167062,222750,rub,"['Услуги, ремонт, сервисное обслуживание', 'Службы доставки']","['Клининг', 'Пункты выдачи заказов']",Сургут,[],[],[],,166099,,100 — 500,239.0,ГК АКМЭ,Без опыта,Работа вахтовым методом,Не имеет значения,,,https://surgut.superjob.ru/vakansii/raznorabochij-na-sklad-50303321.html
45087043,Слесарь-ремонтник,62000,104000,rub,"['Услуги, ремонт, сервисное обслуживание', 'Рабочий персонал']","['Промышленное оборудование', 'Рабочий персонал, разное', 'Квалифицированный рабочий']",Балахна,[],[],[],"Нижегородская область, Балахна, улица Горького, 1",4126093,,менее 50,21.0,Волга,Без опыта,Полный рабочий день,Не имеет значения,56.529327,43.560287,https://balahna.superjob.ru/vakansii/slesar-remontnik-45087043.html
50536050,Уборщик служебных помещений,23000,0,rub,"['Услуги, ремонт, сервисное обслуживание', 'Рабочий персонал']","['Клининг', 'Рабочий персонал, разное']",Москва,[],[],[],"Москва, улица Вилиса Лациса, 1к1",4887815,,более 5000,62.0,Социальный фонд России,Без опыта,Полный рабочий день,Не имеет значения,55.864021,37.431881,https://www.superjob.ru/vakansii/uborschik-sluzhebnyh-pomeschenij-50536050.html
50758015,Приемщик заказов / Продавец-консультант,27800,0,rub,"['Услуги, ремонт, сервисное обслуживание']","['Химчистки, прачечные']",Электросталь,[],[],[],"Московская область, Электросталь, улица Ялагина, 11",3058622,,1000 — 5000,79.0,"Сеть химчисток ""Диана""",Без опыта,Сменный график работы,Не имеет значения,55.767883,38.427509,https://elektrostal.superjob.ru/vakansii/priemschik-zakazov-50758015.html
50860540,Санитарка-уборщица,30000,0,rub,"['Медицина, фармацевтика, ветеринария', 'Услуги, ремонт, сервисное обслуживание', 'Рабочий персонал']","['Уход за больными', 'Другое', 'Клининг', 'Рабочий персонал, разное']",Ижевск,[],[],[],"Удмуртская Республика, Ижевск, улица имени 50-летия ВЛКСМ, 42",837723,,500 — 1000,28.0,"БУЗ УР ""РГВВ МЗУР""",Без опыта,Полный рабочий день,Не имеет значения,56.876785,53.175037,https://izhevsk.superjob.ru/vakansii/sanitarka-uborschica-50860540.html
50874376,Слесарь по ремонту и обслуживанию систем вентиляции и кондиционирования,86688,86688,rub,"['Строительство, проектирование, недвижимость', 'Услуги, ремонт, сервисное обслуживание', 'Рабочий персонал']","['Отопление, вентиляция и кондиционирование', 'Торговое, складское, холодильное оборудование', 'Бытовая техника', 'Квалифицированный рабочий']",Москва,['Курская'],['МЦД4'],['mediumaquamarine'],"Москва, Мрузовский переулок, 11с1",202378,,1000 — 5000,36.0,МОСГАЗ,Без опыта,Полный рабочий день,Не имеет значения,55.75745,37.667419,https://www.superjob.ru/vakansii/slesar-po-remontu-i-obsluzhivaniyu-sistem-ventilyacii-i-kondicionirovaniya-50874376.html
50937992,Санитарка,43000,71000,rub,"['Административная работа, секретариат, АХО', 'Медицина, фармацевтика, ветеринария', 'Услуги, ремонт, сервисное обслуживание']","['Архивное дело', 'Средний и младший медицинский персонал', 'Клининг']",Красногорск,[],[],[],,4304113,,менее 50,8.0,"МЧУЖЗ ""БЕЛАЯ РОЗА""",Без опыта,Полный рабочий день,Не имеет значения,,,https://krasnogorsk.superjob.ru/vakansii/sanitarka-50937992.html
50938253,Автослесарь,3000,0,byn,"['Строительство, проектирование, недвижимость', 'Услуги, ремонт, сервисное обслуживание', 'Рабочий персонал']","['Проектирование', 'Электроснабжение', 'Автосервис', 'Рабочий персонал, разное', 'Квалифицированный рабочий']",Минск,[],[],[],"Минск, Тростенецкая улица, 10",4004949,,менее 50,2.0,Вэларисервис,От 1 года,Сменный график работы,Не имеет значения,53.879536,27.583183,https://www.superjob.ru/vakansii/avtoslesar-50938253.html
50941786,Слесарь по ремонту автомобилей,50000,0,rub,"['Промышленность, производство', 'Услуги, ремонт, сервисное обслуживание', 'Рабочий персонал']","['Автомобильная промышленность', 'Автосервис', 'Квалифицированный рабочий']",Ханты-Мансийск,[],[],[],ханты-Мансийск Мира 116,4486829,,100 — 500,152.0,"ФИЛИАЛ №5 АКЦИОНЕРНОГО ОБЩЕСТВА ""ГОСУДАРСТВЕННАЯ КОМПАНИЯ ""СЕВЕРАВТОДОР""",От 3 лет,Полный рабочий день,Не имеет значения,,,https://khanty-mansiisk.superjob.ru/vakansii/slesar-po-remontu-avtomobilej-50941786.html
51010715,"Заправщик на АЗС (д. Демидово, стр.54 А)",30000,0,rub,"['Услуги, ремонт, сервисное обслуживание']",['Автосервис'],Владимир,[],[],[],"деревня Демидово, 54",2531979,,более 5000,97.0,Башнефть-Розница,Без опыта,Полный рабочий день,Не имеет значения,,,https://vladimir.superjob.ru/vakansii/zapravschik-na-azs-51010715.html
50816269,Слесарь-сборщик,60000,0,rub,"['Услуги, ремонт, сервисное обслуживание', 'Рабочий персонал', 'Промышленность, производство']","['Промышленное оборудование', 'Рабочий персонал, разное', 'Квалифицированный рабочий', 'Производство металлических изделий и заготовок']",Гатчина,[],[],[],,572951,,1000 — 5000,27.0,ОДК-СЕРВИС,От 1 года,Сменный график работы,Среднее специальное,,,https://gatchina.superjob.ru/vakansii/slesar-sborschik-50816269.html
51181140,"Горничная на вахту на север (ЯНАО, ХМАО, Чукотка, Таймыр)",109000,142500,rub,"['Услуги, ремонт, сервисное обслуживание', 'Домашний персонал']","['Клининг', 'Уборка и помощь по дому']",Пермь,[],[],[],,4744563,,1000 — 5000,4189.0,АКС,Без опыта,Работа вахтовым методом,Не имеет значения,,,https://perm.superjob.ru/vakansii/gornichnaya-na-vahtu-na-sever-51181140.html
51256277,Мойщик-уборщик (столовая),198196,0,rub,"['Туризм, гостиницы, общественное питание', 'Услуги, ремонт, сервисное обслуживание', 'Рабочий персонал']","['Рестораны, кафе, столовые, фастфуд', 'Клининг', 'Рабочий персонал, разное']",Южно-Сахалинск,[],[],[],"Сахалинская область, Углегорский городской округ, посёлок городского типа Шахтёрск, улица Мира, 30",345901,,1000 — 5000,29.0,Восточная Горнорудная Компания (EMCO),От 1 года,Полный рабочий день,Не имеет значения,49.159546,142.09494,https://yuzhno-sakhalinsk.superjob.ru/vakansii/mojschik-uborschik-51256277.html
51295537,Наладчик оборудования,92000,0,rub,"['Промышленность, производство', 'Услуги, ремонт, сервисное обслуживание', 'Рабочий персонал']","['Промышленное оборудование', 'Промышленное оборудование', 'Квалифицированный рабочий']",Приладожский,[],[],[],"Ленинградская область, Кировский район, городской посёлок Приладожский",666117,,1000 — 5000,80.0,Птицефабрика Синявинская,От 1 года,Сменный график работы,Не имеет значения,59.876392,31.32819,https://spb.superjob.ru/vakansii/naladchik-oborudovaniya-51295537.html
51312949,Слесарь по обслуживанию и ремонту оборудования,0,0,rub,"['Услуги, ремонт, сервисное обслуживание', 'Рабочий персонал']","['Автосервис', 'Промышленное оборудование', 'Рабочий персонал, разное', 'Квалифицированный рабочий']",Оренбург,[],[],[],"Красноярский край, Норильск",4273213,,500 — 1000,5.0,Черногорская ГРК,От 3 лет,Работа вахтовым методом,Среднее специальное,69.343987,88.210396,https://orenburg.superjob.ru/vakansii/slesar-po-obsluzhivaniyu-i-remontu-oborudovaniya-51312949.html
51617695,Слесарь по ремонту котельного оборудования,80000,85000,rub,"['Услуги, ремонт, сервисное обслуживание', 'Рабочий персонал']","['Промышленное оборудование', 'Рабочий персонал, разное', 'Квалифицированный рабочий']",Санкт-Петербург,['Выборгская'],['Кировско-Выборгская'],['red'],"Санкт-Петербург, Большой Сампсониевский проспект, 64",794796,,500 — 1000,32.0,НПО Компрессор,От 1 года,Полный рабочий день,Не имеет значения,59.976425,30.338093,https://spb.superjob.ru/vakansii/slesar-po-remontu-kotelnogo-oborudovaniya-51617695.html
50319316,Техник ОПС,300000,0,rub,"['Промышленность, производство', 'Услуги, ремонт, сервисное обслуживание', 'Рабочий персонал']","['Промышленное оборудование', 'Промышленное оборудование', 'Квалифицированный рабочий']",Благовещенск (Амурская область),[],[],[],,5033,,более 5000,25.0,АЙЭФСИЭМ ГРУПП,От 1 года,Работа вахтовым методом,Среднее,,,https://blagoveshensk.superjob.ru/vakansii/tehnik-ops-50319316.html
51688202,Водитель в частную школу,65000,70000,rub,"['Услуги, ремонт, сервисное обслуживание']",['Автосервис'],Санкт-Петербург,[],[],[],"Санкт-Петербург, Гагаринская улица, 5",4554346,,менее 50,0.0,"ЧОУ ГХШ ""МИРТ""",От 3 лет,Полный рабочий день,Не имеет значения,59.947559,30.34173,https://spb.superjob.ru/vakansii/voditel-v-chastnuyu-shkolu-51688202.html
51683210,Слесарь-ремонтник,0,0,rub,"['Строительство, проектирование, недвижимость', 'Промышленность, производство', 'Услуги, ремонт, сервисное обслуживание', 'Рабочий персонал']","['Другое', 'Промышленное оборудование', 'Промышленное оборудование', 'Рабочий персонал, разное', 'Квалифицированный рабочий']",Верхняя Синячиха (Свердловская область),[],[],[],"Свердловская область, посёлок городского типа Верхняя Синячиха, Кедровая улица, 5",202488,,более 5000,10.0,СВЕЗА,От 1 года,Полный рабочий день,Среднее специальное,58.005547,61.699203,https://www.superjob.ru/vakansii/slesar-remontnik-51683210.html
51773203,Мастер по ремонту контрольно-измерительных приборов и автоматики,0,0,rub,"['Услуги, ремонт, сервисное обслуживание']","['Автосервис', 'Металлоремонт', 'Телекоммуникационное оборудование и сети', 'Торговое, складское, холодильное оборудование', 'Бытовая техника']",Омск,[],[],[],,874575,,1000 — 5000,8229.0,ГК Русагро,От 1 года,Полный рабочий день,Не имеет значения,,,https://omsk.superjob.ru/vakansii/master-po-remontu-kontrolno-izmeritelnyh-priborov-i-avtomatiki-51773203.html
51780945,Приемщик в Гипермаркет Магнит,43000,63000,rub,"['Транспорт, логистика, ВЭД', 'Услуги, ремонт, сервисное обслуживание']","['Складское хозяйство', 'Автосервис']",Новороссийск,[],[],[],"Новороссийск, Ленина, 48",280168,,более 5000,18164.0,"Магнит, Розничная сеть",Не имеет значения,Сменный график работы,Не имеет значения,44.692001,37.789295,https://novorossiysk.superjob.ru/vakansii/priemschik-v-gipermarket-magnit-51780945.html
51782443,Инженер по организации эксплуатации и ремонту систем медицинских газов,0,170000,rub,"['Промышленность, производство', 'Услуги, ремонт, сервисное обслуживание']","['Другое', 'Другое']",Москва,['Красногвардейская'],['Замоскворецкая'],['green'],"Москва, Ореховый бульвар, 28",180504,,1000 — 5000,21.0,ФГБУ ФНКЦ специализированных видов медицинской помощи и медицинских технологий ФМБА России,От 6 лет,Полный рабочий день,Не имеет значения,55.616554,37.764069,https://www.superjob.ru/vakansii/inzhener-po-organizacii-ekspluatacii-i-remontu-sistem-medicinskih-gazov-51782443.html
51782772,Специалист по модульному ремонту техники (ТЦ Аура),75000,0,rub,"['Услуги, ремонт, сервисное обслуживание']","['Телекоммуникационное оборудование и сети', 'Торговое, складское, холодильное оборудование', 'Компьютеры и оргтехника']",Новосибирск,"['Красный проспект', 'Маршала Покрышкина', 'Октябрьская', 'Площадь Ленина']","['Ленинская', 'Дзержинская', 'Ленинская', 'Ленинская']","['red', 'green', 'red', 'red']","Новосибирск, Военная улица, 5",100593,,более 5000,1143.0,"Группа ""М. Видео-Эльдорадо""",Без опыта,Сменный график работы,Не имеет значения,55.028805,82.936592,https://nsk.superjob.ru/vakansii/specialist-po-modulnomu-remontu-tehniki-51782772.html
51792421,Главный механик,0,110468,rub,"['Услуги, ремонт, сервисное обслуживание', 'Топ-персонал']","['Автосервис', 'Промышленное оборудование', 'Промышленность, производство, сельское хозяйство', 'Услуги, ремонт, сервисное обслуживание']",Санкт-Петербург,[],[],[],"Санкт-Петербург, Лесной проспект, 28",441150,,более 5000,126.0,"СПб ГУП ""Горэлектротранс""",От 6 лет,Полный рабочий день,Не имеет значения,59.969498,30.348711,https://spb.superjob.ru/vakansii/glavnyj-mehanik-51792421.html
51834471,Мастер по ремонту и обслуживанию электрооборудования (сервисный инженер),70000,120000,rub,"['Услуги, ремонт, сервисное обслуживание']",['Промышленное оборудование'],Ижевск,[],[],[],"Ижевск, Ленина, д. 146",4353589,,менее 50,340.0,Jobers,Без опыта,Полный рабочий день,Учащийся школы,56.84322,53.29195,https://izhevsk.superjob.ru/vakansii/master-po-remontu-i-obsluzhivaniyu-elektrooborudovaniya-51834471.html
51845823,Электромонтер по ремонту и обслуживанию электрооборудования,80000,0,rub,"['Услуги, ремонт, сервисное обслуживание']","['Телекоммуникационное оборудование и сети', 'Промышленное оборудование']",Челябинск,[],[],[],"Челябинск, 2-я Павелецкая улица, 4",173974,,более 5000,67.0,Мечел,От 1 года,Полный рабочий день,Не имеет значения,55.260178,61.418777,https://chelyabinsk.superjob.ru/vakansii/elektromonter-po-remontu-i-obsluzhivaniyu-elektrooborudovaniya-51845823.html
51850198,Наладчик (сервис инженер) экструзионного и пакетоделательного оборудования,100000,300000,rub,"['Промышленность, производство', 'Услуги, ремонт, сервисное обслуживание', 'Рабочий персонал']","['Промышленное оборудование', 'Промышленное оборудование', 'Квалифицированный рабочий']",Москва,['Фрунзенская'],['Сокольническая'],['red'],"Москва, улица Россолимо, 17",404363,,менее 50,15.0,Полимерпроект,От 3 лет,Полный рабочий день,Не имеет значения,55.733345,37.577599,https://www.superjob.ru/vakansii/naladchik-51850198.html
51852573,Санитарка-уборщица,90000,112500,rub,"['Медицина, фармацевтика, ветеринария', 'Услуги, ремонт, сервисное обслуживание', 'Рабочий персонал']","['Другое', 'Клининг', 'Рабочий персонал, разное']",Москва,[],[],[],"Москва, Казанский вокзал",3057449,,500 — 1000,6.0,"Сеть пансионатов ""Теплые беседы""",От 1 года,Работа вахтовым методом,Не имеет значения,55.773449,37.655331,https://www.superjob.ru/vakansii/sanitarka-uborschica-51852573.html
51863714,Автомеханик / Автослесарь,120000,220000,rub,"['Промышленность, производство', 'Услуги, ремонт, сервисное обслуживание', 'Рабочий персонал']","['Автомобильная промышленность', 'Автосервис', 'Квалифицированный рабочий']",Москва,[],[],[],,11854,,1000 — 5000,2.0,СП БИЗНЕС КАР,От 1 года,Полный рабочий день,Не имеет значения,,,https://www.superjob.ru/vakansii/avtomehanik-51863714.html
51870159,Уборщик служебных помещений в терапевтическое отделение,60000,0,rub,"['Услуги, ремонт, сервисное обслуживание']",['Клининг'],Химки,[],[],[],"Московская область, Химки, Ленинский проспект, 14",2806932,,1000 — 5000,64.0,"ГБУЗ Московской области ""Химкинская клиническая больница""",Без опыта,Полный рабочий день,Не имеет значения,55.900967,37.462498,https://himki.superjob.ru/vakansii/uborschik-sluzhebnyh-pomeschenij-v-terapevticheskoe-otdelenie-51870159.html
51870252,Техник (Механик) по обслуживанию и ремонту оборудования,85000,100000,rub,"['Услуги, ремонт, сервисное обслуживание', 'Рабочий персонал']","['Оборудование для индустрии развлечения и спортивного инвентаря', 'Телекоммуникационное оборудование и сети', 'Промышленное оборудование', 'Торговое, складское, холодильное оборудование', 'Квалифицированный рабочий']",Одинцово,[],[],[],"Московская область, Одинцово, Молодёжная улица, 25",4447029,,менее 50,1.0,НОДАЛ,От 1 года,Полный рабочий день,Не имеет значения,55.679111,37.273075,https://odintsovo.superjob.ru/vakansii/tehnik-51870252.html
51280643,Уборщица помещений,12500,0,rub,"['Услуги, ремонт, сервисное обслуживание']",['Клининг'],Санкт-Петербург,[],[],[],"Санкт-Петербург, 1-й Рабфаковский переулок, 3",3494791,,500 — 1000,0.0,Управление комфортом,Без опыта,Частичная занятость / Совместительство,Не имеет значения,59.857586,30.470657,https://spb.superjob.ru/vakansii/uborschica-pomeschenij-51280643.html
51619265,Уборщица/Уборщик в магазин CR (ТЦ Седьмое Небо),0,0,rub,"['Услуги, ремонт, сервисное обслуживание']",['Клининг'],Нижний Новгород,['Стрелка'],['Сормовско-Мещерская'],['blue'],"Нижний Новгород, улица Бетанкура, 1",31255,,более 5000,23.0,FES retail,Без опыта,Полный рабочий день,Не имеет значения,56.339401,43.956211,https://nn.superjob.ru/vakansii/uborschica-51619265.html
51679815,Уборщик территории,40000,50000,rub,"['Услуги, ремонт, сервисное обслуживание', 'Рабочий персонал']","['Клининг', 'Рабочий персонал, разное']",Мытищи,[],[],[],"Московская область, городской округ Мытищи, посёлок Поведники, Санаторная улица",4928804,,менее 50,2.0,Клязьма,Без опыта,Полный рабочий день,Не имеет значения,55.979504,37.605049,https://mytischi.superjob.ru/vakansii/uborschik-territorii-51679815.html
51760908,Стажер-сервисный инженер по системам кондиционирования,0,0,rub,"['IT, Интернет, связь, телеком', 'Строительство, проектирование, недвижимость', 'Услуги, ремонт, сервисное обслуживание']","['Инжиниринг', 'Начало карьеры, мало опыта', 'Начало карьеры, мало опыта', 'Бытовая техника', 'Компьютеры и оргтехника']",Москва,[],[],[],,4944476,,менее 50,15.0,КРОК,Без опыта,Полный рабочий день,Не имеет значения,,,https://www.superjob.ru/vakansii/stazher-servisnyj-inzhener-po-sistemam-kondicionirovaniya-51760908.html
51831309,Техник (Зеленый проспект),80000,81000,rub,"['Промышленность, производство', 'Услуги, ремонт, сервисное обслуживание', 'Рабочий персонал']","['Промышленное оборудование', 'Промышленное оборудование', 'Квалифицированный рабочий']",Москва,"['Перово', 'Шоссе Энтузиастов', 'Кусково']","['МЦД3', 'МЦК', 'МЦД4']","['orangered', 'lightpink', 'mediumaquamarine']","Москва, Зелёный проспект, 7",249006,,более 5000,928.0,"Группа Компаний ""Медси""/АО ""ГРУППА КОМПАНИЙ ""МЕДСИ""",От 1 года,Полный рабочий день,Не имеет значения,55.749973,37.775452,https://www.superjob.ru/vakansii/tehnik-51831309.html
51834199,Заправщик АЗС,60000,0,rub,"['Услуги, ремонт, сервисное обслуживание']",['Автосервис'],Красногорск,[],[],[],"Московская область, Красногорск, автодорога Пятницкое шоссе территория, 9-й километр, 1",0,,,,,Без опыта,Частичная занятость / Совместительство,Не имеет значения,55.804482,37.299774,https://krasnogorsk.superjob.ru/vakansii/zapravschik-azs-51834199.html
51850193,Уборщик в лабораторию,40000,50000,rub,"['Услуги, ремонт, сервисное обслуживание']",['Клининг'],Москва,"['Октябрьская', 'Шаболовская']","['Калужско-Рижская', 'Калужско-Рижская']","['orange', 'orange']","Москва, Ленинский проспект, 10к13",4958400,,1000 — 5000,4.0,ГКБ № 1 им. Н. И. Пирогова,Без опыта,Полный рабочий день,Не имеет значения,,,https://www.superjob.ru/vakansii/uborschik-v-laboratoriyu-51850193.html
51870056,Работник в химчистку-прачечную (г Зеленоград),60000,0,rub,"['Услуги, ремонт, сервисное обслуживание']","['Химчистки, прачечные']",Зеленоград,[],[],[],"г Москва, г Зеленоград, Сосновая аллея, д 7",3797376,,менее 50,337.0,JOBCART.RU,Без опыта,Полный рабочий день,Не имеет значения,55.982033,37.249855,https://zelenograd.superjob.ru/vakansii/rabotnik-v-himchistku-prachechnuyu-51870056.html
47037893,Механик-наладчик оборудования,100000,0,rub,"['Услуги, ремонт, сервисное обслуживание', 'Рабочий персонал']","['Оборудование для индустрии развлечения и спортивного инвентаря', 'Телекоммуникационное оборудование и сети', 'Промышленное оборудование', 'Торговое, складское, холодильное оборудование', 'Квалифицированный рабочий']",Пенза,[],[],[],"Пенза, улица Рябова, 31",3470053,,менее 50,21.0,Интерьер-Центр,От 1 года,Сменный график работы,Не имеет значения,53.134033,45.006126,https://penza.superjob.ru/vakansii/mehanik-naladchik-oborudovaniya-47037893.html
43582030,"Автослесарь по ремонту грузовых автомобилей (Газон, Газель, Хино, Исудзу)",80000,0,rub,"['Услуги, ремонт, сервисное обслуживание', 'Рабочий персонал']","['Автосервис', 'Квалифицированный рабочий']",Москва,['Новодачная'],['МЦД1'],['darkorange'],"Московская область, Долгопрудный",4346771,,менее 50,2.0,Центрефтранс,От 3 лет,Полный рабочий день,Не имеет значения,55.933304,37.514229,https://www.superjob.ru/vakansii/avtoslesar-po-remontu-gruzovyh-avtomobilej-43582030.html
49199079,Дворник,60000,60000,rub,"['Услуги, ремонт, сервисное обслуживание', 'Рабочий персонал']","['Клининг', 'Рабочий персонал, разное']",Москва,[],[],[],"Москва, Балаклавский проспект, вл28",824148,,1000 — 5000,2.0,"ФЕДЕРАЛЬНОЕ БЮДЖЕТНОЕ УЧРЕЖДЕНИЕ ""НАУЧНО-ИССЛЕДОВАТЕЛЬСКИЙ ЦЕНТР ПРИКЛАДНОЙ МЕТРОЛОГИИ-РОСТЕСТ""",Без опыта,Полный рабочий день,Не имеет значения,55.644093,37.586384,https://www.superjob.ru/vakansii/dvornik-49199079.html
25484617,Санитарка-уборщица,60000,65000,rub,"['Медицина, фармацевтика, ветеринария', 'Услуги, ремонт, сервисное обслуживание', 'Рабочий персонал']","['Средний и младший медицинский персонал', 'Клининг', 'Рабочий персонал, разное']",Москва,"['Жулебино', 'Котельники']","['Таганско-Краснопресненская', 'Таганско-Краснопресненская']","['violet', 'violet']","Московская область, Люберцы, микрорайон Городок Б, улица 3-е Почтовое Отделение, 102",802560,,50 — 100,48.0,"Многопрофильная Медицинская Клиника ""ЕВРОМЕДКЛИНИК 24""",Без опыта,Сменный график работы,Не имеет значения,55.681599,37.865219,https://www.superjob.ru/vakansii/sanitarka-uborschica-25484617.html
49635509,Слесарь-ремонтник гидравлического оборудования,80000,0,rub,"['Услуги, ремонт, сервисное обслуживание', 'Рабочий персонал']","['Промышленное оборудование', 'Рабочий персонал, разное', 'Квалифицированный рабочий']",Нижний Тагил,[],[],[],"Свердловская область, Нижний Тагил, Индустриальная улица, 20",4774721,,менее 50,1.0,УРАЛПРОММАШ,От 1 года,Полный рабочий день,Не имеет значения,57.916298,59.99041,https://nizhny-tagil.superjob.ru/vakansii/slesar-remontnik-gidravlicheskogo-oborudovaniya-49635509.html
49659353,Выездной специалист связи,80000,0,rub,"['IT, Интернет, связь, телеком', 'Строительство, проектирование, недвижимость', 'Услуги, ремонт, сервисное обслуживание', 'Рабочий персонал']","['Телекоммуникации и связь', 'Электроснабжение', 'Слаботочные системы и сети', 'Телекоммуникационное оборудование и сети', 'Рабочий персонал, разное']",Самара,[],[],[],,24172,,более 5000,72.0,Ростелеком,Без опыта,Сменный график работы,Не имеет значения,,,https://samara.superjob.ru/vakansii/vyezdnoj-specialist-svyazi-49659353.html
50313587,Уборщица (частная школа),80000,0,rub,"['Услуги, ремонт, сервисное обслуживание', 'Рабочий персонал']","['Клининг', 'Рабочий персонал, разное']",Москва,[],[],[],"Москва, улица Борисовские Пруды, 19к1",2851051,,менее 50,1.0,Школа Наследник,Без опыта,Полный рабочий день,Среднее специальное,55.636032,37.722164,https://www.superjob.ru/vakansii/uborschica-50313587.html
50536043,Уборщик служебных помещений,23000,0,rub,"['Услуги, ремонт, сервисное обслуживание', 'Рабочий персонал']","['Клининг', 'Рабочий персонал, разное']",Красногорск,[],[],[],"Московская область, городской округ Красногорск, посёлок городского типа Нахабино, улица Панфилова, 12",4887815,,более 5000,62.0,Социальный фонд России,Без опыта,Полный рабочий день,Не имеет значения,55.83847,37.173321,https://krasnogorsk.superjob.ru/vakansii/uborschik-sluzhebnyh-pomeschenij-50536043.html
50723619,Мастер бригады по ремонту наружного освещения,92000,138000,rub,"['Услуги, ремонт, сервисное обслуживание', 'Рабочий персонал']","['Промышленное оборудование', 'Рабочий персонал, разное', 'Квалифицированный рабочий']",Троицк,[],[],[],"Москва, Троицкий административный округ, Краснопахорский район, деревня Красная Пахра, 127",4019802,,более 5000,44.0,Объединенная энергетическая компания,От 1 года,Сменный график работы,Среднее специальное,55.447239,37.287891,https://troitsk.superjob.ru/vakansii/master-brigady-po-remontu-naruzhnogo-osvescheniya-50723619.html
50758028,Приемщик заказов / Продавец-консультант,25000,0,rub,"['Услуги, ремонт, сервисное обслуживание']","['Химчистки, прачечные']",Белоозерский,[],[],[],"Московская область, городской округ Воскресенск, Белоозёрский, Коммунальная улица, 16А",3058622,,1000 — 5000,79.0,"Сеть химчисток ""Диана""",Без опыта,Сменный график работы,Не имеет значения,55.45546,38.442963,https://beloozerskiy.superjob.ru/vakansii/priemschik-zakazov-50758028.html
50811802,Уборщик офисных помещений,64384,0,rub,"['Услуги, ремонт, сервисное обслуживание']",['Клининг'],Москва,"['Текстильщики', 'Угрешская']","['МЦД2', 'МЦК']","['fuchsia', 'lightpink']","Москва, Остаповский проезд, 12с6",3032464,,100 — 500,6.0,Флексознак,Без опыта,Частичная занятость / Совместительство,Не имеет значения,55.717892,37.709461,https://www.superjob.ru/vakansii/uborschik-ofisnyh-pomeschenij-50811802.html
50816293,Слесарь по ремонту авиационных двигателей,60000,0,rub,"['Промышленность, производство', 'Услуги, ремонт, сервисное обслуживание', 'Рабочий персонал']","['Авиационная промышленность', 'Автомобильная промышленность', 'Автосервис', 'Рабочий персонал, разное', 'Квалифицированный рабочий']",Гатчина,[],[],[],"Ленинградская область, Гатчина, улица Григорина, 7А",572951,,1000 — 5000,27.0,ОДК-СЕРВИС,От 1 года,Сменный график работы,Среднее специальное,59.562233,30.103622,https://gatchina.superjob.ru/vakansii/slesar-po-remontu-aviacionnyh-dvigatelej-50816293.html
51013646,"Заправщик на АЗС (Володарский р-н, Трасса М7 346 км)",32400,0,rub,"['Услуги, ремонт, сервисное обслуживание']",['Автосервис'],Володарск,[],[],[],"Володарский муниципальный округ, М-7 Волга, 346-й километр",2531979,,более 5000,97.0,Башнефть-Розница,Без опыта,Полный рабочий день,Не имеет значения,,,https://volodarsk.superjob.ru/vakansii/zapravschik-na-azs-51013646.html
50761181,Мойщик / Мойщица,88400,93600,rub,"['Услуги, ремонт, сервисное обслуживание', 'Рабочий персонал']","['Клининг', 'Рабочий персонал, разное']",Санкт-Петербург,[],[],[],Санкт-Петербург,166099,,100 — 500,239.0,ГК АКМЭ,Без опыта,Полный рабочий день,Не имеет значения,59.938786,30.314997,https://spb.superjob.ru/vakansii/mojschik-50761181.html
51181139,"Горничная на вахту на север (ЯНАО, ХМАО, Чукотка, Таймыр)",109000,142500,rub,"['Туризм, гостиницы, общественное питание', 'Услуги, ремонт, сервисное обслуживание']","['Гостиницы, отели, кемпинги, мотели', 'Клининг']",Самара,[],[],[],,4744563,,1000 — 5000,4189.0,АКС,Без опыта,Работа вахтовым методом,Не имеет значения,,,https://samara.superjob.ru/vakansii/gornichnaya-na-vahtu-na-sever-51181139.html
51256278,Мойщик-уборщик (столовая),198196,0,rub,"['Туризм, гостиницы, общественное питание', 'Услуги, ремонт, сервисное обслуживание', 'Рабочий персонал']","['Рестораны, кафе, столовые, фастфуд', 'Клининг', 'Рабочий персонал, разное']",Корсаков,[],[],[],"Сахалинская область, Углегорский городской округ, посёлок городского типа Шахтёрск, улица Мира, 30",345901,,1000 — 5000,29.0,Восточная Горнорудная Компания (EMCO),От 1 года,Полный рабочий день,Не имеет значения,49.159546,142.09494,https://korsakov.superjob.ru/vakansii/mojschik-uborschik-51256278.html
51544635,Уборщик служебных помещений в новый Родильный дом (на Лобненской),70000,0,rub,"['Услуги, ремонт, сервисное обслуживание']",['Клининг'],Москва,"['Лианозово', 'Яхромская']","['МЦД1', 'Люблинско-Дмитровская']","['darkorange', 'lime']","Москва, Лобненская улица, 10",2592033,,1000 — 5000,22.0,"ГБУЗ ""Городская клиническая больница имени В. В. Вересаева ДЗМ""",Без опыта,Сменный график работы,Не имеет значения,55.889771,37.532654,https://www.superjob.ru/vakansii/uborschik-sluzhebnyh-pomeschenij-v-novyj-rodilnyj-dom-51544635.html
51486577,Слесарь по обслуживанию и ремонту оборудования,0,0,rub,"['Услуги, ремонт, сервисное обслуживание', 'Рабочий персонал']","['Автосервис', 'Промышленное оборудование', 'Рабочий персонал, разное', 'Квалифицированный рабочий']",Иркутск,[],[],[],"Красноярский край, Норильск",4273213,,500 — 1000,5.0,Черногорская ГРК,От 3 лет,Работа вахтовым методом,Среднее специальное,69.343987,88.210396,https://irkutsk.superjob.ru/vakansii/slesar-po-obsluzhivaniyu-i-remontu-oborudovaniya-51486577.html
50538308,Инженер по обслуживанию систем вентиляции и кондиционирования,370000,0,rub,"['Строительство, проектирование, недвижимость', 'Услуги, ремонт, сервисное обслуживание']","['Отопление, вентиляция и кондиционирование', 'ЖКХ', 'Другое']",Хабаровск,[],[],[],"Амурская область, Свободный",5033,,более 5000,25.0,АЙЭФСИЭМ ГРУПП,От 1 года,Работа вахтовым методом,Среднее,51.375889,128.134155,https://habarovsk.superjob.ru/vakansii/inzhener-po-obsluzhivaniyu-sistem-ventilyacii-i-kondicionirovaniya-50538308.html
51681212,Уборщик служебных помещений,27000,0,rub,"['Услуги, ремонт, сервисное обслуживание']",['Клининг'],Санкт-Петербург,"['Лесная', 'Площадь Мужества']","['Кировско-Выборгская', 'Кировско-Выборгская']","['red', 'red']","Санкт-Петербург, улица Орбели, 31к1",2079821,,50 — 100,3.0,"Центр психолого-педагогической, медицинской и социальной помощи Выборгского района Санкт-Петербурга",Без опыта,Частичная занятость / Совместительство,Не имеет значения,60.006561,30.341389,https://spb.superjob.ru/vakansii/uborschik-sluzhebnyh-pomeschenij-51681212.html
51713441,Уборщик производственных и служебных помещений,50000,50000,rub,"['Услуги, ремонт, сервисное обслуживание', 'Рабочий персонал']","['Клининг', 'Рабочий персонал, разное']",Москва,['Калужская'],['Калужско-Рижская'],['orange'],"Москва, Профсоюзная улица, 86с1",4745650,,менее 50,5.0,ФГБУ Российский научный центр рентгенорадиологии Минздрава РФ,Без опыта,Полный рабочий день,Не имеет значения,55.652782,37.53368,https://www.superjob.ru/vakansii/uborschik-proizvodstvennyh-i-sluzhebnyh-pomeschenij-51713441.html
51717973,Старший мастер (цех РиОПС),0,103500,rub,"['Услуги, ремонт, сервисное обслуживание']",['Автосервис'],Санкт-Петербург,[],[],[],"Санкт-Петербург, Большая Посадская улица, 24/2",441150,,более 5000,126.0,"СПб ГУП ""Горэлектротранс""",От 3 лет,Полный рабочий день,Среднее специальное,59.960518,30.32972,https://spb.superjob.ru/vakansii/starshij-master-51717973.html
51773204,Мастер по ремонту контрольно-измерительных приборов и автоматики,0,0,rub,"['Услуги, ремонт, сервисное обслуживание']","['Автосервис', 'Металлоремонт', 'Телекоммуникационное оборудование и сети', 'Торговое, складское, холодильное оборудование', 'Бытовая техника']",Брянск,[],[],[],,874575,,1000 — 5000,8229.0,ГК Русагро,От 1 года,Полный рабочий день,Не имеет значения,,,https://bryansk.superjob.ru/vakansii/master-po-remontu-kontrolno-izmeritelnyh-priborov-i-avtomatiki-51773204.html
51778407,Слесарь-ремонтник,50000,70000,rub,"['Услуги, ремонт, сервисное обслуживание', 'Рабочий персонал']","['Промышленное оборудование', 'Рабочий персонал, разное', 'Квалифицированный рабочий']",Санкт-Петербург,[],[],[],"Санкт-Петербург, улица Оптиков, 6",2082628,,более 5000,2.0,"ГУП ""Топливно-энергетический комплекс СПб""",Без опыта,Полный рабочий день,Не имеет значения,59.994579,30.242737,https://spb.superjob.ru/vakansii/slesar-remontnik-51778407.html
51782770,Мастер по модульному ремонту цифровой техники (ТЦ Мега Белая Дача),97000,120000,rub,"['Услуги, ремонт, сервисное обслуживание']","['Автосервис', 'Телекоммуникационное оборудование и сети', 'Медицинская техника', 'Бытовая техника', 'Компьютеры и оргтехника']",Москва,"['Жулебино', 'Котельники', 'Ухтомская']","['Таганско-Краснопресненская', 'Таганско-Краснопресненская', 'МЦД3']","['violet', 'violet', 'orangered']","Московская область, Котельники, 1-й Покровский проезд, 1",100593,,более 5000,1143.0,"Группа ""М. Видео-Эльдорадо""",От 1 года,Полный рабочий день,Не имеет значения,55.65826,37.845097,https://www.superjob.ru/vakansii/master-po-modulnomu-remontu-cifrovoj-tehniki-51782770.html
51789978,Электромонтер по ремонту и обслуживанию электрооборудования,40000,50000,rub,"['Услуги, ремонт, сервисное обслуживание']","['Телекоммуникационное оборудование и сети', 'Промышленное оборудование']",Москва,[],[],[],"Московская область, Химки, микрорайон Новогорск, Ивановская улица, 15А",4803612,,менее 50,0.0,ФГБУ ФКЦ ВМТ ФМБА РОССИИ,От 1 года,Полный рабочий день,Не имеет значения,55.905106,37.336212,https://www.superjob.ru/vakansii/elektromonter-po-remontu-i-obsluzhivaniyu-elektrooborudovaniya-51789978.html
51799055,Слесарь-ремонтник,83000,0,rub,"['Услуги, ремонт, сервисное обслуживание', 'Рабочий персонал']","['Промышленное оборудование', 'Рабочий персонал, разное', 'Квалифицированный рабочий']",Москва,[],[],[],"Московская область, Орехово-Зуевский городской округ, Куровское, Железнодорожная улица",2466656,,более 5000,3173.0,Российские железные дороги,Без опыта,Полный рабочий день,Не имеет значения,55.573109,38.909241,https://www.superjob.ru/vakansii/slesar-remontnik-51799055.html
51832424,Слесарь-ремонтник на производство,0,61000,rub,"['Услуги, ремонт, сервисное обслуживание', 'Рабочий персонал']","['Промышленное оборудование', 'Рабочий персонал, разное', 'Квалифицированный рабочий']",Старый Оскол,[],[],[],"Старый Оскол, Олимпийский, 62",280168,,более 5000,18164.0,"Магнит, Розничная сеть",Не имеет значения,Полный рабочий день,Не имеет значения,51.306721,37.890076,https://stariy-oskol.superjob.ru/vakansii/slesar-remontnik-na-proizvodstvo-51832424.html
51845649,Уборщик служебных помещений,50000,60000,rub,"['Услуги, ремонт, сервисное обслуживание']",['Клининг'],Москва,['Кожуховская'],['Люблинско-Дмитровская'],['lime'],"Москва, 2-й Южнопортовый проезд, 25к1",341216,,50 — 100,1.0,Детская городская поликлиника № 61,Без опыта,Полный рабочий день,Не имеет значения,55.702675,37.687508,https://www.superjob.ru/vakansii/uborschik-sluzhebnyh-pomeschenij-51845649.html
51845817,Слесарь по ремонту оборудования ТЭЦ,75000,0,rub,"['Услуги, ремонт, сервисное обслуживание', 'Рабочий персонал']","['Автосервис', 'Промышленное оборудование', 'Рабочий персонал, разное', 'Квалифицированный рабочий']",Челябинск,[],[],[],"Челябинск, 2-я Павелецкая улица, 4",173974,,более 5000,67.0,Мечел,От 1 года,Полный рабочий день,Не имеет значения,55.260178,61.418777,https://chelyabinsk.superjob.ru/vakansii/slesar-po-remontu-oborudovaniya-tec-51845817.html
51850170,Уборщик служебных помещений (работа на теплоходе),60722,60722,rub,"['Услуги, ремонт, сервисное обслуживание']",['Клининг'],Ханты-Мансийск,[],[],[],"Ханты-Мансийск, улица Гагарина 3",2005167,,500 — 1000,18.0,"ХМАО-Югры ""Центр профессиональной патологии""",Без опыта,Полный рабочий день,Не имеет значения,,,https://khanty-mansiisk.superjob.ru/vakansii/uborschik-sluzhebnyh-pomeschenij-51850170.html
51867540,Начальник автоколонны,80500,86000,rub,"['Транспорт, логистика, ВЭД', 'Услуги, ремонт, сервисное обслуживание', 'Топ-персонал']","['Автоперевозки', 'Автосервис', 'Транспорт, логистика, ВЭД']",Пермь,[],[],[],"Пермь, Пихтовая улица, 47",14215,,более 5000,1380.0,Почта России,От 1 года,Полный рабочий день,Не имеет значения,57.973412,56.285301,https://perm.superjob.ru/vakansii/nachalnik-avtokolonny-51867540.html
51618757,Уборщик служебных помещений,50000,0,rub,"['Услуги, ремонт, сервисное обслуживание', 'Рабочий персонал']","['Клининг', 'Рабочий персонал, разное']",Санкт-Петербург,[],[],[],"Санкт-Петербург, Курортный район, посёлок Ушково, Приморское шоссе, 605",4941805,,50 — 100,5.0,"СПБ ГБУЗ «Детский санаторий ""Звездочка""",Без опыта,Полный рабочий день,Среднее,60.193523,29.63596,https://spb.superjob.ru/vakansii/uborschik-sluzhebnyh-pomeschenij-51618757.html
51656266,"Гладильщица / Гладильщик (Московская область, Чеховский район)",45000,45000,rub,"['Услуги, ремонт, сервисное обслуживание', 'Рабочий персонал']","['Ателье', 'Рабочий персонал, разное']",Чехов,[],[],[],деревня Гришенки,4821130,,1000 — 5000,11.0,«НМИЦ ДГОИ им. Дмитрия Рогачева» Минздрава России,Без опыта,Полный рабочий день,Не имеет значения,55.096684,37.430695,https://chehov.superjob.ru/vakansii/gladilschica-51656266.html
51619266,Уборщица/Уборщик в магазин CR (ТЦ Ривьера),0,0,rub,"['Услуги, ремонт, сервисное обслуживание']",['Клининг'],Липецк,[],[],[],"Липецк, улица Катукова, 51",31255,,более 5000,23.0,FES retail,Без опыта,Полный рабочий день,Не имеет значения,52.592358,39.50433,https://lipetsk.superjob.ru/vakansii/uborschica-51619266.html
51707569,Техник,43000,47620,rub,"['Промышленность, производство', 'Услуги, ремонт, сервисное обслуживание', 'Рабочий персонал']","['Промышленное оборудование', 'Промышленное оборудование', 'Квалифицированный рабочий']",Краснодар,[],[],[],"Краснодар, Привокзальная площадь, 1",2466656,,более 5000,3173.0,Российские железные дороги,Без опыта,Полный рабочий день,Не имеет значения,45.018581,38.98877,https://krasnodar.superjob.ru/vakansii/tehnik-51707569.html
51780123,Инспектор по эксплуатации и ремонту оборудования,70000,0,rub,"['Услуги, ремонт, сервисное обслуживание']",['Промышленное оборудование'],Санкт-Петербург,[],[],[],"Санкт-Петербург, улица Моисеенко, 22литЗ",4059878,,500 — 1000,2.0,"СПб ГКУ ""Городской центр управления парковками Санкт-Петербурга""",От 1 года,Сменный график работы,Среднее,59.938293,30.388138,https://spb.superjob.ru/vakansii/inspektor-po-ekspluatacii-i-remontu-oborudovaniya-51780123.html
51782080,Уборщица производственных помещений,45000,0,rub,"['Услуги, ремонт, сервисное обслуживание', 'Рабочий персонал']","['Клининг', 'Рабочий персонал, разное']",Москва,[],[],[],"Москва, Бакунинская улица, 74-76к1",97054,,100 — 500,1.0,Компания ICS,От 1 года,Полный рабочий день,Не имеет значения,55.778545,37.691395,https://www.superjob.ru/vakansii/uborschica-proizvodstvennyh-pomeschenij-51782080.html
51834198,Заправщик АЗС,80000,0,rub,"['Услуги, ремонт, сервисное обслуживание']",['Автосервис'],Красногорск,[],[],[],"Московская область, Красногорск, автодорога Балтия территория, 29-й километр, 2",0,,,,,Без опыта,Частичная занятость / Совместительство,Не имеет значения,55.78857,37.239716,https://krasnogorsk.superjob.ru/vakansii/zapravschik-azs-51834198.html
51869798,Автослесарь / автомеханик,140000,200000,rub,"['Промышленность, производство', 'Услуги, ремонт, сервисное обслуживание', 'Рабочий персонал']","['Автомобильная промышленность', 'Автосервис', 'Квалифицированный рабочий']",Раменское,[],[],[],"Московская обл, г Раменское, деревня Дергаево, ул Центральная, стр 176",3797376,,менее 50,337.0,JOBCART.RU,От 1 года,Полный рабочий день,Не имеет значения,55.577835,38.26955,https://ramenskoe.superjob.ru/vakansii/avtoslesar-51869798.html
29649847,Кухонный рабочий,60000,70000,rub,"['Услуги, ремонт, сервисное обслуживание', 'Рабочий персонал']","['Клининг', 'Рабочий персонал, разное']",Москва,['Коньково'],['Калужско-Рижская'],['orange'],"Москва, улица Академика Капицы, 11",951984,,100 — 500,10.0,Детский санаторий №15,Без опыта,Полный рабочий день,Среднее,55.62495,37.524319,https://www.superjob.ru/vakansii/kuhonnyj-rabochij-29649847.html
30839067,Приемщица заказов,35000,0,rub,"['Административная работа, секретариат, АХО', 'Службы доставки', 'Услуги, ремонт, сервисное обслуживание']","['Диспетчерская служба', 'Другое', 'Курьерская доставка', 'Химчистки, прачечные']",Москва,"['Пролетарская', 'Крестьянская застава']","['Таганско-Краснопресненская', 'Люблинско-Дмитровская']","['violet', 'lime']","Москва, улица Симоновский Вал, 12к2",3058622,,1000 — 5000,79.0,"Сеть химчисток ""Диана""",Без опыта,Сменный график работы,Не имеет значения,55.724743,37.662884,https://www.superjob.ru/vakansii/priemschica-zakazov-30839067.html
44575956,Слесарь по ремонту автомобильных турбин,100000,100000,rub,"['Услуги, ремонт, сервисное обслуживание', 'Рабочий персонал']","['Промышленное оборудование', 'Рабочий персонал, разное', 'Квалифицированный рабочий']",Москва,[],[],[],"Москва, Краснобогатырская улица, 2с26",3446838,,менее 50,1.0,Шериф 24,От 1 года,Полный рабочий день,Не имеет значения,55.814262,37.688358,https://www.superjob.ru/vakansii/slesar-po-remontu-avtomobilnyh-turbin-44575956.html
47367049,Слесарь-ремонтник,60000,0,rub,"['Услуги, ремонт, сервисное обслуживание', 'Рабочий персонал']","['Промышленное оборудование', 'Рабочий персонал, разное', 'Квалифицированный рабочий']",Гатчина,[],[],[],"Санкт-Петербург, Пушкин, Красносельское шоссе, 14/28Р",4525440,,менее 50,3.0,АРТМАКС,Без опыта,Полный рабочий день,Не имеет значения,59.700672,30.364952,https://gatchina.superjob.ru/vakansii/slesar-remontnik-47367049.html
48359752,Слесарь-ремонтник,55000,65000,rub,"['Промышленность, производство', 'Услуги, ремонт, сервисное обслуживание', 'Рабочий персонал']","['Металлургия', 'Производство металлических изделий и заготовок', 'Промышленное оборудование', 'Рабочий персонал, разное', 'Квалифицированный рабочий']",Ижевск,[],[],[],"Удмуртская Республика, Ижевск, улица Новоажимова, 6",173974,,более 5000,67.0,Мечел,Без опыта,Сменный график работы,Среднее,56.836498,53.195911,https://izhevsk.superjob.ru/vakansii/slesar-remontnik-48359752.html
46306363,Мойщик-уборщик подвижного состава 3 разряда,0,64300,rub,"['Туризм, гостиницы, общественное питание', 'Услуги, ремонт, сервисное обслуживание', 'Рабочий персонал']","['Рестораны, кафе, столовые, фастфуд', 'Клининг', 'Рабочий персонал, разное']",Санкт-Петербург,[],[],[],"Санкт-Петербург, Аэродромная улица, 12",441150,,более 5000,126.0,"СПб ГУП ""Горэлектротранс""",Без опыта,Сменный график работы,Не имеет значения,59.996502,30.287535,https://spb.superjob.ru/vakansii/mojschik-uborschik-podvizhnogo-sostava-3-razryada-46306363.html
49497491,Начальник транспортного участка,19250,20500,rub,"['Транспорт, логистика, ВЭД', 'Услуги, ремонт, сервисное обслуживание', 'Топ-персонал']","['Автоперевозки', 'Логистика', 'Автосервис', 'Транспорт, логистика, ВЭД']",Жердевка,[],[],[],"Тамбовская область, Жердевка, Первомайская улица, 122",14215,,более 5000,1380.0,Почта России,От 1 года,Полный рабочий день,Не имеет значения,51.843918,41.47121,https://zherdevka.superjob.ru/vakansii/nachalnik-transportnogo-uchastka-49497491.html
49659425,Мастер по обслуживанию абонентов,55000,0,rub,"['IT, Интернет, связь, телеком', 'Строительство, проектирование, недвижимость', 'Услуги, ремонт, сервисное обслуживание', 'Рабочий персонал']","['Телекоммуникации и связь', 'Электроснабжение', 'Слаботочные системы и сети', 'Телекоммуникационное оборудование и сети', 'Рабочий персонал, разное']",Димитровград,[],[],[],,24172,,более 5000,72.0,Ростелеком,Без опыта,Сменный график работы,Не имеет значения,,,https://dimitrovgrad.superjob.ru/vakansii/master-po-obsluzhivaniyu-abonentov-49659425.html
49709972,Уборщица,46000,51000,rub,"['Услуги, ремонт, сервисное обслуживание', 'Рабочий персонал']","['Клининг', 'Рабочий персонал, разное']",Люберцы,[],[],[],"Московская область, городской округ Люберцы, посёлок городского типа Томилино, улица Гоголя, 39/1",3494540,,менее 50,4.0,Салина Трейд,Без опыта,Полный рабочий день,Не имеет значения,55.666374,37.947731,https://lyubertsy.superjob.ru/vakansii/uborschica-49709972.html
50515245,Уборщик / Уборщица,88400,93600,rub,"['Услуги, ремонт, сервисное обслуживание', 'Рабочий персонал']","['Клининг', 'Рабочий персонал, разное']",Санкт-Петербург,"['Рыбацкое', 'Обухово', 'Пролетарская', 'Ломоносовская', 'Улица Дыбенко', 'Проспект Большевиков', 'Ладожская', 'Новочеркасская', 'Площадь Александра Невского 2', 'Елизаровская']","['Невско-Василеостровская', 'Невско-Василеостровская', 'Невско-Василеостровская', 'Невско-Василеостровская', 'Правобережная', 'Правобережная', 'Правобережная', 'Правобережная', 'Правобережная', 'Невско-Василеостровская']","['green', 'green', 'green', 'green', 'yellow', 'yellow', 'yellow', 'yellow', 'yellow', 'green']",Санкт-Петербург,166099,,100 — 500,239.0,ГК АКМЭ,Без опыта,Полный рабочий день,Не имеет значения,59.938786,30.314997,https://spb.superjob.ru/vakansii/uborschik-50515245.html
50536032,Уборщик служебных помещений,23000,0,rub,"['Услуги, ремонт, сервисное обслуживание', 'Рабочий персонал']","['Клининг', 'Рабочий персонал, разное']",Солнечногорск,[],[],[],"Московская область, муниципальный округ Шаховская, посёлок городского типа Шаховская, 1-я Советская улица, 25",4887815,,более 5000,62.0,Социальный фонд России,Без опыта,Полный рабочий день,Не имеет значения,56.03146,35.510151,https://solnechnogorsk.superjob.ru/vakansii/uborschik-sluzhebnyh-pomeschenij-50536032.html
50778143,Уборщик территории (дворник),50000,50000,rub,"['Услуги, ремонт, сервисное обслуживание', 'Рабочий персонал']","['Клининг', 'Рабочий персонал, разное']",Санкт-Петербург,['Автово'],['Кировско-Выборгская'],['red'],"Санкт-Петербург, Кронштадтская улица, 15",3013834,,менее 50,4.0,"СПБ ГБПОУ Колледж судостроения, информационных и прикладных технологий",Без опыта,Полный рабочий день,Не имеет значения,59.86697,30.256256,https://spb.superjob.ru/vakansii/uborschik-territorii-50778143.html
50805342,Электромонтер по ремонту и обслуживанию электрооборудования,47510,80000,rub,"['Строительство, проектирование, недвижимость', 'Услуги, ремонт, сервисное обслуживание', 'Рабочий персонал']","['Электроснабжение', 'Слаботочные системы и сети', 'Телекоммуникационное оборудование и сети', 'Промышленное оборудование', 'Рабочий персонал, разное']",Заречный (Пензенская область),[],[],[],"Пензенская область, Заречный",4912961,,1000 — 5000,21.0,"ПО ""Старт""",Без опыта,Полный рабочий день,Не имеет значения,53.196087,45.169071,https://zarechniy.superjob.ru/vakansii/elektromonter-po-remontu-i-obsluzhivaniyu-elektrooborudovaniya-50805342.html
50816338,Слесарь по ремонту авиационных двигателей (стажер),46200,0,rub,"['Промышленность, производство', 'Услуги, ремонт, сервисное обслуживание', 'Рабочий персонал']","['Авиационная промышленность', 'Автомобильная промышленность', 'Автосервис', 'Рабочий персонал, разное', 'Квалифицированный рабочий']",Гатчина,[],[],[],"Ленинградская область, Гатчина, улица Григорина, 7А",572951,,1000 — 5000,27.0,ОДК-СЕРВИС,Без опыта,Полный рабочий день,Среднее специальное,59.562233,30.103622,https://gatchina.superjob.ru/vakansii/slesar-po-remontu-aviacionnyh-dvigatelej-50816338.html
51003552,Уборщик,55000,55000,rub,"['Услуги, ремонт, сервисное обслуживание', 'Домашний персонал']","['Клининг', 'Уборка и помощь по дому']",Москва,[],[],[],"Москва, Лобненская улица, 10",2592033,,1000 — 5000,22.0,"ГБУЗ ""Городская клиническая больница имени В. В. Вересаева ДЗМ""",Без опыта,Полный рабочий день,Не имеет значения,55.889771,37.532654,https://www.superjob.ru/vakansii/uborschik-51003552.html
51084182,Уборщик территории,60000,0,rub,"['Услуги, ремонт, сервисное обслуживание', 'Рабочий персонал']","['Клининг', 'Рабочий персонал, разное']",Санкт-Петербург,['Пионерская'],['Московско-Петроградская'],['blue'],"Санкт-Петербург, Коломяжский проспект, 21",121709,,более 5000,19.0,"ФГБУ ""Национальный медицинский исследовательский центр им. В. А. Алмазова"" Минздрава России",Без опыта,Полный рабочий день,Не имеет значения,60.010365,30.296743,https://spb.superjob.ru/vakansii/uborschik-territorii-51084182.html
51013652,"Оператор АЗС (К. Маркса, 123)",53800,0,rub,"['Услуги, ремонт, сервисное обслуживание', 'Продажи']","['Автосервис', 'ГСМ, нефть', 'Косметика, бытовая химия', 'Товары народного потребления', 'Другое']",Ульяновск,[],[],[],"Ульяновск, улица Карла Маркса, 123",2531979,,более 5000,97.0,Башнефть-Розница,Без опыта,Полный рабочий день,Не имеет значения,54.32637,48.36314,https://ulyanovsk.superjob.ru/vakansii/operator-azs-51013652.html
51181161,Горничная,120000,142500,rub,"['Туризм, гостиницы, общественное питание', 'Услуги, ремонт, сервисное обслуживание', 'Рабочий персонал']","['Гостиницы, отели, кемпинги, мотели', 'Клининг', 'Рабочий персонал, разное']",Новый Уренгой,[],[],[],,4744563,,1000 — 5000,4189.0,АКС,От 1 года,Работа вахтовым методом,Не имеет значения,,,https://novyi-urengoi.superjob.ru/vakansii/gornichnaya-51181161.html
51029164,Мойщик посуды,8400,0,rub,"['Туризм, гостиницы, общественное питание', 'Услуги, ремонт, сервисное обслуживание', 'Рабочий персонал']","['Рестораны, кафе, столовые, фастфуд', 'Клининг', 'Рабочий персонал, разное', 'Квалифицированный рабочий']",Москва,"['Рассказовка', 'Новопеределкино', 'Пыхтино', 'Аэропорт Внуково']","['Калининско-Солнцевская', 'МЦД4', 'Калининско-Солнцевская', 'Калининско-Солнцевская']","['yellow', 'mediumaquamarine', 'yellow', 'yellow']","Москва, Солнцевская линия, метро Аэропорт Внуково",2720788,,1000 — 5000,47.0,Международный аэропорт Внуково,Без опыта,Полный рабочий день,Не имеет значения,55.607086,37.287701,https://www.superjob.ru/vakansii/mojschik-posudy-51029164.html
51256279,Мойщик-уборщик (столовая),198196,0,rub,"['Туризм, гостиницы, общественное питание', 'Услуги, ремонт, сервисное обслуживание', 'Рабочий персонал']","['Рестораны, кафе, столовые, фастфуд', 'Клининг', 'Рабочий персонал, разное']",Холмск,[],[],[],"Сахалинская область, Углегорский городской округ, посёлок городского типа Шахтёрск, улица Мира, 30",345901,,1000 — 5000,29.0,Восточная Горнорудная Компания (EMCO),От 1 года,Полный рабочий день,Не имеет значения,49.159546,142.09494,https://holmsk.superjob.ru/vakansii/mojschik-uborschik-51256279.html
51486605,Слесарь по обслуживанию и ремонту оборудования,0,0,rub,"['Услуги, ремонт, сервисное обслуживание', 'Рабочий персонал']","['Автосервис', 'Промышленное оборудование', 'Рабочий персонал, разное', 'Квалифицированный рабочий']",Екатеринбург,[],[],[],"Красноярский край, Норильск",4273213,,500 — 1000,5.0,Черногорская ГРК,От 3 лет,Работа вахтовым методом,Среднее специальное,69.343987,88.210396,https://ekaterinburg.superjob.ru/vakansii/slesar-po-obsluzhivaniyu-i-remontu-oborudovaniya-51486605.html
51679716,Монтировщик шин 5 разряда,100000,0,rub,"['Услуги, ремонт, сервисное обслуживание']",['Автосервис'],Санкт-Петербург,['Парнас'],['Московско-Петроградская'],['blue'],"Санкт-Петербург, 5-й Верхний переулок, 12В",9746,,более 5000,1386.0,Группа ЛСР,От 1 года,Полный рабочий день,Не имеет значения,60.071041,30.36338,https://spb.superjob.ru/vakansii/montirovschik-shin-5-razryada-51679716.html
51742859,Уборщица,28000,0,rub,"['Услуги, ремонт, сервисное обслуживание']",['Клининг'],Санкт-Петербург,['Петроградская'],['Московско-Петроградская'],['blue'],"Санкт-Петербург, улица Профессора Попова, 2П",4809124,,100 — 500,2.0,Федеральное государственное бюджетное учреждение науки Ботанический институт им. В. Л. Комарова Российской академии наук,От 1 года,Частичная занятость / Совместительство,Не имеет значения,59.971218,30.322874,https://spb.superjob.ru/vakansii/uborschica-51742859.html
51765280,Уборщик на фармацевтический склад,60000,60000,rub,"['Услуги, ремонт, сервисное обслуживание']",['Клининг'],Новосаратовка (Ленинградская обл.),[],[],[],"Ленинградская область, Всеволожский район, Свердловское городское поселение, деревня Новосаратовка, Рабочая улица, 6",2652897,,1000 — 5000,139.0,Аптека Невис,От 1 года,Полный рабочий день,Не имеет значения,59.84713,30.526514,https://www.superjob.ru/vakansii/uborschik-na-farmacevticheskij-sklad-51765280.html
51773205,Мастер по ремонту контрольно-измерительных приборов и автоматики,0,0,rub,"['Услуги, ремонт, сервисное обслуживание']","['Автосервис', 'Металлоремонт', 'Телекоммуникационное оборудование и сети', 'Торговое, складское, холодильное оборудование', 'Бытовая техника']",Белгород,[],[],[],,874575,,1000 — 5000,8229.0,ГК Русагро,От 1 года,Полный рабочий день,Не имеет значения,,,https://belgorod.superjob.ru/vakansii/master-po-remontu-kontrolno-izmeritelnyh-priborov-i-avtomatiki-51773205.html
51782765,Мастер по модульному ремонту цифровой техники (ТЦ Европолис),97000,125000,rub,"['Услуги, ремонт, сервисное обслуживание']","['Автосервис', 'Телекоммуникационное оборудование и сети', 'Медицинская техника', 'Бытовая техника', 'Компьютеры и оргтехника']",Москва,"['Свиблово', 'Ботанический сад', 'Ростокино']","['Калужско-Рижская', 'МЦК', 'МЦК']","['orange', 'lightpink', 'lightpink']","Москва, проспект Мира, 211к2",100593,,более 5000,1143.0,"Группа ""М. Видео-Эльдорадо""",От 1 года,Полный рабочий день,Не имеет значения,55.845856,37.662094,https://www.superjob.ru/vakansii/master-po-modulnomu-remontu-cifrovoj-tehniki-51782765.html
51797969,Слесарь по ремонту гидрооборудования,140000,280000,rub,"['Услуги, ремонт, сервисное обслуживание', 'Рабочий персонал']","['Промышленное оборудование', 'Рабочий персонал, разное', 'Квалифицированный рабочий']",Красноярск,[],[],[],,3925670,,1000 — 5000,14.0,Бамтоннельстрой-Мост,От 3 лет,Полный рабочий день,Не имеет значения,,,https://krasnoyarsk.superjob.ru/vakansii/slesar-po-remontu-gidrooborudovaniya-51797969.html
51833849,Слесарь по ремонту автомобилей (гидравлических систем и оборудования),185500,229000,rub,"['Промышленность, производство', 'Услуги, ремонт, сервисное обслуживание', 'Рабочий персонал']","['Автомобильная промышленность', 'Автосервис', 'Квалифицированный рабочий']",Бованенково (газовое месторождение),[],[],[],,4407559,,менее 50,21.0,ГСП-6,От 1 года,Полный рабочий день,Не имеет значения,,,https://bovanenkovo.superjob.ru/vakansii/slesar-po-remontu-avtomobilej-51833849.html
51849836,Автомаляр-кузовщик,100000,150000,rub,"['Услуги, ремонт, сервисное обслуживание']",['Автосервис'],Клин,[],[],[],"Московская область, Клин, Волоколамское шоссе, 22",4961184,,менее 50,1.0,Техцентр ВилГуд г Клин,От 1 года,Полный рабочий день,Не имеет значения,56.3279,36.702145,https://klin.superjob.ru/vakansii/avtomalyar-kuzovschik-51849836.html
51849872,Наладчик производственного оборудования,90000,0,rub,"['Промышленность, производство', 'Услуги, ремонт, сервисное обслуживание']","['Промышленное оборудование', 'Промышленное оборудование']",Казань,['Проспект победы'],['Центральная линия'],['red'],"Республика Татарстан (Татарстан), Казань, Крутовская улица, 33",4541438,,более 5000,132.0,АО ЦВ ПРОТЕК,От 1 года,Полный рабочий день,Не имеет значения,55.727699,49.116737,https://kazan.superjob.ru/vakansii/naladchik-proizvodstvennogo-oborudovaniya-51849872.html
51861117,Уборщик служебных помещений,0,39000,rub,"['Услуги, ремонт, сервисное обслуживание']",['Клининг'],Фастовецкая,[],[],[],"Крутой, Крутой",280168,,более 5000,18164.0,"Магнит, Розничная сеть",Не имеет значения,Полный рабочий день,Не имеет значения,56.204834,44.080662,https://tihoretsk.superjob.ru/vakansii/uborschik-sluzhebnyh-pomeschenij-51861117.html
51863377,Директор центра социально-психологической поддержки,55000,65000,rub,"['Кадры, управление персоналом', 'Топ-персонал', 'Услуги, ремонт, сервисное обслуживание']","['Кадровый учет, делопроизводство, кадровое администрирование', 'Другое', 'Кадры, управление персоналом', 'Психологическое консультирование']",Санкт-Петербург,[],[],[],,4763170,,1000 — 5000,29.0,СПбГЭУ,От 3 лет,Полный рабочий день,Не имеет значения,,,https://spb.superjob.ru/vakansii/direktor-centra-socialno-psihologicheskoj-podderzhki-51863377.html
33488255,Уборщик производственных помещений,30000,0,rub,"['Услуги, ремонт, сервисное обслуживание']",['Клининг'],Иркутск,[],[],[],"Иркутск, Байкальская улица, 122",3338414,,100 — 500,3.0,ГБУЗ ИОСПК,Без опыта,Полный рабочий день,Не имеет значения,52.263458,104.30957,https://irkutsk.superjob.ru/vakansii/uborschik-proizvodstvennyh-pomeschenij-33488255.html
51619269,Уборщица/Уборщик в магазин CR (ТЦ 5 Авеню),0,0,rub,"['Услуги, ремонт, сервисное обслуживание']",['Клининг'],Москва,"['Октябрьское поле', 'Панфиловская', 'Покровское-Стрешнево']","['Таганско-Краснопресненская', 'МЦК', 'МЦД2']","['violet', 'lightpink', 'fuchsia']","Москва, улица Маршала Бирюзова, 32",31255,,более 5000,23.0,FES retail,Без опыта,Полный рабочий день,Не имеет значения,55.799587,37.483025,https://www.superjob.ru/vakansii/uborschica-51619269.html
51780090,Техник по эксплуатации и ремонту оборудования,90000,0,rub,"['Услуги, ремонт, сервисное обслуживание', 'Рабочий персонал']","['Оборудование для индустрии развлечения и спортивного инвентаря', 'Телекоммуникационное оборудование и сети', 'Промышленное оборудование', 'Торговое, складское, холодильное оборудование', 'Квалифицированный рабочий']",Санкт-Петербург,[],[],[],"улица Моисеенко, дом 22",4059878,,500 — 1000,2.0,"СПб ГКУ ""Городской центр управления парковками Санкт-Петербурга""",От 1 года,Полный рабочий день,Не имеет значения,,,https://spb.superjob.ru/vakansii/tehnik-po-ekspluatacii-i-remontu-oborudovaniya-51780090.html
51782118,Заправщик АЗС (ст. м. Бибирево),60000,0,rub,"['Услуги, ремонт, сервисное обслуживание']",['Автосервис'],Москва,['Бибирево'],['Серпуховско-Тимирязевская'],['gray'],"Москва, Полярный проезд, влд4А",0,,,,,Без опыта,Частичная занятость / Совместительство,Не имеет значения,55.889137,37.629898,https://www.superjob.ru/vakansii/zapravschik-azs-51782118.html
51826684,Слесарь по ремонту автомобилей,70000,70000,rub,"['Промышленность, производство', 'Услуги, ремонт, сервисное обслуживание', 'Рабочий персонал']","['Автомобильная промышленность', 'Автосервис', 'Квалифицированный рабочий']",Серпухов,[],[],[],"посёлок Пролетарский, Центральная улица, 28",817813,,1000 — 5000,227.0,ГБУ МО Мосавтодор,От 1 года,Полный рабочий день,Не имеет значения,55.028126,37.404312,https://serpukhov.superjob.ru/vakansii/slesar-po-remontu-avtomobilej-51826684.html
51833813,Оператор – заправщик АЗК,60000,70000,rub,"['Услуги, ремонт, сервисное обслуживание', 'Рабочий персонал']","['Автосервис', 'Рабочий персонал, разное']",Москва,[],[],[],,1989605,,100 — 500,81.0,Консул медиа,Без опыта,Полный рабочий день,Не имеет значения,,,https://www.superjob.ru/vakansii/operator-51833813.html
10513355,Уборщик клинических подразделений,40000,60000,rub,"['Медицина, фармацевтика, ветеринария', 'Услуги, ремонт, сервисное обслуживание', 'Рабочий персонал']","['Больницы, поликлиники, диагностические центры, лаборатории', 'Клининг', 'Рабочий персонал, разное']",Санкт-Петербург,"['Площадь Восстания', 'Площадь Мужества', 'Удельная']","['Кировско-Выборгская', 'Кировско-Выборгская', 'Московско-Петроградская']","['red', 'red', 'blue']","Санкт-Петербург, улица Аккуратова, 2",121709,,более 5000,19.0,"ФГБУ ""Национальный медицинский исследовательский центр им. В. А. Алмазова"" Минздрава России",Без опыта,Полный рабочий день,Не имеет значения,60.015362,30.301584,https://spb.superjob.ru/vakansii/uborschik-klinicheskih-podrazdelenij-10513355.html
43300991,Автоэлектрик-диагност,60000,85000,rub,"['Услуги, ремонт, сервисное обслуживание']",['Автосервис'],Волгоград,[],[],[],"Волгоград, проспект имени В.И. Ленина, 98Л/1",3906639,,менее 50,0.0,ВПП,От 1 года,Полный рабочий день,Не имеет значения,48.748352,44.551929,https://volgograd.superjob.ru/vakansii/avtoelektrik-diagnost-43300991.html
45737319,Уборщик территории,30000,0,rub,"['Услуги, ремонт, сервисное обслуживание', 'Рабочий персонал']","['Клининг', 'Рабочий персонал, разное']",Санкт-Петербург,"['Лесная', 'Петроградская']","['Кировско-Выборгская', 'Московско-Петроградская']","['red', 'blue']","Санкт-Петербург, Аптекарский проспект, 18",4020406,,менее 50,3.0,ГБДОУ детский сад №82 Петроградского района Санкт-Петербурга,Без опыта,Полный рабочий день,Не имеет значения,59.974388,30.319515,https://spb.superjob.ru/vakansii/uborschik-territorii-45737319.html
46087030,Водитель-экспедитор,70000,0,rub,"['Транспорт, логистика, ВЭД', 'Услуги, ремонт, сервисное обслуживание']","['Автоперевозки', 'Химчистки, прачечные']",Москва,['Сходненская'],['Таганско-Краснопресненская'],['violet'],"Москва, Сходненская улица, 5",3058622,,1000 — 5000,79.0,"Сеть химчисток ""Диана""",Без опыта,Сменный график работы,Не имеет значения,55.83828,37.43774,https://www.superjob.ru/vakansii/voditel-ekspeditor-46087030.html
37803121,Слесарь-наладчик,55000,85000,rub,"['Промышленность, производство', 'Услуги, ремонт, сервисное обслуживание', 'Рабочий персонал']","['Промышленное оборудование', 'Промышленное оборудование', 'Рабочий персонал, разное', 'Квалифицированный рабочий']",Волгоград,[],[],[],"Волгоград, улица Лавренёва, 19Д",2542843,,менее 50,4.0,Гидросервис,Без опыта,Полный рабочий день,Не имеет значения,48.822735,44.609917,https://volgograd.superjob.ru/vakansii/slesar-naladchik-37803121.html
48641910,Автомеханик по грузовому сервису,120000,0,rub,"['Услуги, ремонт, сервисное обслуживание']",['Автосервис'],Лобня,[],[],[],"Московская область, Лобня, улица Горки Киовские, вл5",4520782,,100 — 500,3.0,«Сакура Лоджистикс»,От 1 года,Сменный график работы,Не имеет значения,56.031437,37.452911,https://lobnya.superjob.ru/vakansii/avtomehanik-po-gruzovomu-servisu-48641910.html
49662666,Специалист по подключению интернета,70000,0,rub,"['IT, Интернет, связь, телеком', 'Строительство, проектирование, недвижимость', 'Услуги, ремонт, сервисное обслуживание', 'Рабочий персонал']","['Телекоммуникации и связь', 'Электроснабжение', 'Слаботочные системы и сети', 'Телекоммуникационное оборудование и сети', 'Рабочий персонал, разное']",Тольятти,[],[],[],,24172,,более 5000,72.0,Ростелеком,Без опыта,Сменный график работы,Не имеет значения,,,https://tolyatti.superjob.ru/vakansii/specialist-po-podklyucheniyu-interneta-49662666.html
48456504,Электромеханик 5 разряда,30000,0,rub,"['Услуги, ремонт, сервисное обслуживание']","['Автосервис', 'Телекоммуникационное оборудование и сети', 'Промышленное оборудование']",Рязань,[],[],[],"Рязань, Почтовая улица, 49",14215,,более 5000,1380.0,Почта России,От 1 года,Полный рабочий день,Среднее специальное,54.629337,39.742081,https://ryazan.superjob.ru/vakansii/elektromehanik-5-razryada-48456504.html
50599521,Уборщик служебных помещений,17000,20000,rub,"['Услуги, ремонт, сервисное обслуживание', 'Рабочий персонал']","['Клининг', 'Рабочий персонал, разное']",Москва,"['Савёловская', 'Марьина роща']","['МЦД4', 'МЦД4']","['mediumaquamarine', 'mediumaquamarine']","Москва, 3-й проезд Марьиной Рощи, 40с1, Сущевский Вал дом 1",4887815,,более 5000,62.0,Социальный фонд России,Без опыта,Частичная занятость / Совместительство,Не имеет значения,,,https://www.superjob.ru/vakansii/uborschik-sluzhebnyh-pomeschenij-50599521.html
50833652,Санитарка-уборщица,48000,0,rub,"['Медицина, фармацевтика, ветеринария', 'Услуги, ремонт, сервисное обслуживание', 'Рабочий персонал']","['Другое', 'Клининг', 'Рабочий персонал, разное']",Красногорск,[],[],[],"Московская область, Красногорск, Международная улица, 12",4304113,,менее 50,8.0,"МЧУЖЗ ""БЕЛАЯ РОЗА""",Без опыта,Полный рабочий день,Не имеет значения,55.820934,37.387737,https://krasnogorsk.superjob.ru/vakansii/sanitarka-uborschica-50833652.html
50951782,Уборщик служебных помещений,45000,45000,rub,"['Услуги, ремонт, сервисное обслуживание']",['Клининг'],Москва,[],[],[],"Москва, улица Родионовская, дом 47, корпус 1,ул.Вишневая,д20К.,",2406888,,500 — 1000,4.0,ГБУЗ Детская городская поликлиника №94 ДЗМ,Без опыта,Полный рабочий день,Не имеет значения,,,https://www.superjob.ru/vakansii/uborschik-sluzhebnyh-pomeschenij-50951782.html
50987377,Уборщица,61000,0,rub,"['Услуги, ремонт, сервисное обслуживание']",['Клининг'],Москва,['Бабушкинская'],['Калужско-Рижская'],['orange'],"Москва, Чукотский проезд, 6",2389182,,100 — 500,0.0,ГБОУ школа №1558 имени Росалии де Кастро,Без опыта,Полный рабочий день,Не имеет значения,55.868202,37.654034,https://www.superjob.ru/vakansii/uborschica-50987377.html
50911746,Уборщик в Мозаику,60000,0,rub,"['Услуги, ремонт, сервисное обслуживание']",['Клининг'],Красногорск,[],[],[],"д. Путилково, ул. Новотушинская, д. 9",3894821,,100 — 500,84.0,Полар,Без опыта,Полный рабочий день,Не имеет значения,,,https://krasnogorsk.superjob.ru/vakansii/uborschik-v-mozaiku-50911746.html
51113827,Электромеханик подземный,0,300000,rub,"['Строительство, проектирование, недвижимость', 'Услуги, ремонт, сервисное обслуживание', 'Рабочий персонал']","['Электроснабжение', 'Слаботочные системы и сети', 'Телекоммуникационное оборудование и сети', 'Промышленное оборудование', 'Квалифицированный рабочий']",Кемерово,[],[],[],"Республика Саха (Якутия), Усть-Янский улус",3514049,,менее 50,5.0,«АДК»,От 3 лет,Работа вахтовым методом,Не имеет значения,70.165039,138.182495,https://kemerovo.superjob.ru/vakansii/elektromehanik-podzemnyj-51113827.html
51013655,Оператор АЗС (ул. Московское шоссе 4А),46000,0,rub,"['Услуги, ремонт, сервисное обслуживание', 'Продажи']","['Автосервис', 'ГСМ, нефть', 'Косметика, бытовая химия', 'Товары народного потребления', 'Другое']",Ульяновск,[],[],[],"Ульяновск, Московское шоссе, 4А",2531979,,более 5000,97.0,Башнефть-Розница,Без опыта,Полный рабочий день,Не имеет значения,54.294472,48.252377,https://ulyanovsk.superjob.ru/vakansii/operator-azs-51013655.html
51133381,Дефектовщик авиационной техники,50000,65000,rub,"['Промышленность, производство', 'Услуги, ремонт, сервисное обслуживание', 'Рабочий персонал']","['Машиностроение, станкостроение', 'Промышленное оборудование', 'Автосервис', 'Промышленное оборудование', 'Квалифицированный рабочий']",Ейск,[],[],[],"Краснодарский край, Ейск, улица Шмидта, 291",572951,,1000 — 5000,27.0,ОДК-СЕРВИС,От 1 года,Полный рабочий день,Не имеет значения,46.702366,38.246754,https://yeisk.superjob.ru/vakansii/defektovschik-aviacionnoj-tehniki-51133381.html
51181162,"Горничная на вахту на север (ЯНАО, ХМАО, Чукотка, Таймыр)",109000,142500,rub,"['Услуги, ремонт, сервисное обслуживание', 'Домашний персонал']","['Клининг', 'Уборка и помощь по дому']",Нижневартовск,[],[],[],,4744563,,1000 — 5000,4189.0,АКС,Без опыта,Работа вахтовым методом,Не имеет значения,,,https://nizhnevartovsk.superjob.ru/vakansii/gornichnaya-na-vahtu-na-sever-51181162.html
51029451,Мойщик посуды,67000,0,rub,"['Туризм, гостиницы, общественное питание', 'Услуги, ремонт, сервисное обслуживание', 'Рабочий персонал']","['Рестораны, кафе, столовые, фастфуд', 'Клининг', 'Рабочий персонал, разное', 'Квалифицированный рабочий']",Москва,['Аэропорт Внуково'],['Калининско-Солнцевская'],['yellow'],"Москва, Солнцевская линия, метро Аэропорт Внуково",2720788,,1000 — 5000,47.0,Международный аэропорт Внуково,Без опыта,Полный рабочий день,Не имеет значения,55.607086,37.287701,https://www.superjob.ru/vakansii/mojschik-posudy-51029451.html
51256280,Мойщик-уборщик (столовая),198196,0,rub,"['Туризм, гостиницы, общественное питание', 'Услуги, ремонт, сервисное обслуживание', 'Рабочий персонал']","['Рестораны, кафе, столовые, фастфуд', 'Клининг', 'Рабочий персонал, разное']",Поронайск,[],[],[],"Сахалинская область, Углегорский городской округ, посёлок городского типа Шахтёрск, улица Мира, 30",345901,,1000 — 5000,29.0,Восточная Горнорудная Компания (EMCO),От 1 года,Полный рабочий день,Не имеет значения,49.159546,142.09494,https://poronaisk.superjob.ru/vakansii/mojschik-uborschik-51256280.html
51349819,Инженер по планированию ремонтов,90000,0,rub,"['Промышленность, производство', 'Услуги, ремонт, сервисное обслуживание']","['Другое', 'Телекоммуникационное оборудование и сети', 'Промышленное оборудование', 'Торговое, складское, холодильное оборудование']",Борщевка (Тамбовская область),[],[],[],"Тамбовский муниципальный округ, село Борщёвка, Придорожная улица",874575,,1000 — 5000,8229.0,ГК Русагро,От 1 года,Полный рабочий день,Не имеет значения,52.598331,41.325504,https://www.superjob.ru/vakansii/inzhener-po-planirovaniyu-remontov-51349819.html
51486634,Слесарь по обслуживанию и ремонту оборудования,0,0,rub,"['Услуги, ремонт, сервисное обслуживание', 'Рабочий персонал']","['Автосервис', 'Промышленное оборудование', 'Рабочий персонал, разное', 'Квалифицированный рабочий']",Челябинск,[],[],[],,4273213,,500 — 1000,5.0,Черногорская ГРК,От 3 лет,Работа вахтовым методом,Среднее специальное,,,https://chelyabinsk.superjob.ru/vakansii/slesar-po-obsluzhivaniyu-i-remontu-oborudovaniya-51486634.html
50315440,Автоэлектрик,69000,0,rub,"['Транспорт, логистика, ВЭД', 'Услуги, ремонт, сервисное обслуживание', 'Рабочий персонал']","['Автоперевозки', 'Автосервис', 'Другое', 'Начало карьеры, мало опыта', 'Квалифицированный рабочий']",Приладожский,[],[],[],"Ленинградская область, Кировский район, городской посёлок Приладожский",666117,,1000 — 5000,80.0,Птицефабрика Синявинская,От 1 года,Полный рабочий день,Не имеет значения,59.876392,31.32819,https://spb.superjob.ru/vakansii/avtoelektrik-50315440.html
51765500,Специалист по модульному ремонту техники (на Кирова),97000,120000,rub,"['Услуги, ремонт, сервисное обслуживание']","['Промышленное оборудование', 'Торговое, складское, холодильное оборудование', 'Бытовая техника', 'Компьютеры и оргтехника']",Подольск,[],[],[],"Московская область, Подольск, улица Кирова, 31",100593,,более 5000,1143.0,"Группа ""М. Видео-Эльдорадо""",Без опыта,Полный рабочий день,Не имеет значения,55.424862,37.528019,https://podolsk.superjob.ru/vakansii/specialist-po-modulnomu-remontu-tehniki-51765500.html
51799261,Мойщик-уборщик подвижного состава,55000,70000,rub,"['Туризм, гостиницы, общественное питание', 'Услуги, ремонт, сервисное обслуживание', 'Рабочий персонал']","['Рестораны, кафе, столовые, фастфуд', 'Клининг', 'Рабочий персонал, разное']",Санкт-Петербург,"['Лесная', 'Площадь Мужества', 'Чёрная Речка', 'Пионерская']","['Кировско-Выборгская', 'Кировско-Выборгская', 'Московско-Петроградская', 'Московско-Петроградская']","['red', 'red', 'blue', 'blue']","Санкт-Петербург, Сердобольская улица, 2ГИ",441150,,более 5000,126.0,"СПб ГУП ""Горэлектротранс""",Без опыта,Полный рабочий день,Не имеет значения,59.993687,30.327763,https://spb.superjob.ru/vakansii/mojschik-uborschik-podvizhnogo-sostava-51799261.html
51799354,Слесарь-ремонтник,89000,0,rub,"['Услуги, ремонт, сервисное обслуживание', 'Рабочий персонал']","['Промышленное оборудование', 'Рабочий персонал, разное', 'Квалифицированный рабочий']",Киевский (Троицкий АО),[],[],[],"Москва, Троицкий административный округ, район Бекасово, рабочий посёлок Киевский, 17",2466656,,более 5000,3173.0,Российские железные дороги,Без опыта,Полный рабочий день,Не имеет значения,55.433609,36.869904,https://www.superjob.ru/vakansii/slesar-remontnik-51799354.html
51800680,Уборщик помещений,50000,0,rub,"['Услуги, ремонт, сервисное обслуживание']",['Клининг'],Москва,"['Строгино', 'Мякинино', 'Волоколамская']","['Арбатско-Покровская', 'Арбатско-Покровская', 'МЦД2']","['darkblue', 'darkblue', 'fuchsia']","Московская область, Красногорск, Международная улица, 6",3551066,,более 5000,43.0,Твой Дом,Без опыта,Полный рабочий день,Не имеет значения,55.817226,37.387684,https://www.superjob.ru/vakansii/uborschik-pomeschenij-51800680.html
51800792,Шиномонтажник,0,120000,rub,"['Услуги, ремонт, сервисное обслуживание', 'Рабочий персонал']","['Автосервис', 'Рабочий персонал, разное', 'Квалифицированный рабочий']",Хабаровск,[],[],[],"Хабаровск, Карла Маркса",4353589,,менее 50,340.0,Jobers,От 1 года,Работа вахтовым методом,Среднее специальное,48.499126,135.1017,https://habarovsk.superjob.ru/vakansii/shinomontazhnik-51800792.html
51833819,Слесарь по ремонту парогазотурбинного оборудования 6 разряда,62000,0,rub,"['Услуги, ремонт, сервисное обслуживание', 'Рабочий персонал']","['Промышленное оборудование', 'Квалифицированный рабочий']",Екатеринбург,[],[],[],"Свердловская область, Екатеринбург, проспект Космонавтов, 21",178200,,1000 — 5000,61.0,Т Плюс,От 1 года,Полный рабочий день,Среднее специальное,56.878227,60.610168,https://ekaterinburg.superjob.ru/vakansii/slesar-po-remontu-parogazoturbinnogo-oborudovaniya-6-razryada-51833819.html
51833830,Электромонтер по ремонту и обслуживанию электрооборудования,180000,196000,rub,"['Услуги, ремонт, сервисное обслуживание']","['Телекоммуникационное оборудование и сети', 'Промышленное оборудование']",Санкт-Петербург,[],[],[],,4407559,,менее 50,21.0,ГСП-6,От 1 года,Полный рабочий день,Не имеет значения,,,https://spb.superjob.ru/vakansii/elektromonter-po-remontu-i-obsluzhivaniyu-elektrooborudovaniya-51833830.html
51845782,Слесарь по ремонту котельных и пылеприготовительных цехов,61500,61500,rub,"['Услуги, ремонт, сервисное обслуживание', 'Рабочий персонал']","['Промышленное оборудование', 'Рабочий персонал, разное', 'Квалифицированный рабочий']",Челябинск,[],[],[],"Челябинск, 2-я Павелецкая улица, 4",173974,,более 5000,67.0,Мечел,От 1 года,Полный рабочий день,Не имеет значения,55.260178,61.418777,https://chelyabinsk.superjob.ru/vakansii/slesar-po-remontu-kotelnyh-i-pyleprigotovitelnyh-cehov-51845782.html
51799414,Портной-стилист (ТЦ Макси),60000,0,rub,"['Спорт, фитнес, салоны красоты, SPA', 'Промышленность, производство', 'Услуги, ремонт, сервисное обслуживание']","['Стилистика, визаж', 'Легкая промышленность', 'Ателье']",Тула,[],[],[],"Тула, Пролетарская улица, 2",15563,,1000 — 5000,2843.0,Дом Моды HENDERSON,Без опыта,Полный рабочий день,Не имеет значения,54.193542,37.637119,https://tula.superjob.ru/vakansii/portnoj-stilist-51799414.html
51865504,Мойщик-уборщик на производство,0,48800,rub,"['Туризм, гостиницы, общественное питание', 'Услуги, ремонт, сервисное обслуживание', 'Рабочий персонал']","['Рестораны, кафе, столовые, фастфуд', 'Клининг', 'Рабочий персонал, разное']",Краснодар,[],[],[],"Краснодар, Солнечная, 15/5",280168,,более 5000,18164.0,"Магнит, Розничная сеть",Не имеет значения,Полный рабочий день,Не имеет значения,45.072777,39.003151,https://krasnodar.superjob.ru/vakansii/mojschik-uborschik-na-proizvodstvo-51865504.html
51854764,Наладчик вакуумного оборудования 6 разряда,90000,0,rub,"['Промышленность, производство', 'Услуги, ремонт, сервисное обслуживание', 'Рабочий персонал']","['Промышленное оборудование', 'Радиотехническая и электронная промышленность', 'Ракетно-космическая отрасль', 'Промышленное оборудование', 'Квалифицированный рабочий']",Москва,[],[],[],,542741,,более 5000,10.0,Российские космические системы,От 1 года,Полный рабочий день,Не имеет значения,,,https://www.superjob.ru/vakansii/naladchik-vakuumnogo-oborudovaniya-6-razryada-51854764.html
51673662,"Инженер по организации эксплуатации, обслуживанию и ремонту зданий и сооружений",0,50000,rub,"['Строительство, проектирование, недвижимость', 'Услуги, ремонт, сервисное обслуживание', 'Рабочий персонал']","['Водоснабжение, канализация', 'Эксплуатация зданий', 'Промышленное оборудование', 'Бытовая техника', 'Рабочий персонал, разное']",Санкт-Петербург,[],[],[],"Санкт-Петербург, набережная канала Грибоедова, 30-32",4763170,,1000 — 5000,29.0,СПбГЭУ,От 3 лет,Полный рабочий день,Не имеет значения,59.931915,30.32593,https://spb.superjob.ru/vakansii/inzhener-po-organizacii-ekspluatacii-51673662.html
50076211,Слесарь-ремонтник,0,0,rub,"['Услуги, ремонт, сервисное обслуживание', 'Рабочий персонал']","['Промышленное оборудование', 'Рабочий персонал, разное', 'Квалифицированный рабочий']",Видное,[],[],[],"Видное, Белокаменное шоссе, вл13",173974,,более 5000,67.0,Мечел,Без опыта,Полный рабочий день,Среднее,55.552853,37.760334,https://vidnoe.superjob.ru/vakansii/slesar-remontnik-50076211.html
51619270,Уборщица/Уборщик в магазин CR (ТЦ Мармелад),0,0,rub,"['Услуги, ремонт, сервисное обслуживание']",['Клининг'],Таганрог,[],[],[],"Таганрог, площадь Мира, 7",31255,,более 5000,23.0,FES retail,Без опыта,Полный рабочий день,Не имеет значения,47.217484,38.898857,https://taganrog.superjob.ru/vakansii/uborschica-51619270.html
51658054,Дежурный (техник) по обслуживанию аппаратов,2500,3000,rub,"['Услуги, ремонт, сервисное обслуживание', 'Рабочий персонал']","['Промышленное оборудование', 'Торговое, складское, холодильное оборудование', 'Рабочий персонал, разное', 'Квалифицированный рабочий']",Тамбов,[],[],[],,4946530,,менее 50,0.0,Лесной источник,Без опыта,Частичная занятость / Совместительство,Не имеет значения,,,https://tambov.superjob.ru/vakansii/dezhurnyj-51658054.html
51782115,Заправщик АЗС (ст. м. Новокосино),60000,0,rub,"['Услуги, ремонт, сервисное обслуживание']",['Автосервис'],Москва,['Новокосино'],['Калининско-Солнцевская'],['yellow'],"Москва, Салтыковская улица, 1Б",0,,,,,Без опыта,Частичная занятость / Совместительство,Не имеет значения,55.729137,37.859173,https://www.superjob.ru/vakansii/zapravschik-azs-51782115.html
51801629,Слесарь-ремонтник,66000,0,rub,"['Услуги, ремонт, сервисное обслуживание', 'Рабочий персонал']","['Промышленное оборудование', 'Рабочий персонал, разное', 'Квалифицированный рабочий']",Калуга,[],[],[],"Калуга, Железнодорожников, 25",2466656,,более 5000,3173.0,Российские железные дороги,Без опыта,Полный рабочий день,Среднее,54.537071,36.285748,https://kaluga.superjob.ru/vakansii/slesar-remontnik-51801629.html
51826398,Инженер по текущему ремонту,0,0,rub,"['Услуги, ремонт, сервисное обслуживание']","['Автосервис', 'Телекоммуникационное оборудование и сети', 'Промышленное оборудование', 'Бытовая техника', 'Компьютеры и оргтехника']",Москва,['Аэропорт Внуково'],['Калининско-Солнцевская'],['yellow'],"посёлок Внуково, 2-я Рейсовая улица, 2к4соор1",2720788,,1000 — 5000,47.0,Международный аэропорт Внуково,От 3 лет,Полный рабочий день,Не имеет значения,55.605862,37.288383,https://www.superjob.ru/vakansii/inzhener-po-tekuschemu-remontu-51826398.html
51847055,Продавец-кассир,40000,45000,rub,"['Услуги, ремонт, сервисное обслуживание']","['Обувь', 'Оборудование для индустрии развлечения и спортивного инвентаря']",Белгород,[],[],[],"Белгород, Попова, 36",4311,,более 5000,3349.0,Перекресток,Без опыта,Полный рабочий день,Не имеет значения,50.59988,36.590553,https://belgorod.superjob.ru/vakansii/prodavec-kassir-51847055.html
31980505,Клинический (специальный) психолог,0,0,rub,"['Услуги, ремонт, сервисное обслуживание']",['Психологическое консультирование'],Москва,[],[],[],"Москва, Кировоградская улица, 18к4",2533628,,100 — 500,1.0,Школа № 1582,От 3 лет,Полный рабочий день,Не имеет значения,55.617886,37.601341,https://www.superjob.ru/vakansii/klinicheskij-31980505.html
30637705,Приемщик заказов,35000,0,rub,"['Услуги, ремонт, сервисное обслуживание', 'Рабочий персонал']","['Химчистки, прачечные', 'Рабочий персонал, разное']",Москва,"['Павелецкая', 'Тульская']","['Замоскворецкая', 'Серпуховско-Тимирязевская']","['green', 'gray']","Москва, 3-й Павелецкий проезд, 3",3058622,,1000 — 5000,79.0,"Сеть химчисток ""Диана""",Без опыта,Сменный график работы,Среднее специальное,55.71093,37.643936,https://www.superjob.ru/vakansii/priemschik-zakazov-30637705.html
46768870,Начальник службы ремонтно-технического обеспечения производства,76000,0,rub,"['Промышленность, производство', 'Услуги, ремонт, сервисное обслуживание', 'Топ-персонал']","['Автомобильная промышленность', 'Сельскохозяйственная техника', 'Промышленное оборудование', 'Промышленность, производство, сельское хозяйство']",Санкт-Петербург,['Волковская'],['Фрунзенско-Приморская'],['violet'],"Санкт-Петербург, улица Салова, 21",4437820,,100 — 500,15.0,АВТОАРМАТУРА,От 3 лет,Полный рабочий день,Высшее,59.896336,30.367376,https://spb.superjob.ru/vakansii/nachalnik-sluzhby-remontno-tehnicheskogo-obespecheniya-proizvodstva-46768870.html
48993656,Электрослесарь,140000,160000,rub,"['Строительство, проектирование, недвижимость', 'Услуги, ремонт, сервисное обслуживание']","['Электроснабжение', 'Промышленное оборудование']",Якутск,[],[],[],"Республика Саха (Якутия), муниципальный район Усть-Майский улус, посёлок городского типа Югорёнок, улица Ленина, 22",3885033,,менее 50,7.0,"Рудник ""Дуэт""",От 3 лет,Полный рабочий день,Среднее специальное,59.751328,137.688049,https://yakutsk.superjob.ru/vakansii/elektroslesar-48993656.html
49656233,Установщик интернет-оборудования,80000,0,rub,"['Строительство, проектирование, недвижимость', 'Услуги, ремонт, сервисное обслуживание', 'Рабочий персонал']","['Электроснабжение', 'Слаботочные системы и сети', 'Телекоммуникационное оборудование и сети', 'Компьютеры и оргтехника', 'Рабочий персонал, разное']",Самара,[],[],[],"Самара, улица Тополей, 7",24172,,более 5000,72.0,Ростелеком,Без опыта,Сменный график работы,Среднее специальное,53.263569,50.2285,https://samara.superjob.ru/vakansii/ustanovschik-internet-oborudovaniya-49656233.html
48218038,Контролер технического состояния автотранспорта,25000,29000,rub,"['Услуги, ремонт, сервисное обслуживание']",['Автосервис'],Рязань,[],[],[],"Рязань, улица Военных Автомобилистов, 9",14215,,более 5000,1380.0,Почта России,Без опыта,Сменный график работы,Среднее специальное,54.61842,39.681454,https://ryazan.superjob.ru/vakansii/kontroler-tehnicheskogo-sostoyaniya-avtotransporta-48218038.html
50546351,Уборщик территории,27093,27093,rub,"['Услуги, ремонт, сервисное обслуживание', 'Рабочий персонал']","['Клининг', 'Рабочий персонал, разное']",Нижний Новгород,[],[],[],"Нижний Новгород, улица Минина, 20К",4887815,,более 5000,62.0,Социальный фонд России,Без опыта,Полный рабочий день,Среднее,56.327976,44.02034,https://nn.superjob.ru/vakansii/uborschik-territorii-50546351.html
50574906,"Подземный слесарь дежурный по ремонту оборудования 4, 5, 6 разряда",0,0,rub,"['Услуги, ремонт, сервисное обслуживание', 'Рабочий персонал']","['Автосервис', 'Промышленное оборудование', 'Рабочий персонал, разное', 'Квалифицированный рабочий']",Балей,[],[],[],,938739,,более 5000,34.0,Горно-металлургический комплекс,От 1 года,Работа вахтовым методом,Среднее специальное,,,https://balej.superjob.ru/vakansii/podzemnyj-slesar-dezhurnyj-po-remontu-oborudovaniya-4-50574906.html
50784158,Сервисный инженер по ремонту сельскохозяйственной техники,0,0,rub,"['Промышленность, производство', 'Услуги, ремонт, сервисное обслуживание']","['Сельскохозяйственная техника', 'Промышленное оборудование']",Тамбов,[],[],[],Тамбовская область,874575,,1000 — 5000,8229.0,ГК Русагро,От 1 года,Полный рабочий день,Высшее,52.474697,41.592258,https://tambov.superjob.ru/vakansii/servisnyj-inzhener-po-remontu-selskohozyajstvennoj-tehniki-50784158.html
51019411,Автомеханик по ремонту и обслуживанию техники,40000,0,rub,"['Услуги, ремонт, сервисное обслуживание']",['Металлоремонт'],Абакан,[],[],[],"Красноярск, Башиловская улица, 8с10",4926679,,менее 50,41.0,Сервис Энерго-Ремонт,Без опыта,Полный рабочий день,Не имеет значения,56.083,92.990952,https://abakan.superjob.ru/vakansii/avtomehanik-po-remontu-i-obsluzhivaniyu-tehniki-51019411.html
51019574,Техник по зданию,78000,85000,rub,"['Промышленность, производство', 'Услуги, ремонт, сервисное обслуживание', 'Рабочий персонал']","['Промышленное оборудование', 'Промышленное оборудование', 'Квалифицированный рабочий']",Москва,"['Комсомольская', 'Площадь трёх вокзалов']","['Кольцевая', 'МЦД4']","['brown', 'mediumaquamarine']","Москва, Орликов переулок, 5с3",24345,,1000 — 5000,8914.0,«Группа ГУТА»,От 3 лет,Полный рабочий день,Среднее специальное,55.772629,37.650871,https://www.superjob.ru/vakansii/tehnik-po-zdaniyu-51019574.html
51022334,Водитель доставки бытовой техники,114000,140000,rub,"['Транспорт, логистика, ВЭД', 'Услуги, ремонт, сервисное обслуживание']","['Автоперевозки', 'Автосервис']",Чехов,[],[],[],"Новоселки, промышленная зона Новоселки, 11 стр 5",100593,,более 5000,1143.0,"Группа ""М. Видео-Эльдорадо""",От 1 года,Сменный график работы,Не имеет значения,,,https://chehov.superjob.ru/vakansii/voditel-dostavki-bytovoj-tehniki-51022334.html
50911714,Уборщик в столовой,40000,0,rub,"['Услуги, ремонт, сервисное обслуживание']",['Клининг'],Красногорск,[],[],[],"Московская область, Красногорск, Красногорский бульвар, 12А",3894821,,100 — 500,84.0,Полар,От 1 года,Полный рабочий день,Не имеет значения,55.813915,37.372017,https://krasnogorsk.superjob.ru/vakansii/uborschik-v-stolovoj-50911714.html
51113744,Электрослесарь дежурный и по ремонту оборудования /подземный/,219,296,rub,"['Строительство, проектирование, недвижимость', 'Услуги, ремонт, сервисное обслуживание']","['Электроснабжение', 'Промышленное оборудование']",Владивосток,[],[],[],Республика Саха (Якутия) Усть-Янский район,3514049,,менее 50,5.0,«АДК»,От 3 лет,Работа вахтовым методом,Не имеет значения,,,https://vladivostok.superjob.ru/vakansii/elektroslesar-dezhurnyj-i-po-remontu-oborudovaniya-51113744.html
51013658,"Оператор АЗС (ул. Созидателей, 104)",53800,0,rub,"['Услуги, ремонт, сервисное обслуживание', 'Продажи']","['Автосервис', 'ГСМ, нефть', 'Косметика, бытовая химия', 'Продукция химического производства', 'Товары народного потребления']",Ульяновск,[],[],[],,2531979,,более 5000,97.0,Башнефть-Розница,Без опыта,Полный рабочий день,Не имеет значения,,,https://ulyanovsk.superjob.ru/vakansii/operator-azs-51013658.html
51156672,Санитарка-уборщица,55000,0,rub,"['Медицина, фармацевтика, ветеринария', 'Услуги, ремонт, сервисное обслуживание', 'Рабочий персонал']","['Другое', 'Клининг', 'Рабочий персонал, разное']",Москва,[],[],[],"Московская область, Балашиха, микрорайон Железнодорожный, Новая улица, 22А",3418529,,100 — 500,142.0,"МНОГОПРОФИЛЬНАЯ СЕТЬ КЛИНИК ""СЕМЕЙНЫЙ МЕДИЦИНСКИЙ ЦЕНТР""",Без опыта,Полный рабочий день,Не имеет значения,55.747334,38.020512,https://www.superjob.ru/vakansii/sanitarka-uborschica-51156672.html
51181163,"Горничная на вахту на север (ЯНАО, ХМАО, Чукотка, Таймыр)",109000,142500,rub,"['Услуги, ремонт, сервисное обслуживание', 'Домашний персонал']","['Клининг', 'Уборка и помощь по дому']",Томск,[],[],[],,4744563,,1000 — 5000,4189.0,АКС,Без опыта,Работа вахтовым методом,Не имеет значения,,,https://tomsk.superjob.ru/vakansii/gornichnaya-na-vahtu-na-sever-51181163.html
46445529,Уборщик помещений,50000,0,rub,"['Услуги, ремонт, сервисное обслуживание', 'Рабочий персонал']","['Клининг', 'Рабочий персонал, разное']",Красногорск,[],[],[],"Московская область, Красногорск, Международная улица, 6",3551066,,более 5000,43.0,Твой Дом,Без опыта,Полный рабочий день,Не имеет значения,55.817226,37.387684,https://krasnogorsk.superjob.ru/vakansii/uborschik-pomeschenij-46445529.html
51256281,Мойщик-уборщик (столовая),198196,0,rub,"['Туризм, гостиницы, общественное питание', 'Услуги, ремонт, сервисное обслуживание', 'Рабочий персонал']","['Рестораны, кафе, столовые, фастфуд', 'Клининг', 'Рабочий персонал, разное']",Долинск,[],[],[],"Сахалинская область, Углегорский городской округ, посёлок городского типа Шахтёрск, улица Мира, 30",345901,,1000 — 5000,29.0,Восточная Горнорудная Компания (EMCO),От 1 года,Полный рабочий день,Не имеет значения,49.159546,142.09494,https://dolinsk.superjob.ru/vakansii/mojschik-uborschik-51256281.html
51486682,Слесарь по обслуживанию и ремонту оборудования,0,0,rub,"['Услуги, ремонт, сервисное обслуживание', 'Рабочий персонал']","['Автосервис', 'Промышленное оборудование', 'Рабочий персонал, разное', 'Квалифицированный рабочий']",Нижний Новгород,[],[],[],"Красноярский край, Норильск",4273213,,500 — 1000,5.0,Черногорская ГРК,От 3 лет,Работа вахтовым методом,Среднее специальное,69.343987,88.210396,https://nn.superjob.ru/vakansii/slesar-po-obsluzhivaniyu-i-remontu-oborudovaniya-51486682.html
50415165,Электромонтер по ремонту и обслуживанию оборудования,0,97938,rub,"['Строительство, проектирование, недвижимость', 'Услуги, ремонт, сервисное обслуживание', 'Рабочий персонал']","['Эксплуатация зданий', 'Электроснабжение', 'Промышленное оборудование', 'Рабочий персонал, разное', 'Квалифицированный рабочий']",Кировск (Ленинградская обл.),[],[],[],"Ленинградская область, Кировский район, городской посёлок Приладожский",666117,,1000 — 5000,80.0,Птицефабрика Синявинская,От 1 года,Полный рабочий день,Среднее специальное,59.876392,31.32819,https://kirovsk-spb.superjob.ru/vakansii/elektromonter-po-remontu-i-obsluzhivaniyu-oborudovaniya-50415165.html
51768487,Слесарь по ремонту и обслуживанию систем вентиляции и кондиционирования 4 разряд,0,97200,rub,"['Строительство, проектирование, недвижимость', 'Услуги, ремонт, сервисное обслуживание', 'Рабочий персонал']","['Отопление, вентиляция и кондиционирование', 'Другое', 'Квалифицированный рабочий']",Санкт-Петербург,[],[],[],"Санкт-Петербург, Ленинский проспект, 140к2",441150,,более 5000,126.0,"СПб ГУП ""Горэлектротранс""",От 1 года,Полный рабочий день,Среднее специальное,59.85627,30.285002,https://spb.superjob.ru/vakansii/slesar-po-remontu-i-obsluzhivaniyu-sistem-ventilyacii-i-kondicionirovaniya-4-razryad-51768487.html
51781705,Уборщица / уборщик служебных помещений,27093,35000,rub,"['Услуги, ремонт, сервисное обслуживание']",['Клининг'],Великий Новгород,[],[],[],"Великий Новгород, улица Державина, 1",4923270,,100 — 500,18.0,Государственное областное бюджетное учреждение здравоохранения НОВГОРОДСКИЙ ОБЛАСТНОЙ КЛИНИЧЕСКИЙ ПЕРИНАТАЛЬНЫЙ ИМЕНИ В. Ю. МИШЕКУРИНА,Без опыта,Полный рабочий день,Не имеет значения,58.548073,31.304293,https://novgorod.superjob.ru/vakansii/uborschica-51781705.html
51791554,Уборщик производственных и служебных помещений,82500,0,rub,"['Услуги, ремонт, сервисное обслуживание', 'Рабочий персонал']","['Клининг', 'Рабочий персонал, разное']",Москва,[],[],[],"Москва, Перервинский бульвар, 5к3",2654207,,500 — 1000,0.0,Школа №1547,Без опыта,Полный рабочий день,Не имеет значения,55.663685,37.76749,https://www.superjob.ru/vakansii/uborschik-proizvodstvennyh-i-sluzhebnyh-pomeschenij-51791554.html
51800791,Автослесарь,0,160000,rub,"['Услуги, ремонт, сервисное обслуживание', 'Рабочий персонал']","['Автосервис', 'Рабочий персонал, разное', 'Квалифицированный рабочий']",Хабаровск,[],[],[],"Хабаровск, Карла Маркса",4353589,,менее 50,340.0,Jobers,От 3 лет,Работа вахтовым методом,Среднее специальное,48.499126,135.1017,https://habarovsk.superjob.ru/vakansii/avtoslesar-51800791.html
51801666,Приемщик в Гипермаркет Магнит,43600,60500,rub,"['Транспорт, логистика, ВЭД', 'Услуги, ремонт, сервисное обслуживание']","['Складское хозяйство', 'Автосервис']",Краснодар,[],[],[],"Краснодар, Березовый, Ейское Шоссе, 40",280168,,более 5000,18164.0,"Магнит, Розничная сеть",Не имеет значения,Сменный график работы,Не имеет значения,45.158104,39.000816,https://krasnodar.superjob.ru/vakansii/priemschik-v-gipermarket-magnit-51801666.html
51833831,Электромонтер по ремонту и обслуживанию электрооборудования,180000,196000,rub,"['Услуги, ремонт, сервисное обслуживание']","['Телекоммуникационное оборудование и сети', 'Промышленное оборудование']",Бованенково (газовое месторождение),[],[],[],,4407559,,менее 50,21.0,ГСП-6,От 1 года,Полный рабочий день,Не имеет значения,,,https://bovanenkovo.superjob.ru/vakansii/elektromonter-po-remontu-i-obsluzhivaniyu-elektrooborudovaniya-51833831.html
51800801,Ретушер-дизайнер,0,120000,rub,"['Дизайн', 'Услуги, ремонт, сервисное обслуживание']","['Web-дизайн (UI/UX)', 'Архитектура', 'Графический дизайн', 'Видео, CGI, анимация', 'Фото, аудио, видео услуги']",Москва,"['Планерная', 'Ховрино']","['Таганско-Краснопресненская', 'МЦД3']","['violet', 'orangered']","Московская область, Химки, улица Репина, 34",15563,,1000 — 5000,2843.0,Дом Моды HENDERSON,От 1 года,Полный рабочий день,Не имеет значения,55.903893,37.427113,https://www.superjob.ru/vakansii/retusher-dizajner-51800801.html
51673605,Дворник,45000,60000,rub,"['Услуги, ремонт, сервисное обслуживание', 'Рабочий персонал']","['Клининг', 'Другое', 'Рабочий персонал, разное']",Санкт-Петербург,[],[],[],"Санкт-Петербург, набережная канала Грибоедова, 30-32",4763170,,1000 — 5000,29.0,СПбГЭУ,Без опыта,Полный рабочий день,Не имеет значения,59.931915,30.32593,https://spb.superjob.ru/vakansii/dvornik-51673605.html
51869561,Электромонтер по ремонту и обслуживанию электрооборудования УМТС г. Удачный,0,0,rub,"['Услуги, ремонт, сервисное обслуживание']","['Телекоммуникационное оборудование и сети', 'Промышленное оборудование']",Удачный,[],[],[],,3240611,,более 5000,271.0,АЛРОСА,От 1 года,Полный рабочий день,Не имеет значения,,,https://udachnyj.superjob.ru/vakansii/elektromonter-po-remontu-i-obsluzhivaniyu-elektrooborudovaniya-umts-g-51869561.html
51869598,Слесарь по ремонту автомобилей,0,181000,rub,"['Промышленность, производство', 'Услуги, ремонт, сервисное обслуживание', 'Рабочий персонал']","['Автомобильная промышленность', 'Автосервис', 'Квалифицированный рабочий']",Благовещенск (Амурская область),[],[],[],,867018,,1000 — 5000,45.0,Амур Золото,От 1 года,Полный рабочий день,Не имеет значения,,,https://blagoveshensk.superjob.ru/vakansii/slesar-po-remontu-avtomobilej-51869598.html
51869626,Слесарь по ремонту технологического оборудования 5 разряд (обогатительная фабрика),194000,222000,rub,"['Услуги, ремонт, сервисное обслуживание', 'Рабочий персонал']","['Промышленное оборудование', 'Рабочий персонал, разное', 'Квалифицированный рабочий']",Якутск,[],[],[],"Республика Саха (Якутия), Якутск, улица Орджоникидзе, 36/1",211545,,500 — 1000,237.0,Прогноз,От 3 лет,Полный рабочий день,Не имеет значения,62.030087,129.73024,https://yakutsk.superjob.ru/vakansii/slesar-po-remontu-tehnologicheskogo-oborudovaniya-5-razryad-51869626.html
51869650,Уборщица 2/2,45000,45000,rub,"['Услуги, ремонт, сервисное обслуживание']",['Клининг'],Петергоф,[],[],[],"Санкт-Петербург, Петергоф, Гофмейстерская улица, 1",2291725,,менее 50,3.0,СРМ ПРОМАЛЬП,Без опыта,Полный рабочий день,Не имеет значения,59.861336,29.97662,https://petergof.superjob.ru/vakansii/uborschica-2-51869650.html
49656381,Сервисный инженер,65000,0,rub,"['IT, Интернет, связь, телеком', 'Строительство, проектирование, недвижимость', 'Услуги, ремонт, сервисное обслуживание', 'Рабочий персонал']","['Телекоммуникации и связь', 'Электроснабжение', 'Слаботочные системы и сети', 'Телекоммуникационное оборудование и сети', 'Рабочий персонал, разное']",Ульяновск,[],[],[],"Ульяновск, Камышинская улица, 41А",24172,,более 5000,72.0,Ростелеком,Без опыта,Сменный график работы,Среднее,54.27813,48.286243,https://ulyanovsk.superjob.ru/vakansii/servisnyj-inzhener-49656381.html
51121948,Уборщица / Уборщик (ТЦ Красная Площадь),0,0,rub,"['Услуги, ремонт, сервисное обслуживание', 'Рабочий персонал']","['Клининг', 'Рабочий персонал, разное']",Краснодар,[],[],[],"Краснодар, улица Дзержинского, 100, ТЦ Красная Площадь",31255,,более 5000,23.0,FES retail,Без опыта,Сменный график работы,Не имеет значения,45.102207,38.983891,https://krasnodar.superjob.ru/vakansii/uborschica-51121948.html
51550698,Моторист,120000,250000,rub,"['Услуги, ремонт, сервисное обслуживание', 'Рабочий персонал']","['Автосервис', 'Рабочий персонал, разное', 'Квалифицированный рабочий']",Москва,['Преображенская площадь'],['Сокольническая'],['red'],"Москва, Суворовская улица, 29с2",2973256,,менее 50,64.0,ГУ Автомобильные дороги ВАО,От 1 года,Полный рабочий день,Не имеет значения,55.79158,37.710079,https://www.superjob.ru/vakansii/motorist-51550698.html
51795238,Электромонтер по ремонту и обслуживанию электрооборудования,0,74000,rub,"['Услуги, ремонт, сервисное обслуживание']","['Телекоммуникационное оборудование и сети', 'Промышленное оборудование']",Калуга,[],[],[],"Калуга, Путейская, 10",2466656,,более 5000,3173.0,Российские железные дороги,Без опыта,Полный рабочий день,Среднее,54.546577,36.284714,https://kaluga.superjob.ru/vakansii/elektromonter-po-remontu-i-obsluzhivaniyu-elektrooborudovaniya-51795238.html
51800785,Главный механик,250000,0,rub,"['Услуги, ремонт, сервисное обслуживание', 'Топ-персонал']","['Автосервис', 'Промышленное оборудование', 'Промышленность, производство, сельское хозяйство', 'Услуги, ремонт, сервисное обслуживание']",Москва,[],[],[],"Москва, Вагоноремонтная улица, 10А",0,,,,,От 1 года,Полный рабочий день,Не имеет значения,55.903065,37.532413,https://www.superjob.ru/vakansii/glavnyj-mehanik-51800785.html
51869453,Автомеханик / Автослесарь,80000,0,rub,"['Промышленность, производство', 'Услуги, ремонт, сервисное обслуживание', 'Рабочий персонал']","['Автомобильная промышленность', 'Автосервис', 'Квалифицированный рабочий']",Тула,[],[],[],"г Тула, ул Рязанская, д 38/2",3797376,,менее 50,337.0,JOBCART.RU,От 1 года,Полный рабочий день,Не имеет значения,54.160641,37.616226,https://tula.superjob.ru/vakansii/avtomehanik-51869453.html
33110778,Электромонтер по ремонту и обслуживанию электрооборудования (ХА),79000,92000,rub,"['Услуги, ремонт, сервисное обслуживание']","['Телекоммуникационное оборудование и сети', 'Промышленное оборудование']",Хабаровск,[],[],[],"Хабаровск, Железнодорожный район",2464328,,1000 — 5000,40.0,Хабаровский аэропорт,От 3 лет,Полный рабочий день,Среднее специальное,48.489887,135.13652,https://habarovsk.superjob.ru/vakansii/elektromonter-po-remontu-i-obsluzhivaniyu-elektrooborudovaniya-33110778.html
34206889,Электромонтер по обслуживанию электрооборудования,35000,45000,rub,"['Безопасность, службы охраны', 'Строительство, проектирование, недвижимость', 'Услуги, ремонт, сервисное обслуживание']","['Видеонаблюдение', 'ЖКХ', 'Электроснабжение', 'Слаботочные системы и сети', 'Телекоммуникационное оборудование и сети']",Бердск,[],[],[],"Новосибирская область, Бердск, улица Ленина, 89/15",2005203,,менее 50,1.0,Сервис-Телеком,От 1 года,Полный рабочий день,Среднее специальное,54.757572,83.114601,https://berdsk.superjob.ru/vakansii/elektromonter-po-obsluzhivaniyu-elektrooborudovaniya-34206889.html
36731966,Механик по ремонту буровых установок,150000,0,rub,"['Услуги, ремонт, сервисное обслуживание', 'Сырье', 'Рабочий персонал']","['Промышленное оборудование', 'Оборудование', 'Квалифицированный рабочий']",Хабаровск,[],[],[],,3706372,,100 — 500,105.0,Дальневосточная буровая компания,От 3 лет,Полный рабочий день,Не имеет значения,,,https://habarovsk.superjob.ru/vakansii/mehanik-po-remontu-burovyh-ustanovok-36731966.html
40613672,Аппаратчик аквачистки,70000,0,rub,"['Услуги, ремонт, сервисное обслуживание']","['Химчистки, прачечные']",Москва,"['Войковская', 'Коптево']","['Замоскворецкая', 'МЦК']","['green', 'lightpink']","Москва, Коптевская улица, 69с1",3058622,,1000 — 5000,79.0,"Сеть химчисток ""Диана""",Без опыта,Сменный график работы,Среднее,55.83112,37.51836,https://www.superjob.ru/vakansii/apparatchik-akvachistki-40613672.html
50041053,Слесарь-ремонтник,0,0,rub,"['Услуги, ремонт, сервисное обслуживание', 'Рабочий персонал']","['Промышленное оборудование', 'Рабочий персонал, разное']",Видное,[],[],[],"Московская область, Ленинский городской округ, Видное, Белокаменное шоссе, вл13",173974,,более 5000,67.0,Мечел,Без опыта,Полный рабочий день,Среднее специальное,55.552853,37.760334,https://vidnoe.superjob.ru/vakansii/slesar-remontnik-50041053.html
50416111,Уборщик помещений,0,0,rub,"['Услуги, ремонт, сервисное обслуживание', 'Рабочий персонал']","['Клининг', 'Рабочий персонал, разное']",Москва,['Серпуховская'],['Серпуховско-Тимирязевская'],['gray'],"Москва, Большая Серпуховская улица, 27",4589016,,1000 — 5000,14.0,ФГБУ «НМИЦ хирургии им. А. В. Вишневского» Минздрава России,Без опыта,Полный рабочий день,Не имеет значения,55.724239,37.626896,https://www.superjob.ru/vakansii/uborschik-pomeschenij-50416111.html
47907746,Начальник авторемонтного участка,24750,0,rub,"['Услуги, ремонт, сервисное обслуживание']",['Автосервис'],Рязань,[],[],[],"Рязань, улица Военных Автомобилистов, 9",14215,,более 5000,1380.0,Почта России,От 1 года,Полный рабочий день,Среднее специальное,54.61842,39.681454,https://ryazan.superjob.ru/vakansii/nachalnik-avtoremontnogo-uchastka-47907746.html
50599238,Электромонтер по ремонту и обслуживанию электрооборудования 3-го разряда,25000,30000,rub,"['Услуги, ремонт, сервисное обслуживание', 'Рабочий персонал', 'Строительство, проектирование, недвижимость']","['Телекоммуникационное оборудование и сети', 'Промышленное оборудование', 'Рабочий персонал, разное', 'Слаботочные системы и сети']",Москва,['Савёловская'],['МЦД4'],['mediumaquamarine'],"Москва, улица Сущёвский Вал, 1",4887815,,более 5000,62.0,Социальный фонд России,От 1 года,Сменный график работы,Не имеет значения,55.79351,37.590542,https://www.superjob.ru/vakansii/elektromonter-po-remontu-i-obsluzhivaniyu-elektrooborudovaniya-3-go-razryada-50599238.html
50815893,Слесарь по ремонту автомобилей-автоэлектрик,180000,230000,rub,"['Промышленность, производство', 'Услуги, ремонт, сервисное обслуживание', 'Рабочий персонал']","['Автомобильная промышленность', 'Автосервис', 'Квалифицированный рабочий']",Балей,[],[],[],,938739,,более 5000,34.0,Горно-металлургический комплекс,От 1 года,Работа вахтовым методом,Не имеет значения,,,https://balej.superjob.ru/vakansii/slesar-po-remontu-avtomobilej-avtoelektrik-50815893.html
51022449,Водитель-экспедитор на доставку бытовой техники,114000,140000,rub,"['Транспорт, логистика, ВЭД', 'Услуги, ремонт, сервисное обслуживание']","['Автоперевозки', 'Складское хозяйство', 'Автосервис']",Алексин,[],[],[],"Московская область, муниципальный округ Чехов, село Новосёлки, промышленная зона Новосёлки, вл11с5",100593,,более 5000,1143.0,"Группа ""М. Видео-Эльдорадо""",От 1 года,Сменный график работы,Не имеет значения,55.123512,37.549759,https://aleksin.superjob.ru/vakansii/voditel-ekspeditor-na-dostavku-bytovoj-tehniki-51022449.html
50911719,Уборщик,45000,0,rub,"['Услуги, ремонт, сервисное обслуживание']",['Клининг'],Красногорск,[],[],[],"Московская область, Красногорск",3894821,,100 — 500,84.0,Полар,От 1 года,Полный рабочий день,Не имеет значения,55.82037,37.319485,https://krasnogorsk.superjob.ru/vakansii/uborschik-50911719.html
51070422,Старший инженер по ремонту сельскохозяйственной техники,0,0,rub,"['Промышленность, производство', 'Услуги, ремонт, сервисное обслуживание']","['Сельскохозяйственная техника', 'Промышленное оборудование']",Тамбов,[],[],[],Тамбовская область,874575,,1000 — 5000,8229.0,ГК Русагро,От 3 лет,Полный рабочий день,Не имеет значения,52.474697,41.592258,https://tambov.superjob.ru/vakansii/starshij-inzhener-po-remontu-selskohozyajstvennoj-tehniki-51070422.html
51013667,"Оператор АЗС (ул. Хваткова, 32Д)",53800,0,rub,"['Услуги, ремонт, сервисное обслуживание', 'Продажи']","['Автосервис', 'ГСМ, нефть', 'Косметика, бытовая химия', 'Товары народного потребления', 'Другое']",Ульяновск,[],[],[],"Ульяновск, улица Хваткова, 32",2531979,,более 5000,97.0,Башнефть-Розница,Без опыта,Полный рабочий день,Не имеет значения,54.259075,48.253922,https://ulyanovsk.superjob.ru/vakansii/operator-azs-51013667.html
51154490,Оператор-наладчик линии этикетировки консервной продукции,80000,100000,rub,"['Промышленность, производство', 'Услуги, ремонт, сервисное обслуживание', 'Рабочий персонал']","['Промышленное оборудование', 'Промышленное оборудование', 'Рабочий персонал, разное', 'Квалифицированный рабочий']",Балашиха,[],[],[],"Московская область, Балашиха, микрорайон Саввино, Саввинская улица, 12",3955009,,менее 50,13.0,Заднепровская Анна Сергеевна,От 1 года,Полный рабочий день,Не имеет значения,55.727142,38.029324,https://balashiha.superjob.ru/vakansii/operator-naladchik-linii-etiketirovki-konservnoj-produkcii-51154490.html
51156673,Санитарка-уборщица,55000,0,rub,"['Медицина, фармацевтика, ветеринария', 'Услуги, ремонт, сервисное обслуживание', 'Рабочий персонал']","['Другое', 'Клининг', 'Рабочий персонал, разное']",Балашиха,[],[],[],"Московская область, Балашиха, микрорайон Железнодорожный, Новая улица, 22А",3418529,,100 — 500,142.0,"МНОГОПРОФИЛЬНАЯ СЕТЬ КЛИНИК ""СЕМЕЙНЫЙ МЕДИЦИНСКИЙ ЦЕНТР""",Без опыта,Полный рабочий день,Не имеет значения,55.747334,38.020512,https://balashiha.superjob.ru/vakansii/sanitarka-uborschica-51156673.html
51181154,"Горничная на вахту на север (ЯНАО, ХМАО, Чукотка, Таймыр)",109000,142500,rub,"['Услуги, ремонт, сервисное обслуживание', 'Домашний персонал']","['Клининг', 'Уборка и помощь по дому']",Сыктывкар,[],[],[],,4744563,,1000 — 5000,4189.0,АКС,Без опыта,Работа вахтовым методом,Не имеет значения,,,https://syktyvkar.superjob.ru/vakansii/gornichnaya-na-vahtu-na-sever-51181154.html
51209076,Мойщица/Мойщик посуды,77000,0,rub,"['Туризм, гостиницы, общественное питание', 'Услуги, ремонт, сервисное обслуживание', 'Рабочий персонал']","['Рестораны, кафе, столовые, фастфуд', 'Клининг', 'Рабочий персонал, разное']",Москва,"['Рассказовка', 'Пыхтино', 'Аэропорт Внуково']","['Калининско-Солнцевская', 'Калининско-Солнцевская', 'Калининско-Солнцевская']","['yellow', 'yellow', 'yellow']","Москва, Новомосковский административный округ, аэропорт Внуково имени А.Н. Туполева",2720788,,1000 — 5000,47.0,Международный аэропорт Внуково,Без опыта,Сменный график работы,Не имеет значения,55.605057,37.286293,https://www.superjob.ru/vakansii/mojschica-51209076.html
51256282,Мойщик-уборщик (столовая),198196,0,rub,"['Туризм, гостиницы, общественное питание', 'Услуги, ремонт, сервисное обслуживание', 'Рабочий персонал']","['Рестораны, кафе, столовые, фастфуд', 'Клининг', 'Рабочий персонал, разное']",Невельск,[],[],[],"Сахалинская область, Углегорский городской округ, посёлок городского типа Шахтёрск, улица Мира, 30",345901,,1000 — 5000,29.0,Восточная Горнорудная Компания (EMCO),От 1 года,Полный рабочий день,Не имеет значения,49.159546,142.09494,https://yuzhno-sakhalinsk.superjob.ru/vakansii/mojschik-uborschik-51256282.html
51486717,Слесарь по обслуживанию и ремонту оборудования,0,0,rub,"['Услуги, ремонт, сервисное обслуживание', 'Рабочий персонал']","['Автосервис', 'Промышленное оборудование', 'Рабочий персонал, разное', 'Квалифицированный рабочий']",Самара,[],[],[],"Красноярский край, Норильск",4273213,,500 — 1000,5.0,Черногорская ГРК,От 3 лет,Работа вахтовым методом,Среднее специальное,69.343987,88.210396,https://samara.superjob.ru/vakansii/slesar-po-obsluzhivaniyu-i-remontu-oborudovaniya-51486717.html
51725117,Инженер-механик,0,0,rub,"['Промышленность, производство', 'Услуги, ремонт, сервисное обслуживание', 'Рабочий персонал']","['Автомобильная промышленность', 'Промышленное оборудование', 'Промышленное оборудование', 'Рабочий персонал, разное', 'Квалифицированный рабочий']",Москва,[],[],[],жилой квартал Пригород Лесное,2412750,,1000 — 5000,13.0,Самолет,От 1 года,Полный рабочий день,Высшее,56.470215,53.797173,https://www.superjob.ru/vakansii/inzhener-mehanik-51725117.html
51734522,Автослесарь по ремонту грузовых автомобилей,100000,140000,rub,"['Услуги, ремонт, сервисное обслуживание', 'Рабочий персонал']","['Автосервис', 'Квалифицированный рабочий']",Москва,[],[],[],"Москва, Старопокровский проезд",3726411,,менее 50,4.0,СтройПроект-М,От 3 лет,Полный рабочий день,Не имеет значения,55.614323,37.61882,https://www.superjob.ru/vakansii/avtoslesar-po-remontu-gruzovyh-avtomobilej-51734522.html
50640420,Мастер службы электромехаников,0,70000,rub,"['Строительство, проектирование, недвижимость', 'Услуги, ремонт, сервисное обслуживание', 'Рабочий персонал']","['Электроснабжение', 'Слаботочные системы и сети', 'Телекоммуникационное оборудование и сети', 'Промышленное оборудование', 'Квалифицированный рабочий']",Малые Савки (Калужская область),[],[],[],"Кировский район, сельское поселение Большие Савки, деревня Малые Савки",51445,,1000 — 5000,6287.0,Союзснаб,От 1 года,Сменный график работы,Не имеет значения,54.069023,34.228489,https://www.superjob.ru/vakansii/master-sluzhby-elektromehanikov-50640420.html
51752347,Слесарь по ремонту авиационных двигателей с обучением,70000,0,rub,"['Услуги, ремонт, сервисное обслуживание', 'Рабочий персонал']","['Автосервис', 'Квалифицированный рабочий']",Гатчина,[],[],[],"Ленинградская область, Гатчина, улица Григорина, 7А",572951,,1000 — 5000,27.0,ОДК-СЕРВИС,От 1 года,Полный рабочий день,Не имеет значения,59.562233,30.103622,https://gatchina.superjob.ru/vakansii/slesar-po-remontu-aviacionnyh-dvigatelej-s-obucheniem-51752347.html
50340941,Автоэлектрик,69000,69000,rub,"['Транспорт, логистика, ВЭД', 'Услуги, ремонт, сервисное обслуживание', 'Рабочий персонал']","['Автоперевозки', 'Автосервис', 'Другое', 'Начало карьеры, мало опыта', 'Квалифицированный рабочий']",Шлиссельбург,[],[],[],"Ленинградская область, Кировский район, Шлиссельбург",666117,,1000 — 5000,80.0,Птицефабрика Синявинская,От 1 года,Полный рабочий день,Не имеет значения,59.944958,31.034754,https://shlisselburg.superjob.ru/vakansii/avtoelektrik-50340941.html
51767230,Слесарь по ремонту газового оборудования,100000,150000,rub,"['Услуги, ремонт, сервисное обслуживание', 'Рабочий персонал']","['Промышленное оборудование', 'Квалифицированный рабочий']",Москва,[],[],[],"Москва, Мрузовский переулок, 11с1",202378,,1000 — 5000,36.0,МОСГАЗ,От 1 года,Полный рабочий день,Не имеет значения,55.75745,37.667419,https://www.superjob.ru/vakansii/slesar-po-remontu-gazovogo-oborudovaniya-51767230.html
51768476,Электромонтер по ремонту и обслуживанию электрооборудования 5 разряд,0,78800,rub,"['Услуги, ремонт, сервисное обслуживание']","['Телекоммуникационное оборудование и сети', 'Промышленное оборудование']",Санкт-Петербург,[],[],[],"Санкт-Петербург, Ленинский проспект, 140к2",441150,,более 5000,126.0,"СПб ГУП ""Горэлектротранс""",От 1 года,Полный рабочий день,Не имеет значения,59.85627,30.285002,https://spb.superjob.ru/vakansii/elektromonter-po-remontu-i-obsluzhivaniyu-elektrooborudovaniya-5-razryad-51768476.html
51767151,Ведущий инженер по подключению абонентов,55000,60000,rub,"['Промышленность, производство', 'Услуги, ремонт, сервисное обслуживание', 'Строительство, проектирование, недвижимость']","['Промышленное оборудование', 'Телекоммуникационное оборудование и сети', 'Слаботочные системы и сети']",Уруссу,[],[],[],"Республика Татарстан (Татарстан), Ютазинский район, посёлок городского типа Уруссу, Уруссинская улица, 44",4243646,,более 5000,1.0,Таттелеком,От 1 года,Полный рабочий день,Не имеет значения,54.599434,53.467258,https://urussu.superjob.ru/vakansii/veduschij-inzhener-po-podklyucheniyu-abonentov-51767151.html
51827373,Приемщик в Гипермаркет Магнит,42200,58600,rub,"['Транспорт, логистика, ВЭД', 'Услуги, ремонт, сервисное обслуживание']","['Складское хозяйство', 'Автосервис']",Краснодар,[],[],[],"Краснодар, Ставропольская, 100",280168,,более 5000,18164.0,"Магнит, Розничная сеть",Не имеет значения,Сменный график работы,Не имеет значения,45.019066,38.998642,https://krasnodar.superjob.ru/vakansii/priemschik-v-gipermarket-magnit-51827373.html
51830816,Электромонтер по ремонту и обслуживанию электрооборудования,169000,196000,rub,"['Строительство, проектирование, недвижимость', 'Услуги, ремонт, сервисное обслуживание', 'Рабочий персонал']","['Строительно-монтажные работы', 'Электроснабжение', 'Телекоммуникационное оборудование и сети', 'Промышленное оборудование', 'Квалифицированный рабочий']",Бованенково (газовое месторождение),[],[],[],,4407559,,менее 50,21.0,ГСП-6,От 1 года,Полный рабочий день,Не имеет значения,,,https://bovanenkovo.superjob.ru/vakansii/elektromonter-po-remontu-i-obsluzhivaniyu-elektrooborudovaniya-51830816.html
51824375,Главный механик (Лобня),0,0,rub,"['Услуги, ремонт, сервисное обслуживание', 'Топ-персонал']","['Автосервис', 'Металлоремонт', 'Промышленное оборудование', 'Промышленность, производство, сельское хозяйство', 'Услуги, ремонт, сервисное обслуживание']",Москва,[],[],[],"Московская область, Лобня, улица Лейтенанта Бойко, 104А",196244,,более 5000,28.0,Металл Профиль,От 6 лет,Полный рабочий день,Не имеет значения,56.023174,37.437138,https://www.superjob.ru/vakansii/glavnyj-mehanik-51824375.html
51697894,Портной-консультант (ТЦ Outlet Fashion House),40000,0,rub,"['Дизайн', 'Услуги, ремонт, сервисное обслуживание', 'Продажи', 'Рабочий персонал']","['Мода\xa0и\xa0Аксессуары', 'Ателье', 'Текстиль, одежда, обувь', 'Квалифицированный рабочий']",Санкт-Петербург,[],[],[],"Ленинградская область, Ломоносовский район, Виллозское городское поселение, посёлок Новогорелово, Красносельское шоссе, 59",15563,,1000 — 5000,2843.0,Дом Моды HENDERSON,От 1 года,Полный рабочий день,Не имеет значения,59.792988,30.143616,https://spb.superjob.ru/vakansii/portnoj-konsultant-51697894.html
51673676,Рабочий по комплексному обслуживанию зданий,29000,0,rub,"['Административная работа, секретариат, АХО', 'Строительство, проектирование, недвижимость', 'Услуги, ремонт, сервисное обслуживание', 'Рабочий персонал']","['АХО', 'Строительно-монтажные работы', 'Эксплуатация зданий', 'Другое', 'Рабочий персонал, разное']",Санкт-Петербург,[],[],[],"Санкт-Петербург, набережная канала Грибоедова, 30-32",4763170,,1000 — 5000,29.0,СПбГЭУ,От 1 года,Полный рабочий день,Не имеет значения,59.931915,30.32593,https://spb.superjob.ru/vakansii/rabochij-po-kompleksnomu-obsluzhivaniyu-zdanij-51673676.html
51869565,Уборщица,40000,40000,rub,"['Услуги, ремонт, сервисное обслуживание']",['Клининг'],Санкт-Петербург,['Петроградская'],['Московско-Петроградская'],['blue'],"Санкт-Петербург, улица Чапыгина, 6",2291725,,менее 50,3.0,СРМ ПРОМАЛЬП,Без опыта,Полный рабочий день,Не имеет значения,59.973812,30.308861,https://spb.superjob.ru/vakansii/uborschica-51869565.html
51869599,Слесарь по ремонту автомобилей,0,181000,rub,"['Промышленность, производство', 'Услуги, ремонт, сервисное обслуживание', 'Рабочий персонал']","['Автомобильная промышленность', 'Автосервис', 'Квалифицированный рабочий']",Советск (Тульская область),[],[],[],,867018,,1000 — 5000,45.0,Амур Золото,От 1 года,Полный рабочий день,Не имеет значения,,,https://sovetsk71.superjob.ru/vakansii/slesar-po-remontu-avtomobilej-51869599.html
50804836,Автоэлектрик,150000,0,rub,"['Услуги, ремонт, сервисное обслуживание', 'Рабочий персонал']","['Автосервис', 'Квалифицированный рабочий']",Москва,['Южная'],['Серпуховско-Тимирязевская'],['gray'],"Москва, Дорожная улица, 3к5А",1989605,,100 — 500,81.0,Консул медиа,От 1 года,Полный рабочий день,Не имеет значения,55.616116,37.633293,https://www.superjob.ru/vakansii/avtoelektrik-50804836.html
51121951,Уборщица/Уборщик в магазин ХС/МО (ТЦ Авиапарк),0,0,rub,"['Услуги, ремонт, сервисное обслуживание']",['Клининг'],Москва,"['Аэропорт', 'Полежаевская', 'ЦСКА']","['Замоскворецкая', 'Таганско-Краснопресненская', 'Большая кольцевая линия']","['green', 'violet', 'cian']","Москва, Ходынский бульвар, 4",31255,,более 5000,23.0,FES retail,Без опыта,Полный рабочий день,Не имеет значения,55.79023,37.531288,https://www.superjob.ru/vakansii/uborschica-51121951.html
51781336,Приемщик химчистки в приемный пункт (г. Зеленоград),33000,0,rub,"['Услуги, ремонт, сервисное обслуживание', 'Рабочий персонал']","['Химчистки, прачечные', 'Рабочий персонал, разное']",Зеленоград,[],[],[],"Московская обл, г Солнечногорск, пгт Голубое, Тверецкий пр-д, стр 2А",3797376,,менее 50,337.0,JOBCART.RU,Без опыта,Полный рабочий день,Не имеет значения,55.983727,37.098877,https://zelenograd.superjob.ru/vakansii/priemschik-himchistki-v-priemnyj-punkt-51781336.html
51801627,Слесарь-ремонтник,0,47000,rub,"['Услуги, ремонт, сервисное обслуживание', 'Рабочий персонал']","['Промышленное оборудование', 'Рабочий персонал, разное', 'Квалифицированный рабочий']",Брянск,[],[],[],"Брянск, Вокзальная, 9",2466656,,более 5000,3173.0,Российские железные дороги,Без опыта,Полный рабочий день,Среднее,53.314358,34.311062,https://bryansk.superjob.ru/vakansii/slesar-remontnik-51801627.html
51846548,"Пекарь (Заволжье, Дзержинского, 35)",50400,57900,rub,"['Услуги, ремонт, сервисное обслуживание', 'Продажи']","['Химчистки, прачечные', 'Оптовая торговля']",Заволжье,[],[],[],,2635306,,более 5000,45940.0,Пятёрочка,Не имеет значения,Частичная занятость / Совместительство,Не имеет значения,,,https://zavolzhe.superjob.ru/vakansii/pekar-51846548.html
51833640,Автоэлектрик грузовых автомобилей,350000,500000,rub,"['Услуги, ремонт, сервисное обслуживание', 'Рабочий персонал']","['Автосервис', 'Квалифицированный рабочий']",Домодедово,[],[],[],"Московская область, Домодедово, Центральный микрорайон, Станционная улица, 3а",0,,,,,От 1 года,Работа вахтовым методом,Не имеет значения,55.444492,37.774551,https://domodedovo.superjob.ru/vakansii/avtoelektrik-gruzovyh-avtomobilej-51833640.html
34319137,Оператор АЗС (п. Сургут),0,0,rub,"['Услуги, ремонт, сервисное обслуживание', 'Продажи']","['Автосервис', 'ГСМ, нефть']",Сергиевск,[],[],[],,2531979,,более 5000,97.0,Башнефть-Розница,Не имеет значения,Сменный график работы,Высшее,,,https://sergievsk.superjob.ru/vakansii/operator-azs-34319137.html
43638869,Электромонтер по ремонту и монтажу кабельных линий (ХА),79000,92000,rub,"['Строительство, проектирование, недвижимость', 'Услуги, ремонт, сервисное обслуживание', 'Рабочий персонал']","['Строительно-монтажные работы', 'Телекоммуникационное оборудование и сети', 'Промышленное оборудование', 'Квалифицированный рабочий']",Хабаровск,[],[],[],"Хабаровск, Железнодорожный район",2464328,,1000 — 5000,40.0,Хабаровский аэропорт,От 1 года,Полный рабочий день,Среднее специальное,48.489887,135.13652,https://habarovsk.superjob.ru/vakansii/elektromonter-po-remontu-i-montazhu-kabelnyh-linij-43638869.html
29030255,Уборщик служебных помещений,25000,0,rub,"['Услуги, ремонт, сервисное обслуживание']",['Клининг'],Ростов-на-Дону,[],[],[],"Ростов-на-Дону, микрорайон Северный, проспект Космонавтов, 6/1",782678,,500 — 1000,0.0,ГБУ РО ГП № 16 В Г. РОСТОВЕ-НА-ДОНУ,Без опыта,Полный рабочий день,Не имеет значения,47.285175,39.716927,https://rnd.superjob.ru/vakansii/uborschik-sluzhebnyh-pomeschenij-29030255.html
47171493,Администратор автосервиса,28000,60000,rub,"['Административная работа, секретариат, АХО', 'Услуги, ремонт, сервисное обслуживание']","['Секретариат, ресепшн, офис-менеджмент', 'Автосервис']",Ангарск,[],[],[],"Иркутская область, Ангарск, 257-й квартал, 4",4515326,,менее 50,1.0,Зырянов Петр Игоревич,От 1 года,Сменный график работы,Не имеет значения,52.503723,103.870026,https://angarsk.superjob.ru/vakansii/administrator-avtoservisa-47171493.html
48641459,Электрослесарь (слесарь) дежурный и по ремонту оборудования (с и. о. аккумуляторщика),150000,183000,rub,"['Строительство, проектирование, недвижимость', 'Услуги, ремонт, сервисное обслуживание', 'Рабочий персонал']","['Электроснабжение', 'Промышленное оборудование', 'Рабочий персонал, разное', 'Квалифицированный рабочий']",Хабаровск,[],[],[],,465572,,1000 — 5000,559.0,"Артель старателей ""Амур""",От 1 года,Работа вахтовым методом,Не имеет значения,,,https://habarovsk.superjob.ru/vakansii/elektroslesar-48641459.html
47837386,Швея на производство,65000,0,rub,"['Промышленность, производство', 'Услуги, ремонт, сервисное обслуживание', 'Рабочий персонал']","['Легкая промышленность', 'Ателье', 'Рабочий персонал, разное', 'Квалифицированный рабочий']",Москва,"['Преображенская площадь', 'Электрозаводская', 'Семёновская']","['Сокольническая', 'МЦД3', 'Арбатско-Покровская']","['red', 'orangered', 'darkblue']","Москва, Малая Семёновская улица, 30с1",4546848,,менее 50,1.0,ТД ПРОКЕЙС,От 1 года,Полный рабочий день,Не имеет значения,55.783413,37.71698,https://www.superjob.ru/vakansii/shveya-na-proizvodstvo-47837386.html
49656440,Мастер по обслуживанию абонентов,50000,65000,rub,"['IT, Интернет, связь, телеком', 'Строительство, проектирование, недвижимость', 'Услуги, ремонт, сервисное обслуживание', 'Рабочий персонал']","['Телекоммуникации и связь', 'Электроснабжение', 'Слаботочные системы и сети', 'Телекоммуникационное оборудование и сети', 'Рабочий персонал, разное']",Димитровград,[],[],[],Димитровград,24172,,более 5000,72.0,Ростелеком,Без опыта,Полный рабочий день,Среднее,,,https://dimitrovgrad.superjob.ru/vakansii/master-po-obsluzhivaniyu-abonentov-49656440.html
50304730,Инженер по системам диспетчеризации,148800,148800,rub,"['Промышленность, производство', 'Услуги, ремонт, сервисное обслуживание', 'IT, Интернет, связь, телеком']","['Радиотехническая и электронная промышленность', 'Телекоммуникационное оборудование и сети', 'Внедрение и сопровождение ПО']",Москва,"['Рассказовка', 'Пыхтино', 'Аэропорт Внуково']","['Калининско-Солнцевская', 'Калининско-Солнцевская', 'Калининско-Солнцевская']","['yellow', 'yellow', 'yellow']","Москва, Новомосковский административный округ, аэропорт Внуково имени А.Н. Туполева",2720788,,1000 — 5000,47.0,Международный аэропорт Внуково,Без опыта,Полный рабочий день,Среднее специальное,55.605057,37.286293,https://www.superjob.ru/vakansii/inzhener-po-sistemam-dispetcherizacii-50304730.html
47907819,Слесарь по ремонту автомобилей,32900,37800,rub,"['Промышленность, производство', 'Услуги, ремонт, сервисное обслуживание', 'Рабочий персонал']","['Автомобильная промышленность', 'Автосервис', 'Квалифицированный рабочий']",Рязань,[],[],[],"Рязань, улица Военных Автомобилистов, 9",14215,,более 5000,1380.0,Почта России,Без опыта,Полный рабочий день,Среднее специальное,54.61842,39.681454,https://ryazan.superjob.ru/vakansii/slesar-po-remontu-avtomobilej-47907819.html
50535039,Уборщик служебных помещений,23000,0,rub,"['Услуги, ремонт, сервисное обслуживание', 'Рабочий персонал']","['Клининг', 'Рабочий персонал, разное']",Солнечногорск,[],[],[],"Московская область, городской округ Солнечногорск, СНТ Радумля, 4",4887815,,более 5000,62.0,Социальный фонд России,Без опыта,Полный рабочий день,Не имеет значения,56.071724,37.147762,https://solnechnogorsk.superjob.ru/vakansii/uborschik-sluzhebnyh-pomeschenij-50535039.html
50922850,Мастер группы ремонта СЦБ и связи,0,0,rub,"['Транспорт, логистика, ВЭД', 'Услуги, ремонт, сервисное обслуживание', 'Рабочий персонал', 'Строительство, проектирование, недвижимость']","['Железнодорожные перевозки', 'Другое', 'Рабочий персонал, разное', 'Квалифицированный рабочий', 'Транспортные системы (мосты, дороги, тоннели)']",Москва,[],[],[],"Московская область, Ленинский городской округ, Видное, Белокаменное шоссе, вл13",173974,,более 5000,67.0,Мечел,От 1 года,Полный рабочий день,Не имеет значения,55.552853,37.760334,https://www.superjob.ru/vakansii/master-gruppy-remonta-scb-i-svyazi-50922850.html
50937793,"Фельдшер-лаборант (бактериологическая лаборатория) (Химки, мкр. Новогорск)",0,65000,rub,"['Медицина, фармацевтика, ветеринария', 'Услуги, ремонт, сервисное обслуживание', 'Закупки, снабжение']","['Больницы, поликлиники, диагностические центры, лаборатории', 'Средний и младший медицинский персонал', 'Ритуальные услуги', 'Начало карьеры, мало опыта']",Москва,[],[],[],"Московская область, Химки, микрорайон Новогорск, Ивановская улица, 15А",4803612,,менее 50,0.0,ФГБУ ФКЦ ВМТ ФМБА РОССИИ,От 3 лет,Полный рабочий день,Не имеет значения,55.905106,37.336212,https://www.superjob.ru/vakansii/feldsher-laborant-50937793.html
51022461,Водитель доставки бытовой техники,114000,140000,rub,"['Транспорт, логистика, ВЭД', 'Услуги, ремонт, сервисное обслуживание']","['Автоперевозки', 'Автосервис']",Серпухов,[],[],[],"Московская область, муниципальный округ Чехов, село Новосёлки, промышленная зона Новосёлки, вл11с5",100593,,более 5000,1143.0,"Группа ""М. Видео-Эльдорадо""",От 1 года,Сменный график работы,Не имеет значения,55.123512,37.549759,https://serpukhov.superjob.ru/vakansii/voditel-dostavki-bytovoj-tehniki-51022461.html
50911726,Уборщик в школу,40000,0,rub,"['Услуги, ремонт, сервисное обслуживание']",['Клининг'],Красногорск,[],[],[],"Московская область, городской округ Красногорск, село Николо-Урюпино, улица Полковника Глазунова, 15",3894821,,100 — 500,84.0,Полар,От 1 года,Полный рабочий день,Не имеет значения,55.817535,37.207329,https://krasnogorsk.superjob.ru/vakansii/uborschik-v-shkolu-50911726.html
51156674,Санитарка-уборщица,55000,0,rub,"['Медицина, фармацевтика, ветеринария', 'Услуги, ремонт, сервисное обслуживание', 'Рабочий персонал']","['Другое', 'Клининг', 'Рабочий персонал, разное']",Железнодорожный,[],[],[],"Московская область, Балашиха, микрорайон Железнодорожный, Новая улица, 22А",3418529,,100 — 500,142.0,"МНОГОПРОФИЛЬНАЯ СЕТЬ КЛИНИК ""СЕМЕЙНЫЙ МЕДИЦИНСКИЙ ЦЕНТР""",Без опыта,Полный рабочий день,Не имеет значения,55.747334,38.020512,https://zheleznodorozhniy.superjob.ru/vakansii/sanitarka-uborschica-51156674.html
51181158,"Горничная на вахту на север (ЯНАО, ХМАО, Чукотка, Таймыр)",109000,142500,rub,"['Туризм, гостиницы, общественное питание', 'Услуги, ремонт, сервисное обслуживание']","['Гостиницы, отели, кемпинги, мотели', 'Клининг']",Волгоград,[],[],[],,4744563,,1000 — 5000,4189.0,АКС,Без опыта,Работа вахтовым методом,Не имеет значения,,,https://volgograd.superjob.ru/vakansii/gornichnaya-na-vahtu-na-sever-51181158.html
51188473,Наладчик кулинарного оборудования,104868,0,rub,"['Промышленность, производство', 'Услуги, ремонт, сервисное обслуживание', 'Рабочий персонал']","['Промышленное оборудование', 'Промышленное оборудование', 'Квалифицированный рабочий']",Санкт-Петербург,[],[],[],"Санкт-Петербург, Пушкин, Тиньков переулок, 7",74315,,более 5000,160.0,Азбука вкуса,От 1 года,Сменный график работы,Не имеет значения,59.699966,30.370783,https://spb.superjob.ru/vakansii/naladchik-kulinarnogo-oborudovaniya-51188473.html
51256283,Мойщик-уборщик (столовая),198196,0,rub,"['Туризм, гостиницы, общественное питание', 'Услуги, ремонт, сервисное обслуживание', 'Рабочий персонал']","['Рестораны, кафе, столовые, фастфуд', 'Клининг', 'Рабочий персонал, разное']",Анива,[],[],[],"Сахалинская область, Углегорский городской округ, посёлок городского типа Шахтёрск, улица Мира, 30",345901,,1000 — 5000,29.0,Восточная Горнорудная Компания (EMCO),От 1 года,Полный рабочий день,Не имеет значения,49.159546,142.09494,https://aniva.superjob.ru/vakansii/mojschik-uborschik-51256283.html
51401698,Инженер по обслуживанию и ремонту вентиляционного оборудования,85000,0,rub,"['Услуги, ремонт, сервисное обслуживание']","['Оборудование для индустрии развлечения и спортивного инвентаря', 'Телекоммуникационное оборудование и сети', 'Промышленное оборудование', 'Торговое, складское, холодильное оборудование', 'Бытовая техника']",Тамбов,[],[],[],"Тамбовский муниципальный округ, село Борщёвка, Придорожная улица, 1",874575,,1000 — 5000,8229.0,ГК Русагро,От 1 года,Полный рабочий день,Не имеет значения,52.589638,41.36351,https://tambov.superjob.ru/vakansii/inzhener-po-obsluzhivaniyu-i-remontu-ventilyacionnogo-oborudovaniya-51401698.html
51489236,Слесарь по обслуживанию и ремонту оборудования,0,0,rub,"['Услуги, ремонт, сервисное обслуживание', 'Рабочий персонал']","['Автосервис', 'Промышленное оборудование', 'Рабочий персонал, разное', 'Квалифицированный рабочий']",Медногорск,[],[],[],"Красноярский край, Норильск",4273213,,500 — 1000,5.0,Черногорская ГРК,От 3 лет,Работа вахтовым методом,Среднее специальное,69.343987,88.210396,https://mednogorsk.superjob.ru/vakansii/slesar-po-obsluzhivaniyu-i-remontu-oborudovaniya-51489236.html
31010152,Комплектовщик химчистку,50000,0,rub,"['Транспорт, логистика, ВЭД', 'Услуги, ремонт, сервисное обслуживание', 'Рабочий персонал', 'Службы доставки']","['Складское хозяйство', 'Химчистки, прачечные', 'Рабочий персонал, разное', 'Комплектация заказов']",Москва,"['Войковская', 'Коптево']","['Замоскворецкая', 'МЦК']","['green', 'lightpink']","Москва, Коптевская улица, 69с1",3058622,,1000 — 5000,79.0,"Сеть химчисток ""Диана""",Без опыта,Сменный график работы,Не имеет значения,55.83112,37.51836,https://www.superjob.ru/vakansii/komplektovschik-himchistku-31010152.html
50640427,Слесарь-механик,70000,0,rub,"['Промышленность, производство', 'Услуги, ремонт, сервисное обслуживание', 'Рабочий персонал']","['Автомобильная промышленность', 'Промышленное оборудование', 'Автосервис', 'Промышленное оборудование', 'Квалифицированный рабочий']",Киров (Калужская область),[],[],[],Барятинский район,51445,,1000 — 5000,6287.0,Союзснаб,Без опыта,Полный рабочий день,Не имеет значения,54.339409,34.548058,https://kirov-kaluga.superjob.ru/vakansii/slesar-mehanik-50640427.html
50340945,Автоэлектрик,69000,0,rub,"['Транспорт, логистика, ВЭД', 'Услуги, ремонт, сервисное обслуживание', 'Рабочий персонал']","['Авиаперевозки', 'Автосервис', 'Другое', 'Начало карьеры, мало опыта', 'Квалифицированный рабочий']",Кировск (Ленинградская обл.),[],[],[],"Ленинградская область, Кировск",666117,,1000 — 5000,80.0,Птицефабрика Синявинская,От 1 года,Полный рабочий день,Не имеет значения,59.875332,30.981457,https://kirovsk-spb.superjob.ru/vakansii/avtoelektrik-50340945.html
51767149,Оператор поломоечной машины,75680,75680,rub,"['Услуги, ремонт, сервисное обслуживание']",['Клининг'],Москва,['Курская'],['МЦД4'],['mediumaquamarine'],"Москва, Мрузовский переулок, 11с1",202378,,1000 — 5000,36.0,МОСГАЗ,Без опыта,Полный рабочий день,Не имеет значения,55.75745,37.667419,https://www.superjob.ru/vakansii/operator-polomoechnoj-mashiny-51767149.html
51768469,Уборщик территории,0,55900,rub,"['Услуги, ремонт, сервисное обслуживание', 'Рабочий персонал']","['Клининг', 'Рабочий персонал, разное']",Санкт-Петербург,[],[],[],"Санкт-Петербург, Ленинский проспект, 140к2",441150,,более 5000,126.0,"СПб ГУП ""Горэлектротранс""",Без опыта,Полный рабочий день,Не имеет значения,59.85627,30.285002,https://spb.superjob.ru/vakansii/uborschik-territorii-51768469.html
51769958,Электромонтер по ремонту электрооборудования электростанций 4 разряда,55000,65000,rub,"['Строительство, проектирование, недвижимость', 'Услуги, ремонт, сервисное обслуживание', 'Рабочий персонал']","['Эксплуатация зданий', 'Электроснабжение', 'Промышленное оборудование', 'Рабочий персонал, разное', 'Квалифицированный рабочий']",Вологда,[],[],[],"Вологда, Советский проспект, 141А",3842962,,менее 50,0.0,ТГК-2,От 1 года,Полный рабочий день,Не имеет значения,59.192348,39.945244,https://vologda.superjob.ru/vakansii/elektromonter-po-remontu-elektrooborudovaniya-elektrostancij-4-razryada-51769958.html
51779186,Диспетчер вспомогательной техники,0,0,rub,"['Административная работа, секретариат, АХО', 'Промышленность, производство', 'Услуги, ремонт, сервисное обслуживание', 'Рабочий персонал']","['Диспетчерская служба', 'Промышленное оборудование', 'Промышленное оборудование', 'Квалифицированный рабочий']",Красноярск,[],[],[],"Красноярский край, Северо-Енисейский округ, вахтовый посёлок Еруда",1996534,,более 5000,45.0,Группа Полюс,От 1 года,Полный рабочий день,Не имеет значения,59.886845,92.898277,https://krasnoyarsk.superjob.ru/vakansii/dispetcher-vspomogatelnoj-tehniki-51779186.html
51779192,Продавец отдела Рыба и морепродукты,0,0,rub,"['Продажи', 'Услуги, ремонт, сервисное обслуживание']","['Агентства недвижимости, оценка недвижимости', 'Автосервис']",Одинцово,[],[],[],"Россия, Московская обл, г Одинцово, рп Новоивановское, Можайское шоссе, д 110",154882,,более 5000,605.0,Ашан,Без опыта,Полный рабочий день,Не имеет значения,55.712055,37.370525,https://odintsovo.superjob.ru/vakansii/prodavec-otdela-ryba-i-moreprodukty-51779192.html
51793927,Мастер бригады по ремонту наружного освещения (Юг),92100,138150,rub,"['Услуги, ремонт, сервисное обслуживание']","['Автосервис', 'Металлоремонт', 'Телекоммуникационное оборудование и сети', 'Торговое, складское, холодильное оборудование', 'Бытовая техника']",Москва,[],[],[],"Москва, Днепропетровский проезд, 4А",4019802,,более 5000,44.0,Объединенная энергетическая компания,От 1 года,Полный рабочий день,Не имеет значения,55.619732,37.61496,https://www.superjob.ru/vakansii/master-brigady-po-remontu-naruzhnogo-osvescheniya-51793927.html
51827280,Мойщик-уборщик на производство,0,46000,rub,"['Туризм, гостиницы, общественное питание', 'Услуги, ремонт, сервисное обслуживание', 'Рабочий персонал']","['Рестораны, кафе, столовые, фастфуд', 'Клининг', 'Рабочий персонал, разное']",Новотитаровская,[],[],[],"Новотитаровская, Новотитаровская",280168,,более 5000,18164.0,"Магнит, Розничная сеть",Не имеет значения,Полный рабочий день,Не имеет значения,45.246113,38.946754,https://novotitarovskaya.superjob.ru/vakansii/mojschik-uborschik-na-proizvodstvo-51827280.html
51708082,Строитель линий связи,65500,0,rub,"['Строительство, проектирование, недвижимость', 'Услуги, ремонт, сервисное обслуживание', 'Рабочий персонал']","['Строительно-монтажные работы', 'Слаботочные системы и сети', 'Телекоммуникационное оборудование и сети', 'Рабочий персонал, разное']",Набережные Челны,[],[],[],"Республика Татарстан (Татарстан), Набережные Челны, проспект Мира, 20/18",4243646,,более 5000,1.0,Таттелеком,Без опыта,Полный рабочий день,Не имеет значения,55.728943,52.393665,https://naberezhnye-chelny.superjob.ru/vakansii/stroitel-linij-svyazi-51708082.html
51799416,Портной-консультант (ТРЦ Амбар),70000,0,rub,"['Продажи', 'Промышленность, производство', 'Услуги, ремонт, сервисное обслуживание']","['Call Center', 'Услуги для бизнеса', 'Легкая промышленность', 'Ателье']",Самара,[],[],[],"Самара, Южное шоссе, 5",15563,,1000 — 5000,2843.0,Дом Моды HENDERSON,От 1 года,Полный рабочий день,Не имеет значения,53.140373,50.173615,https://samara.superjob.ru/vakansii/portnoj-konsultant-51799416.html
51783628,Санитарка / Санитар / Уборщица,55000,55000,rub,"['Медицина, фармацевтика, ветеринария', 'Услуги, ремонт, сервисное обслуживание', 'Рабочий персонал']","['Другое', 'Клининг', 'Рабочий персонал, разное']",Санкт-Петербург,[],[],[],"Санкт-Петербург, Кузнецовская улица, 25",3586161,,менее 50,1.0,КардиоКлиника,Без опыта,Полный рабочий день,Не имеет значения,59.871391,30.332603,https://spb.superjob.ru/vakansii/sanitarka-51783628.html
51780591,Ведущий инженер,75000,80000,rub,"['Промышленность, производство', 'Услуги, ремонт, сервисное обслуживание', 'Строительство, проектирование, недвижимость']","['Промышленное оборудование', 'Телекоммуникационное оборудование и сети', 'Промышленное оборудование', 'Компьютеры и оргтехника', 'Слаботочные системы и сети']",Санкт-Петербург,[],[],[],"Санкт-Петербург, набережная канала Грибоедова, 30-32",4763170,,1000 — 5000,29.0,СПбГЭУ,От 1 года,Полный рабочий день,Не имеет значения,59.931915,30.32593,https://spb.superjob.ru/vakansii/veduschij-inzhener-51780591.html
49908675,Автослесарь,80000,0,rub,"['Услуги, ремонт, сервисное обслуживание']",['Автосервис'],Южно-Сахалинск,[],[],[],"Южно-Сахалинск, проспект Мира 1/1",2544342,,менее 50,1.0,Сахспецсервис,От 3 лет,Полный рабочий день,Не имеет значения,47.031288,142.748993,https://yuzhno-sakhalinsk.superjob.ru/vakansii/avtoslesar-49908675.html
50536254,Мастер по ремонту складского оборудования,75000,0,rub,"['Промышленность, производство', 'Услуги, ремонт, сервисное обслуживание', 'Рабочий персонал']","['Промышленное оборудование', 'Промышленное оборудование', 'Квалифицированный рабочий']",Домодедово,[],[],[],"городской округ Домодедово, аэропорт Домодедово имени М.В. Ломоносова, 8",4016438,,более 5000,44.0,Московский аэропорт Домодедово,Без опыта,Сменный график работы,Среднее специальное,55.418175,37.889797,https://domodedovo.superjob.ru/vakansii/master-po-remontu-skladskogo-oborudovaniya-50536254.html
51121954,Уборщица/Уборщик в магазин ХС (ТЦ Галерея),0,0,rub,"['Услуги, ремонт, сервисное обслуживание']",['Клининг'],Санкт-Петербург,['Маяковская'],['Невско-Василеостровская'],['green'],"Санкт-Петербург, Лиговский проспект, 30",31255,,более 5000,23.0,FES retail,Без опыта,Полный рабочий день,Не имеет значения,59.927559,30.360613,https://spb.superjob.ru/vakansii/uborschica-51121954.html
51152096,"Инженер по организации, эксплуатации и ремонту инженерно-технических средств охраны",58500,58500,rub,"['Промышленность, производство', 'Услуги, ремонт, сервисное обслуживание']","['Другое', 'Другое']",Арамиль,[],[],[],"Арамиль, улица Гарнизон, 11Ас1",572951,,1000 — 5000,27.0,ОДК-СЕРВИС,От 1 года,Полный рабочий день,Не имеет значения,56.697681,60.799534,https://aramil.superjob.ru/vakansii/inzhener-po-organizacii-51152096.html
51799350,Электромонтер по ремонту и обслуживанию электрооборудования,74000,0,rub,"['Услуги, ремонт, сервисное обслуживание']","['Телекоммуникационное оборудование и сети', 'Промышленное оборудование']",Москва,[],[],[],"Москва, Стройкомбината, 2",2466656,,более 5000,3173.0,Российские железные дороги,Без опыта,Полный рабочий день,Среднее,55.683113,37.449364,https://www.superjob.ru/vakansii/elektromonter-po-remontu-i-obsluzhivaniyu-elektrooborudovaniya-51799350.html
51799625,Водитель уборочной техники,70000,82000,rub,"['Транспорт, логистика, ВЭД', 'Услуги, ремонт, сервисное обслуживание']","['Автоперевозки', 'Автосервис']",Москва,['Фрунзенская'],['Сокольническая'],['red'],"Москва, Фрунзенская набережная, 22стр4",0,,,,,Без опыта,Частичная занятость / Совместительство,Не имеет значения,55.72654,37.589912,https://www.superjob.ru/vakansii/voditel-uborochnoj-tehniki-51799625.html
51846528,"Администратор магазина (Белгород, Юности, 5Б)",50000,75000,rub,"['Административная работа, секретариат, АХО', 'Услуги, ремонт, сервисное обслуживание']","['Архивное дело', 'Диспетчерская служба', 'Психологическое консультирование']",Белгород,[],[],[],,2635306,,более 5000,45940.0,Пятёрочка,От 1 года,Полный рабочий день,Не имеет значения,,,https://belgorod.superjob.ru/vakansii/administrator-magazina-51846528.html
45496784,Автодиагност / Автоэлектрик,30000,0,rub,"['Услуги, ремонт, сервисное обслуживание']",['Автосервис'],Пенза,[],[],[],"Пенза, Ульяновская улица, 71",4422678,,менее 50,1.0,ТЕПЛОЦЕНТРАЛЬ,Без опыта,Полный рабочий день,Не имеет значения,53.23592,44.916904,https://penza.superjob.ru/vakansii/avtodiagnost-45496784.html
44502315,Слесарь (ремонт оборудования цеха),98000,0,rub,"['Промышленность, производство', 'Услуги, ремонт, сервисное обслуживание', 'Рабочий персонал']","['Металлургия', 'Другое', 'Промышленное оборудование', 'Рабочий персонал, разное', 'Квалифицированный рабочий']",Видное,[],[],[],"Видное, Белокаменное шоссе, вл13",173974,,более 5000,67.0,Мечел,Без опыта,Полный рабочий день,Среднее,,,https://vidnoe.superjob.ru/vakansii/slesar-44502315.html
46808798,Слесарь-ремонтник,38000,0,rub,"['Услуги, ремонт, сервисное обслуживание', 'Рабочий персонал']","['Промышленное оборудование', 'Рабочий персонал, разное', 'Квалифицированный рабочий']",Смоленск,[],[],[],"Смоленск, улица Соболева, 5",4484806,,менее 50,28.0,"СМОЛЕНСКОЕ МУНИЦИПАЛЬНОЕ УНИТАРНОЕ ПРЕДПРИЯТИЕ ""ГОРВОДОКАНАЛ""",Не имеет значения,Полный рабочий день,Не имеет значения,54.791058,32.058582,https://smolensk.superjob.ru/vakansii/slesar-remontnik-46808798.html
46915740,Автомеханик,80000,120000,rub,"['Услуги, ремонт, сервисное обслуживание']",['Автосервис'],Нахабино,[],[],[],"Московская область, городской округ Истра, деревня Чёрная",4482610,,менее 50,1.0,ATVTUN,Без опыта,Полный рабочий день,Среднее специальное,55.844284,37.13163,https://nakhabino.superjob.ru/vakansii/avtomehanik-46915740.html
48641468,Электрослесарь (слесарь) дежурный и по ремонту оборудования (с и. о. аккумуляторщика),150000,183000,rub,"['Строительство, проектирование, недвижимость', 'Услуги, ремонт, сервисное обслуживание', 'Рабочий персонал']","['Электроснабжение', 'Промышленное оборудование', 'Рабочий персонал, разное', 'Квалифицированный рабочий']",Благовещенск (Амурская область),[],[],[],,465572,,1000 — 5000,559.0,"Артель старателей ""Амур""",От 1 года,Работа вахтовым методом,Не имеет значения,,,https://blagoveshensk.superjob.ru/vakansii/elektroslesar-48641468.html
49105858,Автослесарь-автомеханик,100000,200000,rub,"['Промышленность, производство', 'Услуги, ремонт, сервисное обслуживание', 'Рабочий персонал']","['Автомобильная промышленность', 'Автосервис', 'Квалифицированный рабочий']",Москва,[],[],[],,11854,,1000 — 5000,2.0,СП БИЗНЕС КАР,От 1 года,Сменный график работы,Не имеет значения,,,https://www.superjob.ru/vakansii/avtoslesar-avtomehanik-49105858.html
49656559,Сервисный инженер,50000,0,rub,"['IT, Интернет, связь, телеком', 'Строительство, проектирование, недвижимость', 'Услуги, ремонт, сервисное обслуживание', 'Рабочий персонал']","['Телекоммуникации и связь', 'Электроснабжение', 'Слаботочные системы и сети', 'Телекоммуникационное оборудование и сети', 'Рабочий персонал, разное']",Самара,[],[],[],"Самара, улица Тополей, 7",24172,,более 5000,72.0,Ростелеком,Без опыта,Полный рабочий день,Среднее,53.263569,50.2285,https://samara.superjob.ru/vakansii/servisnyj-inzhener-49656559.html
50535043,Уборщик служебных помещений,23000,0,rub,"['Услуги, ремонт, сервисное обслуживание', 'Рабочий персонал']","['Клининг', 'Рабочий персонал, разное']",Солнечногорск,[],[],[],"Московская область, Солнечногорск, Почтовая улица, 33",4887815,,более 5000,62.0,Социальный фонд России,Без опыта,Полный рабочий день,Не имеет значения,56.181087,36.982273,https://solnechnogorsk.superjob.ru/vakansii/uborschik-sluzhebnyh-pomeschenij-50535043.html
50705529,Электрослесарь по обслуживанию и ремонту оборудования,0,0,rub,"['Строительство, проектирование, недвижимость', 'Услуги, ремонт, сервисное обслуживание', 'Сырье', 'Рабочий персонал']","['Электроснабжение', 'Промышленное оборудование', 'Оборудование', 'Рабочий персонал, разное', 'Квалифицированный рабочий']",Красноярск,[],[],[],,1996534,,более 5000,45.0,Группа Полюс,От 1 года,Работа вахтовым методом,Не имеет значения,,,https://krasnoyarsk.superjob.ru/vakansii/elektroslesar-po-obsluzhivaniyu-i-remontu-oborudovaniya-50705529.html
45679069,Приемщик заказов / Продавец-консультант,40000,0,rub,"['Услуги, ремонт, сервисное обслуживание']","['Химчистки, прачечные']",Москва,['Белорусская'],['МЦД4'],['mediumaquamarine'],"Москва, Тишинская площадь, 1с1",3058622,,1000 — 5000,79.0,"Сеть химчисток ""Диана""",Без опыта,Сменный график работы,Не имеет значения,55.76923,37.583374,https://www.superjob.ru/vakansii/priemschik-zakazov-45679069.html
51013788,Электромонтер по ремонту и обслуживанию электрооборудования,43900,48500,rub,"['Услуги, ремонт, сервисное обслуживание']","['Телекоммуникационное оборудование и сети', 'Промышленное оборудование']",Володарск,[],[],[],,2531979,,более 5000,97.0,Башнефть-Розница,От 1 года,Полный рабочий день,Не имеет значения,,,https://volodarsk.superjob.ru/vakansii/elektromonter-po-remontu-i-obsluzhivaniyu-elektrooborudovaniya-51013788.html
50911692,Уборщик на кухню,40000,0,rub,"['Услуги, ремонт, сервисное обслуживание']",['Клининг'],Красногорск,[],[],[],"Московская область, Красногорск, Успенская улица, 20",3894821,,100 — 500,84.0,Полар,От 1 года,Полный рабочий день,Не имеет значения,55.829399,37.293713,https://krasnogorsk.superjob.ru/vakansii/uborschik-na-kuhnyu-50911692.html
51156675,Санитарка-уборщица,55000,0,rub,"['Медицина, фармацевтика, ветеринария', 'Услуги, ремонт, сервисное обслуживание', 'Рабочий персонал']","['Другое', 'Клининг', 'Рабочий персонал, разное']",Реутов,[],[],[],"Московская область, Балашиха, микрорайон Железнодорожный, Новая улица, 22А",3418529,,100 — 500,142.0,"МНОГОПРОФИЛЬНАЯ СЕТЬ КЛИНИК ""СЕМЕЙНЫЙ МЕДИЦИНСКИЙ ЦЕНТР""",Без опыта,Полный рабочий день,Не имеет значения,55.747334,38.020512,https://reutov.superjob.ru/vakansii/sanitarka-uborschica-51156675.html
51181160,"Горничная на вахту на север (ЯНАО, ХМАО, Чукотка, Таймыр)",109000,142500,rub,"['Туризм, гостиницы, общественное питание', 'Услуги, ремонт, сервисное обслуживание', 'Домашний персонал']","['Гостиницы, отели, кемпинги, мотели', 'Клининг', 'Уборка и помощь по дому']",Астрахань,[],[],[],,4744563,,1000 — 5000,4189.0,АКС,Без опыта,Работа вахтовым методом,Не имеет значения,,,https://astrakhan.superjob.ru/vakansii/gornichnaya-na-vahtu-na-sever-51181160.html
51256284,Мойщик-уборщик (столовая),198196,0,rub,"['Туризм, гостиницы, общественное питание', 'Услуги, ремонт, сервисное обслуживание', 'Рабочий персонал']","['Рестораны, кафе, столовые, фастфуд', 'Клининг', 'Рабочий персонал, разное']",Александровск-Сахалинский,[],[],[],"Сахалинская область, Углегорский городской округ, посёлок городского типа Шахтёрск, улица Мира, 30",345901,,1000 — 5000,29.0,Восточная Горнорудная Компания (EMCO),От 1 года,Полный рабочий день,Не имеет значения,49.159546,142.09494,https://aleksandrovsk-sahalinskiy.superjob.ru/vakansii/mojschik-uborschik-51256284.html
51279588,Автоэлектрик,80000,80000,rub,"['Услуги, ремонт, сервисное обслуживание', 'Рабочий персонал']","['Автосервис', 'Квалифицированный рабочий']",Комсомольск-на-Амуре,[],[],[],"Хабаровский край, Комсомольск-на-Амуре, Красная улица, 18",4811026,,менее 50,3.0,ДСИ,От 1 года,Полный рабочий день,Не имеет значения,50.563091,137.027725,https://komsomolsk-na-amure.superjob.ru/vakansii/avtoelektrik-51279588.html
51485945,Слесарь по обслуживанию и ремонту оборудования,0,0,rub,"['Услуги, ремонт, сервисное обслуживание', 'Рабочий персонал']","['Автосервис', 'Промышленное оборудование', 'Рабочий персонал, разное', 'Квалифицированный рабочий']",Красноярск,[],[],[],,4273213,,500 — 1000,5.0,Черногорская ГРК,От 3 лет,Работа вахтовым методом,Среднее специальное,,,https://krasnoyarsk.superjob.ru/vakansii/slesar-po-obsluzhivaniyu-i-remontu-oborudovaniya-51485945.html
51549112,Автослесарь,52000,0,rub,"['Услуги, ремонт, сервисное обслуживание', 'Рабочий персонал']","['Автосервис', 'Рабочий персонал, разное', 'Квалифицированный рабочий']",Хабаровск,[],[],[],"Хабаровск, Промышленная улица, 9",14215,,более 5000,1380.0,Почта России,От 1 года,Полный рабочий день,Не имеет значения,48.489796,135.111877,https://habarovsk.superjob.ru/vakansii/avtoslesar-51549112.html
51736500,Слесарь по ремонту парогазотурбинного оборудования 5 разряда,55000,0,rub,"['Услуги, ремонт, сервисное обслуживание', 'Рабочий персонал']","['Промышленное оборудование', 'Квалифицированный рабочий']",Екатеринбург,[],[],[],,178200,,1000 — 5000,61.0,Т Плюс,От 1 года,Полный рабочий день,Среднее специальное,,,https://ekaterinburg.superjob.ru/vakansii/slesar-po-remontu-parogazoturbinnogo-oborudovaniya-5-razryada-51736500.html
51766960,Старший механик,137400,0,rub,"['Услуги, ремонт, сервисное обслуживание', 'Топ-персонал']","['Автосервис', 'Промышленное оборудование', 'Промышленность, производство, сельское хозяйство', 'Услуги, ремонт, сервисное обслуживание']",Москва,"['Водный стадион', 'Речной вокзал', 'Беломорская', 'Грачёвская']","['Замоскворецкая', 'Замоскворецкая', 'Замоскворецкая', 'МЦД3']","['green', 'green', 'green', 'orangered']","Москва, Флотская улица, 7с1",4019802,,более 5000,44.0,Объединенная энергетическая компания,От 3 лет,Полный рабочий день,Не имеет значения,55.854061,37.497196,https://www.superjob.ru/vakansii/starshij-mehanik-51766960.html
51780744,Инженер по планированию ремонтов,80000,0,rub,"['Промышленность, производство', 'Услуги, ремонт, сервисное обслуживание']","['Другое', 'Телекоммуникационное оборудование и сети', 'Промышленное оборудование', 'Торговое, складское, холодильное оборудование']",Белгород,[],[],[],"Белгородская область, Яковлевский муниципальный округ, хутор Крапивенские Дворы",874575,,1000 — 5000,8229.0,ГК Русагро,От 1 года,Полный рабочий день,Не имеет значения,50.807526,36.493088,https://belgorod.superjob.ru/vakansii/inzhener-po-planirovaniyu-remontov-51780744.html
51791551,"Электромонтер по ремонту и обслуживанию электрооборудования 4, 6 разряда",84400,94800,rub,"['Услуги, ремонт, сервисное обслуживание']","['Телекоммуникационное оборудование и сети', 'Промышленное оборудование']",Санкт-Петербург,[],[],[],"Санкт-Петербург, Можайская улица, 19",441150,,более 5000,126.0,"СПб ГУП ""Горэлектротранс""",От 1 года,Полный рабочий день,Не имеет значения,59.915676,30.327511,https://spb.superjob.ru/vakansii/elektromonter-po-remontu-i-obsluzhivaniyu-elektrooborudovaniya-4-51791551.html
51799499,Автослесарь по ремонту грузовых автомобилей,120000,250000,rub,"['Услуги, ремонт, сервисное обслуживание', 'Рабочий персонал']","['Автосервис', 'Квалифицированный рабочий']",Чехов,[],[],[],,4955729,,менее 50,6.0,Грузовой сервис,От 1 года,Полный рабочий день,Среднее специальное,,,https://chehov.superjob.ru/vakansii/avtoslesar-po-remontu-gruzovyh-avtomobilej-51799499.html
51809166,Инженер по ремонту цифровой техники,116000,127000,rub,"['Услуги, ремонт, сервисное обслуживание']","['Компьютеры и оргтехника', 'Фото, аудио, видео услуги']",Люберцы,[],[],[],"Московская область, Котельники, Яничкин проезд, 5",100593,,более 5000,1143.0,"Группа ""М. Видео-Эльдорадо""",Без опыта,Полный рабочий день,Высшее,55.653107,37.880688,https://lyubertsy.superjob.ru/vakansii/inzhener-po-remontu-cifrovoj-tehniki-51809166.html
51832396,Слесарь-ремонтник,60000,0,rub,"['Услуги, ремонт, сервисное обслуживание', 'Рабочий персонал']","['Промышленное оборудование', 'Рабочий персонал, разное', 'Квалифицированный рабочий']",Воронеж,[],[],[],"Воронеж, улица Димитрова, 83",4124847,,менее 50,16.0,"ФБГУ ""29 КТЦ"" Минобороны России",От 3 лет,Полный рабочий день,Не имеет значения,51.669689,39.26025,https://voronezh.superjob.ru/vakansii/slesar-remontnik-51832396.html
51833176,Слесарь-ремонтник (ремонт автопогрузчиков) УМТС г. Удачный,0,0,rub,"['Услуги, ремонт, сервисное обслуживание', 'Рабочий персонал']","['Промышленное оборудование', 'Рабочий персонал, разное', 'Квалифицированный рабочий']",Удачный,[],[],[],,3240611,,более 5000,271.0,АЛРОСА,От 1 года,Полный рабочий день,Не имеет значения,,,https://udachnyj.superjob.ru/vakansii/slesar-remontnik-51833176.html
51833228,Электрослесарь дежурный по ремонту оборудования,0,0,rub,"['Строительство, проектирование, недвижимость', 'Услуги, ремонт, сервисное обслуживание']","['Электроснабжение', 'Промышленное оборудование']",Чита,[],[],[],,135465,,100 — 500,1707.0,Статус,От 3 лет,Полный рабочий день,Не имеет значения,,,https://chita.superjob.ru/vakansii/elektroslesar-dezhurnyj-po-remontu-oborudovaniya-51833228.html
51864741,Приемщик в Гипермаркет Магнит,48410,67236,rub,"['Транспорт, логистика, ВЭД', 'Услуги, ремонт, сервисное обслуживание']","['Складское хозяйство', 'Автосервис']",Тверь,[],[],[],"Тверь, Октябрьский, 30",280168,,более 5000,18164.0,"Магнит, Розничная сеть",Не имеет значения,Сменный график работы,Не имеет значения,56.828709,35.894669,https://tver.superjob.ru/vakansii/priemschik-v-gipermarket-magnit-51864741.html
51868763,Уборщик,3652,0,rub,"['Услуги, ремонт, сервисное обслуживание']",['Клининг'],Москва,['Печатники'],['Большая кольцевая линия'],['cian'],"Москва, улица Гурьянова, 2А",4928007,,менее 50,26.0,ТОРГГРУПП,Без опыта,Полный рабочий день,Не имеет значения,55.693928,37.72308,https://www.superjob.ru/vakansii/uborschik-51868763.html
51673567,Подсобный рабочий,45000,60000,rub,"['Транспорт, логистика, ВЭД', 'Услуги, ремонт, сервисное обслуживание', 'Рабочий персонал']","['Складское хозяйство', 'Другое', 'Рабочий персонал, разное']",Санкт-Петербург,[],[],[],"Санкт-Петербург, набережная канала Грибоедова, 30-32",4763170,,1000 — 5000,29.0,СПбГЭУ,Без опыта,Полный рабочий день,Не имеет значения,59.931915,30.32593,https://spb.superjob.ru/vakansii/podsobnyj-rabochij-51673567.html
51868896,Механик автотранспортного участка,75000,85000,rub,"['Услуги, ремонт, сервисное обслуживание', 'Рабочий персонал']","['Автосервис', 'Квалифицированный рабочий']","Новоникольское (Тамбовская, Мичуринский)",[],[],[],,4930866,,менее 50,13.0,Транснефть - Дружба,От 1 года,Полный рабочий день,Не имеет значения,,,https://www.superjob.ru/vakansii/mehanik-avtotransportnogo-uchastka-51868896.html
51868912,Уборщица помещений,35000,35000,rub,"['Услуги, ремонт, сервисное обслуживание']",['Клининг'],Санкт-Петербург,"['Василеостровская', 'Горный институт']","['Невско-Василеостровская', 'Правобережная']","['green', 'yellow']","Санкт-Петербург, набережная Лейтенанта Шмидта, 27/2",4962408,,менее 50,1.0,Гимназия святого преподобного Амвросия Оптинского,От 1 года,Частичная занятость / Совместительство,Не имеет значения,59.933231,30.275183,https://spb.superjob.ru/vakansii/uborschica-pomeschenij-51868912.html
51869194,Слесарь по эксплуатации и ремонту / Работа в газовой отрасли (м. Курская),95000,0,rub,"['Услуги, ремонт, сервисное обслуживание', 'Рабочий персонал']","['Промышленное оборудование', 'Рабочий персонал, разное', 'Квалифицированный рабочий']",Москва,"['Курская', 'Чкаловская']","['МЦД4', 'Люблинско-Дмитровская']","['mediumaquamarine', 'lime']","Москва, Нижний Сусальный переулок, 5Ас2",202378,,1000 — 5000,36.0,МОСГАЗ,Без опыта,Полный рабочий день,Не имеет значения,55.761131,37.663467,https://www.superjob.ru/vakansii/slesar-po-ekspluatacii-i-remontu-51869194.html
49466821,Электромеханик,100000,120000,rub,"['Транспорт, логистика, ВЭД', 'Услуги, ремонт, сервисное обслуживание', 'Рабочий персонал']","['Железнодорожные перевозки', 'Промышленное оборудование', 'Рабочий персонал, разное', 'Квалифицированный рабочий']",Кандалакша,[],[],[],"Россия, Мурманская обл, г Кандалакша, ул Мурманская, д 26",2466656,,более 5000,3173.0,Российские железные дороги,От 1 года,Полный рабочий день,Среднее специальное,,,https://kandalaksha.superjob.ru/vakansii/elektromehanik-49466821.html
51615356,Техник 1-й категории,75000,0,rub,"['Промышленность, производство', 'Услуги, ремонт, сервисное обслуживание', 'Рабочий персонал']","['Промышленное оборудование', 'Промышленное оборудование', 'Квалифицированный рабочий']",Санкт-Петербург,[],[],[],"Санкт-Петербург, проспект Пархоменко, 24/9",4428356,,100 — 500,4.0,ВЫБОРГСКОЕ РЖА,От 1 года,Полный рабочий день,Не имеет значения,60.000156,30.340948,https://spb.superjob.ru/vakansii/tehnik-1-j-kategorii-51615356.html
51780855,Уборщик дворовых территорий (Краснинское шоссе),32000,32000,rub,"['Услуги, ремонт, сервисное обслуживание', 'Рабочий персонал']","['Клининг', 'Рабочий персонал, разное']",Смоленск,[],[],[],"Смоленск, Краснинское шоссе",4262900,,менее 50,31.0,Гражданстрой,Без опыта,Полный рабочий день,Не имеет значения,54.769268,31.993832,https://smolensk.superjob.ru/vakansii/uborschik-dvorovyh-territorij-51780855.html
51780687,Слесарь по ремонту и обслуживанию спецтехники,0,200000,rub,"['Услуги, ремонт, сервисное обслуживание', 'Рабочий персонал']","['Промышленное оборудование', 'Рабочий персонал, разное', 'Квалифицированный рабочий']",Нерюнгри,[],[],[],"Респ Саха (Якутия), Нерюнгринский р-н, поселок Серебряный Бор",3797376,,менее 50,337.0,JOBCART.RU,От 3 лет,Полный рабочий день,Не имеет значения,56.675419,124.837524,https://neryungri.superjob.ru/vakansii/slesar-po-remontu-i-obsluzhivaniyu-spectehniki-51780687.html
51799622,Заправщик АЗС,60000,0,rub,"['Услуги, ремонт, сервисное обслуживание']",['Автосервис'],Москва,['Медведково'],['Калужско-Рижская'],['orange'],"Москва, МКАД 93-й километр, 6",0,,,,,Без опыта,Частичная занятость / Совместительство,Не имеет значения,55.891441,37.705025,https://www.superjob.ru/vakansii/zapravschik-azs-51799622.html
51846502,"Администратор магазина (Ярославль, Менделеева, 21)",65000,78000,rub,"['Службы доставки', 'Услуги, ремонт, сервисное обслуживание']","['Пункты выдачи заказов', 'Психологическое консультирование']",Ярославль,[],[],[],,2635306,,более 5000,45940.0,Пятёрочка,От 1 года,Полный рабочий день,Не имеет значения,,,https://yaroslavl.superjob.ru/vakansii/administrator-magazina-51846502.html
51848073,Уборщик территории,65000,0,rub,"['Услуги, ремонт, сервисное обслуживание', 'Рабочий персонал']","['Клининг', 'Рабочий персонал, разное']",Москва,"['Ховрино', 'Лианозово', 'Яхромская']","['МЦД3', 'МЦД1', 'Люблинско-Дмитровская']","['orangered', 'darkorange', 'lime']","Москва, Коровинское шоссе, 36А",265413,,100 — 500,4.0,ГБУЗ Детская городская поликлиника № 86 Департамента здравоохранения города Москвы,Без опыта,Полный рабочий день,Не имеет значения,55.887428,37.518272,https://www.superjob.ru/vakansii/uborschik-territorii-51848073.html
34456164,Приемщик заказов,45000,0,rub,"['Услуги, ремонт, сервисное обслуживание', 'Рабочий персонал']","['Химчистки, прачечные', 'Рабочий персонал, разное']",Москва,['Бульвар адмирала Ушакова'],['Бутовская'],['lightblue'],"Москва, улица Адмирала Лазарева",3058622,,1000 — 5000,79.0,"Сеть химчисток ""Диана""",Без опыта,Сменный график работы,Не имеет значения,55.541763,37.514824,https://www.superjob.ru/vakansii/priemschik-zakazov-34456164.html
31310145,"Оператор АЗС (ул. Олимпийская, д.28)",0,0,rub,"['Услуги, ремонт, сервисное обслуживание', 'Продажи']","['Автосервис', 'ГСМ, нефть']",Самара,[],[],[],,2531979,,более 5000,97.0,Башнефть-Розница,Не имеет значения,Сменный график работы,Неполное высшее,,,https://samara.superjob.ru/vakansii/operator-azs-31310145.html
45007965,Инженер по организации эксплуатации и ремонту,54000,62000,rub,"['Промышленность, производство', 'Услуги, ремонт, сервисное обслуживание']","['Другое', 'Другое']",Ижевск,[],[],[],"Удмуртская Республика, Ижевск, улица Новоажимова, 6",173974,,более 5000,67.0,Мечел,От 1 года,Полный рабочий день,Высшее,56.836498,53.195911,https://izhevsk.superjob.ru/vakansii/inzhener-po-organizacii-ekspluatacii-i-remontu-45007965.html
46808106,Электромонтер по ремонту и обслуживанию электрооборудования,37000,0,rub,"['Строительство, проектирование, недвижимость', 'Услуги, ремонт, сервисное обслуживание', 'Рабочий персонал']","['Электроснабжение', 'Слаботочные системы и сети', 'Телекоммуникационное оборудование и сети', 'Промышленное оборудование', 'Рабочий персонал, разное']",Смоленск,[],[],[],"Смоленск, улица Соболева, 5",4484806,,менее 50,28.0,"СМОЛЕНСКОЕ МУНИЦИПАЛЬНОЕ УНИТАРНОЕ ПРЕДПРИЯТИЕ ""ГОРВОДОКАНАЛ""",Не имеет значения,Полный рабочий день,Не имеет значения,54.791058,32.058582,https://smolensk.superjob.ru/vakansii/elektromonter-po-remontu-i-obsluzhivaniyu-elektrooborudovaniya-46808106.html
48641458,Электрослесарь (слесарь) дежурный и по ремонту оборудования (с и. о. аккумуляторщика),150000,183000,rub,"['Строительство, проектирование, недвижимость', 'Услуги, ремонт, сервисное обслуживание', 'Рабочий персонал']","['Электроснабжение', 'Промышленное оборудование', 'Рабочий персонал, разное', 'Квалифицированный рабочий']",Николаевск-на-Амуре,[],[],[],,465572,,1000 — 5000,559.0,"Артель старателей ""Амур""",От 1 года,Работа вахтовым методом,Не имеет значения,,,https://nikolaevsk-na-amure.superjob.ru/vakansii/elektroslesar-48641458.html
48786469,Автослесарь по ремонту грузовых автомобилей,70000,100000,rub,"['Услуги, ремонт, сервисное обслуживание', 'Рабочий персонал']","['Автосервис', 'Квалифицированный рабочий']",Мурманск,[],[],[],"Мурманск, проспект Героев-Североморцев, 102",4590252,,менее 50,1.0,ЛОГИТЕХ,От 1 года,Полный рабочий день,Среднее специальное,69.019005,33.112053,https://murmansk.superjob.ru/vakansii/avtoslesar-po-remontu-gruzovyh-avtomobilej-48786469.html
49656625,Монтажник интернет сетей,60000,0,rub,"['IT, Интернет, связь, телеком', 'Строительство, проектирование, недвижимость', 'Услуги, ремонт, сервисное обслуживание', 'Рабочий персонал']","['Телекоммуникации и связь', 'Электроснабжение', 'Слаботочные системы и сети', 'Телекоммуникационное оборудование и сети', 'Рабочий персонал, разное']",Тольятти,[],[],[],,24172,,более 5000,72.0,Ростелеком,Без опыта,Сменный график работы,Среднее,,,https://tolyatti.superjob.ru/vakansii/montazhnik-internet-setej-49656625.html
50160054,Наладчик станков и манипуляторов с программным управлением,0,0,rub,"['Услуги, ремонт, сервисное обслуживание', 'Рабочий персонал']","['Промышленное оборудование', 'Рабочий персонал, разное', 'Квалифицированный рабочий']",Курган,[],[],[],"Курган, улица Достоевского, 7А",4846018,,100 — 500,3.0,Курганспецарматура,От 1 года,Сменный график работы,Не имеет значения,55.463795,65.376846,https://kurgan.superjob.ru/vakansii/naladchik-stankov-i-manipulyatorov-s-programmnym-upravleniem-50160054.html
35637112,Уборщица в частную школу,50000,0,rub,"['Услуги, ремонт, сервисное обслуживание', 'Рабочий персонал']","['Клининг', 'Рабочий персонал, разное']",Истра,[],[],[],"Московская область, муниципальный округ Истра, посёлок Огниково, 5",3685443,,50 — 100,1.0,"ЧУ СОШ ""Экстерн плюс""",Без опыта,Полный рабочий день,Не имеет значения,56.005585,36.915215,https://istra.superjob.ru/vakansii/uborschica-v-chastnuyu-shkolu-35637112.html
50507745,Техник инженерных сетей,80000,0,rub,"['Промышленность, производство', 'Услуги, ремонт, сервисное обслуживание', 'Рабочий персонал']","['Промышленное оборудование', 'Промышленное оборудование', 'Квалифицированный рабочий']",Ступино,[],[],[],"Московская область, городской округ Ступино, деревня Шматово, Индустриальная улица",4861918,,менее 50,1.0,КДМ Лоджистик,Без опыта,Сменный график работы,Среднее специальное,55.008068,38.048244,https://stupino.superjob.ru/vakansii/tehnik-inzhenernyh-setej-50507745.html
50535036,Уборщик служебных помещений,23000,0,rub,"['Услуги, ремонт, сервисное обслуживание', 'Рабочий персонал']","['Клининг', 'Рабочий персонал, разное']",Клин,[],[],[],"Московская область, Клин, улица Захватаева, 5А",4887815,,более 5000,62.0,Социальный фонд России,Без опыта,Полный рабочий день,Не имеет значения,56.329079,36.731251,https://klin.superjob.ru/vakansii/uborschik-sluzhebnyh-pomeschenij-50535036.html
50790381,Уборщица,59000,59000,rub,"['Услуги, ремонт, сервисное обслуживание']",['Клининг'],Москва,"['Курская', 'Щёлковская', 'Щукинская', 'Нижегородская']","['МЦД4', 'Арбатско-Покровская', 'МЦД2', 'МЦД4']","['mediumaquamarine', 'darkblue', 'fuchsia', 'mediumaquamarine']","Москва, Мрузовский переулок, 11с1",202378,,1000 — 5000,36.0,МОСГАЗ,Без опыта,Полный рабочий день,Не имеет значения,55.75745,37.667419,https://www.superjob.ru/vakansii/uborschica-50790381.html
50911698,Уборщик,40000,0,rub,"['Услуги, ремонт, сервисное обслуживание']",['Клининг'],Красногорск,[],[],[],"Московская область, Красногорск, улица Игната Титова, 5",3894821,,100 — 500,84.0,Полар,От 1 года,Полный рабочий день,Не имеет значения,55.824268,37.370033,https://krasnogorsk.superjob.ru/vakansii/uborschik-50911698.html
51061328,Инженер по ремонту оборудования | Лидерская программа,67500,0,rub,"['Промышленность, производство', 'Услуги, ремонт, сервисное обслуживание', 'Сырье']","['Промышленное оборудование', 'Автосервис', 'Телекоммуникационное оборудование и сети', 'Бытовая техника', 'Оборудование']",Тамбов,[],[],[],"Тамбовская область, рабочий посёлок Знаменка, Рабочая улица, 2",874575,,1000 — 5000,8229.0,ГК Русагро,Без опыта,Полный рабочий день,Не имеет значения,52.430752,41.508877,https://tambov.superjob.ru/vakansii/inzhener-po-remontu-oborudovaniya-51061328.html
50984440,Уборщик помещений,45000,0,rub,"['Услуги, ремонт, сервисное обслуживание']",['Клининг'],Санкт-Петербург,[],[],[],"Санкт-Петербург, проспект Просвещения, 99",4293073,,менее 50,2.0,Дентстом,Без опыта,Полный рабочий день,Не имеет значения,60.033184,30.428608,https://spb.superjob.ru/vakansii/uborschik-pomeschenij-50984440.html
51156676,Санитарка-уборщица,55000,0,rub,"['Медицина, фармацевтика, ветеринария', 'Услуги, ремонт, сервисное обслуживание', 'Рабочий персонал']","['Другое', 'Клининг', 'Рабочий персонал, разное']",Люберцы,[],[],[],"Московская область, Балашиха, микрорайон Железнодорожный, Новая улица, 22А",3418529,,100 — 500,142.0,"МНОГОПРОФИЛЬНАЯ СЕТЬ КЛИНИК ""СЕМЕЙНЫЙ МЕДИЦИНСКИЙ ЦЕНТР""",Без опыта,Полный рабочий день,Не имеет значения,55.747334,38.020512,https://lyubertsy.superjob.ru/vakansii/sanitarka-uborschica-51156676.html
51163640,Автомеханик,30000,0,rub,"['Услуги, ремонт, сервисное обслуживание', 'Рабочий персонал']","['Автосервис', 'Квалифицированный рабочий']",Владикавказ,[],[],[],,4934163,,менее 50,1.0,Landrover,Без опыта,Полный рабочий день,Не имеет значения,,,https://vladikavkaz.superjob.ru/vakansii/avtomehanik-51163640.html
51181147,"Горничная на вахту на север (ЯНАО, ХМАО, Чукотка, Таймыр)",109000,142500,rub,"['Туризм, гостиницы, общественное питание', 'Услуги, ремонт, сервисное обслуживание']","['HORECA', 'Клининг']",Сургут,[],[],[],,4744563,,1000 — 5000,4189.0,АКС,Без опыта,Работа вахтовым методом,Не имеет значения,,,https://surgut.superjob.ru/vakansii/gornichnaya-na-vahtu-na-sever-51181147.html
51256285,Мойщик-уборщик (столовая),198196,0,rub,"['Туризм, гостиницы, общественное питание', 'Услуги, ремонт, сервисное обслуживание', 'Рабочий персонал']","['Рестораны, кафе, столовые, фастфуд', 'Клининг', 'Рабочий персонал, разное']",Макаров,[],[],[],"Сахалинская область, Углегорский городской округ, посёлок городского типа Шахтёрск, улица Мира, 30",345901,,1000 — 5000,29.0,Восточная Горнорудная Компания (EMCO),От 1 года,Полный рабочий день,Не имеет значения,49.159546,142.09494,https://makarov.superjob.ru/vakansii/mojschik-uborschik-51256285.html
51485975,Слесарь по обслуживанию и ремонту оборудования,0,0,rub,"['Услуги, ремонт, сервисное обслуживание', 'Рабочий персонал']","['Автосервис', 'Промышленное оборудование', 'Рабочий персонал, разное', 'Квалифицированный рабочий']",Новосибирск,[],[],[],,4273213,,500 — 1000,5.0,Черногорская ГРК,От 3 лет,Работа вахтовым методом,Среднее специальное,,,https://nsk.superjob.ru/vakansii/slesar-po-obsluzhivaniyu-i-remontu-oborudovaniya-51485975.html
51717931,Электромонтер по ремонту и обслуживанию электрооборудования,42000,45000,rub,"['Строительство, проектирование, недвижимость', 'Услуги, ремонт, сервисное обслуживание', 'Рабочий персонал']","['Электроснабжение', 'Слаботочные системы и сети', 'Телекоммуникационное оборудование и сети', 'Промышленное оборудование', 'Рабочий персонал, разное']",Воронеж,[],[],[],"Воронежская область, Новоусманский район п Софьино",4930866,,менее 50,13.0,Транснефть - Дружба,Без опыта,Полный рабочий день,Среднее,51.519173,39.39922,https://voronezh.superjob.ru/vakansii/elektromonter-po-remontu-i-obsluzhivaniyu-elektrooborudovaniya-51717931.html
51765793,Уборщик производственных помещений,42000,45000,rub,"['Услуги, ремонт, сервисное обслуживание', 'Рабочий персонал']","['Клининг', 'Рабочий персонал, разное']",Санкт-Петербург,[],[],[],,441150,,более 5000,126.0,"СПб ГУП ""Горэлектротранс""",Без опыта,Полный рабочий день,Не имеет значения,,,https://spb.superjob.ru/vakansii/uborschik-proizvodstvennyh-pomeschenij-51765793.html
51783260,Слесарь по ремонту автомобилей,43348,0,rub,"['Промышленность, производство', 'Услуги, ремонт, сервисное обслуживание', 'Рабочий персонал']","['Автомобильная промышленность', 'Автосервис', 'Квалифицированный рабочий']",Биробиджан,[],[],[],"Еврейская автономная область, Биробиджан, улица 2-й километр Биршоссе, 1",14215,,более 5000,1380.0,Почта России,От 1 года,Полный рабочий день,Не имеет значения,48.785065,132.912369,https://birobidzhan.superjob.ru/vakansii/slesar-po-remontu-avtomobilej-51783260.html
51799097,Оператор-наладчик,100000,150000,rub,"['Промышленность, производство', 'Услуги, ремонт, сервисное обслуживание', 'Рабочий персонал']","['Промышленное оборудование', 'Промышленное оборудование', 'Квалифицированный рабочий']",Москва,[],[],[],"Москва, Новомосковский административный округ, Щербинка, Восточная улица, 17",430069,,100 — 500,2.0,СЛАВКОФЕ,От 1 года,Полный рабочий день,Среднее,55.494751,37.573814,https://www.superjob.ru/vakansii/operator-naladchik-51799097.html
51799234,Санитарка-уборщица / Санитар-уборщик,30000,40000,rub,"['Медицина, фармацевтика, ветеринария', 'Услуги, ремонт, сервисное обслуживание', 'Рабочий персонал']","['Другое', 'Клининг', 'Рабочий персонал, разное']",Городецкий (Нижегородская область),[],[],[],"Нижегородская область, Городецкий муниципальный округ, сельский посёлок Городецкий, 1",4762818,,100 — 500,7.0,Городецкий Санаторий,Без опыта,Полный рабочий день,Не имеет значения,56.579945,43.651108,https://www.superjob.ru/vakansii/sanitarka-uborschica-51799234.html
51799260,Уборщик/уборщица офисного помещения,50000,80000,rub,"['Услуги, ремонт, сервисное обслуживание']",['Клининг'],Москва,[],[],[],"Москва, Бумажный проезд, 19с2",4808782,,1000 — 5000,1.0,Клиника Фомина,От 3 лет,Полный рабочий день,Не имеет значения,55.78986,37.585629,https://www.superjob.ru/vakansii/uborschik-51799260.html
51799309,Слесарь-ремонтник/Механик/Автослесарь,60000,0,rub,"['Услуги, ремонт, сервисное обслуживание', 'Рабочий персонал']","['Промышленное оборудование', 'Рабочий персонал, разное', 'Квалифицированный рабочий']",Калининград,[],[],[],"Калининград, Краснокаменная улица, 40",4873442,,менее 50,2.0,ГИДРАВЛИК МАСТЕР,От 1 года,Полный рабочий день,Не имеет значения,54.743927,20.541777,https://kaliningrad.superjob.ru/vakansii/slesar-remontnik-51799309.html
51799469,Автослесарь по ремонту грузовых автомобилей,120000,250000,rub,"['Услуги, ремонт, сервисное обслуживание', 'Рабочий персонал']","['Автосервис', 'Квалифицированный рабочий']",Ярославль,[],[],[],,4955729,,менее 50,6.0,Грузовой сервис,От 1 года,Полный рабочий день,Среднее специальное,,,https://yaroslavl.superjob.ru/vakansii/avtoslesar-po-remontu-gruzovyh-avtomobilej-51799469.html
51809165,Инженер по ремонту цифровой техники,116000,127000,rub,"['Услуги, ремонт, сервисное обслуживание']","['Компьютеры и оргтехника', 'Фото, аудио, видео услуги']",Москва,[],[],[],"Московская область, Котельники, Яничкин проезд, 5",100593,,более 5000,1143.0,"Группа ""М. Видео-Эльдорадо""",Без опыта,Полный рабочий день,Высшее,55.653107,37.880688,https://www.superjob.ru/vakansii/inzhener-po-remontu-cifrovoj-tehniki-51809165.html
51833224,Электрослесарь дежурный по ремонту оборудования,0,0,rub,"['Строительство, проектирование, недвижимость', 'Услуги, ремонт, сервисное обслуживание']","['Электроснабжение', 'Промышленное оборудование']",Барнаул,[],[],[],,135465,,100 — 500,1707.0,Статус,От 3 лет,Полный рабочий день,Не имеет значения,,,https://barnaul.superjob.ru/vakansii/elektroslesar-dezhurnyj-po-remontu-oborudovaniya-51833224.html
51860490,Автомеханик,75000,0,rub,"['Услуги, ремонт, сервисное обслуживание', 'Рабочий персонал']","['Автосервис', 'Квалифицированный рабочий']",Санкт-Петербург,[],[],[],"Санкт-Петербург, Предпортовая улица, 8",378505,,50 — 100,11.0,ПОСЫЛТОРГ,От 1 года,Полный рабочий день,Не имеет значения,59.832737,30.302681,https://spb.superjob.ru/vakansii/avtomehanik-51860490.html
51864715,Приемщик в Гипермаркет Магнит,33600,49900,rub,"['Транспорт, логистика, ВЭД', 'Услуги, ремонт, сервисное обслуживание']","['Складское хозяйство', 'Автосервис']",Балашов,[],[],[],"Балашов, Энтузиастов, 1",280168,,более 5000,18164.0,"Магнит, Розничная сеть",Не имеет значения,Сменный график работы,Не имеет значения,51.546688,43.215057,https://balashov.superjob.ru/vakansii/priemschik-v-gipermarket-magnit-51864715.html
51868609,Инженер-электромеханик,0,0,rub,"['Услуги, ремонт, сервисное обслуживание']",['Промышленное оборудование'],Санкт-Петербург,[],[],[],,425358,,100 — 500,3.0,Ориент Продактс,От 3 лет,Полный рабочий день,Не имеет значения,,,https://spb.superjob.ru/vakansii/inzhener-elektromehanik-51868609.html
51846407,"Продавец-кассир (Писковичи, Писковичи)",41000,47000,rub,"['Услуги, ремонт, сервисное обслуживание', 'Службы доставки']","['Обувь', 'Комплектация заказов']",Псков,[],[],[],,2635306,,более 5000,45940.0,Пятёрочка,Не имеет значения,Частичная занятость / Совместительство,Не имеет значения,,,https://pskov.superjob.ru/vakansii/prodavec-kassir-51846407.html
51847756,Уборщик,90000,0,rub,"['Услуги, ремонт, сервисное обслуживание']",['Клининг'],Москва,[],[],[],"г Москва, ул Кожевническая",3797376,,менее 50,337.0,JOBCART.RU,Без опыта,Полный рабочий день,Не имеет значения,55.729717,37.645287,https://www.superjob.ru/vakansii/uborschik-51847756.html
51868719,Уборщик/Уборщица производственных помещений,15000,30000,rub,"['Услуги, ремонт, сервисное обслуживание', 'Рабочий персонал']","['Клининг', 'Рабочий персонал, разное']",Санкт-Петербург,['Комендантский проспект'],['Фрунзенско-Приморская'],['violet'],"Санкт-Петербург, Парашютная улица, 43 c1",0,,,,,Без опыта,Частичная занятость / Совместительство,Не имеет значения,60.024391,30.261995,https://spb.superjob.ru/vakansii/uborschik-51868719.html
32017391,"Управляющий АЗС (Железнодорожный р-н, ул. Дачная, д. 10Б)",0,0,rub,"['Услуги, ремонт, сервисное обслуживание', 'Продажи']","['Автосервис', 'ГСМ, нефть']",Самара,[],[],[],,2531979,,более 5000,97.0,Башнефть-Розница,От 1 года,Полный рабочий день,Высшее,,,https://samara.superjob.ru/vakansii/upravlyayuschij-azs-32017391.html
31078839,Уборщица служебных помещений детской сети,25000,45000,rub,"['Услуги, ремонт, сервисное обслуживание', 'Рабочий персонал']","['Клининг', 'Рабочий персонал, разное']",Санкт-Петербург,"['Достоевская', 'Звенигородская']","['Правобережная', 'Фрунзенско-Приморская']","['yellow', 'violet']","Санкт-Петербург, Загородный проспект, 29",2643281,,более 5000,10.0,"СПб ГБУЗ ""Поликлиника №37""",Без опыта,Полный рабочий день,Среднее,59.923874,30.336187,https://spb.superjob.ru/vakansii/uborschica-sluzhebnyh-pomeschenij-detskoj-seti-31078839.html
46002622,Инженер,62000,71000,rub,"['Строительство, проектирование, недвижимость', 'Промышленность, производство', 'Услуги, ремонт, сервисное обслуживание']","['Другое', 'Энергетика', 'Другое']",Ижевск,[],[],[],"Удмуртская Республика, Ижевск, улица Новоажимова, 6",173974,,более 5000,67.0,Мечел,От 1 года,Полный рабочий день,Высшее,56.836498,53.195911,https://izhevsk.superjob.ru/vakansii/inzhener-46002622.html
46339571,Слесарь по контрольно-измерительным приборам и автоматике,45000,0,rub,"['Промышленность, производство', 'Услуги, ремонт, сервисное обслуживание', 'Рабочий персонал']","['Промышленное оборудование', 'Промышленное оборудование', 'Рабочий персонал, разное', 'Квалифицированный рабочий']",Нижнекамск,[],[],[],"Республика Татарстан, Нижнекамск, Заводская улица, 2к1",4458251,,менее 50,1.0,КЭСП,От 1 года,Полный рабочий день,Среднее специальное,55.603924,51.847733,https://nizhnekamsk.superjob.ru/vakansii/slesar-po-kontrolno-izmeritelnym-priboram-i-avtomatike-46339571.html
46523485,Менеджер по работе с клиентами,50000,110000,rub,"['Продажи', 'Услуги, ремонт, сервисное обслуживание']","['Call Center', 'Компьютеры, оргтехника, ПО', 'Электротехническое оборудование, светотехника', 'Бытовая техника', 'Компьютеры и оргтехника']",Владивосток,[],[],[],"Приморский край, Владивосток, Посьетская улица, 14",4479695,,50 — 100,1.0,Поляков Денис,Без опыта,Полный рабочий день,Не имеет значения,43.109055,131.878616,https://vladivostok.superjob.ru/vakansii/menedzher-po-rabote-s-klientami-46523485.html
46807916,Уборщик производственных помещений,21500,0,rub,"['Услуги, ремонт, сервисное обслуживание', 'Рабочий персонал']","['Клининг', 'Рабочий персонал, разное']",Смоленск,[],[],[],"Смоленск, улица Соболева, 5",4484806,,менее 50,28.0,"СМОЛЕНСКОЕ МУНИЦИПАЛЬНОЕ УНИТАРНОЕ ПРЕДПРИЯТИЕ ""ГОРВОДОКАНАЛ""",Не имеет значения,Полный рабочий день,Не имеет значения,54.791058,32.058582,https://smolensk.superjob.ru/vakansii/uborschik-proizvodstvennyh-pomeschenij-46807916.html
47356568,Дворник,27440,0,rub,"['Услуги, ремонт, сервисное обслуживание', 'Рабочий персонал']","['Клининг', 'Другое', 'Рабочий персонал, разное']",Приозерск,[],[],[],"Ленинградская область, Приозерск",596030,,500 — 1000,41.0,ГБУЗ ЛО ПРИОЗЕРСКАЯ МБ,Без опыта,Полный рабочий день,Не имеет значения,61.03598,30.115589,https://priozersk.superjob.ru/vakansii/dvornik-47356568.html
49263635,Уборщик служебных помещений,60000,0,rub,"['Услуги, ремонт, сервисное обслуживание', 'Рабочий персонал']","['Клининг', 'Рабочий персонал, разное']",Москва,[],[],[],"Москва, Мичуринский проспект, 74",711394,,1000 — 5000,5116.0,"ГБУЗ ""Научно-практический центр детской психоневрологии ДЗМ""",Без опыта,Сменный график работы,Не имеет значения,55.679535,37.464321,https://www.superjob.ru/vakansii/uborschik-sluzhebnyh-pomeschenij-49263635.html
49656629,Монтажник интернет сетей,80000,0,rub,"['IT, Интернет, связь, телеком', 'Строительство, проектирование, недвижимость', 'Услуги, ремонт, сервисное обслуживание', 'Рабочий персонал']","['Телекоммуникации и связь', 'Электроснабжение', 'Слаботочные системы и сети', 'Телекоммуникационное оборудование и сети', 'Рабочий персонал, разное']",Ижевск,[],[],[],"Удмуртская Республика, Ижевск, улица Карла Маркса, 206",24172,,более 5000,72.0,Ростелеком,Без опыта,Сменный график работы,Среднее,56.844364,53.205006,https://izhevsk.superjob.ru/vakansii/montazhnik-internet-setej-49656629.html
50061884,Санитарка-уборщица,27000,0,rub,"['Медицина, фармацевтика, ветеринария', 'Услуги, ремонт, сервисное обслуживание', 'Рабочий персонал']","['Другое', 'Клининг', 'Рабочий персонал, разное']",Городецкий (Нижегородская область),[],[],[],"Нижегородская область, Городецкий муниципальный округ, сельский посёлок Городецкий, 1",4762818,,100 — 500,7.0,Городецкий Санаторий,Без опыта,Полный рабочий день,Не имеет значения,56.579945,43.651108,https://www.superjob.ru/vakansii/sanitarka-uborschica-50061884.html
49717304,Электромонтер по обслуживанию и ремонту электрооборудования (Новосаратовка),84000,84000,rub,"['Услуги, ремонт, сервисное обслуживание']","['Телекоммуникационное оборудование и сети', 'Промышленное оборудование']",Санкт-Петербург,"['Обухово', 'Ломоносовская', 'Улица Дыбенко']","['Невско-Василеостровская', 'Невско-Василеостровская', 'Правобережная']","['green', 'green', 'yellow']","Ленинградская область, Всеволожский район, Свердловское городское поселение, деревня Новосаратовка, переулок Романтиков",124076,,500 — 1000,4.0,ЦДС,От 1 года,Полный рабочий день,Не имеет значения,59.843464,30.531796,https://spb.superjob.ru/vakansii/elektromonter-po-obsluzhivaniyu-i-remontu-elektrooborudovaniya-49717304.html
50315787,Приемщик заказов,80000,0,rub,"['Услуги, ремонт, сервисное обслуживание']","['Химчистки, прачечные']",Москва,"['Киевская', 'Октябрьское поле']","['Филёвская', 'Таганско-Краснопресненская']","['blue', 'violet']",,4865639,,менее 50,3.0,Развитие,Без опыта,Сменный график работы,Не имеет значения,,,https://www.superjob.ru/vakansii/priemschik-zakazov-50315787.html
50426186,Автомеханик,120000,130000,rub,"['Услуги, ремонт, сервисное обслуживание', 'Рабочий персонал']","['Автосервис', 'Квалифицированный рабочий']",Калининград,[],[],[],"Калининград, Московский проспект, 2Б",3266310,,100 — 500,0.0,Парфёнов,От 1 года,Полный рабочий день,Не имеет значения,54.709423,20.490824,https://kaliningrad.superjob.ru/vakansii/avtomehanik-50426186.html
50535004,Уборщик служебных помещений,23000,0,rub,"['Услуги, ремонт, сервисное обслуживание', 'Рабочий персонал']","['Клининг', 'Рабочий персонал, разное']",Павловский Посад,[],[],[],"Московская область, Павловский Посад, улица Кирова, 23",4887815,,более 5000,62.0,Социальный фонд России,Без опыта,Полный рабочий день,Не имеет значения,55.778969,38.653221,https://pavlovskiy-posad.superjob.ru/vakansii/uborschik-sluzhebnyh-pomeschenij-50535004.html
50679827,"Уборщик территории, дворник",30000,0,rub,"['Услуги, ремонт, сервисное обслуживание', 'Рабочий персонал']","['Клининг', 'Рабочий персонал, разное']",Санкт-Петербург,[],[],[],"Санкт-Петербург, улица Вавиловых, 5к5",2494157,,50 — 100,6.0,ГБОУ СОШ №71,Без опыта,Частичная занятость / Совместительство,Не имеет значения,60.016914,30.392971,https://spb.superjob.ru/vakansii/uborschik-territorii-50679827.html
50739886,Инженер средств радио и телевидения,55000,0,rub,"['IT, Интернет, связь, телеком', 'СМИ, издательства', 'Услуги, ремонт, сервисное обслуживание']","['Телекоммуникации и связь', 'Радио', 'Телевидение', 'Телекоммуникационное оборудование и сети']",Белебей,[],[],[],"Республика Башкортостан, Белебей",3974341,,более 5000,984.0,РТРС,От 1 года,Сменный график работы,Среднее специальное,54.103214,54.110111,https://belebey.superjob.ru/vakansii/inzhener-sredstv-radio-i-televideniya-50739886.html
50911707,Уборщик на кухню в школу,40000,0,rub,"['Услуги, ремонт, сервисное обслуживание', 'Рабочий персонал']","['Клининг', 'Рабочий персонал, разное']",Красногорск,[],[],[],"Московская область, Красногорск, Ильинский бульвар, 6",3894821,,100 — 500,84.0,Полар,От 1 года,Полный рабочий день,Не имеет значения,55.816456,37.366837,https://krasnogorsk.superjob.ru/vakansii/uborschik-na-kuhnyu-v-shkolu-50911707.html
51156677,Санитарка-уборщица,55000,0,rub,"['Медицина, фармацевтика, ветеринария', 'Услуги, ремонт, сервисное обслуживание', 'Рабочий персонал']","['Другое', 'Клининг', 'Рабочий персонал, разное']",Ногинск,[],[],[],"Московская область, Балашиха, микрорайон Железнодорожный, Новая улица, 22А",3418529,,100 — 500,142.0,"МНОГОПРОФИЛЬНАЯ СЕТЬ КЛИНИК ""СЕМЕЙНЫЙ МЕДИЦИНСКИЙ ЦЕНТР""",Без опыта,Полный рабочий день,Не имеет значения,55.747334,38.020512,https://noginsk.superjob.ru/vakansii/sanitarka-uborschica-51156677.html
51181150,"Горничная на вахту на север (ЯНАО, ХМАО, Чукотка, Таймыр)",109000,142500,rub,"['Услуги, ремонт, сервисное обслуживание']",['Клининг'],Орск,[],[],[],,4744563,,1000 — 5000,4189.0,АКС,Без опыта,Работа вахтовым методом,Не имеет значения,,,https://orsk.superjob.ru/vakansii/gornichnaya-na-vahtu-na-sever-51181150.html
51256286,Мойщик-уборщик (столовая),198196,0,rub,"['Туризм, гостиницы, общественное питание', 'Услуги, ремонт, сервисное обслуживание', 'Рабочий персонал']","['Рестораны, кафе, столовые, фастфуд', 'Клининг', 'Рабочий персонал, разное']",Курильск,[],[],[],"Сахалинская область, Углегорский городской округ, посёлок городского типа Шахтёрск, улица Мира, 30",345901,,1000 — 5000,29.0,Восточная Горнорудная Компания (EMCO),От 1 года,Полный рабочий день,Не имеет значения,49.159546,142.09494,https://yuzhno-sakhalinsk.superjob.ru/vakansii/mojschik-uborschik-51256286.html
51297872,Слесарь по ремонту и эксплуатации котельной,45978,0,rub,"['Услуги, ремонт, сервисное обслуживание', 'Рабочий персонал']","['Промышленное оборудование', 'Рабочий персонал, разное', 'Квалифицированный рабочий']",Смоленск,[],[],[],,4262900,,менее 50,31.0,Гражданстрой,От 1 года,Полный рабочий день,Не имеет значения,,,https://smolensk.superjob.ru/vakansii/slesar-po-remontu-i-ekspluatacii-kotelnoj-51297872.html
51486663,Слесарь по обслуживанию и ремонту оборудования,0,0,rub,"['Услуги, ремонт, сервисное обслуживание', 'Рабочий персонал']","['Автосервис', 'Промышленное оборудование', 'Рабочий персонал, разное', 'Квалифицированный рабочий']",Краснодар,[],[],[],,4273213,,500 — 1000,5.0,Черногорская ГРК,От 3 лет,Работа вахтовым методом,Среднее специальное,,,https://krasnodar.superjob.ru/vakansii/slesar-po-obsluzhivaniyu-i-remontu-oborudovaniya-51486663.html
51577417,Сервисный инженер отдела вентиляции (теплотехник),124000,124000,rub,"['Услуги, ремонт, сервисное обслуживание']","['Автосервис', 'Телекоммуникационное оборудование и сети', 'Промышленное оборудование', 'Торговое, складское, холодильное оборудование', 'Компьютеры и оргтехника']",Москва,['Парк Культуры'],['Кольцевая'],['brown'],"Москва, Зубовский бульвар, 4с1",4941795,,1000 — 5000,9.0,RT,От 1 года,Полный рабочий день,Среднее специальное,55.737358,37.590496,https://www.superjob.ru/vakansii/servisnyj-inzhener-otdela-ventilyacii-51577417.html
51717905,Электромонтер по ремонту и обслуживанию электрооборудования,58000,64000,rub,"['Строительство, проектирование, недвижимость', 'Услуги, ремонт, сервисное обслуживание', 'Рабочий персонал']","['Электроснабжение', 'Слаботочные системы и сети', 'Телекоммуникационное оборудование и сети', 'Промышленное оборудование', 'Рабочий персонал, разное']",Воронеж,[],[],[],"Воронежская область, Новоусманский район п Софьино",4930866,,менее 50,13.0,Транснефть - Дружба,От 1 года,Полный рабочий день,Не имеет значения,51.519173,39.39922,https://voronezh.superjob.ru/vakansii/elektromonter-po-remontu-i-obsluzhivaniyu-elektrooborudovaniya-51717905.html
51719278,Инженер по энергообеспечению,85000,95000,rub,"['Услуги, ремонт, сервисное обслуживание', 'Рабочий персонал']","['Промышленное оборудование', 'Рабочий персонал, разное', 'Квалифицированный рабочий']",Знаменка (Тамбовская область),[],[],[],,874575,,1000 — 5000,8229.0,ГК Русагро,От 1 года,Полный рабочий день,Высшее,,,https://tambovskaya-oblast-znamenka.superjob.ru/vakansii/inzhener-po-energoobespecheniyu-51719278.html
51718576,Инженер по ремонту цифровой техники,116000,127000,rub,"['Услуги, ремонт, сервисное обслуживание']","['Компьютеры и оргтехника', 'Фото, аудио, видео услуги']",Котельники,[],[],[],"Московская область, Котельники, Яничкин проезд, 5",100593,,более 5000,1143.0,"Группа ""М. Видео-Эльдорадо""",Без опыта,Полный рабочий день,Высшее,55.653107,37.880688,https://kotelniki.superjob.ru/vakansii/inzhener-po-remontu-cifrovoj-tehniki-51718576.html
50484451,Слесарь по ремонту автомобилей,55000,60000,rub,"['Промышленность, производство', 'Услуги, ремонт, сервисное обслуживание', 'Рабочий персонал']","['Автомобильная промышленность', 'Автосервис', 'Квалифицированный рабочий']",Тверь,[],[],[],"Тверь, улица Склизкова, 43",14215,,более 5000,1380.0,Почта России,От 1 года,Полный рабочий день,Среднее специальное,56.839993,35.915051,https://tver.superjob.ru/vakansii/slesar-po-remontu-avtomobilej-50484451.html
51782565,Приемщица заказов,2320,0,rub,"['Услуги, ремонт, сервисное обслуживание', 'Рабочий персонал']","['Ателье', 'Химчистки, прачечные', 'Рабочий персонал, разное']",Коммунарка,[],[],[],"Новомосковский административный округ, посёлок Коммунарка, улица Александры Монаховой, 30с1",3058622,,1000 — 5000,79.0,"Сеть химчисток ""Диана""",Без опыта,Полный рабочий день,Не имеет значения,,,https://kommunarka.superjob.ru/vakansii/priemschica-zakazov-51782565.html
51782574,Слесарь по ремонту автомобилей,84300,105500,rub,"['Промышленность, производство', 'Услуги, ремонт, сервисное обслуживание', 'Рабочий персонал']","['Автомобильная промышленность', 'Автосервис', 'Квалифицированный рабочий']",Санкт-Петербург,['Горьковская'],['Московско-Петроградская'],['blue'],"Санкт-Петербург, Большая Посадская улица, 24/2С",441150,,более 5000,126.0,"СПб ГУП ""Горэлектротранс""",От 1 года,Полный рабочий день,Не имеет значения,59.961105,30.327259,https://spb.superjob.ru/vakansii/slesar-po-remontu-avtomobilej-51782574.html
51798321,Мойщик посуды,29000,30000,rub,"['Туризм, гостиницы, общественное питание', 'Услуги, ремонт, сервисное обслуживание', 'Рабочий персонал']","['Рестораны, кафе, столовые, фастфуд', 'Клининг', 'Рабочий персонал, разное']",Владимир,[],[],[],"Владимир, Судогодское шоссе, 69",4744104,,менее 50,6.0,"ГБУСОВО ""ОКРЦ""",Без опыта,Полный рабочий день,Не имеет значения,56.102753,40.447777,https://vladimir.superjob.ru/vakansii/mojschik-posudy-51798321.html
51798999,Автоэлектрик/Слесарь по ремонту электрооборудования автомобилей,0,180000,rub,"['Строительство, проектирование, недвижимость', 'Промышленность, производство', 'Услуги, ремонт, сервисное обслуживание', 'Рабочий персонал']","['Электроснабжение', 'Автомобильная промышленность', 'Автосервис', 'Промышленное оборудование', 'Квалифицированный рабочий']",Иркутск,[],[],[],"Иркутская область, Жигаловский муниципальный округ, вахтовый посёлок Нючакан",509989,,1000 — 5000,127.0,Ленгазспецстрой,От 1 года,Полный рабочий день,Не имеет значения,55.412773,106.242165,https://irkutsk.superjob.ru/vakansii/avtoelektrik-51798999.html
51799467,Автослесарь по ремонту грузовых автомобилей,120000,250000,rub,"['Услуги, ремонт, сервисное обслуживание', 'Рабочий персонал']","['Автосервис', 'Квалифицированный рабочий']",Москва,[],[],[],,4955729,,менее 50,6.0,Грузовой сервис,От 1 года,Полный рабочий день,Среднее специальное,,,https://www.superjob.ru/vakansii/avtoslesar-po-remontu-gruzovyh-avtomobilej-51799467.html
51833225,Электрослесарь дежурный по ремонту оборудования,0,0,rub,"['Строительство, проектирование, недвижимость', 'Услуги, ремонт, сервисное обслуживание']","['Электроснабжение', 'Промышленное оборудование']",Красноярск,[],[],[],,135465,,100 — 500,1707.0,Статус,От 3 лет,Полный рабочий день,Не имеет значения,,,https://krasnoyarsk.superjob.ru/vakansii/elektroslesar-dezhurnyj-po-remontu-oborudovaniya-51833225.html
51864475,Приемщик в Гипермаркет Магнит,44000,66000,rub,"['Транспорт, логистика, ВЭД', 'Услуги, ремонт, сервисное обслуживание']","['Складское хозяйство', 'Автосервис']",Челябинск,[],[],[],"Челябинск, Братьев Кашириных, 80",280168,,более 5000,18164.0,"Магнит, Розничная сеть",Не имеет значения,Сменный график работы,Не имеет значения,55.179508,61.34306,https://chelyabinsk.superjob.ru/vakansii/priemschik-v-gipermarket-magnit-51864475.html
51868610,Инженер-электромеханик,0,0,rub,"['Услуги, ремонт, сервисное обслуживание']",['Промышленное оборудование'],Сертолово,[],[],[],,425358,,100 — 500,3.0,Ориент Продактс,От 3 лет,Полный рабочий день,Не имеет значения,,,https://sertolovo.superjob.ru/vakansii/inzhener-elektromehanik-51868610.html
51868707,Уборщица в ДОЛ Маяк,30000,37600,rub,"['Услуги, ремонт, сервисное обслуживание']",['Клининг'],Приозерск,[],[],[],"Ленинградская область, Приозерский район, Петровское сельское поселение, посёлок при железнодорожной станции Петяярви",2466656,,более 5000,3173.0,Российские железные дороги,Без опыта,Полный рабочий день,Не имеет значения,60.631207,30.107792,https://priozersk.superjob.ru/vakansii/uborschica-v-dol-mayak-51868707.html
51673525,Уборщик служебных помещений,50000,50000,rub,"['Услуги, ремонт, сервисное обслуживание', 'Рабочий персонал']","['Клининг', 'Рабочий персонал, разное']",Санкт-Петербург,[],[],[],"Санкт-Петербург, набережная канала Грибоедова, 30-32",4763170,,1000 — 5000,29.0,СПбГЭУ,Без опыта,Полный рабочий день,Не имеет значения,59.931915,30.32593,https://spb.superjob.ru/vakansii/uborschik-sluzhebnyh-pomeschenij-51673525.html
27088873,Уборщик служебных помещений,55000,60000,rub,"['Медицина, фармацевтика, ветеринария', 'Услуги, ремонт, сервисное обслуживание', 'Рабочий персонал']","['Больницы, поликлиники, диагностические центры, лаборатории', 'Клининг', 'Рабочий персонал, разное']",Москва,['Селигерская'],['Люблинско-Дмитровская'],['lime'],"Москва, улица Ивана Сусанина, 3",493048,,500 — 1000,9.0,ФГБУ ФБ МСЭ Минтруда России,Без опыта,Полный рабочий день,Среднее,55.870358,37.525711,https://www.superjob.ru/vakansii/uborschik-sluzhebnyh-pomeschenij-27088873.html
51830781,Автослесарь / автомеханик (ремонт и установка автостекол),90000,120000,rub,"['Промышленность, производство', 'Услуги, ремонт, сервисное обслуживание', 'Рабочий персонал']","['Автомобильная промышленность', 'Автосервис', 'Квалифицированный рабочий']",Москва,[],[],[],,3797376,,менее 50,337.0,JOBCART.RU,Без опыта,Полный рабочий день,Не имеет значения,,,https://www.superjob.ru/vakansii/avtoslesar-51830781.html
51846400,"Продавец-кассир (Вешенская, Вешенская, Калинина, 167Г)",26400,34300,rub,"['Услуги, ремонт, сервисное обслуживание']","['Клининг', 'Обувь']",Вешенская,[],[],[],,2635306,,более 5000,45940.0,Пятёрочка,Не имеет значения,Частичная занятость / Совместительство,Не имеет значения,,,https://veshenskaya.superjob.ru/vakansii/prodavec-kassir-51846400.html
31932896,Слесарь-сборщик,50000,65000,rub,"['Услуги, ремонт, сервисное обслуживание', 'Рабочий персонал', 'Промышленность, производство']","['Промышленное оборудование', 'Рабочий персонал, разное', 'Квалифицированный рабочий', 'Производство металлических изделий и заготовок']",Рязань,[],[],[],"Рязань, Ряжское шоссе, 20с1",3444908,,менее 50,1.0,КОМФОВЕНТ,От 1 года,Полный рабочий день,Не имеет значения,54.553558,39.781055,https://ryazan.superjob.ru/vakansii/slesar-sborschik-31932896.html
32985518,Оператор АЗС (с. Зеленовка),0,0,rub,"['Услуги, ремонт, сервисное обслуживание', 'Продажи']","['Автосервис', 'ГСМ, нефть']",Жигулевск,[],[],[],,2531979,,более 5000,97.0,Башнефть-Розница,Не имеет значения,Сменный график работы,Среднее специальное,,,https://zhigulevsk.superjob.ru/vakansii/operator-azs-32985518.html
32127284,Мастер стирки и глажки,50000,0,rub,"['Туризм, гостиницы, общественное питание', 'Услуги, ремонт, сервисное обслуживание']","['Гостиницы, отели, кемпинги, мотели', 'Химчистки, прачечные', 'Начало карьеры, мало опыта']",Троицк,[],[],[],"Москва, Троицк, Лесная улица, 4",3058622,,1000 — 5000,79.0,"Сеть химчисток ""Диана""",Без опыта,Сменный график работы,Не имеет значения,55.476494,37.302551,https://troitsk.superjob.ru/vakansii/master-stirki-i-glazhki-32127284.html
33688547,Уборщица офисных помещений,30000,30000,rub,"['Услуги, ремонт, сервисное обслуживание', 'Рабочий персонал']","['Клининг', 'Рабочий персонал, разное']",Химки,[],[],[],"Москва, Юровская улица",3749882,,менее 50,1.0,Гаранина Марина Владимировна,От 1 года,Частичная занятость / Совместительство,Не имеет значения,55.898907,37.384792,https://himki.superjob.ru/vakansii/uborschica-ofisnyh-pomeschenij-33688547.html
11466822,Мастер по ремонту ресторанного оборудования,100000,0,rub,"['Промышленность, производство', 'Услуги, ремонт, сервисное обслуживание', 'Рабочий персонал']","['Промышленное оборудование', 'Промышленное оборудование', 'Торговое, складское, холодильное оборудование', 'Начало карьеры, мало опыта', 'Квалифицированный рабочий']",Москва,['Хорошёвская'],['Большая кольцевая линия'],['cian'],"Москва, 3-я Магистральная улица, 26с1",539928,,менее 50,1.0,«Сервисный центр Деловая Русь»,От 1 года,Полный рабочий день,Не имеет значения,55.767513,37.517555,https://www.superjob.ru/vakansii/master-po-remontu-restorannogo-oborudovaniya-11466822.html
42544836,Электромонтер по ремонту и обслуживанию электрооборудования,46000,53000,rub,"['Услуги, ремонт, сервисное обслуживание']","['Телекоммуникационное оборудование и сети', 'Промышленное оборудование']",Ижевск,[],[],[],"Удмуртская Республика, Ижевск, улица Новоажимова, 6",173974,,более 5000,67.0,Мечел,От 1 года,Полный рабочий день,Среднее специальное,56.836498,53.195911,https://izhevsk.superjob.ru/vakansii/elektromonter-po-remontu-i-obsluzhivaniyu-elektrooborudovaniya-42544836.html
45485872,Автослесарь,50000,80000,rub,"['Транспорт, логистика, ВЭД', 'Промышленность, производство', 'Услуги, ремонт, сервисное обслуживание', 'Рабочий персонал']","['Автоперевозки', 'Автомобильная промышленность', 'Автосервис', 'Рабочий персонал, разное', 'Квалифицированный рабочий']",Рыбинск,[],[],[],"Ярославская область, Рыбинск, 2-я Большая Тоговщинская улица, 14",4374679,,менее 50,1.0,АТЦ «Самолёт «,От 1 года,Полный рабочий день,Не имеет значения,58.06712,38.785572,https://rybinsk.superjob.ru/vakansii/avtoslesar-45485872.html
45578827,Электромонтер по ремонту обмоток и изоляции электрооборудования,35000,50000,rub,"['Строительство, проектирование, недвижимость', 'Услуги, ремонт, сервисное обслуживание', 'Рабочий персонал']","['Электроснабжение', 'Слаботочные системы и сети', 'Промышленное оборудование', 'Рабочий персонал, разное', 'Квалифицированный рабочий']",Воронеж,[],[],[],"Воронежская область, Нововоронеж",4426584,,менее 50,36.0,АТОМИНФО,От 1 года,Полный рабочий день,Не имеет значения,51.309212,39.216278,https://voronezh.superjob.ru/vakansii/elektromonter-po-remontu-obmotok-i-izolyacii-elektrooborudovaniya-45578827.html
11650665,"Специалист по работе с клиентами (вторичный рынок жилья, новостройки)",150000,0,rub,"['Страхование', 'Продажи', 'Услуги, ремонт, сервисное обслуживание', 'Закупки, снабжение']","['Медицинское страхование', 'Агентства недвижимости, оценка недвижимости', 'Мебель', 'Начало карьеры, мало опыта', 'Начало карьеры, мало опыта']",Москва,"['Бульвар Рокоссовского', 'Черкизовская', 'Преображенская площадь', 'Сокольники', 'Электрозаводская', 'Семёновская', 'Партизанская', 'Измайловская', 'Первомайская', 'Щёлковская']","['МЦК', 'Сокольническая', 'Сокольническая', 'Большая кольцевая линия', 'МЦД3', 'Арбатско-Покровская', 'Арбатско-Покровская', 'Арбатско-Покровская', 'Арбатско-Покровская', 'Арбатско-Покровская']","['lightpink', 'red', 'red', 'cian', 'orangered', 'darkblue', 'darkblue', 'darkblue', 'darkblue', 'darkblue']","Москва, 9-я Парковая улица, 59к1",186972,,1000 — 5000,1010.0,ИНКОМ - Недвижимость,Без опыта,Полный рабочий день,Среднее специальное,55.807804,37.798141,https://www.superjob.ru/vakansii/specialist-po-rabote-s-klientami-11650665.html
49656684,Мастер по подключению интернета,80000,110000,rub,"['IT, Интернет, связь, телеком', 'Строительство, проектирование, недвижимость', 'Услуги, ремонт, сервисное обслуживание', 'Рабочий персонал']","['Телекоммуникации и связь', 'Электроснабжение', 'Слаботочные системы и сети', 'Телекоммуникационное оборудование и сети', 'Рабочий персонал, разное']",Киров (Кировская область),[],[],[],,24172,,более 5000,72.0,Ростелеком,Без опыта,Сменный график работы,Среднее,,,https://kirov.superjob.ru/vakansii/master-po-podklyucheniyu-interneta-49656684.html
50081857,Мойщица посуды,0,60000,rub,"['Туризм, гостиницы, общественное питание', 'Услуги, ремонт, сервисное обслуживание', 'Рабочий персонал']","['Рестораны, кафе, столовые, фастфуд', 'Клининг', 'Рабочий персонал, разное']",Москва,"['Автозаводская', 'Дубровка']","['МЦК', 'МЦК']","['lightpink', 'lightpink']","Москва, Велозаводская улица, 5",653944,,1000 — 5000,8.0,«Корпорация «Комета»,Без опыта,Полный рабочий день,Не имеет значения,55.714218,37.665775,https://www.superjob.ru/vakansii/mojschica-posudy-50081857.html
50546081,Уборщик служебных помещений,25000,0,rub,"['Услуги, ремонт, сервисное обслуживание', 'Рабочий персонал']","['Клининг', 'Рабочий персонал, разное']",Тюмень,[],[],[],"Тюмень, улица Мельникайте, 134",4887815,,более 5000,62.0,Социальный фонд России,Без опыта,Полный рабочий день,Не имеет значения,57.119251,65.543922,https://tyumen.superjob.ru/vakansii/uborschik-sluzhebnyh-pomeschenij-50546081.html
50253605,Шиномонтажник (в грузовой автосервис),90000,150000,rub,"['Услуги, ремонт, сервисное обслуживание', 'Рабочий персонал']","['Автосервис', 'Рабочий персонал, разное', 'Квалифицированный рабочий']",Быльники (Смоленская область),[],[],[],"Смоленский муниципальный округ, деревня Быльники",2537309,,более 5000,12.0,ОПТИТРАНС,От 1 года,Сменный график работы,Не имеет значения,54.864655,32.044342,https://www.superjob.ru/vakansii/shinomontazhnik-50253605.html
31441713,"Наладчик оборудования, механик, техник",135000,180000,rub,"['Промышленность, производство', 'Услуги, ремонт, сервисное обслуживание', 'Рабочий персонал']","['Пищевая промышленность', 'Промышленное оборудование', 'Промышленное оборудование', 'Квалифицированный рабочий']",Дмитров,[],[],[],"Московская область, городской округ Мытищи, посёлок Птицефабрики, Фабричная улица, вл8с3",3512555,,100 — 500,2.0,Фабрика АХМАД ТИ,Без опыта,Сменный график работы,Среднее специальное,55.995537,37.543327,https://dmitrov.superjob.ru/vakansii/naladchik-oborudovaniya-31441713.html
50667654,Приемщик заказов химчистки,75000,0,rub,"['Услуги, ремонт, сервисное обслуживание', 'Рабочий персонал']","['Химчистки, прачечные', 'Рабочий персонал, разное']",Москва,"['Баррикадная', 'Улица 1905 года', 'Полежаевская']","['Таганско-Краснопресненская', 'Таганско-Краснопресненская', 'Таганско-Краснопресненская']","['violet', 'violet', 'violet']",Москва,4865639,,менее 50,3.0,Развитие,Без опыта,Сменный график работы,Не имеет значения,55.755863,37.617699,https://www.superjob.ru/vakansii/priemschik-zakazov-himchistki-50667654.html
50758555,Наладчик линии розлива,75000,75000,rub,"['Услуги, ремонт, сервисное обслуживание', 'Рабочий персонал']","['Промышленное оборудование', 'Рабочий персонал, разное', 'Квалифицированный рабочий']",Ростов-на-Дону,[],[],[],"Ростов-на-Дону, улица Вавилова, 68/1",3492418,,менее 50,32.0,Юнитор,От 1 года,Полный рабочий день,Не имеет значения,47.279373,39.685799,https://rnd.superjob.ru/vakansii/naladchik-linii-rozliva-50758555.html
50932817,Монтировщик шин,136000,0,rub,"['Услуги, ремонт, сервисное обслуживание']",['Автосервис'],Эльбан,[],[],[],"Хабаровский край, Амурский район, рабочий посёлок Эльбан",4428142,,менее 50,6.0,СП-СЕРВИС,Без опыта,Работа вахтовым методом,Не имеет значения,50.092258,136.503983,https://elban.superjob.ru/vakansii/montirovschik-shin-50932817.html
50911680,Уборщик в столовой,40000,0,rub,"['Услуги, ремонт, сервисное обслуживание']",['Клининг'],Красногорск,[],[],[],"Московская область, городской округ Красногорск, посёлок городского типа Путилково, Просторная улица, 12к1",3894821,,100 — 500,84.0,Полар,От 1 года,Полный рабочий день,Не имеет значения,55.868183,37.389614,https://krasnogorsk.superjob.ru/vakansii/uborschik-v-stolovoj-50911680.html
51156678,Санитарка-уборщица,55000,0,rub,"['Медицина, фармацевтика, ветеринария', 'Услуги, ремонт, сервисное обслуживание', 'Рабочий персонал']","['Другое', 'Клининг', 'Рабочий персонал, разное']",Некрасовка (Московская область),[],[],[],"Московская область, Балашиха, микрорайон Железнодорожный, Новая улица, 22А",3418529,,100 — 500,142.0,"МНОГОПРОФИЛЬНАЯ СЕТЬ КЛИНИК ""СЕМЕЙНЫЙ МЕДИЦИНСКИЙ ЦЕНТР""",Без опыта,Полный рабочий день,Не имеет значения,55.747334,38.020512,https://lyubertsy.superjob.ru/vakansii/sanitarka-uborschica-51156678.html
51181151,"Горничная на вахту на север (ЯНАО, ХМАО, Чукотка, Таймыр)",109000,142500,rub,"['Услуги, ремонт, сервисное обслуживание']",['Клининг'],Челябинск,[],[],[],,4744563,,1000 — 5000,4189.0,АКС,Без опыта,Работа вахтовым методом,Не имеет значения,,,https://chelyabinsk.superjob.ru/vakansii/gornichnaya-na-vahtu-na-sever-51181151.html
51256287,Мойщик-уборщик (столовая),198196,0,rub,"['Туризм, гостиницы, общественное питание', 'Услуги, ремонт, сервисное обслуживание', 'Рабочий персонал']","['Рестораны, кафе, столовые, фастфуд', 'Клининг', 'Рабочий персонал, разное']",Горнозаводск,[],[],[],"Сахалинская область, Углегорский городской округ, посёлок городского типа Шахтёрск, улица Мира, 30",345901,,1000 — 5000,29.0,Восточная Горнорудная Компания (EMCO),От 1 года,Полный рабочий день,Не имеет значения,49.159546,142.09494,https://gornozavodsk.superjob.ru/vakansii/mojschik-uborschik-51256287.html
51297868,Слесарь по ремонту оборудования очистных сооружений,45978,0,rub,"['Услуги, ремонт, сервисное обслуживание', 'Рабочий персонал']","['Автосервис', 'Промышленное оборудование', 'Рабочий персонал, разное', 'Квалифицированный рабочий']",Смоленск,[],[],[],"Смоленск, Трамвайный проезд, 14",4262900,,менее 50,31.0,Гражданстрой,От 1 года,Полный рабочий день,Не имеет значения,54.769569,32.070511,https://smolensk.superjob.ru/vakansii/slesar-po-remontu-oborudovaniya-ochistnyh-sooruzhenij-51297868.html
51486739,Слесарь по обслуживанию и ремонту оборудования,0,0,rub,"['Услуги, ремонт, сервисное обслуживание', 'Рабочий персонал']","['Автосервис', 'Промышленное оборудование', 'Рабочий персонал, разное', 'Квалифицированный рабочий']",Тольятти,[],[],[],"Красноярский край, Норильск",4273213,,500 — 1000,5.0,Черногорская ГРК,От 3 лет,Работа вахтовым методом,Среднее специальное,69.343987,88.210396,https://tolyatti.superjob.ru/vakansii/slesar-po-obsluzhivaniyu-i-remontu-oborudovaniya-51486739.html
51719251,Мастер по электрооборудованию,85000,95000,rub,"['Услуги, ремонт, сервисное обслуживание', 'Рабочий персонал']","['Промышленное оборудование', 'Рабочий персонал, разное', 'Квалифицированный рабочий']",Знаменка (Тамбовская область),[],[],[],,874575,,1000 — 5000,8229.0,ГК Русагро,От 1 года,Полный рабочий день,Среднее специальное,,,https://tambovskaya-oblast-znamenka.superjob.ru/vakansii/master-po-elektrooborudovaniyu-51719251.html
50767993,Старший электромеханик средств радио и телевидения,50000,0,rub,"['IT, Интернет, связь, телеком', 'Услуги, ремонт, сервисное обслуживание', 'Рабочий персонал', 'Строительство, проектирование, недвижимость']","['Телекоммуникации и связь', 'Телекоммуникационное оборудование и сети', 'Рабочий персонал, разное', 'Квалифицированный рабочий', 'Слаботочные системы и сети']",Стерлитамак,[],[],[],"Республика Башкортостан, Стерлитамакский район, село Наумовка",3974341,,более 5000,984.0,РТРС,От 1 года,Сменный график работы,Среднее специальное,53.519962,55.917091,https://sterlitamak.superjob.ru/vakansii/starshij-elektromehanik-sredstv-radio-i-televideniya-50767993.html
51732884,Слесарь по эксплуатации и ремонту газопроводов 4 разряда,91000,0,rub,"['Услуги, ремонт, сервисное обслуживание', 'Рабочий персонал']","['Промышленное оборудование', 'Рабочий персонал, разное', 'Квалифицированный рабочий']",Москва,"['Мичуринский проспект', 'Аминьевская']","['Большая кольцевая линия', 'МЦД4']","['cian', 'mediumaquamarine']","Москва, улица Лобачевского, 118с1",202378,,1000 — 5000,36.0,МОСГАЗ,Без опыта,Полный рабочий день,Среднее специальное,55.691887,37.475155,https://www.superjob.ru/vakansii/slesar-po-ekspluatacii-i-remontu-gazoprovodov-4-razryada-51732884.html
51780576,Уборщик,0,79200,rub,"['Услуги, ремонт, сервисное обслуживание']",['Клининг'],Москва,[],[],[],"Москва, Соколово-Мещерская улица, 14",400494,,более 5000,235.0,"КуулКлевер (МясновЪ, Отдохни)",Без опыта,Полный рабочий день,Не имеет значения,55.896015,37.390045,https://www.superjob.ru/vakansii/uborschik-51780576.html
51781052,Автоэлектрик 6 разряда (Ремонтный участок),43348,0,rub,"['Услуги, ремонт, сервисное обслуживание', 'Рабочий персонал']","['Автосервис', 'Квалифицированный рабочий']",Владивосток,[],[],[],"Приморский край, Владивосток, Некрасовская улица, 51В",14215,,более 5000,1380.0,Почта России,От 1 года,Полный рабочий день,Не имеет значения,43.128315,131.910309,https://vladivostok.superjob.ru/vakansii/avtoelektrik-6-razryada-51781052.html
51782523,Мойщик-уборщик подвижного состава,42600,45000,rub,"['Туризм, гостиницы, общественное питание', 'Услуги, ремонт, сервисное обслуживание', 'Рабочий персонал']","['Рестораны, кафе, столовые, фастфуд', 'Клининг', 'Рабочий персонал, разное']",Санкт-Петербург,['Горьковская'],['Московско-Петроградская'],['blue'],"Санкт-Петербург, Большая Посадская улица, 24/2С",441150,,более 5000,126.0,"СПб ГУП ""Горэлектротранс""",Без опыта,Полный рабочий день,Не имеет значения,59.961105,30.327259,https://spb.superjob.ru/vakansii/mojschik-uborschik-podvizhnogo-sostava-51782523.html
51798233,Шиномонтажник на выездной шиномонтаж,150000,200000,rub,"['Услуги, ремонт, сервисное обслуживание']",['Автосервис'],Мурино,[],[],[],"Мурино, Лесная улица, д. 3Б",4353589,,менее 50,340.0,Jobers,Без опыта,Полный рабочий день,Не имеет значения,60.04314,30.475256,https://murino.superjob.ru/vakansii/shinomontazhnik-na-vyezdnoj-shinomontazh-51798233.html
51799461,Автослесарь по ремонту грузовых автомобилей,120000,250000,rub,"['Услуги, ремонт, сервисное обслуживание', 'Рабочий персонал']","['Автосервис', 'Квалифицированный рабочий']",Тула,[],[],[],,4955729,,менее 50,6.0,Грузовой сервис,От 1 года,Полный рабочий день,Среднее специальное,,,https://tula.superjob.ru/vakansii/avtoslesar-po-remontu-gruzovyh-avtomobilej-51799461.html
51826765,Техник,64000,0,rub,"['Промышленность, производство', 'Услуги, ремонт, сервисное обслуживание', 'Рабочий персонал']","['Промышленное оборудование', 'Промышленное оборудование', 'Квалифицированный рабочий']",Москва,[],[],[],,100593,,более 5000,1143.0,"Группа ""М. Видео-Эльдорадо""",Без опыта,Полный рабочий день,Не имеет значения,,,https://www.superjob.ru/vakansii/tehnik-51826765.html
51830682,Уборщик служебных помещений,50000,0,rub,"['Услуги, ремонт, сервисное обслуживание']",['Клининг'],Москва,"['Ботанический сад', 'Ростокино']","['МЦК', 'МЦК']","['lightpink', 'lightpink']","Москва, улица Докукина, 8к1",2168125,,500 — 1000,10.0,Экоофис,От 1 года,Полный рабочий день,Не имеет значения,55.838318,37.654457,https://www.superjob.ru/vakansii/uborschik-sluzhebnyh-pomeschenij-51830682.html
51833226,Электрослесарь дежурный по ремонту оборудования,0,0,rub,"['Строительство, проектирование, недвижимость', 'Услуги, ремонт, сервисное обслуживание']","['Электроснабжение', 'Промышленное оборудование']",Магадан,[],[],[],,135465,,100 — 500,1707.0,Статус,От 3 лет,Полный рабочий день,Не имеет значения,,,https://magadan.superjob.ru/vakansii/elektroslesar-dezhurnyj-po-remontu-oborudovaniya-51833226.html
51864322,Приемщик в Гипермаркет Магнит,40600,60900,rub,"['Транспорт, логистика, ВЭД', 'Услуги, ремонт, сервисное обслуживание']","['Складское хозяйство', 'Автосервис']",Уфа,[],[],[],"Уфа, Дагестанская, 2",280168,,более 5000,18164.0,"Магнит, Розничная сеть",Не имеет значения,Сменный график работы,Не имеет значения,54.705849,55.847164,https://ufa.superjob.ru/vakansii/priemschik-v-gipermarket-magnit-51864322.html
51867973,Продавец-кассир (метро Марксистская),68000,75000,rub,"['Услуги, ремонт, сервисное обслуживание']","['Клининг', 'Обувь']",Москва,"['Курская', 'Таганская', 'Марксистская']","['МЦД4', 'Таганско-Краснопресненская', 'Калининско-Солнцевская']","['mediumaquamarine', 'violet', 'yellow']","Москва, Марксистская улица, 3с1",75401,,более 5000,11152.0,"""БЭСТ ПРАЙС"" / Fix Price",Без опыта,Полный рабочий день,Не имеет значения,55.738361,37.661564,https://www.superjob.ru/vakansii/prodavec-kassir-51867973.html
51868708,Уборщица в ДОЛ Маяк,30000,37600,rub,"['Услуги, ремонт, сервисное обслуживание']",['Клининг'],Санкт-Петербург,[],[],[],"Псков, Зональное шоссе, 30",2466656,,более 5000,3173.0,Российские железные дороги,Без опыта,Частичная занятость / Совместительство,Не имеет значения,,,https://spb.superjob.ru/vakansii/uborschica-v-dol-mayak-51868708.html
