id,Название вакансии,Минимальная зарплата,Максимальная зарплата,Валюта,Категория,Детальные категории,Город,Метро,Линия метро,Цвет линии метро,Адрес,Id компании,Индуcтрия,Кол-во персонала в компании,Кол-во размещенных вакансий,Название компании,Опыт,График работы,Образование,Широта,Долгота,ссылка
51593793,Практикант / стажёр Документовед,0,0,rub,"['Административная работа, секретариат, АХО', 'IT, Интернет, связь, телеком']","['Делопроизводство', 'Начало карьеры, мало опыта', 'Ввод данных, систематизация', 'Начало карьеры, мало опыта']",Москва,[],[],[],,4942669,,менее 50,3.0,Росатом,Без опыта,Полный рабочий день,Не имеет значения,,,https://www.superjob.ru/vakansii/praktikant-51593793.html
51596924,Стажер в IT отдел,0,0,rub,"['IT, Интернет, связь, телеком']","['Начало карьеры, мало опыта']",Москва,[],[],[],,4942854,,менее 50,4.0,Аэрофлот,Без опыта,Полный рабочий день,Не имеет значения,,,https://www.superjob.ru/vakansii/stazher-v-it-otdel-51596924.html
51698248,Senior Python-разработчик,0,575000,rub,"['IT, Интернет, связь, телеком']","['Разработка, программирование', 'Нейросети / Искусственный интеллект', 'AI']",Москва,[],[],[],,4942874,,менее 50,5.0,Точка банк,От 3 лет,Полный рабочий день,Не имеет значения,,,https://www.superjob.ru/vakansii/senior-python-razrabotchik-51698248.html
51646103,Project менеджер,0,0,rub,"['IT, Интернет, связь, телеком']",['Управление проектами'],Москва,[],[],[],,4944790,,менее 50,0.0,Лаборатория Касперского,От 1 года,Полный рабочий день,Не имеет значения,,,https://www.superjob.ru/vakansii/project-menedzher-51646103.html
51646140,Стажёр аналитик продаж в департамент розничных продаж,0,0,rub,"['IT, Интернет, связь, телеком', 'Продажи']","['Аналитика', 'Начало карьеры, мало опыта']",Москва,[],[],[],,4905642,,менее 50,13.0,Альфа-Банк: Старт карьеры,Без опыта,Полный рабочий день,Не имеет значения,,,https://www.superjob.ru/vakansii/stazhjor-analitik-prodazh-v-departament-roznichnyh-prodazh-51646140.html
51646147,Контент-креатор стажер,0,0,rub,"['IT, Интернет, связь, телеком']",['Контент'],Москва,[],[],[],,4935016,,менее 50,7.0,Duolingo,Без опыта,Полный рабочий день,Не имеет значения,,,https://www.superjob.ru/vakansii/kontent-kreator-stazher-51646147.html
51668617,Младший QA-инженер,0,0,rub,"['IT, Интернет, связь, телеком']","['Тестирование, QA']",Москва,[],[],[],,4904563,,более 5000,2.0,VK: Старт карьеры,От 1 года,Полный рабочий день,Не имеет значения,,,https://www.superjob.ru/vakansii/mladshij-qa-inzhener-51668617.html
51690993,Младший менеджер проектов,0,0,rub,"['IT, Интернет, связь, телеком']","['Начало карьеры, мало опыта']",Москва,[],[],[],,4905942,,более 5000,13.0,OZON: Старт карьеры,Без опыта,Полный рабочий день,Не имеет значения,,,https://www.superjob.ru/vakansii/mladshij-menedzher-proektov-51690993.html
51692814,Стажер DATA SCIENTIST,0,0,rub,"['IT, Интернет, связь, телеком']","['Начало карьеры, мало опыта', 'Data Science', 'Нейросети / Искусственный интеллект', 'AI']",Москва,[],[],[],,4907133,,менее 50,4.0,МТС: Старт карьеры,Без опыта,Полный рабочий день,Среднее специальное,,,https://www.superjob.ru/vakansii/stazher-data-scientist-51692814.html
51697899,UX-Исследователь (Middle),92000,105000,rub,"['Дизайн', 'IT, Интернет, связь, телеком']","['Web-дизайн (UI/UX)', 'Аналитика', 'Разработка, программирование', 'Юзабилити', 'Управление продуктом']",Москва,[],[],[],"Москва, улица Петровка, 20/1",11714,,100 — 500,68.0,Филиал ФКУ «Налог-Сервис» ФНС России по ЦОД в г. Москве,От 1 года,Полный рабочий день,Не имеет значения,55.764221,37.617321,https://www.superjob.ru/vakansii/ux-issledovatel-51697899.html
51697901,UX-Исследователь (Junior),60000,80000,rub,"['Дизайн', 'IT, Интернет, связь, телеком']","['Web-дизайн (UI/UX)', 'Аналитика', 'Разработка и сопровождение банковского ПО', 'Юзабилити', 'Управление продуктом']",Москва,[],[],[],"Москва, улица Петровка, 20/1",11714,,100 — 500,68.0,Филиал ФКУ «Налог-Сервис» ФНС России по ЦОД в г. Москве,От 1 года,Полный рабочий день,Не имеет значения,55.764221,37.617321,https://www.superjob.ru/vakansii/ux-issledovatel-51697901.html
51720169,Mobile QA Fullstack engineer,0,0,rub,"['IT, Интернет, связь, телеком']","['Тестирование, QA', 'Мобильная разработка']",Москва,[],[],[],,4952362,,менее 50,4.0,Магнит: Старт Карьеры,От 1 года,Полный рабочий день,Среднее специальное,,,https://www.superjob.ru/vakansii/mobile-qa-fullstack-engineer-51720169.html
51742427,Продакт-менеджер,0,0,rub,"['IT, Интернет, связь, телеком']",['Управление продуктом'],Москва,[],[],[],,4954737,,менее 50,8.0,SKIMS,От 1 года,Полный рабочий день,Не имеет значения,,,https://www.superjob.ru/vakansii/prodakt-menedzher-51742427.html
51761110,Контент-маркетолог,0,0,rub,"['IT, Интернет, связь, телеком', 'Маркетинг, реклама, PR']","['Контент', 'Другое']",Москва,[],[],[],,4944476,,менее 50,15.0,КРОК,Без опыта,Полный рабочий день,Не имеет значения,,,https://www.superjob.ru/vakansii/kontent-marketolog-51761110.html
51778987,Аналитик бренд-коммуникаций,0,0,rub,"['IT, Интернет, связь, телеком', 'Маркетинг, реклама, PR']","['Аналитика', 'Аналитика, исследование рынков']",Москва,[],[],[],,4922230,,менее 50,2.0,Сhanel,От 1 года,Полный рабочий день,Не имеет значения,,,https://www.superjob.ru/vakansii/analitik-brend-kommunikacij-51778987.html
51754781,Продуктовый аналитик,0,0,rub,"['IT, Интернет, связь, телеком', 'Маркетинг, реклама, PR']","['Аналитика', 'Аналитика, исследование рынков']",Москва,[],[],[],,4944244,,менее 50,9.0,Контур,Без опыта,Полный рабочий день,Не имеет значения,,,https://www.superjob.ru/vakansii/produktovyj-analitik-51754781.html
51778967,Сотрудник отдела Evaluation Infrastructure,0,0,rub,"['IT, Интернет, связь, телеком']","['Разработка, программирование', 'Другое', 'Нейросети / Искусственный интеллект', 'AI']",Москва,[],[],[],,4957440,,более 5000,8.0,Tesla,Без опыта,Полный рабочий день,Не имеет значения,,,https://www.superjob.ru/vakansii/sotrudnik-otdela-evaluation-infrastructure-51778967.html
51780984,Стажер в IT отдел,0,0,rub,"['IT, Интернет, связь, телеком']","['Начало карьеры, мало опыта']",Москва,[],[],[],,4957726,,более 5000,6.0,Добрый,Без опыта,Полный рабочий день,Не имеет значения,,,https://www.superjob.ru/vakansii/stazher-v-it-otdel-51780984.html
51782835,Стажер по организационному менеджменту,0,0,rub,"['Бухгалтерия, финансы, аудит', 'IT, Интернет, связь, телеком', 'Кадры, управление персоналом']","['Начало карьеры, мало опыта', 'Начало карьеры, мало опыта', 'Начало карьеры, мало опыта']",Москва,[],[],[],,4957734,,более 5000,18.0,Disney,От 1 года,Полный рабочий день,Неполное высшее,,,https://www.superjob.ru/vakansii/stazher-po-organizacionnomu-menedzhmentu-51782835.html
51795242,Электроник,125000,125000,rub,"['IT, Интернет, связь, телеком']",['Инжиниринг'],Москва,"['Комсомольская', 'Площадь трёх вокзалов']","['Кольцевая', 'МЦД4']","['brown', 'mediumaquamarine']","Москва, Комсомольская площадь",2466656,,более 5000,3173.0,Российские железные дороги,От 1 года,Полный рабочий день,Среднее специальное,55.775326,37.655643,https://www.superjob.ru/vakansii/elektronik-51795242.html
51801616,Агент клиентской поддержки (Tier-1),80000,120000,rub,"['IT, Интернет, связь, телеком']",['AI'],Москва,[],[],[],,14449,,100 — 500,9.0,SuperJob,От 1 года,Полный рабочий день,Не имеет значения,,,https://www.superjob.ru/vakansii/agent-klientskoj-podderzhki-51801616.html
51834938,Ведущий специалист технической поддержки,100000,100000,rub,"['IT, Интернет, связь, телеком']","['Системное администрирование', 'Техническая поддержка', 'Другое']",Москва,[],[],[],"Москва, улица Цюрупы, 3",4918378,,1000 — 5000,5.0,"ФГБНУ ""РНЦХ ИМ. АКАД. Б. В. ПЕТРОВСКОГО""",От 3 лет,Полный рабочий день,Среднее специальное,55.6689,37.577713,https://www.superjob.ru/vakansii/veduschij-specialist-tehnicheskoj-podderzhki-51834938.html
51852881,Инженер-программист,0,0,rub,"['IT, Интернет, связь, телеком']","['DevOps', 'Управление разработкой']",Москва,[],[],[],,4961508,,менее 50,0.0,Википедия,Без опыта,Полный рабочий день,Не имеет значения,,,https://www.superjob.ru/vakansii/inzhener-programmist-51852881.html
51865215,Стажер-специалист по искусственному интеллекту,0,0,rub,"['IT, Интернет, связь, телеком']","['Интернет, создание и поддержка сайтов', 'Нейросети / Искусственный интеллект', 'AI']",Москва,[],[],[],,4962080,,менее 50,0.0,Netflix,Без опыта,Полный рабочий день,Не имеет значения,,,https://www.superjob.ru/vakansii/stazher-specialist-po-iskusstvennomu-intellektu-51865215.html
51853063,Product manager,0,0,rub,"['IT, Интернет, связь, телеком']","['Аналитика', 'Управление продуктом']",Москва,[],[],[],,4961511,,менее 50,6.0,Туту,Без опыта,Полный рабочий день,Не имеет значения,,,https://www.superjob.ru/vakansii/product-manager-51853063.html
51868742,Автокурьер на личном авто (Оплата патента),70000,160000,rub,"['Бухгалтерия, финансы, аудит', 'IT, Интернет, связь, телеком']","['Казначейство', 'DevOps']",Москва,['Академическая'],['Калужско-Рижская'],['orange'],"г Москва, улица Дмитрия Ульянова, д. 12 к. 1. 12",0,,,,,Без опыта,Полный рабочий день,Не имеет значения,55.689125,37.568157,https://www.superjob.ru/vakansii/avtokurer-na-lichnom-avto-51868742.html
47821101,Инженер-электронщик / Наладчик РЭА и приборов лаб. 54,70000,0,rub,"['IT, Интернет, связь, телеком']",['Инжиниринг'],Москва,['Алтуфьево'],['Серпуховско-Тимирязевская'],['gray'],"Москва, Алтуфьевское шоссе, 79Ас2",289488,,100 — 500,5.0,Союзцветметавтоматика им. Топчаева В. П.,От 1 года,Полный рабочий день,Высшее,55.882687,37.585224,https://www.superjob.ru/vakansii/inzhener-elektronschik-47821101.html
50517186,Главный специалист отдела автоматизации,50000,55000,rub,"['IT, Интернет, связь, телеком', 'Государственная служба']","['Системное администрирование', 'Техническая поддержка', 'Внедрение и сопровождение ПО', 'Государственная гражданская служба', 'Государственные фонды']",Москва,[],[],[],,4887815,,более 5000,62.0,Социальный фонд России,От 1 года,Полный рабочий день,Среднее специальное,,,https://www.superjob.ru/vakansii/glavnyj-specialist-otdela-avtomatizacii-50517186.html
50702038,Инженер поддержки АРМ,0,90000,rub,"['IT, Интернет, связь, телеком']","['Системное администрирование', 'Техническая поддержка', 'Другое']",Москва,[],[],[],,3001379,,более 5000,25.0,ИТ-Холдинг Т1,От 1 года,Полный рабочий день,Высшее,,,https://www.superjob.ru/vakansii/inzhener-podderzhki-arm-50702038.html
50963785,Главный специалист отдела мониторинга Информационной безопасности,90000,0,rub,"['Безопасность, службы охраны', 'IT, Интернет, связь, телеком']","['Информационная безопасность', 'Информационная безопасность']",Москва,['Телецентр'],['Монорельс (М1)'],['monorail'],"Москва, улица Академика Королёва, 15к2",3974341,,более 5000,984.0,РТРС,От 1 года,Полный рабочий день,Высшее,55.818428,37.614761,https://www.superjob.ru/vakansii/glavnyj-specialist-otdela-monitoringa-informacionnoj-bezopasnosti-50963785.html
51559518,Системный администратор Windows / Linux (офис),80000,0,rub,"['IT, Интернет, связь, телеком']",['Системное администрирование'],Москва,['Аэропорт'],['Замоскворецкая'],['green'],"Москва, улица Викторенко, 7к2",3845930,,1000 — 5000,0.0,"ФГУП ""ГосНИИАС""",От 1 года,Полный рабочий день,Среднее специальное,55.79882,37.530399,https://www.superjob.ru/vakansii/sistemnyj-administrator-windows-51559518.html
51761346,SCALA разработчик,350000,0,rub,"['IT, Интернет, связь, телеком']","['Разработка, программирование']",Москва,[],[],[],,71817,,100 — 500,21.0,ЭКО центр,От 3 лет,Полный рабочий день,Не имеет значения,,,https://www.superjob.ru/vakansii/scala-razrabotchik-51761346.html
51799251,Специалист отдела технической экспертизы,80000,80000,rub,"['IT, Интернет, связь, телеком']",['Техническая поддержка'],Москва,"['Киевская', 'Студенческая']","['Филёвская', 'Филёвская']","['blue', 'blue']","Москва, Киевская улица, 7к2",190718,,более 5000,17.0,"ПАО СК ""Росгосстрах""",От 1 года,Полный рабочий день,Не имеет значения,55.7421,37.558929,https://www.superjob.ru/vakansii/specialist-otdela-tehnicheskoj-ekspertizy-51799251.html
51825526,Сетевой инженер по ИБ,0,0,rub,"['IT, Интернет, связь, телеком']","['Администрирование баз данных', 'Инжиниринг', 'Сетевые технологии']",Москва,[],[],[],"Москва, Верейская улица, 29с34",2631007,,более 5000,37.0,ЦЕМРОС,От 3 лет,Полный рабочий день,Не имеет значения,55.709785,37.438557,https://www.superjob.ru/vakansii/setevoj-inzhener-po-ib-51825526.html
51845773,Ведущий программист 1С,170000,180000,rub,"['IT, Интернет, связь, телеком']","['Разработка, программирование', 'Системы управления предприятием (ERP)']",Москва,['Ботанический сад'],['МЦК'],['lightpink'],"Москва, улица Вильгельма Пика",314091,,1000 — 5000,5.0,"ФГБОУ ВО РГСУ, РГСУ, РОССИЙСКИЙ ГОСУДАРСТВЕННЫЙ СОЦИАЛЬНЫЙ УНИВЕРСИТЕТ",От 3 лет,Полный рабочий день,Не имеет значения,55.840218,37.636364,https://www.superjob.ru/vakansii/veduschij-programmist-1s-51845773.html
51699516,Администратор баз данных (DBA) Oracle,0,0,rub,"['IT, Интернет, связь, телеком']","['Администрирование баз данных', 'Разработка, программирование', 'Системное администрирование', 'Внедрение и сопровождение ПО']",Москва,[],[],[],"Москва, Походный проезд, 3с2",11714,,100 — 500,68.0,Филиал ФКУ «Налог-Сервис» ФНС России по ЦОД в г. Москве,От 1 года,Полный рабочий день,Не имеет значения,55.83503,37.408318,https://www.superjob.ru/vakansii/administrator-baz-dannyh-51699516.html
51699533,Администратор баз данных (DBA) PostgreSQL,0,0,rub,"['IT, Интернет, связь, телеком']","['Администрирование баз данных', 'Разработка, программирование', 'Системное администрирование', 'Внедрение и сопровождение ПО']",Москва,[],[],[],"Москва, Походный проезд, 3с2",11714,,100 — 500,68.0,Филиал ФКУ «Налог-Сервис» ФНС России по ЦОД в г. Москве,От 1 года,Полный рабочий день,Не имеет значения,55.83503,37.408318,https://www.superjob.ru/vakansii/administrator-baz-dannyh-51699533.html
51699984,Ведущий сетевой инженер,0,0,rub,"['IT, Интернет, связь, телеком']","['Администрирование баз данных', 'Инжиниринг', 'Сетевые технологии', 'Системное администрирование', 'Телекоммуникации и связь']",Москва,"['Тушинская', 'Сходненская', 'Мякинино', 'Волоколамская']","['МЦД2', 'Таганско-Краснопресненская', 'Арбатско-Покровская', 'МЦД2']","['fuchsia', 'violet', 'darkblue', 'fuchsia']","Москва, Походный проезд, 3",11714,,100 — 500,68.0,Филиал ФКУ «Налог-Сервис» ФНС России по ЦОД в г. Москве,От 1 года,Полный рабочий день,Не имеет значения,55.834797,37.409763,https://www.superjob.ru/vakansii/veduschij-setevoj-inzhener-51699984.html
51700058,Дежурный сетевой инженер,0,0,rub,"['IT, Интернет, связь, телеком', 'Услуги, ремонт, сервисное обслуживание']","['Администрирование баз данных', 'Инжиниринг', 'Сетевые технологии', 'Системная интеграция', 'Телекоммуникационное оборудование и сети']",Москва,"['Тушинская', 'Сходненская', 'Мякинино', 'Волоколамская']","['МЦД2', 'Таганско-Краснопресненская', 'Арбатско-Покровская', 'МЦД2']","['fuchsia', 'violet', 'darkblue', 'fuchsia']","Москва, Походный проезд, 3",11714,,100 — 500,68.0,Филиал ФКУ «Налог-Сервис» ФНС России по ЦОД в г. Москве,От 3 лет,Полный рабочий день,Высшее,55.834797,37.409763,https://www.superjob.ru/vakansii/dezhurnyj-setevoj-inzhener-51700058.html
51699988,Руководитель ИТ-проектов,0,0,rub,"['IT, Интернет, связь, телеком', 'Топ-персонал']","['Телекоммуникации и связь', 'Внедрение и сопровождение ПО', 'Управление проектами', 'IT, Интернет, связь, телеком']",Москва,"['Тушинская', 'Мякинино', 'Волоколамская']","['МЦД2', 'Арбатско-Покровская', 'МЦД2']","['fuchsia', 'darkblue', 'fuchsia']","Москва, Походный проезд, 3с1",11714,,100 — 500,68.0,Филиал ФКУ «Налог-Сервис» ФНС России по ЦОД в г. Москве,От 1 года,Полный рабочий день,Не имеет значения,55.834332,37.408463,https://www.superjob.ru/vakansii/rukovoditel-it-proektov-51699988.html
51754779,Системный аналитик,0,0,rub,"['IT, Интернет, связь, телеком']","['Аналитика', 'Системная интеграция', 'Системное администрирование']",Москва,[],[],[],,4944244,,менее 50,9.0,Контур,От 3 лет,Полный рабочий день,Не имеет значения,,,https://www.superjob.ru/vakansii/sistemnyj-analitik-51754779.html
50735545,Работник торгового зала,40000,50000,rub,"['Топ-персонал', 'IT, Интернет, связь, телеком']","['Консалтинг, стратегическое развитие', 'Внедрение и сопровождение ПО']",Москва,[],[],[],"Москва, Родионовская, 12",2635306,,более 5000,45940.0,Пятёрочка,Не имеет значения,Частичная занятость / Совместительство,Неполное высшее,55.893852,37.389606,https://www.superjob.ru/vakansii/rabotnik-torgovogo-zala-50735545.html
51668541,Специалист по тестированию,0,0,rub,"['IT, Интернет, связь, телеком']","['Тестирование, QA']",Москва,[],[],[],,4944790,,менее 50,0.0,Лаборатория Касперского,От 1 года,Полный рабочий день,Не имеет значения,,,https://www.superjob.ru/vakansii/specialist-po-testirovaniyu-51668541.html
51692779,Стажер Go разработчик,0,0,rub,"['IT, Интернет, связь, телеком']","['Аналитика', 'Разработка, программирование']",Москва,[],[],[],,4907133,,менее 50,4.0,МТС: Старт карьеры,Без опыта,Полный рабочий день,Среднее специальное,,,https://www.superjob.ru/vakansii/stazher-go-razrabotchik-51692779.html
51698209,Контент-стратег,170000,0,rub,"['IT, Интернет, связь, телеком', 'Маркетинг, реклама, PR']","['Контент', 'Другое']",Москва,[],[],[],,4942874,,менее 50,5.0,Точка банк,От 3 лет,Полный рабочий день,Не имеет значения,,,https://www.superjob.ru/vakansii/kontent-strateg-51698209.html
51718112,Стажер разработчик интерфейсов,0,0,rub,"['IT, Интернет, связь, телеком']","['Разработка, программирование']",Москва,[],[],[],,4905942,,более 5000,13.0,OZON: Старт карьеры,Без опыта,Полный рабочий день,Не имеет значения,,,https://www.superjob.ru/vakansii/stazher-razrabotchik-interfejsov-51718112.html
51742361,Стажер по машинному обучению,0,0,rub,"['IT, Интернет, связь, телеком']","['Аналитика', 'Компьютерная анимация\xa0и\xa0мультимедиа', 'Начало карьеры, мало опыта', 'Мобильная разработка']",Москва,[],[],[],,4932954,,менее 50,4.0,Apple,От 1 года,Полный рабочий день,Неполное высшее,,,https://www.superjob.ru/vakansii/stazher-po-mashinnomu-obucheniyu-51742361.html
51760926,Стажер системный инженер (BigData),0,0,rub,"['IT, Интернет, связь, телеком', 'Строительство, проектирование, недвижимость', 'Промышленность, производство']","['Инжиниринг', 'Сетевые технологии', 'Начало карьеры, мало опыта', 'Начало карьеры, мало опыта', 'Начало карьеры, мало опыта']",Москва,[],[],[],,4944476,,менее 50,15.0,КРОК,Без опыта,Полный рабочий день,Не имеет значения,,,https://www.superjob.ru/vakansii/stazher-sistemnyj-inzhener-51760926.html
51778965,Сотрудник отдела по работе с алгоритмами автономности,0,0,rub,"['IT, Интернет, связь, телеком']","['Разработка, программирование', 'Нейросети / Искусственный интеллект', 'AI']",Москва,[],[],[],,4957440,,более 5000,8.0,Tesla,Без опыта,Полный рабочий день,Не имеет значения,,,https://www.superjob.ru/vakansii/sotrudnik-otdela-po-rabote-s-algoritmami-avtonomnosti-51778965.html
51785226,Аналитик,0,0,rub,"['IT, Интернет, связь, телеком', 'Маркетинг, реклама, PR']","['Аналитика', 'Аналитика, исследование рынков']",Москва,[],[],[],,4957734,,более 5000,18.0,Disney,От 1 года,Полный рабочий день,Не имеет значения,,,https://www.superjob.ru/vakansii/analitik-51785226.html
51801586,Агент мониторинга кибербезопасности,200000,280000,rub,"['IT, Интернет, связь, телеком']",['AI'],Москва,[],[],[],,14449,,100 — 500,9.0,SuperJob,От 1 года,Полный рабочий день,Не имеет значения,,,https://www.superjob.ru/vakansii/agent-monitoringa-kiberbezopasnosti-51801586.html
51808347,Ведущий специалист-аналитик (управление правового обеспечения корпоративных отношений),0,0,rub,"['IT, Интернет, связь, телеком', 'Маркетинг, реклама, PR']","['Аналитика', 'Аналитика, исследование рынков']",Москва,"['Москва-Сити', 'Деловой центр']","['МЦД4', 'Филёвская']","['mediumaquamarine', 'blue']","Москва, Пресненская набережная, 12",235578,,более 5000,62.0,Банк ВТБ,От 1 года,Полный рабочий день,Не имеет значения,55.749393,37.536968,https://www.superjob.ru/vakansii/veduschij-specialist-analitik-51808347.html
51824047,Frontend-разработчик,0,0,rub,"['IT, Интернет, связь, телеком']","['Web-верстка', 'Интернет, создание и поддержка сайтов', 'Разработка, программирование']",Москва,[],[],[],,4904563,,более 5000,2.0,VK: Старт карьеры,От 1 года,Полный рабочий день,Не имеет значения,,,https://www.superjob.ru/vakansii/frontend-razrabotchik-51824047.html
51824478,Начальник отдела разработки (IT),0,0,rub,"['IT, Интернет, связь, телеком', 'Топ-персонал']","['Разработка, программирование', 'Управление проектами', 'IT, Интернет, связь, телеком', 'Страхование', 'Банки, инвестиции, лизинг']",Москва,[],[],[],"Москва, улица Малая Дмитровка, 10",191494,,500 — 1000,8.0,НПФ Благосостояние,От 3 лет,Полный рабочий день,Не имеет значения,55.768749,37.606434,https://www.superjob.ru/vakansii/nachalnik-otdela-razrabotki-51824478.html
51824510,Инженер по искусственному интеллекту,0,0,rub,"['IT, Интернет, связь, телеком']","['Инжиниринг', 'Нейросети / Искусственный интеллект']",Москва,[],[],[],,4959545,,менее 50,6.0,DreamWorks,От 3 лет,Полный рабочий день,Высшее,,,https://www.superjob.ru/vakansii/inzhener-po-iskusstvennomu-intellektu-51824510.html
51826667,Инженер-программист,0,0,rub,"['IT, Интернет, связь, телеком']","['Инжиниринг', 'Разработка, программирование']",Москва,[],[],[],,4959724,,менее 50,0.0,Википедия,Без опыта,Полный рабочий день,Не имеет значения,,,https://www.superjob.ru/vakansii/inzhener-programmist-51826667.html
51830755,Системный администратор (м. Некрасовка),100000,0,rub,"['IT, Интернет, связь, телеком']",['Системное администрирование'],Москва,[],[],[],"Москва, Покровская улица, 35",2914805,,50 — 100,3.0,"ГБОУ города Москвы ""Школа № 2053""",От 3 лет,Полный рабочий день,Не имеет значения,55.705723,37.91901,https://www.superjob.ru/vakansii/sistemnyj-administrator-51830755.html
51826689,Стажер менеджера программы,0,0,rub,"['IT, Интернет, связь, телеком', 'Продажи']","['Начало карьеры, мало опыта', 'Начало карьеры, мало опыта']",Москва,[],[],[],,4959764,,менее 50,5.0,Amazon,От 1 года,Полный рабочий день,Не имеет значения,,,https://www.superjob.ru/vakansii/stazher-menedzhera-programmy-51826689.html
51832398,Fullstack-разработчик (PHP / October CMS),200000,250000,rub,"['IT, Интернет, связь, телеком']","['Разработка, программирование']",Москва,['Авиамоторная'],['МЦД3'],['orangered'],"Москва, 2-я Синичкина улица",0,,,,,От 3 лет,Полный рабочий день,Не имеет значения,55.762405,37.713089,https://www.superjob.ru/vakansii/fullstack-razrabotchik-51832398.html
51853003,BI-аналитик,0,0,rub,"['IT, Интернет, связь, телеком']","['Аналитика', 'Системная интеграция']",Москва,[],[],[],,4961511,,менее 50,6.0,Туту,Без опыта,Полный рабочий день,Не имеет значения,,,https://www.superjob.ru/vakansii/bi-analitik-51853003.html
51864488,Автокурьер на личном авто (Оплата патента),70000,160000,rub,"['Бухгалтерия, финансы, аудит', 'IT, Интернет, связь, телеком']","['Казначейство', 'SRE']",Москва,['Медведково'],['Калужско-Рижская'],['orange'],"г Москва, улица Северодвинская, д. 20. 20",0,,,,,Без опыта,Полный рабочий день,Не имеет значения,55.893646,37.675156,https://www.superjob.ru/vakansii/avtokurer-na-lichnom-avto-51864488.html
51865209,Стажер по видеоалгоритмам,0,0,rub,"['IT, Интернет, связь, телеком']","['Инжиниринг', 'Разработка, программирование', 'Другое', 'Начало карьеры, мало опыта']",Москва,[],[],[],,4962080,,менее 50,0.0,Netflix,От 1 года,Полный рабочий день,Не имеет значения,,,https://www.superjob.ru/vakansii/stazher-po-videoalgoritmam-51865209.html
51868115,Стажёр в центр координации и повышения эффективности разработки,0,0,rub,"['IT, Интернет, связь, телеком']","['DevOps', 'Управление разработкой']",Москва,[],[],[],,4905642,,менее 50,13.0,Альфа-Банк: Старт карьеры,Без опыта,Полный рабочий день,Не имеет значения,,,https://www.superjob.ru/vakansii/stazhjor-v-centr-koordinacii-i-povysheniya-effektivnosti-razrabotki-51868115.html
50523350,Консультант отдела внедрения и эксплуатации программного обеспечения,50000,55000,rub,"['IT, Интернет, связь, телеком']","['Администрирование баз данных', 'Внедрение и сопровождение ПО']",Москва,[],[],[],"Москва, Орликов переулок, 3кА",4887815,,более 5000,62.0,Социальный фонд России,Без опыта,Полный рабочий день,Среднее специальное,55.77158,37.647774,https://www.superjob.ru/vakansii/konsultant-otdela-vnedreniya-i-ekspluatacii-programmnogo-obespecheniya-50523350.html
50599353,Ведущий специалист 1С,180000,180000,rub,"['IT, Интернет, связь, телеком']","['Разработка, программирование', 'Системы управления предприятием (ERP)', 'Внедрение и сопровождение ПО']",Москва,['Тушинская'],['МЦД2'],['fuchsia'],"Москва, проезд Стратонавтов, 5",4230892,,500 — 1000,7.0,Акционерное общество «Государственное машиностроительное конструкторское бюро «Вымпел» им. И. И. Торопова»,От 3 лет,Полный рабочий день,Высшее,55.826073,37.441135,https://www.superjob.ru/vakansii/veduschij-specialist-1s-50599353.html
51277347,Эксперт по информационной безопасности,100000,0,rub,"['Безопасность, службы охраны', 'IT, Интернет, связь, телеком']","['Информационная безопасность', 'Информационная безопасность']",Москва,[],[],[],"Москва, улица Академика Королёва, 15к2",3974341,,более 5000,984.0,РТРС,От 3 лет,Полный рабочий день,Высшее,55.818428,37.614761,https://www.superjob.ru/vakansii/ekspert-po-informacionnoj-bezopasnosti-51277347.html
51612272,Сетевой инженер,80000,0,rub,"['IT, Интернет, связь, телеком']","['Администрирование баз данных', 'Инжиниринг', 'Сетевые технологии']",Москва,['Аэропорт'],['Замоскворецкая'],['green'],"Москва, улица Викторенко, 7к2",3845930,,1000 — 5000,0.0,"ФГУП ""ГосНИИАС""",От 1 года,Полный рабочий день,Не имеет значения,55.79882,37.530399,https://www.superjob.ru/vakansii/setevoj-inzhener-51612272.html
51672410,Главный специалист систем автоматизированного проектирования (САПР),150000,200000,rub,"['IT, Интернет, связь, телеком', 'Промышленность, производство']","['Системы автоматизированного проектирования (САПР)', 'Железнодорожное машиностроение']",Москва,[],[],[],"Москва, Малая Сухаревская площадь, 10",3440179,,1000 — 5000,28.0,Росжелдорпроект,От 3 лет,Полный рабочий день,Высшее,55.772472,37.63068,https://www.superjob.ru/vakansii/glavnyj-specialist-sistem-avtomatizirovannogo-proektirovaniya-51672410.html
51719668,Дизайнер-верстальщик,0,0,rub,"['Дизайн', 'IT, Интернет, связь, телеком']","['Web-дизайн (UI/UX)', 'Верстка и полиграфия', 'Web-верстка']",Москва,"['Сетунь', 'Немчиновка', 'Баковка', 'Одинцово']","['МЦД1', 'МЦД1', 'МЦД1', 'МЦД1']","['darkorange', 'darkorange', 'darkorange', 'darkorange']","Московская область, Одинцовский городской округ, рабочий посёлок Новоивановское, Западная улица, 180",100593,,более 5000,1143.0,"Группа ""М. Видео-Эльдорадо""",От 3 лет,Полный рабочий день,Не имеет значения,55.699001,37.343029,https://www.superjob.ru/vakansii/dizajner-verstalschik-51719668.html
51722011,"Водитель автомобиля (кран-манипуляторная установка (КМУ), самосвал, в ТиНАО)",100000,0,rub,"['IT, Интернет, связь, телеком', 'Промышленность, производство']","['Администрирование баз данных', 'Машиностроение, станкостроение']",Москва,[],[],[],"Москва, Троицкий административный округ, Краснопахорский район, посёлок Армейский",202378,,1000 — 5000,36.0,МОСГАЗ,От 1 года,Полный рабочий день,Не имеет значения,55.385296,37.200752,https://www.superjob.ru/vakansii/voditel-avtomobilya-51722011.html
51726541,Инженер технического надзора ЭОМ,0,0,rub,"['IT, Интернет, связь, телеком']",['Инжиниринг'],Москва,"['Рассказовка', 'Внуково', 'Пыхтино', 'Аэропорт Внуково']","['Калининско-Солнцевская', 'МЦД4', 'Калининско-Солнцевская', 'Калининско-Солнцевская']","['yellow', 'mediumaquamarine', 'yellow', 'yellow']","Москва, Новомосковский административный округ, аэропорт Внуково имени А.Н. Туполева, 1с19",2720788,,1000 — 5000,47.0,Международный аэропорт Внуково,От 3 лет,Полный рабочий день,Не имеет значения,55.607822,37.282494,https://www.superjob.ru/vakansii/inzhener-tehnicheskogo-nadzora-eom-51726541.html
51732889,"Системный администратор, IT-специалист",80000,100000,rub,"['IT, Интернет, связь, телеком']","['Системное администрирование', 'Техническая поддержка', 'Другое']",Москва,['Сокол'],['Замоскворецкая'],['green'],"Москва, Волоколамское шоссе, 9с1",1975482,,500 — 1000,1.0,Российский государственный художественно-промышленный университет им. С. Г. Строганова,От 3 лет,Полный рабочий день,Не имеет значения,55.807404,37.498268,https://www.superjob.ru/vakansii/sistemnyj-administrator-51732889.html
51780706,Начинающий продавец домашнего интернета (подработка),50000,95000,rub,"['IT, Интернет, связь, телеком']","['Web-верстка', 'Передача данных и доступ в интернет']",Москва,"['Арбатская', 'Курская', 'Партизанская', 'Крылатское', 'Парк Победы']","['Филёвская', 'МЦД4', 'Арбатско-Покровская', 'Арбатско-Покровская', 'Калининско-Солнцевская']","['blue', 'mediumaquamarine', 'darkblue', 'darkblue', 'yellow']",,38260,,более 5000,402.0,Билайн,Без опыта,Частичная занятость / Совместительство,Не имеет значения,,,https://www.superjob.ru/vakansii/nachinayuschij-prodavec-domashnego-interneta-51780706.html
51787990,Продавец в зону готовой еды,63100,87600,rub,"['IT, Интернет, связь, телеком']",['Администрирование баз данных'],Москва,[],[],[],"Москва, Ферганский проезд, 14к3",280168,,более 5000,18164.0,"Магнит, Розничная сеть",Не имеет значения,Сменный график работы,Не имеет значения,55.694096,37.817242,https://www.superjob.ru/vakansii/prodavec-v-zonu-gotovoj-edy-51787990.html
51830852,Аналитик баз данных,70000,90000,rub,"['IT, Интернет, связь, телеком']","['Администрирование баз данных', 'Аналитика']",Москва,[],[],[],,4959207,,менее 50,6.0,Шалин Оскар Андреевич,От 1 года,Полный рабочий день,Не имеет значения,,,https://www.superjob.ru/vakansii/analitik-baz-dannyh-51830852.html
51832174,Специалист технической поддержки / Системный администратор,50000,0,rub,"['IT, Интернет, связь, телеком']",['Техническая поддержка'],Москва,[],[],[],,4596048,,менее 50,1.0,Породзинский Андрей Владимирович,Без опыта,Полный рабочий день,Не имеет значения,,,https://www.superjob.ru/vakansii/specialist-tehnicheskoj-podderzhki-51832174.html
51691898,Технический писатель (ЕСКД),0,230000,rub,"['IT, Интернет, связь, телеком']",['Техническая документация'],Москва,"['Полежаевская', 'Хорошёвская', 'Народное ополчение']","['Таганско-Краснопресненская', 'Большая кольцевая линия', 'Большая кольцевая линия']","['violet', 'cian', 'cian']","Москва, улица Мнёвники, 6",692390,,менее 50,7.0,Центр Новых Технологий,От 3 лет,Полный рабочий день,Высшее,55.773926,37.49752,https://www.superjob.ru/vakansii/tehnicheskij-pisatel-51691898.html
51849022,Аналитик (Junior),80000,0,rub,"['IT, Интернет, связь, телеком', 'Маркетинг, реклама, PR']","['Аналитика', 'Аналитика, исследование рынков']",Москва,"['Юго-Западная', 'Коньково', 'Университет Дружбы Народов']","['Сокольническая', 'Калужско-Рижская', 'Троицкая']","['red', 'orange', 'darkspringgreen']","Москва, улица Академика Опарина, 4",2081428,,1000 — 5000,46.0,"ФГБУ ""НМИЦ AГП им. В. И. Кулакова"" Минздрава России",От 1 года,Полный рабочий день,Не имеет значения,55.644421,37.500191,https://www.superjob.ru/vakansii/analitik-51849022.html
51854745,Программист C++,80000,170000,rub,"['IT, Интернет, связь, телеком']","['Разработка, программирование']",Москва,[],[],[],,542741,,более 5000,10.0,Российские космические системы,Без опыта,Полный рабочий день,Не имеет значения,,,https://www.superjob.ru/vakansii/programmist-c-51854745.html
51867037,Программист-разработчик 1С,0,0,rub,"['IT, Интернет, связь, телеком']","['Разработка, программирование', 'Внедрение и сопровождение ПО']",Москва,"['Планерная', 'Ховрино', 'Химки']","['Таганско-Краснопресненская', 'МЦД3', 'МЦД3']","['violet', 'orangered', 'orangered']","Химки, улица Репина, 34",15563,,1000 — 5000,2843.0,Дом Моды HENDERSON,От 3 лет,Полный рабочий день,Не имеет значения,,,https://www.superjob.ru/vakansii/programmist-razrabotchik-1s-51867037.html
51760920,Продакт-менеджер,0,0,rub,"['IT, Интернет, связь, телеком']","['Управление продуктом', 'Нейросети / Искусственный интеллект', 'AI']",Москва,[],[],[],,4944476,,менее 50,15.0,КРОК,От 3 лет,Полный рабочий день,Не имеет значения,,,https://www.superjob.ru/vakansii/prodakt-menedzher-51760920.html
50735268,Работник торгового зала,40000,50000,rub,"['Туризм, гостиницы, общественное питание', 'Маркетинг, реклама, PR', 'IT, Интернет, связь, телеком']","['Рестораны, кафе, столовые, фастфуд', 'Мерчандайзинг', 'Киберспорт']",Москва,[],[],[],"Москва, Керченская, 13",2635306,,более 5000,45940.0,Пятёрочка,Не имеет значения,Частичная занятость / Совместительство,Неполное высшее,55.647503,37.57774,https://www.superjob.ru/vakansii/rabotnik-torgovogo-zala-50735268.html
51182014,Ведущий консультант отдела аналитики и искусственного интеллекта,0,0,rub,"['IT, Интернет, связь, телеком']",['Аналитика'],Москва,[],[],[],,4887815,,более 5000,62.0,Социальный фонд России,От 3 лет,Полный рабочий день,Высшее,,,https://www.superjob.ru/vakansii/veduschij-konsultant-otdela-analitiki-i-iskusstvennogo-intellekta-51182014.html
51698071,Middle+ Golang-разработчик,0,520000,rub,"['IT, Интернет, связь, телеком']","['Разработка, программирование']",Москва,[],[],[],,4942874,,менее 50,5.0,Точка банк,От 3 лет,Полный рабочий день,Не имеет значения,,,https://www.superjob.ru/vakansii/middle-51698071.html
51668521,DevOps-инженер,0,0,rub,"['IT, Интернет, связь, телеком']","['Разработка, программирование', 'Сетевые технологии']",Москва,[],[],[],,4944790,,менее 50,0.0,Лаборатория Касперского,От 1 года,Полный рабочий день,Высшее,,,https://www.superjob.ru/vakansii/devops-inzhener-51668521.html
51692652,Стажер Инженер службы поддержки,0,0,rub,"['IT, Интернет, связь, телеком']","['Техническая поддержка', 'Начало карьеры, мало опыта', 'Внедрение и сопровождение ПО']",Москва,[],[],[],,4907133,,менее 50,4.0,МТС: Старт карьеры,От 1 года,Полный рабочий день,Среднее специальное,,,https://www.superjob.ru/vakansii/stazher-inzhener-sluzhby-podderzhki-51692652.html
51718108,Младший бизнес-аналитик,0,0,rub,"['IT, Интернет, связь, телеком', 'Маркетинг, реклама, PR', 'Консалтинг, стратегическое развитие']","['Аналитика', 'Аналитика, исследование рынков', 'Стратегический консалтинг']",Москва,[],[],[],,4905942,,более 5000,13.0,OZON: Старт карьеры,Без опыта,Полный рабочий день,Высшее,,,https://www.superjob.ru/vakansii/mladshij-biznes-analitik-51718108.html
51719317,Тестировщик,0,0,rub,"['IT, Интернет, связь, телеком']","['Тестирование, QA']",Москва,[],[],[],,4944244,,менее 50,9.0,Контур,От 3 лет,Полный рабочий день,Не имеет значения,,,https://www.superjob.ru/vakansii/testirovschik-51719317.html
51742351,Стажер по моделированию,0,0,rub,"['IT, Интернет, связь, телеком']","['Игровое ПО / Геймдев', 'Инжиниринг', 'Разработка, программирование', 'Начало карьеры, мало опыта', 'Мобильная разработка']",Москва,[],[],[],,4932954,,менее 50,4.0,Apple,От 1 года,Полный рабочий день,Не имеет значения,,,https://www.superjob.ru/vakansii/stazher-po-modelirovaniyu-51742351.html
51778966,Сотрудник отдела по фундаментальной разработке,0,0,rub,"['IT, Интернет, связь, телеком']","['Разработка, программирование', 'Нейросети / Искусственный интеллект', 'AI']",Москва,[],[],[],,4957440,,более 5000,8.0,Tesla,Без опыта,Полный рабочий день,Не имеет значения,,,https://www.superjob.ru/vakansii/sotrudnik-otdela-po-fundamentalnoj-razrabotke-51778966.html
51782497,Стажер отдела операционной деятельности цифровых медиа,0,0,rub,"['IT, Интернет, связь, телеком', 'Маркетинг, реклама, PR']","['Начало карьеры, мало опыта', 'Нейросети / Искусственный интеллект', 'AI', 'Начало карьеры, мало опыта']",Москва,[],[],[],,4957734,,более 5000,18.0,Disney,Без опыта,Полный рабочий день,Неполное высшее,,,https://www.superjob.ru/vakansii/stazher-otdela-operacionnoj-deyatelnosti-cifrovyh-media-51782497.html
51824518,Креативный специалист по социальным медиа,0,0,rub,"['IT, Интернет, связь, телеком', 'СМИ, издательства', 'Маркетинг, реклама, PR']","['Контент', 'Интернет издания', 'Другое']",Москва,[],[],[],,4959545,,менее 50,6.0,DreamWorks,От 1 года,Полный рабочий день,Высшее,,,https://www.superjob.ru/vakansii/kreativnyj-specialist-po-socialnym-media-51824518.html
51795203,Монтажник связи слаботочных систем,100000,170000,rub,"['IT, Интернет, связь, телеком', 'Строительство, проектирование, недвижимость', 'Рабочий персонал']","['Телекоммуникации и связь', 'Слаботочные системы и сети', 'Квалифицированный рабочий']",Москва,[],[],[],,3797376,,менее 50,337.0,JOBCART.RU,От 3 лет,Полный рабочий день,Не имеет значения,,,https://www.superjob.ru/vakansii/montazhnik-svyazi-slabotochnyh-sistem-51795203.html
51801451,Агент тест-автоматизации (QA),130000,180000,rub,"['IT, Интернет, связь, телеком']",['AI'],Москва,[],[],[],,14449,,100 — 500,9.0,SuperJob,От 1 года,Полный рабочий день,Не имеет значения,,,https://www.superjob.ru/vakansii/agent-test-avtomatizacii-51801451.html
51824474,Разработчик 1С ЗУП (Бухгалтерия/Кадры),0,0,rub,"['IT, Интернет, связь, телеком', 'Кадры, управление персоналом', 'Страхование', 'Банки, инвестиции, лизинг']","['Разработка, программирование', 'Внедрение и сопровождение ПО', 'Кадровый учет, делопроизводство, кадровое администрирование', 'Страхование физических лиц', 'Банковская бухгалтерия']",Москва,[],[],[],"Москва, улица Малая Дмитровка, 10",191494,,500 — 1000,8.0,НПФ Благосостояние,От 3 лет,Полный рабочий день,Не имеет значения,55.768749,37.606434,https://www.superjob.ru/vakansii/razrabotchik-1s-zup-51824474.html
51826679,Стажёр-разработчик программного обеспечения,0,0,rub,"['IT, Интернет, связь, телеком']","['Разработка, программирование', 'Внедрение и сопровождение ПО']",Москва,[],[],[],,4959764,,менее 50,5.0,Amazon,Без опыта,Полный рабочий день,Не имеет значения,,,https://www.superjob.ru/vakansii/stazhjor-razrabotchik-programmnogo-obespecheniya-51826679.html
51847497,Технический специалист/ Системный администратор,80000,100000,rub,"['IT, Интернет, связь, телеком']","['Системное администрирование', 'Техническая поддержка']",Москва,[],[],[],"Москва · улица Подольских Курсантов, 16А",4953872,,менее 50,1.0,ГБОУ Школа № 657,От 1 года,Полный рабочий день,Не имеет значения,,,https://www.superjob.ru/vakansii/tehnicheskij-specialist-51847497.html
51861012,Инженер по тестированию встроенных систем (Embedded QA) с AUTOSAR,140000,0,rub,"['IT, Интернет, связь, телеком']","['Тестирование, QA']",Москва,['Менделеевская'],['Серпуховско-Тимирязевская'],['gray'],"Москва, Новослободская улица, 41",0,,,,,От 3 лет,Полный рабочий день,Не имеет значения,55.783394,37.596867,https://www.superjob.ru/vakansii/inzhener-po-testirovaniyu-vstroennyh-sistem-51861012.html
51863773,Стажер-инженер-аналитик,0,0,rub,"['IT, Интернет, связь, телеком', 'Маркетинг, реклама, PR', 'Строительство, проектирование, недвижимость']","['Аналитика', 'Инжиниринг', 'Начало карьеры, мало опыта', 'Аналитика, исследование рынков', 'Начало карьеры, мало опыта']",Москва,[],[],[],,4962080,,менее 50,0.0,Netflix,Без опыта,Полный рабочий день,Не имеет значения,,,https://www.superjob.ru/vakansii/stazher-inzhener-analitik-51863773.html
51868116,Автокурьер на личном авто (Оплата патента),70000,160000,rub,"['IT, Интернет, связь, телеком']",['Компьютерная анимация\xa0и\xa0мультимедиа'],Москва,['Бунинская аллея'],['Бутовская'],['lightblue'],"г Москва, р-н Щербинка, кв-л. 88, д. 391 стр. 1. 391",0,,,,,Без опыта,Полный рабочий день,Не имеет значения,55.527164,37.494675,https://www.superjob.ru/vakansii/avtokurer-na-lichnom-avto-51868116.html
32212118,Инженер по обслуживанию медицинского оборудования (Инженер МРТ),140000,0,rub,"['IT, Интернет, связь, телеком', 'Медицина, фармацевтика, ветеринария', 'Промышленность, производство', 'Услуги, ремонт, сервисное обслуживание']","['Системное администрирование', 'Медицинское оборудование', 'Радиотехническая и электронная промышленность', 'Медицинская техника', 'Компьютеры и оргтехника']",Москва,[],[],[],"Московская область, Одинцово",734831,,менее 50,1.0,"Медицинский центр ""Таора медикал""",От 1 года,Полный рабочий день,Высшее,55.679138,37.263664,https://www.superjob.ru/vakansii/inzhener-po-obsluzhivaniyu-medicinskogo-oborudovaniya-32212118.html
32383045,"Инженер-электроник, инженер-радиотехник, инженер-регулировщик РЭА, инженер-испытатель",130000,165000,rub,"['IT, Интернет, связь, телеком', 'Промышленность, производство']","['Инжиниринг', 'Промышленное оборудование', 'Радиотехническая и электронная промышленность']",Москва,"['Чертановская', 'Южная', 'Пражская']","['Серпуховско-Тимирязевская', 'Серпуховско-Тимирязевская', 'Серпуховско-Тимирязевская']","['gray', 'gray', 'gray']","Москва, Варшавское шоссе, 125с1",282394,,50 — 100,1.0,ИнСис,От 3 лет,Полный рабочий день,Высшее,55.627663,37.62051,https://www.superjob.ru/vakansii/inzhener-elektronik-32383045.html
45615812,Инженер / Техник / Специалист сервисной службы,60000,120000,rub,"['IT, Интернет, связь, телеком', 'Туризм, гостиницы, общественное питание', 'Услуги, ремонт, сервисное обслуживание', 'Рабочий персонал']","['Инжиниринг', 'Рестораны, кафе, столовые, фастфуд', 'Оборудование для индустрии развлечения и спортивного инвентаря', 'Промышленное оборудование', 'Рабочий персонал, разное']",Москва,"['Полежаевская', 'Октябрьское поле', 'Народное ополчение']","['Таганско-Краснопресненская', 'Таганско-Краснопресненская', 'Большая кольцевая линия']","['violet', 'violet', 'cian']","Москва, Карамышевская набережная, 44",2114041,,50 — 100,4.0,Сервис Про Бизнес,От 1 года,Полный рабочий день,Среднее специальное,55.770901,37.466072,https://www.superjob.ru/vakansii/inzhener-45615812.html
50304730,Инженер по системам диспетчеризации,148800,148800,rub,"['Промышленность, производство', 'Услуги, ремонт, сервисное обслуживание', 'IT, Интернет, связь, телеком']","['Радиотехническая и электронная промышленность', 'Телекоммуникационное оборудование и сети', 'Внедрение и сопровождение ПО']",Москва,"['Рассказовка', 'Пыхтино', 'Аэропорт Внуково']","['Калининско-Солнцевская', 'Калининско-Солнцевская', 'Калининско-Солнцевская']","['yellow', 'yellow', 'yellow']","Москва, Новомосковский административный округ, аэропорт Внуково имени А.Н. Туполева",2720788,,1000 — 5000,47.0,Международный аэропорт Внуково,Без опыта,Полный рабочий день,Среднее специальное,55.605057,37.286293,https://www.superjob.ru/vakansii/inzhener-po-sistemam-dispetcherizacii-50304730.html
43079236,Технический писатель,0,0,rub,"['IT, Интернет, связь, телеком', 'Промышленность, производство']","['Телекоммуникации и связь', 'Техническая документация', 'Радиотехническая и электронная промышленность']",Москва,[],[],[],"Москва, улица Мнёвники, 6",692390,,менее 50,7.0,Центр Новых Технологий,От 3 лет,Полный рабочий день,Высшее,55.773926,37.49752,https://www.superjob.ru/vakansii/tehnicheskij-pisatel-43079236.html
50645446,Инженер-программист 2 категории (управления 453),200000,0,rub,"['IT, Интернет, связь, телеком']","['Инжиниринг', 'Разработка, программирование']",Москва,[],[],[],"Москва, 3-я Мытищинская улица, 16с37",4451620,,более 5000,14.0,РЕШЕТНЁВ,От 3 лет,Полный рабочий день,Не имеет значения,55.805016,37.645653,https://www.superjob.ru/vakansii/inzhener-programmist-2-kategorii-50645446.html
38372997,"Системный администратор, IT-специалист (госслужба)",70000,80000,rub,"['IT, Интернет, связь, телеком']","['Администрирование баз данных', 'Системное администрирование', 'Техническая поддержка', 'Информационная безопасность']",Москва,['Перово'],['МЦД3'],['orangered'],"Москва, Кусковская улица",2722945,,100 — 500,6.0,ФТС,Без опыта,Полный рабочий день,Высшее,55.738998,37.778522,https://www.superjob.ru/vakansii/sistemnyj-administrator-38372997.html
51068658,"Системный администратор, IT-специалист",100000,0,rub,"['IT, Интернет, связь, телеком']","['Системное администрирование', 'Техническая поддержка', 'Другое']",Москва,"['Преображенская площадь', 'Электрозаводская', 'Семёновская']","['Сокольническая', 'МЦД3', 'Арбатско-Покровская']","['red', 'orangered', 'darkblue']","Москва, Щербаковская улица, 35, подъезд 3",0,,,,,От 3 лет,Полный рабочий день,Не имеет значения,55.782955,37.72998,https://www.superjob.ru/vakansii/sistemnyj-administrator-51068658.html
51631037,Уборщик производственных и служебных помещений,44100,66150,rub,"['Домашний персонал', 'IT, Интернет, связь, телеком']","['Уборка и помощь по дому', 'Информационная безопасность']",Москва,['Марьина роща'],['МЦД4'],['mediumaquamarine'],"Москва, улица Образцова, 38с1",3476448,,500 — 1000,1.0,"""НТЦ ""Атлас""",Без опыта,Полный рабочий день,Не имеет значения,55.792423,37.610054,https://www.superjob.ru/vakansii/uborschik-proizvodstvennyh-i-sluzhebnyh-pomeschenij-51631037.html
51753650,Технический специалист (микробиологическое производство),55000,0,rub,"['IT, Интернет, связь, телеком']",['Техническая поддержка'],Москва,['Водный стадион'],['Замоскворецкая'],['green'],"Москва, улица Адмирала Макарова, 8",4844568,,менее 50,1.0,БИФИЛАЙФ,От 3 лет,Полный рабочий день,Не имеет значения,55.836666,37.489887,https://www.superjob.ru/vakansii/tehnicheskij-specialist-51753650.html
51792955,Сервисный инженер по мультимедийным системам,0,0,rub,"['IT, Интернет, связь, телеком', 'Услуги, ремонт, сервисное обслуживание']","['Инжиниринг', 'Бытовая техника', 'Компьютеры и оргтехника']",Москва,[],[],[],"Москва, Волочаевская улица, 5к1",139568,,1000 — 5000,3.0,КРОК,От 3 лет,Полный рабочий день,Высшее,55.753838,37.681198,https://www.superjob.ru/vakansii/servisnyj-inzhener-po-multimedijnym-sistemam-51792955.html
51795090,Сотрудник технической поддержки,80000,0,rub,"['IT, Интернет, связь, телеком']",['Техническая поддержка'],Москва,[],[],[],"Москва, Стромынский переулок, 6",4958617,,менее 50,1.0,Lasertech,Без опыта,Полный рабочий день,Не имеет значения,55.792316,37.694012,https://www.superjob.ru/vakansii/sotrudnik-tehnicheskoj-podderzhki-51795090.html
51826918,Ведущий инженер отдела эксплуатации энергетических систем,130000,150000,rub,"['IT, Интернет, связь, телеком']","['Инжиниринг', 'Системная интеграция']",Москва,[],[],[],"Москва, улица Воздвиженка, 4/7с1",4940742,,менее 50,3.0,УЭЗ ФС РФ,От 3 лет,Полный рабочий день,Не имеет значения,55.752693,37.609982,https://www.superjob.ru/vakansii/veduschij-inzhener-otdela-ekspluatacii-energeticheskih-sistem-51826918.html
51829831,Ведущий инженер АСУТП,114750,0,rub,"['IT, Интернет, связь, телеком']","['Инжиниринг', 'Разработка, программирование']",Москва,"['Улица Академика Янгеля', 'Аннино']","['Серпуховско-Тимирязевская', 'Серпуховско-Тимирязевская']","['gray', 'gray']","Москва, Мелитопольская улица, 8",24345,,1000 — 5000,8914.0,«Группа ГУТА»,От 1 года,Полный рабочий день,Не имеет значения,55.58786,37.623341,https://www.superjob.ru/vakansii/veduschij-inzhener-asutp-51829831.html
51830314,Ведущий менеджер технической поддержки,115000,115000,rub,"['IT, Интернет, связь, телеком']",['Техническая поддержка'],Москва,['Беломорская'],['Замоскворецкая'],['green'],"Москва, Ленинградское шоссе, 69к1",4743716,,менее 50,1.0,ЛИВЭН МОТОРС РУС,От 3 лет,Полный рабочий день,Высшее,55.86734,37.457008,https://www.superjob.ru/vakansii/veduschij-menedzher-tehnicheskoj-podderzhki-51830314.html
51843995,"Специалист поддержки, игры (Москва, в офисе)",75000,80000,rub,"['IT, Интернет, связь, телеком']",['Техническая поддержка'],Москва,"['Бибирево', 'Отрадное', 'Бескудниково']","['Серпуховско-Тимирязевская', 'Серпуховско-Тимирязевская', 'МЦД1']","['gray', 'gray', 'darkorange']","Москва, Алтуфьевское шоссе, 44",4901219,,менее 50,1.0,LiveGames,Без опыта,Полный рабочий день,Не имеет значения,55.874622,37.587849,https://www.superjob.ru/vakansii/specialist-podderzhki-51843995.html
51844087,Продавец – консультант галереи вин Отдохни (м. Яхромская),115000,250000,rub,"['IT, Интернет, связь, телеком', 'Продажи', 'Службы доставки']","['Киберспорт', 'Логистика', 'Комплектация заказов']",Москва,"['Селигерская', 'Лианозово', 'Бескудниково', 'Яхромская']","['Люблинско-Дмитровская', 'МЦД1', 'МЦД1', 'Люблинско-Дмитровская']","['lime', 'darkorange', 'darkorange', 'lime']","Москва, Люблинско-Дмитровская линия, метро Яхромская",400494,,более 5000,236.0,"КуулКлевер (МясновЪ, Отдохни)",Без опыта,Полный рабочий день,Не имеет значения,55.879906,37.545429,https://www.superjob.ru/vakansii/prodavec-51844087.html
51845697,Специалист по информационной безопасности,100000,110000,rub,"['Безопасность, службы охраны', 'IT, Интернет, связь, телеком']","['Информационная безопасность', 'Информационная безопасность']",Москва,['Проспект Мира'],['Калужско-Рижская'],['orange'],"Москва, улица Гиляровского, 47с3",237125,,100 — 500,8.0,ГАУ МО НИиПИ градостроительства,От 1 года,Полный рабочий день,Не имеет значения,55.784821,37.631622,https://www.superjob.ru/vakansii/specialist-po-informacionnoj-bezopasnosti-51845697.html
51861488,Контент-креатор для закрытых партнёрских офферов,0,30000,rub,"['IT, Интернет, связь, телеком', 'Дизайн']","['Контент', 'Мода\xa0и\xa0Аксессуары']",Москва,[],[],[],,4961578,,менее 50,1.0,Чалый Роман Юрьевич,От 1 года,Частичная занятость / Совместительство,Не имеет значения,,,https://www.superjob.ru/vakansii/kontent-kreator-dlya-zakrytyh-partnjorskih-offerov-51861488.html
51861976,Ведущий сетевой инженер,0,0,rub,"['IT, Интернет, связь, телеком']","['Администрирование баз данных', 'Инжиниринг', 'Сетевые технологии']",Москва,"['Планерная', 'Ховрино']","['Таганско-Краснопресненская', 'МЦД3']","['violet', 'orangered']","Химки, улица Репина, 34",15563,,1000 — 5000,2843.0,Дом Моды HENDERSON,От 3 лет,Полный рабочий день,Не имеет значения,,,https://www.superjob.ru/vakansii/veduschij-setevoj-inzhener-51861976.html
50685083,Консультант отдела сопровождения информационных систем,0,0,rub,"['IT, Интернет, связь, телеком', 'Государственная служба']","['Системное администрирование', 'Техническая поддержка', 'Другое', 'Информационная безопасность', 'Социальная служба']",Москва,"['Шаболовская', 'Ленинский проспект', 'Площадь Гагарина']","['Калужско-Рижская', 'Калужско-Рижская', 'МЦК']","['orange', 'orange', 'lightpink']","Москва, улица Стасовой, 14к2",4887815,,более 5000,62.0,Социальный фонд России,От 1 года,Полный рабочий день,Высшее,55.712997,37.598106,https://www.superjob.ru/vakansii/konsultant-otdela-soprovozhdeniya-informacionnyh-sistem-50685083.html
51635234,DevOps Engineer Стажер,0,0,rub,"['IT, Интернет, связь, телеком']","['Разработка, программирование', 'Сетевые технологии', 'DevOps']",Москва,[],[],[],,4944790,,менее 50,0.0,Лаборатория Касперского,От 1 года,Полный рабочий день,Не имеет значения,,,https://www.superjob.ru/vakansii/devops-engineer-stazher-51635234.html
51719289,Data Scientist в RecSys,0,0,rub,"['IT, Интернет, связь, телеком']","['Администрирование баз данных', 'Разработка, программирование']",Москва,[],[],[],,4944244,,менее 50,9.0,Контур,От 1 года,Полный рабочий день,Не имеет значения,,,https://www.superjob.ru/vakansii/data-scientist-v-recsys-51719289.html
51729072,Видеоинженер,0,140000,rub,"['IT, Интернет, связь, телеком', 'Услуги, ремонт, сервисное обслуживание']","['Инжиниринг', 'Телекоммуникационное оборудование и сети']",Москва,"['Электрозаводская', 'Семёновская', 'Лефортово', 'Сортировочная']","['МЦД3', 'Арбатско-Покровская', 'Большая кольцевая линия', 'МЦД3']","['orangered', 'darkblue', 'cian', 'orangered']","Москва, Боровая улица, 3к1",4941795,,1000 — 5000,9.0,RT,Без опыта,Полный рабочий день,Не имеет значения,55.771706,37.715084,https://www.superjob.ru/vakansii/videoinzhener-51729072.html
51742355,Стажер по дизайну продукции,0,0,rub,"['IT, Интернет, связь, телеком']","['Начало карьеры, мало опыта', 'Мобильная разработка']",Москва,[],[],[],,4932954,,менее 50,4.0,Apple,От 1 года,Полный рабочий день,Не имеет значения,,,https://www.superjob.ru/vakansii/stazher-po-dizajnu-produkcii-51742355.html
51760904,Стажер инженер ИБ,0,0,rub,"['IT, Интернет, связь, телеком', 'Строительство, проектирование, недвижимость', 'Промышленность, производство']","['Начало карьеры, мало опыта', 'Начало карьеры, мало опыта', 'Начало карьеры, мало опыта']",Москва,[],[],[],,4944476,,менее 50,15.0,КРОК,Без опыта,Полный рабочий день,Не имеет значения,,,https://www.superjob.ru/vakansii/stazher-inzhener-ib-51760904.html
51760908,Стажер-сервисный инженер по системам кондиционирования,0,0,rub,"['IT, Интернет, связь, телеком', 'Строительство, проектирование, недвижимость', 'Услуги, ремонт, сервисное обслуживание']","['Инжиниринг', 'Начало карьеры, мало опыта', 'Начало карьеры, мало опыта', 'Бытовая техника', 'Компьютеры и оргтехника']",Москва,[],[],[],,4944476,,менее 50,15.0,КРОК,Без опыта,Полный рабочий день,Не имеет значения,,,https://www.superjob.ru/vakansii/stazher-servisnyj-inzhener-po-sistemam-kondicionirovaniya-51760908.html
51824483,Стажер отдела кастинга,0,0,rub,"['IT, Интернет, связь, телеком']",['Компьютерная анимация\xa0и\xa0мультимедиа'],Москва,[],[],[],,4959545,,менее 50,6.0,DreamWorks,Без опыта,Полный рабочий день,Не имеет значения,,,https://www.superjob.ru/vakansii/stazher-otdela-kastinga-51824483.html
51778926,Технический специалист,0,0,rub,"['IT, Интернет, связь, телеком']",['Техническая поддержка'],Москва,[],[],[],,4957440,,более 5000,8.0,Tesla,Без опыта,Полный рабочий день,Не имеет значения,,,https://www.superjob.ru/vakansii/tehnicheskij-specialist-51778926.html
51778931,Сотрудник отдела FSD Chip,0,0,rub,"['IT, Интернет, связь, телеком']","['Разработка, программирование', 'Другое', 'Техническая документация', 'Нейросети / Искусственный интеллект', 'AI']",Москва,[],[],[],,4957440,,более 5000,8.0,Tesla,Без опыта,Полный рабочий день,Не имеет значения,,,https://www.superjob.ru/vakansii/sotrudnik-otdela-fsd-chip-51778931.html
51824424,Главный разработчик,0,0,rub,"['IT, Интернет, связь, телеком']","['Разработка и сопровождение банковского ПО', 'Разработка, программирование', 'Системное администрирование']",Москва,[],[],[],"Москва, улица Малая Дмитровка, 10",191494,,500 — 1000,8.0,НПФ Благосостояние,От 3 лет,Полный рабочий день,Не имеет значения,55.768749,37.606434,https://www.superjob.ru/vakansii/glavnyj-razrabotchik-51824424.html
51824463,Эксперт по актуарным расчетам для бухгалтерской и МСФО отчетности,0,0,rub,"['Бухгалтерия, финансы, аудит', 'IT, Интернет, связь, телеком', 'Строительство, проектирование, недвижимость']","['Планово-экономическое управление', 'Администрирование баз данных', 'Аналитика', 'Внедрение и сопровождение ПО', 'Экологическое сопровождение проектов']",Москва,[],[],[],"Москва, улица Малая Дмитровка, 10",191494,,500 — 1000,8.0,НПФ Благосостояние,От 3 лет,Полный рабочий день,Не имеет значения,55.768749,37.606434,https://www.superjob.ru/vakansii/ekspert-po-aktuarnym-raschetam-dlya-buhgalterskoj-i-msfo-otchetnosti-51824463.html
51824467,Системный администратор Linux,0,0,rub,"['IT, Интернет, связь, телеком']",['Системное администрирование'],Москва,[],[],[],"Москва, улица Малая Дмитровка, 10",191494,,500 — 1000,8.0,НПФ Благосостояние,От 3 лет,Полный рабочий день,Не имеет значения,55.768749,37.606434,https://www.superjob.ru/vakansii/sistemnyj-administrator-linux-51824467.html
51853119,Стажер по сетевым инженерам,0,0,rub,"['IT, Интернет, связь, телеком', 'Промышленность, производство']","['Администрирование баз данных', 'Инжиниринг', 'Сетевые технологии', 'Начало карьеры, мало опыта', 'Начало карьеры, мало опыта']",Москва,[],[],[],,4957734,,более 5000,18.0,Disney,Без опыта,Полный рабочий день,Не имеет значения,,,https://www.superjob.ru/vakansii/stazher-po-setevym-inzheneram-51853119.html
51853174,Стажер по автоматизации с использованием ИИ,0,0,rub,"['IT, Интернет, связь, телеком']","['DevOps', 'Управление разработкой']",Москва,[],[],[],,4957734,,более 5000,18.0,Disney,Без опыта,Полный рабочий день,Не имеет значения,,,https://www.superjob.ru/vakansii/stazher-po-avtomatizacii-s-ispolzovaniem-ii-51853174.html
51853406,DevOps-инженер Стажёр,0,0,rub,"['IT, Интернет, связь, телеком']","['Web-верстка', 'Администрирование баз данных']",Москва,[],[],[],,4905942,,более 5000,13.0,OZON: Старт карьеры,Без опыта,Полный рабочий день,Не имеет значения,,,https://www.superjob.ru/vakansii/devops-inzhener-stazhjor-51853406.html
51861011,Инженер-испытатель РЭА,110000,0,rub,"['IT, Интернет, связь, телеком', 'Промышленность, производство']","['Инжиниринг', 'Промышленное оборудование', 'Радиотехническая и электронная промышленность']",Москва,[],[],[],"Москва, Зеленоград, Солнечная аллея, 10 стр 1",0,,,,,От 1 года,Полный рабочий день,Не имеет значения,55.983505,37.205112,https://www.superjob.ru/vakansii/inzhener-ispytatel-rea-51861011.html
51862377,Автокурьер на личном авто (Оплата патента),70000,160000,rub,"['Дизайн', 'IT, Интернет, связь, телеком']","['Web-дизайн (UI/UX)', 'Компьютерная анимация\xa0и\xa0мультимедиа']",Москва,['Крылатское'],['Арбатско-Покровская'],['darkblue'],"г Москва, улица Крылатская, д. 40 стр. 26. 40",0,,,,,Без опыта,Полный рабочий день,Не имеет значения,55.774109,37.398762,https://www.superjob.ru/vakansii/avtokurer-na-lichnom-avto-51862377.html
51863706,"Стажер-программист, специализирующийся на потоковых алгоритмах",0,0,rub,"['IT, Интернет, связь, телеком']","['Игровое ПО / Геймдев', 'Разработка, программирование', 'Начало карьеры, мало опыта', 'Внедрение и сопровождение ПО']",Москва,[],[],[],,4962080,,менее 50,0.0,Netflix,От 1 года,Полный рабочий день,Не имеет значения,,,https://www.superjob.ru/vakansii/stazher-programmist-51863706.html
51863713,Стажер по обработке данных,0,0,rub,"['IT, Интернет, связь, телеком']","['Игровое ПО / Геймдев', 'Инжиниринг', 'Разработка, программирование', 'Внедрение и сопровождение ПО']",Москва,[],[],[],,4962080,,менее 50,0.0,Netflix,От 1 года,Полный рабочий день,Не имеет значения,,,https://www.superjob.ru/vakansii/stazher-po-obrabotke-dannyh-51863713.html
51870064,Автокурьер на личном авто (Оплата патента),70000,160000,rub,"['IT, Интернет, связь, телеком']",['Администрирование баз данных'],Москва,['Каховская'],['Большая кольцевая линия'],['cian'],"г Москва, улица Азовская, д. 19 к. 1. 19",0,,,,,Без опыта,Полный рабочий день,Не имеет значения,55.65493,37.59956,https://www.superjob.ru/vakansii/avtokurer-na-lichnom-avto-51870064.html
38516919,Техник / системный администратор,0,0,rub,"['IT, Интернет, связь, телеком', 'Наука, образование, повышение квалификации']","['Системное администрирование', 'Техническая поддержка', 'Внедрение и сопровождение ПО', 'Среднее образование']",Москва,"['Пролетарская', 'Крестьянская застава']","['Таганско-Краснопресненская', 'Люблинско-Дмитровская']","['violet', 'lime']","Москва, Лавров переулок, 9",678972,,50 — 100,2.0,ГОУ СОШ № 1270,От 1 года,Полный рабочий день,Среднее специальное,55.733002,37.661068,https://www.superjob.ru/vakansii/tehnik-38516919.html
49826908,Инженер АСУ ТП и КИПиА,70000,0,rub,"['IT, Интернет, связь, телеком', 'Промышленность, производство', 'Строительство, проектирование, недвижимость']","['Инжиниринг', 'Промышленное оборудование', 'Слаботочные системы и сети']",Москва,['Алтуфьево'],['Серпуховско-Тимирязевская'],['gray'],"Москва, Алтуфьевское шоссе, 79Ас2",289488,,100 — 500,5.0,Союзцветметавтоматика им. Топчаева В. П.,От 1 года,Полный рабочий день,Высшее,55.882687,37.585224,https://www.superjob.ru/vakansii/inzhener-asu-tp-i-kipia-49826908.html
50645365,Инженер-программист 1 категории (управления 453),250000,0,rub,"['IT, Интернет, связь, телеком']","['Инжиниринг', 'Разработка, программирование']",Москва,[],[],[],"Москва, 3-я Мытищинская улица, 16с37",4451620,,более 5000,14.0,РЕШЕТНЁВ,От 3 лет,Полный рабочий день,Не имеет значения,55.805016,37.645653,https://www.superjob.ru/vakansii/inzhener-programmist-1-kategorii-50645365.html
50648632,Аналитик данных / Разработчик SQL,75000,0,rub,"['IT, Интернет, связь, телеком', 'Государственная служба']","['Администрирование баз данных', 'Разработка, программирование', 'Социальная служба']",Москва,['Савёловская'],['МЦД4'],['mediumaquamarine'],"Москва, улица Сущёвский Вал, 1",4887815,,более 5000,62.0,Социальный фонд России,От 1 года,Полный рабочий день,Не имеет значения,55.79351,37.590542,https://www.superjob.ru/vakansii/analitik-dannyh-50648632.html
50834452,Системный администратор,155000,155000,rub,"['IT, Интернет, связь, телеком']",['Системное администрирование'],Москва,"['ВДНХ', 'Алексеевская']","['Калужско-Рижская', 'Калужско-Рижская']","['orange', 'orange']","Москва, проспект Мира, 105с1",335586,,более 5000,40.0,«Оборонэнерго»,От 3 лет,Полный рабочий день,Не имеет значения,55.81514,37.63747,https://www.superjob.ru/vakansii/sistemnyj-administrator-50834452.html
50648601,Старший аналитик данных / Разработчик SQL,150000,0,rub,"['IT, Интернет, связь, телеком', 'Государственная служба']","['Администрирование баз данных', 'Разработка, программирование', 'Социальная служба']",Москва,['Савёловская'],['МЦД4'],['mediumaquamarine'],"Москва, улица Сущёвский Вал, 1",4887815,,более 5000,62.0,Социальный фонд России,От 3 лет,Полный рабочий день,Не имеет значения,55.79351,37.590542,https://www.superjob.ru/vakansii/starshij-analitik-dannyh-50648601.html
50885018,Сервисный инженер,100000,0,rub,"['IT, Интернет, связь, телеком', 'Услуги, ремонт, сервисное обслуживание']","['Инжиниринг', 'Бытовая техника', 'Компьютеры и оргтехника']",Москва,['Марьина роща'],['МЦД4'],['mediumaquamarine'],"Москва, Полковая улица, 3с9",4450741,,менее 50,2.0,РУССНАБИНЖ,От 1 года,Полный рабочий день,Не имеет значения,55.799007,37.607906,https://www.superjob.ru/vakansii/servisnyj-inzhener-50885018.html
51072879,Инженер,60000,70000,rub,"['Промышленность, производство', 'IT, Интернет, связь, телеком', 'Административная работа, секретариат, АХО']","['Машиностроение, станкостроение', 'Производство товаров народного потребления', 'Промышленное оборудование', 'Техническая документация', 'Ввод данных, систематизация']",Москва,[],[],[],"Москва, улица Зои и Александра Космодемьянских, 8к1",3107146,,менее 50,9.0,Академия управления МВД России,От 1 года,Полный рабочий день,Высшее,55.819599,37.506947,https://www.superjob.ru/vakansii/inzhener-51072879.html
50685015,Ведущий консультант (сопровождение информационных систем),0,0,rub,"['Государственная служба', 'IT, Интернет, связь, телеком']","['Государственные корпорации', 'Государственные фонды', 'Социальная служба', 'Информационная безопасность']",Москва,"['Шаболовская', 'Ленинский проспект', 'Площадь Гагарина']","['Калужско-Рижская', 'Калужско-Рижская', 'МЦК']","['orange', 'orange', 'lightpink']","Москва, улица Стасовой, 14к2",4887815,,более 5000,62.0,Социальный фонд России,От 3 лет,Полный рабочий день,Высшее,55.712997,37.598106,https://www.superjob.ru/vakansii/veduschij-konsultant-50685015.html
51198436,Технический специалист коммерческого отдела,0,100000,rub,"['IT, Интернет, связь, телеком']",['Техническая поддержка'],Москва,"['Лианозово', 'Физтех']","['МЦД1', 'Люблинско-Дмитровская']","['darkorange', 'lime']","Москва, Дмитровское шоссе, 163Ак2",250480,,менее 50,5108.0,НПГ Гранит-Саламандра,Без опыта,Полный рабочий день,Высшее,55.911541,37.542618,https://www.superjob.ru/vakansii/tehnicheskij-specialist-kommercheskogo-otdela-51198436.html
51681637,Продавец-консультант отдела МясновЪ (м. Орехово),115000,250000,rub,"['Административная работа, секретариат, АХО', 'IT, Интернет, связь, телеком']","['Секретариат, ресепшн, офис-менеджмент', 'Передача данных и доступ в интернет']",Москва,"['Домодедовская', 'Орехово', 'Царицыно']","['Замоскворецкая', 'Замоскворецкая', 'МЦД2']","['green', 'green', 'fuchsia']","Москва, Замоскворецкая линия, метро Орехово",400494,,более 5000,236.0,"КуулКлевер (МясновЪ, Отдохни)",Без опыта,Полный рабочий день,Не имеет значения,55.612934,37.695267,https://www.superjob.ru/vakansii/prodavec-konsultant-otdela-myasnov-51681637.html
51703187,"Кассир торгового зала, продавец в магазин",68000,75000,rub,"['IT, Интернет, связь, телеком', 'Сырье']","['Компьютерная анимация\xa0и\xa0мультимедиа', 'Разведка и разработка месторождений']",Москва,['Беляево'],['Калужско-Рижская'],['orange'],"Москва, Калужско-Рижская линия, метро Беляево",75401,,более 5000,3198.0,"""БЭСТ ПРАЙС"" / Fix Price",Без опыта,Полный рабочий день,Не имеет значения,55.64275,37.525837,https://www.superjob.ru/vakansii/kassir-torgovogo-zala-51703187.html
51772809,"Системный администратор, помощник системного администратора, IT-специалист",0,80000,rub,"['IT, Интернет, связь, телеком']","['Администрирование баз данных', 'Системное администрирование', 'Техническая поддержка']",Москва,"['Калужская', 'Беляево', 'Воронцовская']","['Калужско-Рижская', 'Калужско-Рижская', 'Большая кольцевая линия']","['orange', 'orange', 'cian']","Москва, Профсоюзная улица, 86с1",4745650,,менее 50,5.0,ФГБУ Российский научный центр рентгенорадиологии Минздрава РФ,От 1 года,Полный рабочий день,Не имеет значения,55.652782,37.53368,https://www.superjob.ru/vakansii/sistemnyj-administrator-51772809.html
51790763,"Оператор-радиотелефонист, связист",220000,280000,rub,"['Административная работа, секретариат, АХО', 'Продажи', 'IT, Интернет, связь, телеком', 'Услуги, ремонт, сервисное обслуживание', 'Рабочий персонал']","['Диспетчерская служба', 'Call Center', 'Телекоммуникации и связь', 'Телекоммуникационное оборудование и сети', 'Рабочий персонал, разное']",Москва,"['Тимирязевская', 'Фонвизинская']","['МЦД1', 'Люблинско-Дмитровская']","['darkorange', 'lime']","Москва, Яблочкова, д. 5с1",4353589,,менее 50,340.0,Jobers,Без опыта,Работа вахтовым методом,Не имеет значения,55.815842,37.581245,https://www.superjob.ru/vakansii/operator-radiotelefonist-51790763.html
51792953,Инженер сервисного обслуживания систем бесперебойного и гарантированного электроснабжения,0,0,rub,"['IT, Интернет, связь, телеком', 'Услуги, ремонт, сервисное обслуживание']","['Инжиниринг', 'Бытовая техника', 'Компьютеры и оргтехника']",Москва,[],[],[],"Москва, Волочаевская улица, 5к1",139568,,1000 — 5000,3.0,КРОК,От 3 лет,Полный рабочий день,Высшее,55.753838,37.681198,https://www.superjob.ru/vakansii/inzhener-servisnogo-obsluzhivaniya-sistem-besperebojnogo-i-garantirovannogo-elektrosnabzheniya-51792953.html
28567237,Помощник системного администратора,120000,150000,rub,"['IT, Интернет, связь, телеком']","['Администрирование баз данных', 'Системное администрирование', 'Техническая поддержка']",Москва,"['Павелецкая', 'Достоевская']","['Замоскворецкая', 'Люблинско-Дмитровская']","['green', 'lime']","Москва, Селезнёвская улица, 30к2",528217,,50 — 100,1.0,Народный доверительный банк,От 1 года,Полный рабочий день,Высшее,55.780655,37.611248,https://www.superjob.ru/vakansii/pomoschnik-sistemnogo-administratora-28567237.html
50706938,Специалист 1С,0,0,rub,"['IT, Интернет, связь, телеком']","['Разработка, программирование', 'Внедрение и сопровождение ПО']",Москва,[],[],[],"Москва, улица Академика Опарина, 4",2081428,,1000 — 5000,46.0,"ФГБУ ""НМИЦ AГП им. В. И. Кулакова"" Минздрава России",От 1 года,Полный рабочий день,Высшее,55.644421,37.500191,https://www.superjob.ru/vakansii/specialist-1s-50706938.html
51848053,Техник связи,85000,85000,rub,"['IT, Интернет, связь, телеком', 'Услуги, ремонт, сервисное обслуживание']","['Передача данных и доступ в интернет', 'Сетевые технологии', 'Сотовые, беспроводные технологии', 'Телекоммуникации и связь', 'Телекоммуникационное оборудование и сети']",Москва,['Селигерская'],['Люблинско-Дмитровская'],['lime'],"Москва, улица Ивана Сусанина, 3",493048,,500 — 1000,9.0,ФГБУ ФБ МСЭ Минтруда России,От 1 года,Полный рабочий день,Не имеет значения,55.870358,37.525711,https://www.superjob.ru/vakansii/tehnik-svyazi-51848053.html
51853700,Программист 1С КА,250000,0,rub,"['IT, Интернет, связь, телеком']","['Разработка, программирование', 'Системы управления предприятием (ERP)', 'Внедрение и сопровождение ПО']",Москва,['Братиславская'],['Люблинско-Дмитровская'],['lime'],"Москва, Братиславская улица, 6",514997,,100 — 500,1.0,Миассмебель-Центр,От 1 года,Полный рабочий день,Не имеет значения,55.66415,37.753201,https://www.superjob.ru/vakansii/programmist-1s-ka-51853700.html
50800971,Ведущий консультант отдела серверной инфраструктуры,0,0,rub,"['IT, Интернет, связь, телеком', 'Государственная служба']","['Системное администрирование', 'Социальная служба']",Москва,"['Шаболовская', 'Ленинский проспект', 'Площадь Гагарина']","['Калужско-Рижская', 'Калужско-Рижская', 'МЦК']","['orange', 'orange', 'lightpink']","Москва, улица Стасовой, 14с2",4887815,,более 5000,62.0,Социальный фонд России,От 3 лет,Полный рабочий день,Высшее,55.711964,37.597542,https://www.superjob.ru/vakansii/veduschij-konsultant-otdela-servernoj-infrastruktury-50800971.html
51791302,Инженер-электроник,175000,200000,rub,"['IT, Интернет, связь, телеком', 'Промышленность, производство']","['Инжиниринг', 'Радиотехническая и электронная промышленность']",Москва,[],[],[],"Москва, Вагоноремонтная улица, 10А",0,,,,,От 1 года,Полный рабочий день,Не имеет значения,55.903065,37.532413,https://www.superjob.ru/vakansii/inzhener-elektronik-51791302.html
51869157,Автокурьер на личном авто (Оплата патента),70000,160000,rub,"['IT, Интернет, связь, телеком', 'Медицина, фармацевтика, ветеринария']","['Интернет, создание и поддержка сайтов', 'Лечебное дело (врачи-специалисты)']",Москва,['Люблино'],['Люблинско-Дмитровская'],['lime'],"г Москва, улица Белореченская, д. 41 к. 3. 41",0,,,,,Без опыта,Полный рабочий день,Не имеет значения,55.664089,37.774769,https://www.superjob.ru/vakansii/avtokurer-na-lichnom-avto-51869157.html
49261406,Инженер-электроник 1 категории (управления 453),250000,0,rub,"['IT, Интернет, связь, телеком', 'Промышленность, производство', 'Строительство, проектирование, недвижимость']","['Инжиниринг', 'Радиотехническая и электронная промышленность', 'Слаботочные системы и сети']",Москва,[],[],[],"Москва, 3-я Мытищинская улица, 16с37",4451620,,более 5000,14.0,РЕШЕТНЁВ,От 3 лет,Полный рабочий день,Высшее,55.805016,37.645653,https://www.superjob.ru/vakansii/inzhener-elektronik-1-kategorii-49261406.html
49260975,Инженер-электроник 2 категории (управления 453),200000,0,rub,"['IT, Интернет, связь, телеком', 'Промышленность, производство', 'Строительство, проектирование, недвижимость']","['Инжиниринг', 'Радиотехническая и электронная промышленность', 'Слаботочные системы и сети']",Москва,[],[],[],"Москва, 3-я Мытищинская улица, 16с37",4451620,,более 5000,14.0,РЕШЕТНЁВ,От 1 года,Полный рабочий день,Высшее,55.805016,37.645653,https://www.superjob.ru/vakansii/inzhener-elektronik-2-kategorii-49260975.html
51701829,"Заведующий, директор в магазин",87000,0,rub,"['Топ-персонал', 'IT, Интернет, связь, телеком']","['Продажи', 'Внедрение и сопровождение ПО']",Москва,[],[],[],"Москва, улица Авиаторов, 7к2",75401,,более 5000,3198.0,"""БЭСТ ПРАЙС"" / Fix Price",От 1 года,Полный рабочий день,Не имеет значения,55.641102,37.401249,https://www.superjob.ru/vakansii/zaveduyuschij-51701829.html
51703169,"Кассир торгового зала, продавец",68000,75000,rub,"['Дизайн', 'IT, Интернет, связь, телеком', 'Строительство, проектирование, недвижимость']","['Web-дизайн (UI/UX)', 'Web-верстка', 'Администрирование баз данных', 'ЖКХ', 'Строительно-монтажные работы']",Москва,['Нижегородская'],['МЦД4'],['mediumaquamarine'],"Москва, Некрасовская линия, метро Нижегородская",75401,,более 5000,3198.0,"""БЭСТ ПРАЙС"" / Fix Price",Без опыта,Полный рабочий день,Не имеет значения,55.731712,37.730591,https://www.superjob.ru/vakansii/kassir-torgovogo-zala-51703169.html
51702654,"Старший продавец-кассир, администратор в магазин",75500,82500,rub,"['Дизайн', 'IT, Интернет, связь, телеком']","['Web-дизайн (UI/UX)', 'Web-верстка', 'Интернет, создание и поддержка сайтов']",Москва,['Братиславская'],['Люблинско-Дмитровская'],['lime'],"Москва, Люблинско-Дмитровская линия, метро Братиславская",75401,,более 5000,3198.0,"""БЭСТ ПРАЙС"" / Fix Price",От 1 года,Полный рабочий день,Не имеет значения,55.659649,37.75074,https://www.superjob.ru/vakansii/starshij-prodavec-kassir-51702654.html
51700730,"Продавец, кассир в магазин",68000,75000,rub,"['Дизайн', 'IT, Интернет, связь, телеком', 'Строительство, проектирование, недвижимость']","['Web-дизайн (UI/UX)', 'Web-верстка', 'Технический надзор, строительная экспертиза / ПТО']",Москва,[],[],[],"Москва, улица Обручева, 11",75401,,более 5000,3198.0,"""БЭСТ ПРАЙС"" / Fix Price",Без опыта,Полный рабочий день,Не имеет значения,55.660225,37.515144,https://www.superjob.ru/vakansii/prodavec-51700730.html
51780769,Сервисный инженер ОВиК,0,0,rub,"['IT, Интернет, связь, телеком', 'Строительство, проектирование, недвижимость', 'Услуги, ремонт, сервисное обслуживание']","['Инжиниринг', 'Отопление, вентиляция и кондиционирование', 'Эксплуатация зданий', 'Бытовая техника', 'Компьютеры и оргтехника']",Москва,[],[],[],"Москва, Волочаевская улица, 5к1",139568,,1000 — 5000,3.0,КРОК,От 3 лет,Полный рабочий день,Не имеет значения,55.753838,37.681198,https://www.superjob.ru/vakansii/servisnyj-inzhener-ovik-51780769.html
50538929,Системный администратор,0,0,rub,"['IT, Интернет, связь, телеком']",['Системное администрирование'],Москва,[],[],[],,2081428,,1000 — 5000,46.0,"ФГБУ ""НМИЦ AГП им. В. И. Кулакова"" Минздрава России",От 1 года,Полный рабочий день,Высшее,,,https://www.superjob.ru/vakansii/sistemnyj-administrator-50538929.html
51693516,Специалист отдела информационной безопасности,0,0,rub,"['IT, Интернет, связь, телеком']",['Информационная безопасность'],Москва,"['Юго-Западная', 'Коньково', 'Университет Дружбы Народов']","['Сокольническая', 'Калужско-Рижская', 'Троицкая']","['red', 'orange', 'darkspringgreen']","Москва, улица Академика Опарина, 4",2081428,,1000 — 5000,46.0,"ФГБУ ""НМИЦ AГП им. В. И. Кулакова"" Минздрава России",От 1 года,Полный рабочий день,Высшее,55.644421,37.500191,https://www.superjob.ru/vakansii/specialist-otdela-informacionnoj-bezopasnosti-51693516.html
51646139,Стажер по операционно-сервисной поддержке,0,0,rub,"['Продажи', 'Банки, инвестиции, лизинг']","['Call Center', 'Услуги для бизнеса', 'Другое', 'Продажа банковских продуктов']",Москва,[],[],[],,4905642,,менее 50,13.0,Альфа-Банк: Старт карьеры,Без опыта,Полный рабочий день,Не имеет значения,,,https://www.superjob.ru/vakansii/stazher-po-operacionno-servisnoj-podderzhke-51646139.html
51690994,Младший финансовый аналитик,0,0,rub,"['Бухгалтерия, финансы, аудит', 'Банки, инвестиции, лизинг']","['Финансовый анализ и контроль', 'Финансовый менеджмент', 'Финансовый анализ и контроль']",Москва,[],[],[],,4905942,,более 5000,13.0,OZON: Старт карьеры,Без опыта,Полный рабочий день,Высшее,,,https://www.superjob.ru/vakansii/mladshij-finansovyj-analitik-51690994.html
51698045,Специалист по международным стандартам финансовой отчётности,160000,0,rub,"['Банки, инвестиции, лизинг']","['Банковская бухгалтерия', 'Управленческая отчетность', 'Финансовая отчётность']",Москва,[],[],[],,4942874,,менее 50,5.0,Точка банк,От 1 года,Полный рабочий день,Высшее,,,https://www.superjob.ru/vakansii/specialist-po-mezhdunarodnym-standartam-finansovoj-otchjotnosti-51698045.html
51785221,Старший финансовый аналитик,0,0,rub,"['Бухгалтерия, финансы, аудит', 'Банки, инвестиции, лизинг']","['Финансовый анализ и контроль', 'Финансовый анализ и контроль']",Москва,[],[],[],,4957734,,более 5000,18.0,Disney,От 3 лет,Полный рабочий день,Не имеет значения,,,https://www.superjob.ru/vakansii/starshij-finansovyj-analitik-51785221.html
51824437,Инвестиционный аналитик,0,0,rub,"['Бухгалтерия, финансы, аудит', 'Банки, инвестиции, лизинг']","['Финансовый анализ и контроль', 'Риски', 'Управленческая отчетность', 'Финансовый анализ и контроль', 'Финансовая отчётность']",Москва,[],[],[],"Москва, улица Малая Дмитровка, 10",191494,,500 — 1000,8.0,НПФ Благосостояние,От 1 года,Полный рабочий день,Высшее,55.768749,37.606434,https://www.superjob.ru/vakansii/investicionnyj-analitik-51824437.html
51847520,Финансовый аналитик (Power BI),184500,184500,rub,"['Бухгалтерия, финансы, аудит', 'Банки, инвестиции, лизинг']","['Финансовый анализ и контроль', 'Финансовый менеджмент', 'Финансовый анализ и контроль']",Москва,"['Добрынинская', 'Октябрьская', 'Серпуховская']","['Кольцевая', 'Калужско-Рижская', 'Серпуховско-Тимирязевская']","['brown', 'orange', 'gray']","Москва, Ленинский проспект, 4",688137,,1000 — 5000,4.0,НИТУ МИСИС,От 3 лет,Полный рабочий день,Высшее,55.728291,37.609463,https://www.superjob.ru/vakansii/finansovyj-analitik-51847520.html
51781306,Специалист по учету на склад продуктов,110000,130000,rub,"['Административная работа, секретариат, АХО', 'Бухгалтерия, финансы, аудит', 'Кадры, управление персоналом', 'Транспорт, логистика, ВЭД', 'Банки, инвестиции, лизинг']","['Делопроизводство', 'Первичная документация', 'Кадровый учет, делопроизводство, кадровое администрирование', 'Складское хозяйство', 'Банковская бухгалтерия']",Москва,[],[],[],"г Москва, 2-й Хорошёвский проезд, д 7 стр 1",3797376,,менее 50,337.0,JOBCART.RU,От 3 лет,Полный рабочий день,Не имеет значения,55.774227,37.532368,https://www.superjob.ru/vakansii/specialist-po-uchetu-na-sklad-produktov-51781306.html
51870489,Финансовый менеджер,172000,0,rub,"['Бухгалтерия, финансы, аудит', 'Банки, инвестиции, лизинг']","['Финансовый менеджмент', 'Торговое финансирование', 'Финансовый анализ и контроль']",Москва,['Авиамоторная'],['МЦД3'],['orangered'],"Москва, 2-я Синичкина улица, 9А",0,,,,,От 3 лет,Полный рабочий день,Не имеет значения,55.76088,37.718075,https://www.superjob.ru/vakansii/finansovyj-menedzher-51870489.html
51824474,Разработчик 1С ЗУП (Бухгалтерия/Кадры),0,0,rub,"['IT, Интернет, связь, телеком', 'Кадры, управление персоналом', 'Страхование', 'Банки, инвестиции, лизинг']","['Разработка, программирование', 'Внедрение и сопровождение ПО', 'Кадровый учет, делопроизводство, кадровое администрирование', 'Страхование физических лиц', 'Банковская бухгалтерия']",Москва,[],[],[],"Москва, улица Малая Дмитровка, 10",191494,,500 — 1000,8.0,НПФ Благосостояние,От 3 лет,Полный рабочий день,Не имеет значения,55.768749,37.606434,https://www.superjob.ru/vakansii/razrabotchik-1s-zup-51824474.html
51853009,Финансовый аналитик,0,0,rub,"['Бухгалтерия, финансы, аудит', 'Банки, инвестиции, лизинг']","['Финансовый анализ и контроль', 'Финансовый менеджмент', 'Финансовый анализ и контроль']",Москва,[],[],[],,4961511,,менее 50,6.0,Туту,Без опыта,Полный рабочий день,Не имеет значения,,,https://www.superjob.ru/vakansii/finansovyj-analitik-51853009.html
51867637,Менеджер по работе с корпоративными клиентами,70000,130000,rub,"['Банки, инвестиции, лизинг', 'Продажи']","['Продажа банковских продуктов', 'Бытовая техника, электроника, фото, видео', 'Канцелярские товары', 'Косметика, бытовая химия', 'Услуги для бизнеса']",Москва,[],[],[],"Москва, улица Арбат, 4с1",4962306,,менее 50,1.0,Aromaco Russia,От 1 года,Полный рабочий день,Не имеет значения,55.752048,37.598545,https://www.superjob.ru/vakansii/menedzher-po-rabote-s-korporativnymi-klientami-51867637.html
37580926,Риэлтор по недвижимости (м. Каховская),150000,0,rub,"['Маркетинг, реклама, PR', 'Продажи', 'Банки, инвестиции, лизинг']","['Продвижение, специальные мероприятия', 'Агентства недвижимости, оценка недвижимости', 'Тендеры', 'Оптовая торговля', 'Продажа банковских продуктов']",Москва,"['Каширская', 'Каховская', 'Севастопольская', 'Красный Строитель', 'Зюзино']","['Большая кольцевая линия', 'Большая кольцевая линия', 'Серпуховско-Тимирязевская', 'МЦД2', 'Большая кольцевая линия']","['cian', 'cian', 'gray', 'fuchsia', 'cian']","Москва, Азовская улица, 24к2",186972,,1000 — 5000,1010.0,ИНКОМ - Недвижимость,Без опыта,Полный рабочий день,Среднее специальное,55.650841,37.597397,https://www.superjob.ru/vakansii/rieltor-po-nedvizhimosti-37580926.html
37578619,Менеджер отдела продаж,150000,0,rub,"['Страхование', 'Продажи', 'Банки, инвестиции, лизинг']","['Страховой анализ, оценка', 'Агентства недвижимости, оценка недвижимости', 'Услуги для бизнеса', 'Начало карьеры, мало опыта', 'Продажа банковских продуктов']",Москва,"['Каширская', 'Каховская', 'Севастопольская', 'Покровское', 'Зюзино']","['Большая кольцевая линия', 'Большая кольцевая линия', 'Серпуховско-Тимирязевская', 'МЦД2', 'Большая кольцевая линия']","['cian', 'cian', 'gray', 'fuchsia', 'cian']","Москва, Азовская улица, 24к2",186972,,1000 — 5000,1010.0,ИНКОМ - Недвижимость,Без опыта,Полный рабочий день,Среднее специальное,55.650841,37.597397,https://www.superjob.ru/vakansii/menedzher-otdela-prodazh-37578619.html
45993866,Специалист бэк-офиса,0,0,rub,"['Банки, инвестиции, лизинг']",['Бэк-Офис'],Москва,[],[],[],"Москва, Саввинская набережная, 15",4448920,,менее 50,1.0,ИК ФОНТВЬЕЛЬ,От 3 лет,Полный рабочий день,Не имеет значения,55.734867,37.566189,https://www.superjob.ru/vakansii/specialist-bek-ofisa-45993866.html
12055569,Специалист отдела продаж недвижимости (с обучением),150000,0,rub,"['Продажи', 'Строительство, проектирование, недвижимость', 'Банки, инвестиции, лизинг']","['Агентства недвижимости, оценка недвижимости', 'Управление недвижимостью', 'Залоги и проблемная задолженность', 'Ипотека', 'Кредитование физических лиц']",Москва,"['Парк Культуры', 'Университет', 'Октябрьская', 'Шаболовская', 'Тропарёво', 'Румянцево', 'Саларьево', 'Филатов Луг', 'Ольховая', 'Новомосковская']","['Кольцевая', 'Сокольническая', 'Калужско-Рижская', 'Калужско-Рижская', 'Сокольническая', 'Сокольническая', 'Сокольническая', 'Сокольническая', 'Сокольническая', 'Троицкая']","['brown', 'red', 'orange', 'orange', 'red', 'red', 'red', 'red', 'red', 'darkspringgreen']","Москва, Зубовский бульвар, 21-23с1",186972,,1000 — 5000,1010.0,ИНКОМ - Недвижимость,Без опыта,Полный рабочий день,Не имеет значения,55.735943,37.59021,https://www.superjob.ru/vakansii/specialist-otdela-prodazh-nedvizhimosti-12055569.html
38419364,Риелтор (с обучением),150000,0,rub,"['Страхование', 'Продажи', 'Банки, инвестиции, лизинг']","['Страхование недвижимости, ипотечное страхование', 'Агентства недвижимости, оценка недвижимости', 'Ипотека', 'Продажа банковских продуктов']",Москва,"['Шаболовская', 'Ленинский проспект', 'Академическая', 'Профсоюзная', 'Новые Черёмушки', 'Калужская', 'Площадь Гагарина', 'Новаторская', 'Воронцовская', 'Университет Дружбы Народов']","['Калужско-Рижская', 'Калужско-Рижская', 'Калужско-Рижская', 'Калужско-Рижская', 'Калужско-Рижская', 'Калужско-Рижская', 'МЦК', 'Троицкая', 'Большая кольцевая линия', 'Троицкая']","['orange', 'orange', 'orange', 'orange', 'orange', 'orange', 'lightpink', 'darkspringgreen', 'cian', 'darkspringgreen']","Москва, улица Гарибальди, 24к2",186972,,1000 — 5000,1010.0,ИНКОМ - Недвижимость,Без опыта,Полный рабочий день,Среднее специальное,55.671867,37.548122,https://www.superjob.ru/vakansii/rieltor-38419364.html
11653423,"Менеджер по недвижимости (вторичный рынок жилья, новостройки)",150000,0,rub,"['Административная работа, секретариат, АХО', 'Спорт, фитнес, салоны красоты, SPA', 'Продажи', 'Банки, инвестиции, лизинг']","['Другое', 'Тренерская работа, инструктаж', 'Агентства недвижимости, оценка недвижимости', 'Начало карьеры, мало опыта', 'Методология, разработка и продажа розничных продуктов']",Москва,"['Бульвар Рокоссовского', 'Черкизовская', 'Преображенская площадь', 'Бауманская', 'Электрозаводская', 'Семёновская', 'Партизанская', 'Измайловская', 'Первомайская', 'Щёлковская']","['МЦК', 'Сокольническая', 'Сокольническая', 'Арбатско-Покровская', 'МЦД3', 'Арбатско-Покровская', 'Арбатско-Покровская', 'Арбатско-Покровская', 'Арбатско-Покровская', 'Арбатско-Покровская']","['lightpink', 'red', 'red', 'darkblue', 'orangered', 'darkblue', 'darkblue', 'darkblue', 'darkblue', 'darkblue']","Москва, 9-я Парковая улица, 59к1",186972,,1000 — 5000,1010.0,ИНКОМ - Недвижимость,Без опыта,Полный рабочий день,Неполное высшее,55.807804,37.798141,https://www.superjob.ru/vakansii/menedzher-po-nedvizhimosti-11653423.html
12128903,Риелтор по недвижимости (отдел купли-продажи),150000,0,rub,"['Административная работа, секретариат, АХО', 'Продажи', 'Банки, инвестиции, лизинг']","['АХО', 'Секретариат, ресепшн, офис-менеджмент', 'Другое', 'Агентства недвижимости, оценка недвижимости', 'Продажа банковских продуктов']",Москва,"['Медведково', 'Бабушкинская', 'Свиблово', 'Ботанический сад', 'ВДНХ', 'Алтуфьево', 'Бибирево', 'Отрадное', 'Владыкино', 'Петровско-Разумовская']","['Калужско-Рижская', 'Калужско-Рижская', 'Калужско-Рижская', 'МЦК', 'Калужско-Рижская', 'Серпуховско-Тимирязевская', 'Серпуховско-Тимирязевская', 'Серпуховско-Тимирязевская', 'МЦК', 'МЦД3']","['orange', 'orange', 'orange', 'lightpink', 'orange', 'gray', 'gray', 'gray', 'lightpink', 'orangered']","Москва, улица Декабристов, 20к1",186972,,1000 — 5000,1010.0,ИНКОМ - Недвижимость,Без опыта,Полный рабочий день,Высшее,55.863029,37.606964,https://www.superjob.ru/vakansii/rieltor-po-nedvizhimosti-12128903.html
25579109,"Риелтор (продажа недвижимости на вторичном рынке жилья, новостройки)",150000,0,rub,"['Продажи', 'Страхование', 'Банки, инвестиции, лизинг']","['Call Center', 'Агентства недвижимости, оценка недвижимости', 'Страхование недвижимости, ипотечное страхование', 'Кредитование юридических лиц', 'Продажа банковских продуктов']",Москва,"['Речной вокзал', 'Щукинская', 'Тушинская', 'Сходненская', 'Планерная', 'Спартак', 'Ховрино']","['Замоскворецкая', 'МЦД2', 'МЦД2', 'Таганско-Краснопресненская', 'Таганско-Краснопресненская', 'Таганско-Краснопресненская', 'МЦД3']","['green', 'fuchsia', 'fuchsia', 'violet', 'violet', 'violet', 'orangered']","Москва, улица Героев Панфиловцев, 8к1",186972,,1000 — 5000,1010.0,ИНКОМ - Недвижимость,Без опыта,Полный рабочий день,Среднее специальное,55.854839,37.439274,https://www.superjob.ru/vakansii/rieltor-25579109.html
25572044,Менеджер по продаже недвижимости (вторичный рынок жилья),150000,0,rub,"['Страхование', 'Продажи', 'Банки, инвестиции, лизинг']","['Страхование недвижимости, ипотечное страхование', 'Агентства недвижимости, оценка недвижимости', 'Мебель', 'Начало карьеры, мало опыта', 'Продажа банковских продуктов']",Москва,"['Речной вокзал', 'Щукинская', 'Тушинская', 'Сходненская', 'Планерная', 'Спартак', 'Стрешнево', 'Ховрино', 'Молжаниново', 'Химки']","['Замоскворецкая', 'МЦД2', 'МЦД2', 'Таганско-Краснопресненская', 'Таганско-Краснопресненская', 'Таганско-Краснопресненская', 'МЦД2', 'МЦД3', 'МЦД3', 'МЦД3']","['green', 'fuchsia', 'fuchsia', 'violet', 'violet', 'violet', 'fuchsia', 'orangered', 'orangered', 'orangered']","Москва, улица Героев Панфиловцев, 8к1",186972,,1000 — 5000,1010.0,ИНКОМ - Недвижимость,Без опыта,Частичная занятость / Совместительство,Неполное высшее,55.854839,37.439274,https://www.superjob.ru/vakansii/menedzher-po-prodazhe-nedvizhimosti-25572044.html
11644976,"Агент по работе с недвижимостью (вторичный рынок жилья, новостройки)",150000,0,rub,"['Транспорт, логистика, ВЭД', 'Продажи', 'Банки, инвестиции, лизинг']","['Авиаперевозки', 'Автоперевозки', 'Агентства недвижимости, оценка недвижимости', 'Строительно-отделочные материалы', 'Продажа банковских продуктов']",Москва,"['Бульвар Рокоссовского', 'Черкизовская', 'Преображенская площадь', 'Сокольники', 'Семёновская', 'Партизанская', 'Измайловская', 'Первомайская', 'Щёлковская', 'Локомотив']","['МЦК', 'Сокольническая', 'Сокольническая', 'Большая кольцевая линия', 'Арбатско-Покровская', 'Арбатско-Покровская', 'Арбатско-Покровская', 'Арбатско-Покровская', 'Арбатско-Покровская', 'МЦК']","['lightpink', 'red', 'red', 'cian', 'darkblue', 'darkblue', 'darkblue', 'darkblue', 'darkblue', 'lightpink']","Москва, 9-я Парковая улица, 59к1",186972,,1000 — 5000,1010.0,ИНКОМ - Недвижимость,Без опыта,Полный рабочий день,Неполное высшее,55.807804,37.798141,https://www.superjob.ru/vakansii/agent-po-rabote-s-nedvizhimostyu-11644976.html
12242845,Риелтор,150000,0,rub,"['Наука, образование, повышение квалификации', 'Продажи', 'Банки, инвестиции, лизинг']","['Дополнительное образование', 'Начало карьеры, мало опыта', 'Агентства недвижимости, оценка недвижимости', 'Продажа банковских продуктов', 'Начало карьеры, мало опыта']",Москва,"['Проспект Вернадского', 'Каховская', 'Шаболовская', 'Ленинский проспект', 'Академическая', 'Профсоюзная', 'Новые Черёмушки', 'Площадь Гагарина', 'Новаторская', 'Воронцовская']","['Большая кольцевая линия', 'Большая кольцевая линия', 'Калужско-Рижская', 'Калужско-Рижская', 'Калужско-Рижская', 'Калужско-Рижская', 'Калужско-Рижская', 'МЦК', 'Троицкая', 'Большая кольцевая линия']","['cian', 'cian', 'orange', 'orange', 'orange', 'orange', 'orange', 'lightpink', 'darkspringgreen', 'cian']","Москва, улица Гарибальди, 24к2",186972,,1000 — 5000,1010.0,ИНКОМ - Недвижимость,Без опыта,Частичная занятость / Совместительство,Среднее специальное,55.671867,37.548122,https://www.superjob.ru/vakansii/rieltor-12242845.html
25668020,"Специалист по продажам (новостройки, вторичная недвижимость)",150000,0,rub,"['Наука, образование, повышение квалификации', 'Продажи', 'Банки, инвестиции, лизинг']","['Репетиторство', 'Агентства недвижимости, оценка недвижимости', 'Залоги и проблемная задолженность', 'Ипотека', 'Продажа банковских продуктов']",Москва,"['Речной вокзал', 'Щукинская', 'Тушинская', 'Сходненская', 'Планерная', 'Спартак', 'Ховрино']","['Замоскворецкая', 'МЦД2', 'МЦД2', 'Таганско-Краснопресненская', 'Таганско-Краснопресненская', 'Таганско-Краснопресненская', 'МЦД3']","['green', 'fuchsia', 'fuchsia', 'violet', 'violet', 'violet', 'orangered']","Москва, Химкинский бульвар, 16к1",186972,,1000 — 5000,1010.0,ИНКОМ - Недвижимость,Без опыта,Полный рабочий день,Среднее специальное,55.851986,37.443012,https://www.superjob.ru/vakansii/specialist-po-prodazham-25668020.html
43927532,Специалист по продаже недвижимости,150000,0,rub,"['Юриспруденция', 'Страхование', 'Продажи', 'Банки, инвестиции, лизинг']","['Другое', 'Начало карьеры, мало опыта', 'Агентства недвижимости, оценка недвижимости', 'Начало карьеры, мало опыта', 'Ипотека']",Москва,"['Шаболовская', 'Академическая', 'Профсоюзная', 'Новые Черёмушки', 'Калужская', 'Площадь Гагарина', 'Новаторская', 'Воронцовская', 'Университет Дружбы Народов', 'Генерала Тюленева']","['Калужско-Рижская', 'Калужско-Рижская', 'Калужско-Рижская', 'Калужско-Рижская', 'Калужско-Рижская', 'МЦК', 'Троицкая', 'Большая кольцевая линия', 'Троицкая', 'Троицкая']","['orange', 'orange', 'orange', 'orange', 'orange', 'lightpink', 'darkspringgreen', 'cian', 'darkspringgreen', 'darkspringgreen']","Москва, Калужско-Рижская линия, метро Новые Черёмушки",186972,,1000 — 5000,1010.0,ИНКОМ - Недвижимость,Без опыта,Полный рабочий день,Среднее специальное,55.670078,37.554493,https://www.superjob.ru/vakansii/specialist-po-prodazhe-nedvizhimosti-43927532.html
50517497,Главный специалист-эксперт управления взыскания задолженности,50000,55000,rub,"['Юриспруденция', 'Государственная служба', 'Банки, инвестиции, лизинг']","['Другое', 'Государственные фонды', 'Другое', 'Залоги и проблемная задолженность']",Москва,"['Речной вокзал', 'Бутырская']","['Замоскворецкая', 'Люблинско-Дмитровская']","['green', 'lime']","Москва, Огородный проезд, 5с3",4887815,,более 5000,62.0,Социальный фонд России,От 1 года,Полный рабочий день,Высшее,55.809071,37.606739,https://www.superjob.ru/vakansii/glavnyj-specialist-ekspert-upravleniya-vzyskaniya-zadolzhennosti-50517497.html
50518295,Главный специалист-эксперт (управление взыскания задолженности),50000,55000,rub,"['Юриспруденция', 'Государственная служба', 'Банки, инвестиции, лизинг']","['Compliance (нормативное право, соблюдение\xa0закона )', 'Государственные фонды', 'Другое', 'Залоги и проблемная задолженность']",Москва,"['Речной вокзал', 'Бутырская']","['Замоскворецкая', 'Люблинско-Дмитровская']","['green', 'lime']","Москва, Огородный проезд, 5с3",4887815,,более 5000,62.0,Социальный фонд России,От 1 года,Полный рабочий день,Среднее специальное,55.809071,37.606739,https://www.superjob.ru/vakansii/glavnyj-specialist-ekspert-50518295.html
50791647,Менеджер по работе с ключевыми клиентами,130000,250000,rub,"['Банки, инвестиции, лизинг', 'Продажи']","['Продажа банковских продуктов', 'Продукты питания', 'Текстиль, одежда, обувь', 'Товары народного потребления', 'Услуги для бизнеса']",Москва,"['Ленинский проспект', 'Площадь Гагарина']","['Калужско-Рижская', 'МЦК']","['orange', 'lightpink']","Москва, улица Орджоникидзе, 11с10",14449,,100 — 500,9.0,SuperJob,От 1 года,Полный рабочий день,Не имеет значения,55.706573,37.597092,https://www.superjob.ru/vakansii/menedzher-po-rabote-s-klyuchevymi-klientami-50791647.html
51110131,Специалист отдела расходов на обеспечение деятельности Отделения,70000,75000,rub,"['Банки, инвестиции, лизинг', 'Закупки, снабжение']","['Управление активами', 'Продукты питания']",Москва,[],[],[],"Москва, Орликов переулок, 3кА",4887815,,более 5000,62.0,Социальный фонд России,От 1 года,Полный рабочий день,Среднее специальное,55.77158,37.647774,https://www.superjob.ru/vakansii/specialist-otdela-rashodov-na-obespechenie-deyatelnosti-otdeleniya-51110131.html
50873475,Главный специалист-эксперт / Консультант / Экономист сводно-аналитического отдела,50000,55000,rub,"['Бухгалтерия, финансы, аудит', 'Банки, инвестиции, лизинг', 'Государственная служба']","['Планово-экономическое управление', 'Экономический анализ', 'Управленческая отчетность', 'Финансовый анализ и контроль', 'Социальная служба']",Москва,[],[],[],"Москва, шоссе Энтузиастов, 21с1",4887815,,более 5000,62.0,Социальный фонд России,От 1 года,Полный рабочий день,Среднее специальное,55.755215,37.726162,https://www.superjob.ru/vakansii/glavnyj-specialist-ekspert-50873475.html
51682567,Ведущий специалист по учету РИД,45000,0,rub,"['Административная работа, секретариат, АХО', 'Бухгалтерия, финансы, аудит', 'Кадры, управление персоналом', 'Транспорт, логистика, ВЭД', 'Банки, инвестиции, лизинг']","['Делопроизводство', 'Первичная документация', 'Кадровый учет, делопроизводство, кадровое администрирование', 'Складское хозяйство', 'Банковская бухгалтерия']",Москва,['Киевская'],['Филёвская'],['blue'],"Москва, Бережковская набережная, 30к1",2972525,,менее 50,1.0,"ФГБУ ""ФАПРИД""",От 1 года,Полный рабочий день,Не имеет значения,55.729935,37.548016,https://www.superjob.ru/vakansii/veduschij-specialist-po-uchetu-rid-51682567.html
51702792,"Грузчик, мерчандайзер в магазин",68000,75000,rub,"['Строительство, проектирование, недвижимость', 'Банки, инвестиции, лизинг']","['Благоустройство территорий', 'Отопление, вентиляция и кондиционирование', 'Строительно-монтажные работы', 'Начало карьеры, мало опыта']",Москва,['Кунцевская'],['МЦД1'],['darkorange'],"Москва, Западный административный округ, район Кунцево",75401,,более 5000,3198.0,"""БЭСТ ПРАЙС"" / Fix Price",Без опыта,Полный рабочий день,Не имеет значения,55.739342,37.403378,https://www.superjob.ru/vakansii/gruzchik-51702792.html
47628549,Кассир,69000,0,rub,"['Бухгалтерия, финансы, аудит', 'Банки, инвестиции, лизинг', 'Продажи']","['Кассовые операции', 'Расчёты и обработка платежей, касса', 'Строительно-отделочные материалы', 'Товары народного потребления', 'Начало карьеры, мало опыта']",Москва,[],[],[],"Московская область, городской округ Красногорск, Новорижское шоссе, 26-й километр, с1",3551066,,более 5000,43.0,Твой Дом,Без опыта,Полный рабочий день,Не имеет значения,55.785988,37.246162,https://www.superjob.ru/vakansii/kassir-47628549.html
51781751,Customer Journey Expert / Эксперт по клиентским путям в команду нотификации,0,0,rub,"['Банки, инвестиции, лизинг']","['Продажа банковских продуктов', 'Другое']",Москва,['Арбатская'],['Филёвская'],['blue'],"Москва, улица Воздвиженка, 9",235578,,более 5000,62.0,Банк ВТБ,От 1 года,Полный рабочий день,Не имеет значения,55.75259,37.604752,https://www.superjob.ru/vakansii/customer-journey-expert-51781751.html
51797954,Менеджер по сопровождению,65000,0,rub,"['Банки, инвестиции, лизинг', 'Продажи']","['Продажа банковских продуктов', 'Товары народного потребления', 'Услуги для бизнеса']",Москва,[],[],[],"Москва, Ленинградский проспект, 80Г",72326,,1000 — 5000,106.0,Образовательный холдинг СИНЕРГИЯ,От 1 года,Полный рабочий день,Не имеет значения,55.811157,37.509998,https://www.superjob.ru/vakansii/menedzher-po-soprovozhdeniyu-51797954.html
51845539,Курьер подработка,0,210500,rub,"['Дизайн', 'Банки, инвестиции, лизинг', 'Сырье']","['Мода\xa0и\xa0Аксессуары', 'Банковская бухгалтерия', 'Уголь']",Москва,[],[],[],"Московская область, городской округ Мытищи, посёлок Нагорное, ЖК Датский Квартал, улица Полковника Романова, 5",4063471,,более 5000,892.0,Самокат,Без опыта,Полный рабочий день,Не имеет значения,55.901749,37.639149,https://www.superjob.ru/vakansii/kurer-podrabotka-51845539.html
51847718,Финансовый менеджер/менеджер проекта,90000,0,rub,"['Банки, инвестиции, лизинг']","['Финансовый анализ и контроль', 'Финансовая отчётность']",Москва,"['Волгоградский проспект', 'Дубровка']","['Таганско-Краснопресненская', 'МЦК']","['violet', 'lightpink']","Москва, Шарикоподшипниковская улица, 9",4273444,,менее 50,1.0,"РООИ ""Здоровье человека""",От 3 лет,Полный рабочий день,Не имеет значения,55.721565,37.672035,https://www.superjob.ru/vakansii/finansovyj-menedzher-51847718.html
51838650,Специалист внутреннего финансового аудита,70000,150000,rub,"['Бухгалтерия, финансы, аудит', 'Банки, инвестиции, лизинг']","['Бухгалтерский учет', 'Финансовый анализ и контроль', 'Финансовый менеджмент', 'Торговое финансирование', 'Финансовый анализ и контроль']",Москва,[],[],[],"Москва, Беговая улица, 2Г",11714,,100 — 500,68.0,Филиал ФКУ «Налог-Сервис» ФНС России по ЦОД в г. Москве,От 1 года,Полный рабочий день,Не имеет значения,55.774303,37.555859,https://www.superjob.ru/vakansii/specialist-vnutrennego-finansovogo-audita-51838650.html
51834128,Finance specialist,100000,200000,rub,"['Бухгалтерия, финансы, аудит', 'Банки, инвестиции, лизинг']","['Финансовый менеджмент', 'Торговое финансирование', 'Финансовый анализ и контроль']",Москва,[],[],[],"Московская область, городской округ Красногорск, посёлок городского типа Путилково, территория Гринвуд, с19",4960203,,менее 50,1.0,Yufan Group,От 3 лет,Полный рабочий день,Не имеет значения,55.868618,37.403259,https://www.superjob.ru/vakansii/finance-specialist-51834128.html
51860826,Специалист по взысканию задолженности,700,1800,usd,"['Банки, инвестиции, лизинг']",['Залоги и проблемная задолженность'],Москва,[],[],[],,4959207,,менее 50,6.0,Шалин Оскар Андреевич,Без опыта,Полный рабочий день,Не имеет значения,,,https://www.superjob.ru/vakansii/specialist-po-vzyskaniyu-zadolzhennosti-51860826.html
51865261,Менеджер по сопровождению,140000,200000,rub,"['Банки, инвестиции, лизинг', 'Продажи']","['Продажа банковских продуктов', 'Товары народного потребления', 'Услуги для бизнеса']",Москва,['Сокол'],['Замоскворецкая'],['green'],"Москва, Ленинградский проспект, 80Г",72326,,1000 — 5000,106.0,Образовательный холдинг СИНЕРГИЯ,От 1 года,Полный рабочий день,Не имеет значения,55.811157,37.509998,https://www.superjob.ru/vakansii/menedzher-po-soprovozhdeniyu-51865261.html
11666413,Риелтор (м. Братиславская),150000,0,rub,"['Продажи', 'Строительство, проектирование, недвижимость', 'Банки, инвестиции, лизинг']","['Агентства недвижимости, оценка недвижимости', 'Другое', 'Начало карьеры, мало опыта', 'Другое', 'Ипотека']",Москва,"['Люблино', 'Братиславская', 'Марьино', 'Зябликово', 'Шипиловская', 'Борисово']","['Люблинско-Дмитровская', 'Люблинско-Дмитровская', 'Люблинско-Дмитровская', 'Люблинско-Дмитровская', 'Люблинско-Дмитровская', 'Люблинско-Дмитровская']","['lime', 'lime', 'lime', 'lime', 'lime', 'lime']","Москва, Братиславская улица, 26",186972,,1000 — 5000,1010.0,ИНКОМ - Недвижимость,Без опыта,Полный рабочий день,Среднее специальное,55.654308,37.763737,https://www.superjob.ru/vakansii/rieltor-11666413.html
11310595,"Эксперт по продаже недвижимости, м. Сокол",150000,0,rub,"['Продажи', 'Строительство, проектирование, недвижимость', 'Банки, инвестиции, лизинг']","['Агентства недвижимости, оценка недвижимости', 'Строительно-отделочные материалы', 'Другое', 'Документарные операции', 'Продажа банковских продуктов']",Москва,"['Динамо', 'Аэропорт', 'Сокол', 'Войковская', 'Водный стадион', 'Речной вокзал', 'ЦСКА', 'Петровский парк', 'Ховрино', 'Беломорская']","['Замоскворецкая', 'Замоскворецкая', 'Замоскворецкая', 'Замоскворецкая', 'Замоскворецкая', 'Замоскворецкая', 'Большая кольцевая линия', 'Большая кольцевая линия', 'МЦД3', 'Замоскворецкая']","['green', 'green', 'green', 'green', 'green', 'green', 'cian', 'cian', 'orangered', 'green']",,186972,,1000 — 5000,1010.0,ИНКОМ - Недвижимость,Без опыта,Полный рабочий день,Среднее специальное,,,https://www.superjob.ru/vakansii/ekspert-po-prodazhe-nedvizhimosti-11310595.html
12207589,Менеджер по работе с недвижимостью на вторичном рынке / Стажер,150000,0,rub,"['Продажи', 'Банки, инвестиции, лизинг']","['Агентства недвижимости, оценка недвижимости', 'ГСМ, нефть', 'Ипотека', 'Кредитование физических лиц', 'Продажа банковских продуктов']",Москва,"['Медведково', 'Бабушкинская', 'Свиблово', 'Алтуфьево', 'Бибирево', 'Отрадное', 'Владыкино', 'Петровско-Разумовская', 'Тимирязевская', 'Селигерская']","['Калужско-Рижская', 'Калужско-Рижская', 'Калужско-Рижская', 'Серпуховско-Тимирязевская', 'Серпуховско-Тимирязевская', 'Серпуховско-Тимирязевская', 'МЦК', 'МЦД3', 'МЦД1', 'Люблинско-Дмитровская']","['orange', 'orange', 'orange', 'gray', 'gray', 'gray', 'lightpink', 'orangered', 'darkorange', 'lime']","Москва, улица Декабристов, 20к1",186972,,1000 — 5000,1010.0,ИНКОМ - Недвижимость,Без опыта,Полный рабочий день,Высшее,55.863029,37.606964,https://www.superjob.ru/vakansii/menedzher-po-rabote-s-nedvizhimostyu-na-vtorichnom-rynke-12207589.html
12152463,"Агент по недвижимости на вторичном рынке жилья (новостройки, вторичное жилье)",150000,0,rub,"['Административная работа, секретариат, АХО', 'Туризм, гостиницы, общественное питание', 'Спорт, фитнес, салоны красоты, SPA', 'Продажи', 'Банки, инвестиции, лизинг']","['Делопроизводство', 'Рестораны, кафе, столовые, фастфуд', 'Другое', 'Агентства недвижимости, оценка недвижимости', 'Ипотека']",Москва,"['Бульвар Рокоссовского', 'Черкизовская', 'Преображенская площадь', 'Бауманская', 'Электрозаводская', 'Семёновская', 'Партизанская', 'Измайловская', 'Первомайская', 'Щёлковская']","['МЦК', 'Сокольническая', 'Сокольническая', 'Арбатско-Покровская', 'МЦД3', 'Арбатско-Покровская', 'Арбатско-Покровская', 'Арбатско-Покровская', 'Арбатско-Покровская', 'Арбатско-Покровская']","['lightpink', 'red', 'red', 'darkblue', 'orangered', 'darkblue', 'darkblue', 'darkblue', 'darkblue', 'darkblue']","Москва, 9-я Парковая улица, 59к1",186972,,1000 — 5000,1010.0,ИНКОМ - Недвижимость,Без опыта,Полный рабочий день,Среднее специальное,55.807804,37.798141,https://www.superjob.ru/vakansii/agent-po-nedvizhimosti-na-vtorichnom-rynke-zhilya-12152463.html
44974694,Менеджер по работе с клиентами в сфере недвижимости,150000,0,rub,"['Спорт, фитнес, салоны красоты, SPA', 'Банки, инвестиции, лизинг', 'Продажи']","['Косметология', 'Продажа банковских продуктов', 'Начало карьеры, мало опыта', 'Начало карьеры, мало опыта', 'Логистика']",Москва,"['Щукинская', 'Тушинская', 'Сходненская', 'Планерная', 'Спартак', 'Стрешнево', 'Ховрино', 'Покровское-Стрешнево', 'Молжаниново', 'Химки']","['МЦД2', 'МЦД2', 'Таганско-Краснопресненская', 'Таганско-Краснопресненская', 'Таганско-Краснопресненская', 'МЦД2', 'МЦД3', 'МЦД2', 'МЦД3', 'МЦД3']","['fuchsia', 'fuchsia', 'violet', 'violet', 'violet', 'fuchsia', 'orangered', 'fuchsia', 'orangered', 'orangered']","Москва, улица Героев Панфиловцев, 8к1",186972,,1000 — 5000,1010.0,ИНКОМ - Недвижимость,Без опыта,Полный рабочий день,Среднее специальное,55.854839,37.439274,https://www.superjob.ru/vakansii/menedzher-po-rabote-s-klientami-v-sfere-nedvizhimosti-44974694.html
31181630,"Инженер, механик, техник по ремонту холодильного оборудования",150000,0,rub,"['Промышленность, производство', 'Услуги, ремонт, сервисное обслуживание', 'Рабочий персонал']","['Промышленное оборудование', 'Промышленное оборудование', 'Торговое, складское, холодильное оборудование', 'Квалифицированный рабочий']",Москва,[],[],[],,0,,,,,От 1 года,Полный рабочий день,Среднее специальное,,,https://www.superjob.ru/vakansii/inzhener-31181630.html
50836216,"Пекарь (Москва, Болотниковская, 52А)",80000,100000,rub,"['Туризм, гостиницы, общественное питание', 'Промышленность, производство']","['Рестораны, кафе, столовые, фастфуд', 'Пищевая промышленность']",Москва,[],[],[],,2635306,,более 5000,45940.0,Пятёрочка,Не имеет значения,Частичная занятость / Совместительство,Не имеет значения,,,https://www.superjob.ru/vakansii/pekar-50836216.html
51596928,Стажер в отдел Производства,0,0,rub,"['Промышленность, производство']","['Начало карьеры, мало опыта']",Москва,[],[],[],,4942854,,менее 50,4.0,Аэрофлот,От 1 года,Полный рабочий день,Среднее специальное,,,https://www.superjob.ru/vakansii/stazher-v-otdel-proizvodstva-51596928.html
51778928,"Сотрудник программы развития в производстве, рабочий",0,0,rub,"['Промышленность, производство', 'Рабочий персонал']","['Автомобильная промышленность', 'Сельскохозяйственная техника', 'Рабочий персонал, разное', 'Квалифицированный рабочий']",Москва,[],[],[],,4957440,,более 5000,8.0,Tesla,Без опыта,Сменный график работы,Среднее специальное,,,https://www.superjob.ru/vakansii/sotrudnik-programmy-razvitiya-v-proizvodstve-51778928.html
51795144,Техник,85000,85000,rub,"['Промышленность, производство', 'Услуги, ремонт, сервисное обслуживание', 'Рабочий персонал']","['Промышленное оборудование', 'Промышленное оборудование', 'Квалифицированный рабочий']",Москва,"['Комсомольская', 'Площадь трёх вокзалов']","['Кольцевая', 'МЦД4']","['brown', 'mediumaquamarine']","Москва, Комсомольская площадь",2466656,,более 5000,3173.0,Российские железные дороги,От 1 года,Полный рабочий день,Среднее специальное,55.775326,37.655643,https://www.superjob.ru/vakansii/tehnik-51795144.html
51737956,Техник (Краснобогатырская),80000,81000,rub,"['Промышленность, производство', 'Услуги, ремонт, сервисное обслуживание', 'Рабочий персонал']","['Промышленное оборудование', 'Промышленное оборудование', 'Квалифицированный рабочий']",Москва,"['Бульвар Рокоссовского', 'Преображенская площадь', 'Белокаменная']","['МЦК', 'Сокольническая', 'МЦК']","['lightpink', 'red', 'lightpink']","Москва, Краснобогатырская улица",249006,,более 5000,928.0,"Группа Компаний ""Медси""/АО ""ГРУППА КОМПАНИЙ ""МЕДСИ""",Без опыта,Полный рабочий день,Не имеет значения,55.809978,37.703701,https://www.superjob.ru/vakansii/tehnik-51737956.html
51754777,Начинающий специалист по контролю качества,0,0,rub,"['Промышленность, производство']","['Контроль качества, сертификация, экспертиза']",Москва,[],[],[],,4935016,,менее 50,7.0,Duolingo,Без опыта,Полный рабочий день,Не имеет значения,,,https://www.superjob.ru/vakansii/nachinayuschij-specialist-po-kontrolyu-kachestva-51754777.html
51782156,Инженер слаботочных систем,0,180000,rub,"['Промышленность, производство']","['Машиностроение, станкостроение', 'Приборостроение', 'Производство товаров народного потребления', 'Промышленное оборудование', 'Другое']",Москва,[],[],[],"Москва, 1-я Пугачёвская улица, 25",4865833,,менее 50,2.0,ГАРАНТ БЕЗОПАСНОСТИ,От 3 лет,Полный рабочий день,Не имеет значения,55.794952,37.732422,https://www.superjob.ru/vakansii/inzhener-slabotochnyh-sistem-51782156.html
51841883,Пекарь,89700,95000,rub,"['Туризм, гостиницы, общественное питание', 'Промышленность, производство']","['Рестораны, кафе, столовые, фастфуд', 'Пищевая промышленность']",Москва,[],[],[],"Москва, Тишинская, 1",4311,,более 5000,3349.0,Перекресток,Без опыта,Полный рабочий день,Среднее специальное,55.76923,37.583374,https://www.superjob.ru/vakansii/pekar-51841883.html
51868872,Автокурьер на личном авто (Оплата патента),70000,160000,rub,"['Бухгалтерия, финансы, аудит', 'Промышленность, производство']","['Кассовые операции', 'Машиностроение, станкостроение']",Москва,['Новопеределкино'],['МЦД4'],['mediumaquamarine'],"г Москва, улица Шолохова, д. 19А. 19А",0,,,,,Без опыта,Полный рабочий день,Не имеет значения,55.642612,37.341393,https://www.superjob.ru/vakansii/avtokurer-na-lichnom-avto-51868872.html
11669805,Ювелир-монтировщик,60000,100000,rub,"['Промышленность, производство']",['Ювелирная промышленность'],Москва,['Щёлковская'],['Арбатско-Покровская'],['darkblue'],"Москва, Черницынский проезд",159724,,менее 50,1.0,"""Ювелирная фабрика""Альдзена""",От 3 лет,Полный рабочий день,Не имеет значения,55.820778,37.789257,https://www.superjob.ru/vakansii/yuvelir-montirovschik-11669805.html
46480438,Менеджер в стоматологию,90000,0,rub,"['Административная работа, секретариат, АХО', 'Медицина, фармацевтика, ветеринария', 'Промышленность, производство', 'Продажи']","['Секретариат, ресепшн, офис-менеджмент', 'Больницы, поликлиники, диагностические центры, лаборатории', 'Средний и младший медицинский персонал', 'Начало карьеры, мало опыта', 'Медицина, фармацевтика']",Москва,"['Новослободская', 'Марьина роща']","['Кольцевая', 'МЦД4']","['brown', 'mediumaquamarine']","Москва, улица Образцова, 11с2",610939,,100 — 500,4.0,"МЧУ ""МЕДИЦИНСКИЙ ЦЕНТР ""РАМБАМ""",От 3 лет,Полный рабочий день,Высшее,55.789116,37.606236,https://www.superjob.ru/vakansii/menedzher-v-stomatologiyu-46480438.html
29629505,Обувщик (ручная затяжка обуви),85000,120000,rub,"['Промышленность, производство', 'Услуги, ремонт, сервисное обслуживание', 'Рабочий персонал']","['Легкая промышленность', 'Обувь', 'Квалифицированный рабочий']",Москва,"['Новогиреево', 'Перово', 'Шоссе Энтузиастов']","['МЦД4', 'МЦД3', 'МЦК']","['mediumaquamarine', 'orangered', 'lightpink']","Москва, улица Плющева, 18к2",2925313,,менее 50,3.0,Метеор,От 1 года,Полный рабочий день,Среднее специальное,55.74136,37.76054,https://www.superjob.ru/vakansii/obuvschik-29629505.html
49174269,Закройщик по шторам,90000,180000,rub,"['Промышленность, производство', 'Услуги, ремонт, сервисное обслуживание', 'Рабочий персонал']","['Легкая промышленность', 'Производство товаров народного потребления', 'Ателье', 'Рабочий персонал, разное']",Москва,['Волоколамская'],['МЦД2'],['fuchsia'],"Москва, Новотушинский проезд, 10к2",4750414,,менее 50,1.0,Natalis Art,От 3 лет,Сменный график работы,Не имеет значения,55.840492,37.380928,https://www.superjob.ru/vakansii/zakrojschik-po-shtoram-49174269.html
49535437,Конструктор одежды,120000,0,rub,"['Промышленность, производство', 'Услуги, ремонт, сервисное обслуживание']","['Легкая промышленность', 'Ателье']",Москва,"['Алексеевская', 'Рижская']","['Калужско-Рижская', 'МЦД2']","['orange', 'fuchsia']",Москва,4439100,,менее 50,1.0,Ателье 7,От 6 лет,Полный рабочий день,Среднее специальное,55.755863,37.617699,https://www.superjob.ru/vakansii/konstruktor-odezhdy-49535437.html
49913641,Повар в рыбный цех,84000,100000,rub,"['Туризм, гостиницы, общественное питание', 'Промышленность, производство']","['Рестораны, кафе, столовые, фастфуд', 'Пищевая промышленность']",Москва,"['Юго-Западная', 'Киевская', 'Озёрная']","['Сокольническая', 'Филёвская', 'Калининско-Солнцевская']","['red', 'blue', 'yellow']","Москва, Рябиновая улица, 47Б",74315,,более 5000,160.0,Азбука вкуса,От 1 года,Сменный график работы,Не имеет значения,55.697433,37.43322,https://www.superjob.ru/vakansii/povar-v-rybnyj-ceh-49913641.html
50313486,Инженер пожарной профилактики,73100,73100,rub,"['Безопасность, службы охраны', 'Промышленность, производство']","['Пожарная безопасность', 'Машиностроение, станкостроение', 'Приборостроение', 'Производство товаров народного потребления', 'Другое']",Москва,[],[],[],"Москва, Новомосковский административный округ, аэропорт Внуково имени А.Н. Туполева",2720788,,1000 — 5000,47.0,Международный аэропорт Внуково,От 1 года,Полный рабочий день,Среднее специальное,55.605057,37.286293,https://www.superjob.ru/vakansii/inzhener-pozharnoj-profilaktiki-50313486.html
50326192,Разнорабочий / Сборщик на склад,143550,287100,rub,"['Транспорт, логистика, ВЭД', 'Промышленность, производство', 'Рабочий персонал']","['Складское хозяйство', 'Автомобильная промышленность', 'Сельскохозяйственная техника', 'Рабочий персонал, разное']",Москва,[],[],[],,166099,,100 — 500,239.0,ГК АКМЭ,Без опыта,Работа вахтовым методом,Не имеет значения,,,https://www.superjob.ru/vakansii/raznorabochij-50326192.html
50586139,Инженер-исследователь / Технический писатель,110000,0,rub,"['Наука, образование, повышение квалификации', 'Промышленность, производство']","['Инновационные технологии', 'НИИ, КБ', 'Промышленное оборудование', 'Радиотехническая и электронная промышленность']",Москва,[],[],[],"Москва, проспект Мира, 102к36",434884,,500 — 1000,5121.0,Импульс,От 1 года,Полный рабочий день,Высшее,55.800076,37.638458,https://www.superjob.ru/vakansii/inzhener-issledovatel-50586139.html
48598519,Ремонтник электросварочного оборудования,60000,100000,rub,"['Промышленность, производство', 'Рабочий персонал']","['Промышленное оборудование', 'Радиотехническая и электронная промышленность', 'Другое', 'Рабочий персонал, разное', 'Квалифицированный рабочий']",Москва,[],[],[],"Москва, Колодезный переулок, 2Ас1",3752863,,менее 50,2.0,ТОР,От 3 лет,Полный рабочий день,Не имеет значения,55.799046,37.6954,https://www.superjob.ru/vakansii/remontnik-elektrosvarochnogo-oborudovaniya-48598519.html
50895660,Столяр 6 разряда,84000,84000,rub,"['Промышленность, производство', 'Рабочий персонал', 'Строительство, проектирование, недвижимость']","['Мебельное производство', 'Квалифицированный рабочий', 'Строительство деревянных домов и конструкций']",Москва,['Курская'],['МЦД4'],['mediumaquamarine'],"Москва, Мрузовский переулок, 11с1",202378,,1000 — 5000,36.0,МОСГАЗ,От 1 года,Полный рабочий день,Не имеет значения,55.75745,37.667419,https://www.superjob.ru/vakansii/stolyar-6-razryada-50895660.html
51578076,Сервисный инженер по эксплуатации систем кондиционирования,124000,124000,rub,"['Строительство, проектирование, недвижимость', 'Промышленность, производство']","['Эксплуатация зданий', 'Автомобильная промышленность', 'Машиностроение, станкостроение', 'Нефтегазовое машиностроение', 'Промышленное оборудование']",Москва,['Парк Культуры'],['Кольцевая'],['brown'],"Москва, Зубовский бульвар, 4с1",4941795,,1000 — 5000,9.0,RT,От 1 года,Полный рабочий день,Среднее специальное,55.737358,37.590496,https://www.superjob.ru/vakansii/servisnyj-inzhener-po-ekspluatacii-sistem-kondicionirovaniya-51578076.html
51698265,Инженер-энергетик СГИ,161040,161040,rub,"['Строительство, проектирование, недвижимость', 'Промышленность, производство']","['Строительно-монтажные работы', 'Технический надзор, строительная экспертиза / ПТО', 'Атомная энергетика']",Москва,[],[],[],"Москва, Космодамианская набережная, 22",355437,,100 — 500,5115.0,ФБУН ЦНИИ Эпидемиологии Роспотребнадзора,От 3 лет,Полный рабочий день,Не имеет значения,55.743275,37.640999,https://www.superjob.ru/vakansii/inzhener-energetik-sgi-51698265.html
51709911,Сантехник,130000,0,rub,"['Строительство, проектирование, недвижимость', 'Промышленность, производство']","['ЖКХ', 'Автомобильная промышленность']",Москва,[],[],[],,4057473,,500 — 1000,248.0,Публично-правовая компания «Военно-строительная компания»,От 1 года,Полный рабочий день,Не имеет значения,,,https://www.superjob.ru/vakansii/santehnik-51709911.html
51720618,Продавец–консультант КуулКлевер Кафе (м. Южная),115000,250000,rub,"['Промышленность, производство']",['Пищевая промышленность'],Москва,"['Чертановская', 'Южная', 'Пражская', 'Улица Академика Янгеля']","['Серпуховско-Тимирязевская', 'Серпуховско-Тимирязевская', 'Серпуховско-Тимирязевская', 'Серпуховско-Тимирязевская']","['gray', 'gray', 'gray', 'gray']","Москва, Серпуховско-Тимирязевская линия, метро Южная",400494,,более 5000,236.0,"КуулКлевер (МясновЪ, Отдохни)",Без опыта,Полный рабочий день,Не имеет значения,55.622276,37.608986,https://www.superjob.ru/vakansii/prodavec-51720618.html
51722788,Сборщик светодиодных светильников,70000,0,rub,"['Промышленность, производство']",['Нефтепереработка'],Москва,[],[],[],"Москва, улица Прянишникова, 19Ас2",3596311,,менее 50,1.0,ЛайтТехнолоджи,Без опыта,Полный рабочий день,Не имеет значения,55.838066,37.550415,https://www.superjob.ru/vakansii/sborschik-svetodiodnyh-svetilnikov-51722788.html
51770685,Дежурант (Войковская),50000,0,rub,"['Промышленность, производство']","['Химическая промышленность', 'Энергетика']",Москва,[],[],[],"Москва, Большая Академическая улица, 24к1",250744,,более 5000,440.0,Ригла,Без опыта,Полный рабочий день,Не имеет значения,55.823975,37.529385,https://www.superjob.ru/vakansii/dezhurant-51770685.html
51782810,Повар на производство (ночь),97110,129480,rub,"['Туризм, гостиницы, общественное питание', 'Промышленность, производство']","['Рестораны, кафе, столовые, фастфуд', 'Пищевая промышленность']",Москва,['Парк Культуры'],['Кольцевая'],['brown'],Москва,174527,,1000 — 5000,0.0,Теремок - Инвест,Без опыта,Полный рабочий день,Не имеет значения,55.755863,37.617699,https://www.superjob.ru/vakansii/povar-na-proizvodstvo-51782810.html
51801600,Контролер ОТК,60000,70000,rub,"['Промышленность, производство']","['Контроль качества, сертификация, экспертиза']",Москва,[],[],[],,2631007,,более 5000,37.0,ЦЕМРОС,Без опыта,Полный рабочий день,Не имеет значения,,,https://www.superjob.ru/vakansii/kontroler-otk-51801600.html
51801728,Инженер по наладке и испытаниям электрооборудования,220000,220000,rub,"['Промышленность, производство']",['Другое'],Москва,[],[],[],,4899646,,менее 50,7.0,Р-Строй,От 1 года,Полный рабочий день,Не имеет значения,,,https://www.superjob.ru/vakansii/inzhener-po-naladke-i-ispytaniyam-elektrooborudovaniya-51801728.html
51810764,Продавец в зону готовой еды,73100,97600,rub,"['Промышленность, производство']",['Пищевая промышленность'],Москва,[],[],[],"Москва, 1-й Зборовский, 9",280168,,более 5000,18164.0,"Магнит, Розничная сеть",Не имеет значения,Сменный график работы,Не имеет значения,55.799095,37.704681,https://www.superjob.ru/vakansii/prodavec-v-zonu-gotovoj-edy-51810764.html
51827228,Главный энергетик,120000,0,rub,"['Промышленность, производство', 'Топ-персонал']","['Энергетика', 'Энергомашиностроение', 'Строительство, проектирование, недвижимость', 'Промышленность, производство, сельское хозяйство']",Москва,[],[],[],"Москва, улица Яблочкова, 19Б",959976,,100 — 500,3.0,АСВТ,От 3 лет,Полный рабочий день,Не имеет значения,55.81781,37.578281,https://www.superjob.ru/vakansii/glavnyj-energetik-51827228.html
51830906,Пекарь,70000,70000,rub,"['Туризм, гостиницы, общественное питание', 'Промышленность, производство']","['Рестораны, кафе, столовые, фастфуд', 'Пищевая промышленность']",Москва,['Ботанический сад'],['МЦК'],['lightpink'],"Москва, улица Вильгельма Пика, 4с8",314091,,1000 — 5000,5.0,"ФГБОУ ВО РГСУ, РГСУ, РОССИЙСКИЙ ГОСУДАРСТВЕННЫЙ СОЦИАЛЬНЫЙ УНИВЕРСИТЕТ",От 1 года,Полный рабочий день,Не имеет значения,55.835155,37.63448,https://www.superjob.ru/vakansii/pekar-51830906.html
51845993,Ночной кассир (м. Кропоткинская),109802,124124,rub,"['Строительство, проектирование, недвижимость', 'Промышленность, производство']","['Сметное дело', 'Производство товаров народного потребления']",Москва,"['Парк Культуры', 'Смоленская']","['Кольцевая', 'Филёвская']","['brown', 'blue']","Москва, улица Пречистенка, 25",248733,,более 5000,67.0,Магнолия,Без опыта,Полный рабочий день,Не имеет значения,55.740528,37.591675,https://www.superjob.ru/vakansii/nochnoj-kassir-51845993.html
51845991,Инженер по качеству,89736,0,rub,"['Промышленность, производство']","['Машиностроение, станкостроение', 'Приборостроение', 'Производство товаров народного потребления', 'Промышленное оборудование', 'Другое']",Москва,"['Площадь Ильича', 'Римская', 'Нижегородская', 'Калитники']","['Калининско-Солнцевская', 'Люблинско-Дмитровская', 'МЦД4', 'МЦД2']","['yellow', 'lime', 'mediumaquamarine', 'fuchsia']","Москва, Смирновская улица, 25с10",3440179,,1000 — 5000,28.0,Росжелдорпроект,От 1 года,Полный рабочий день,Высшее,55.736736,37.712948,https://www.superjob.ru/vakansii/inzhener-po-kachestvu-51845991.html
51848090,Подсобный рабочий в цех,70000,0,rub,"['Промышленность, производство', 'Рабочий персонал']","['Промышленное оборудование', 'Рабочий персонал, разное']",Москва,"['Текстильщики', 'Угрешская']","['МЦД2', 'МЦК']","['fuchsia', 'lightpink']","Москва, Остаповский проезд, 12с6",3032464,,100 — 500,6.0,Флексознак,Без опыта,Полный рабочий день,Не имеет значения,55.717892,37.709461,https://www.superjob.ru/vakansii/podsobnyj-rabochij-v-ceh-51848090.html
51850331,Мастер смены в типографию,123000,150000,rub,"['Промышленность, производство']","['Полиграфическое производство', 'Металлургия', 'Пищевая промышленность', 'Производство алкогольных и безалкогольных напитков', 'Производство товаров народного потребления']",Москва,['Авиамоторная'],['МЦД3'],['orangered'],"Москва, 2-я Кабельная улица, д. 2с5",4353589,,менее 50,340.0,Jobers,Без опыта,Сменный график работы,Не имеет значения,55.748074,37.71413,https://www.superjob.ru/vakansii/master-smeny-v-tipografiyu-51850331.html
51850425,Оператор станков ЧПУ,120000,0,rub,"['Промышленность, производство', 'Рабочий персонал']","['Промышленное оборудование', 'Квалифицированный рабочий']",Москва,[],[],[],,4400695,,1000 — 5000,2.0,ЭЗТМ,От 1 года,Полный рабочий день,Среднее специальное,,,https://www.superjob.ru/vakansii/operator-stankov-chpu-51850425.html
51852410,Повар-универсал (вахта),108000,130500,rub,"['Туризм, гостиницы, общественное питание', 'Промышленность, производство']","['Рестораны, кафе, столовые, фастфуд', 'Пищевая промышленность']",Москва,[],[],[],"Москва, Казанский вокзал",3057449,,500 — 1000,6.0,"Сеть пансионатов ""Теплые беседы""",От 3 лет,Полный рабочий день,Не имеет значения,55.773449,37.655331,https://www.superjob.ru/vakansii/povar-universal-51852410.html
51865129,Сотрудник на выпечку полуфабрикатов,0,71700,rub,"['Промышленность, производство']",['Пищевая промышленность'],Москва,[],[],[],"Россия, г Москва, ул Тушинская, д 16",154882,,более 5000,605.0,Ашан,Без опыта,Полный рабочий день,Не имеет значения,55.827438,37.444908,https://www.superjob.ru/vakansii/sotrudnik-na-vypechku-polufabrikatov-51865129.html
49479587,Пекарь,80000,100000,rub,"['Туризм, гостиницы, общественное питание', 'Промышленность, производство', 'Продажи']","['Рестораны, кафе, столовые, фастфуд', 'Пищевая промышленность', 'Начало карьеры, мало опыта']",Москва,[],[],[],"Москва, Перовское, 2",2635306,,более 5000,45940.0,Пятёрочка,От 1 года,Частичная занятость / Совместительство,Не имеет значения,55.733345,37.733536,https://www.superjob.ru/vakansii/pekar-49479587.html
51720221,Стажер-исследователь в области композиционных материалов и конструкций,0,50000,rub,"['Наука, образование, повышение квалификации', 'Промышленность, производство']","['Начало карьеры, мало опыта', 'Начало карьеры, мало опыта']",Москва,[],[],[],,4942669,,менее 50,3.0,Росатом,Без опыта,Полный рабочий день,Не имеет значения,,,https://www.superjob.ru/vakansii/stazher-issledovatel-v-oblasti-kompozicionnyh-materialov-i-konstrukcij-51720221.html
51732865,Инженер по дозиметрическому контролю (техник-дозиметрист),0,0,rub,"['Промышленность, производство']","['Машиностроение, станкостроение', 'Приборостроение', 'Производство товаров народного потребления', 'Промышленное оборудование', 'Другое']",Москва,"['Юго-Западная', 'Беляево', 'Тропарёво', 'Университет Дружбы Народов']","['Сокольническая', 'Калужско-Рижская', 'Сокольническая', 'Троицкая']","['red', 'orange', 'red', 'darkspringgreen']","Москва, улица Саморы Машела, 1",4821130,,1000 — 5000,11.0,«НМИЦ ДГОИ им. Дмитрия Рогачева» Минздрава России,От 1 года,Полный рабочий день,Не имеет значения,55.653061,37.493156,https://www.superjob.ru/vakansii/inzhener-po-dozimetricheskomu-kontrolyu-51732865.html
51754773,Начинающий инженер-исследователь в области ИИ,0,0,rub,"['Наука, образование, повышение квалификации', 'Промышленность, производство']","['Инновационные технологии', 'НИИ, КБ', 'Промышленное оборудование', 'Радиотехническая и электронная промышленность']",Москва,[],[],[],,4935016,,менее 50,7.0,Duolingo,Без опыта,Полный рабочий день,Не имеет значения,,,https://www.superjob.ru/vakansii/nachinayuschij-inzhener-issledovatel-v-oblasti-ii-51754773.html
51760926,Стажер системный инженер (BigData),0,0,rub,"['IT, Интернет, связь, телеком', 'Строительство, проектирование, недвижимость', 'Промышленность, производство']","['Инжиниринг', 'Сетевые технологии', 'Начало карьеры, мало опыта', 'Начало карьеры, мало опыта', 'Начало карьеры, мало опыта']",Москва,[],[],[],,4944476,,менее 50,15.0,КРОК,Без опыта,Полный рабочий день,Не имеет значения,,,https://www.superjob.ru/vakansii/stazher-sistemnyj-inzhener-51760926.html
51831309,Техник (Зеленый проспект),80000,81000,rub,"['Промышленность, производство', 'Услуги, ремонт, сервисное обслуживание', 'Рабочий персонал']","['Промышленное оборудование', 'Промышленное оборудование', 'Квалифицированный рабочий']",Москва,"['Перово', 'Шоссе Энтузиастов', 'Кусково']","['МЦД3', 'МЦК', 'МЦД4']","['orangered', 'lightpink', 'mediumaquamarine']","Москва, Зелёный проспект, 7",249006,,более 5000,928.0,"Группа Компаний ""Медси""/АО ""ГРУППА КОМПАНИЙ ""МЕДСИ""",От 1 года,Полный рабочий день,Не имеет значения,55.749973,37.775452,https://www.superjob.ru/vakansii/tehnik-51831309.html
51845222,Пекарь,88700,93000,rub,"['Туризм, гостиницы, общественное питание', 'Промышленность, производство']","['Рестораны, кафе, столовые, фастфуд', 'Пищевая промышленность']",Москва,[],[],[],"Москва, Ленинградский, 31А",4311,,более 5000,3349.0,Перекресток,Без опыта,Полный рабочий день,Среднее специальное,55.783588,37.560169,https://www.superjob.ru/vakansii/pekar-51845222.html
51853119,Стажер по сетевым инженерам,0,0,rub,"['IT, Интернет, связь, телеком', 'Промышленность, производство']","['Администрирование баз данных', 'Инжиниринг', 'Сетевые технологии', 'Начало карьеры, мало опыта', 'Начало карьеры, мало опыта']",Москва,[],[],[],,4957734,,более 5000,18.0,Disney,Без опыта,Полный рабочий день,Не имеет значения,,,https://www.superjob.ru/vakansii/stazher-po-setevym-inzheneram-51853119.html
51870443,Повар универсал. Сменный график,0,70000,rub,"['Туризм, гостиницы, общественное питание', 'Промышленность, производство']","['Рестораны, кафе, столовые, фастфуд', 'Пищевая промышленность']",Москва,['Чистые пруды'],['Сокольническая'],['red'],"г Москва, улица Макаренко, д. 4. 4",0,,,,,Без опыта,Сменный график работы,Не имеет значения,55.761349,37.647503,https://www.superjob.ru/vakansii/povar-universal-51870443.html
31802370,"Менеджер по закупкам ВЭД, менеджер по закупкам",0,0,rub,"['Транспорт, логистика, ВЭД', 'Промышленность, производство']","['ВЭД', 'Логистика', 'Пищевая промышленность']",Москва,"['Тушинская', 'Сходненская', 'Трикотажная']","['МЦД2', 'Таганско-Краснопресненская', 'МЦД2']","['fuchsia', 'violet', 'fuchsia']","Москва, Походный проезд, 4к1",537234,,менее 50,0.0,Окант и К,От 6 лет,Полный рабочий день,Не имеет значения,55.834057,37.410877,https://www.superjob.ru/vakansii/menedzher-po-zakupkam-ved-31802370.html
30658365,Токарь,130000,170000,rub,"['Промышленность, производство', 'Рабочий персонал']","['Промышленное оборудование', 'Рабочий персонал, разное', 'Квалифицированный рабочий']",Москва,[],[],[],"Москва, Алтуфьевское шоссе, 79Ас3",3428740,,500 — 1000,8.0,«Московский конструкторско-производственный комплекс «Универсал» им. А. И. Привалова»,От 1 года,Полный рабочий день,Среднее специальное,55.883701,37.585636,https://www.superjob.ru/vakansii/tokar-30658365.html
49688579,Повар-кулинар,0,140000,rub,"['Туризм, гостиницы, общественное питание', 'Промышленность, производство']","['Рестораны, кафе, столовые, фастфуд', 'Пищевая промышленность']",Москва,"['Свиблово', 'Ботанический сад', 'ВДНХ', 'Алексеевская', 'Рижская', 'Проспект Мира', 'Сухаревская', 'Тургеневская', 'Китай-город']","['Калужско-Рижская', 'МЦК', 'Калужско-Рижская', 'Калужско-Рижская', 'МЦД2', 'Калужско-Рижская', 'Калужско-Рижская', 'Калужско-Рижская', 'Калужско-Рижская']","['orange', 'lightpink', 'orange', 'orange', 'fuchsia', 'orange', 'orange', 'orange', 'orange']","Москва, Трифоновская улица, 56",248733,,более 5000,67.0,Магнолия,Без опыта,Полный рабочий день,Не имеет значения,55.789288,37.631397,https://www.superjob.ru/vakansii/povar-kulinar-49688579.html
49914311,Тестовод,85000,100000,rub,"['Туризм, гостиницы, общественное питание', 'Промышленность, производство']","['Рестораны, кафе, столовые, фастфуд', 'Пищевая промышленность']",Москва,['Волгоградский проспект'],['Таганско-Краснопресненская'],['violet'],"Москва, улица Талалихина, 41с57",74315,,более 5000,160.0,Азбука вкуса,От 1 года,Сменный график работы,Не имеет значения,55.728535,37.690022,https://www.superjob.ru/vakansii/testovod-49914311.html
50683363,Мастер аварийно-восстановительной бригады,92000,138000,rub,"['Строительство, проектирование, недвижимость', 'Промышленность, производство', 'Рабочий персонал']","['Электроснабжение', 'Слаботочные системы и сети', 'Энергетика', 'Рабочий персонал, разное']",Москва,"['Отрадное', 'Владыкино']","['Серпуховско-Тимирязевская', 'МЦК']","['gray', 'lightpink']","Москва, Отрадная улица, 2Бс6",4019802,,более 5000,44.0,Объединенная энергетическая компания,От 3 лет,Сменный график работы,Среднее специальное,55.856564,37.599506,https://www.superjob.ru/vakansii/master-avarijno-vosstanovitelnoj-brigady-50683363.html
51019574,Техник по зданию,78000,85000,rub,"['Промышленность, производство', 'Услуги, ремонт, сервисное обслуживание', 'Рабочий персонал']","['Промышленное оборудование', 'Промышленное оборудование', 'Квалифицированный рабочий']",Москва,"['Комсомольская', 'Площадь трёх вокзалов']","['Кольцевая', 'МЦД4']","['brown', 'mediumaquamarine']","Москва, Орликов переулок, 5с3",24345,,1000 — 5000,8914.0,«Группа ГУТА»,От 3 лет,Полный рабочий день,Среднее специальное,55.772629,37.650871,https://www.superjob.ru/vakansii/tehnik-po-zdaniyu-51019574.html
51092993,Инженер КИПиА,134000,134000,rub,"['Промышленность, производство']","['Приборостроение', 'Промышленное оборудование', 'Радиотехническая и электронная промышленность', 'Энергетика']",Москва,[],[],[],"Москва, Солнцевская линия, метро Аэропорт Внуково",2720788,,1000 — 5000,47.0,Международный аэропорт Внуково,От 1 года,Полный рабочий день,Не имеет значения,55.607086,37.287701,https://www.superjob.ru/vakansii/inzhener-kipia-51092993.html
38905388,Аппаратчик-пятновыводчик цеха химчистки,67500,0,rub,"['Промышленность, производство']","['Легкая промышленность', 'Лесная промышленность', 'Пищевая промышленность', 'Химическая промышленность', 'Контроль качества, сертификация, экспертиза']",Москва,"['Войковская', 'Коптево']","['Замоскворецкая', 'МЦК']","['green', 'lightpink']","Москва, Коптевская улица, 69Ас1",3058622,,1000 — 5000,79.0,"Сеть химчисток ""Диана""",Без опыта,Сменный график работы,Среднее,55.830032,37.515488,https://www.superjob.ru/vakansii/apparatchik-pyatnovyvodchik-ceha-himchistki-38905388.html
51636685,Инженер отдела звукотехники,120000,120000,rub,"['Искусство, культура, развлечения', 'Промышленность, производство']","['Кино, мультипликация', 'Музыка, пение', 'Развлечения, игры, отдых, анимация', 'Промышленное оборудование', 'Другое']",Москва,"['Электрозаводская', 'Семёновская', 'Лефортово', 'Сортировочная']","['МЦД3', 'Арбатско-Покровская', 'Большая кольцевая линия', 'МЦД3']","['orangered', 'darkblue', 'cian', 'orangered']","Москва, Боровая улица, 3к1",4941795,,1000 — 5000,9.0,RT,От 1 года,Полный рабочий день,Высшее,55.771706,37.715084,https://www.superjob.ru/vakansii/inzhener-otdela-zvukotehniki-51636685.html
51685259,Машинист насосных установок 4 разряда,0,0,rub,"['Промышленность, производство', 'Рабочий персонал']","['Металлургия', 'Рабочий персонал, разное', 'Квалифицированный рабочий']",Москва,[],[],[],,4273213,,500 — 1000,5.0,Черногорская ГРК,От 1 года,Полный рабочий день,Среднее специальное,,,https://www.superjob.ru/vakansii/mashinist-nasosnyh-ustanovok-4-razryada-51685259.html
51698011,Инженер-энергетик,80000,90000,rub,"['Промышленность, производство']",['Энергетика'],Москва,['Селигерская'],['Люблинско-Дмитровская'],['lime'],"Москва, улица Ивана Сусанина, 3",493048,,500 — 1000,9.0,ФГБУ ФБ МСЭ Минтруда России,От 3 лет,Полный рабочий день,Высшее,55.870358,37.525711,https://www.superjob.ru/vakansii/inzhener-energetik-51698011.html
51717750,Пекарь-универсал,360,0,rub,"['Туризм, гостиницы, общественное питание', 'Промышленность, производство']","['Рестораны, кафе, столовые, фастфуд', 'Пищевая промышленность']",Москва,[],[],[],,4928007,,менее 50,26.0,ТОРГГРУПП,От 1 года,Полный рабочий день,Не имеет значения,,,https://www.superjob.ru/vakansii/pekar-universal-51717750.html
51768001,Инженер метрологической службы,0,145000,rub,"['Промышленность, производство']","['Машиностроение, станкостроение', 'Приборостроение', 'Производство товаров народного потребления', 'Промышленное оборудование', 'Другое']",Москва,['Коломенская'],['Замоскворецкая'],['green'],"Москва, проспект Андропова, 22",2386432,,менее 50,1.0,СОНЭЛ,От 1 года,Полный рабочий день,Не имеет значения,55.682652,37.661922,https://www.superjob.ru/vakansii/inzhener-metrologicheskoj-sluzhby-51768001.html
51765566,Начинающий риелтор,450000,750000,rub,"['Строительство, проектирование, недвижимость', 'Промышленность, производство']","['Начало карьеры, мало опыта', 'Экологическое сопровождение проектов', 'Атомная энергетика']",Москва,"['Курская', 'Таганская', 'Марксистская']","['МЦД4', 'Таганско-Краснопресненская', 'Калининско-Солнцевская']","['mediumaquamarine', 'violet', 'yellow']","Москва, Тетеринский переулок",813261,,1000 — 5000,286.0,МИЭЛЬ,Без опыта,Полный рабочий день,Не имеет значения,55.745567,37.651665,https://www.superjob.ru/vakansii/nachinayuschij-rieltor-51765566.html
51782443,Инженер по организации эксплуатации и ремонту систем медицинских газов,0,170000,rub,"['Промышленность, производство', 'Услуги, ремонт, сервисное обслуживание']","['Другое', 'Другое']",Москва,['Красногвардейская'],['Замоскворецкая'],['green'],"Москва, Ореховый бульвар, 28",180504,,1000 — 5000,21.0,ФГБУ ФНКЦ специализированных видов медицинской помощи и медицинских технологий ФМБА России,От 6 лет,Полный рабочий день,Не имеет значения,55.616554,37.764069,https://www.superjob.ru/vakansii/inzhener-po-organizacii-ekspluatacii-i-remontu-sistem-medicinskih-gazov-51782443.html
51782803,Повар дневной смены на производство,90145,120200,rub,"['Туризм, гостиницы, общественное питание', 'Промышленность, производство']","['Рестораны, кафе, столовые, фастфуд', 'Пищевая промышленность']",Москва,['Алма-Атинская'],['Замоскворецкая'],['green'],Москва,174527,,1000 — 5000,0.0,Теремок - Инвест,Без опыта,Полный рабочий день,Не имеет значения,55.755863,37.617699,https://www.superjob.ru/vakansii/povar-dnevnoj-smeny-na-proizvodstvo-51782803.html
51780736,Специалист КСП / Специалист календарно-сетевого планирования,180000,200000,rub,"['Бухгалтерия, финансы, аудит', 'Строительство, проектирование, недвижимость', 'Промышленность, производство']","['Планово-экономическое управление', 'Управление строительством, девелопмент', 'Управление проектами (ГИП)', 'Другое']",Москва,['Улица 1905 года'],['Таганско-Краснопресненская'],['violet'],"Москва, 2-я Звенигородская улица, 13с41",4595880,,более 5000,68.0,Инжиниринговый холдинг «эВ-групп»,От 3 лет,Полный рабочий день,Не имеет значения,55.761395,37.55267,https://www.superjob.ru/vakansii/specialist-ksp-51780736.html
51798869,Слесарь аварийной бригады,89000,0,rub,"['Промышленность, производство', 'Рабочий персонал']","['Промышленное оборудование', 'Рабочий персонал, разное', 'Бригада', 'Квалифицированный рабочий']",Москва,[],[],[],"Москва, Киевская улица, 20",2466656,,более 5000,3173.0,Российские железные дороги,Без опыта,Полный рабочий день,Не имеет значения,55.738876,37.54673,https://www.superjob.ru/vakansii/slesar-avarijnoj-brigady-51798869.html
51800797,Повар в частную школу,85000,0,rub,"['Промышленность, производство']",['Пищевая промышленность'],Москва,[],[],[],"Москва, Большая кольцевая линия, метро Зюзино",4454506,,менее 50,0.0,"КА""ЦИВИЛИЗАЦИЯ""",От 1 года,Полный рабочий день,Не имеет значения,55.655716,37.573689,https://www.superjob.ru/vakansii/povar-v-chastnuyu-shkolu-51800797.html
51800809,Метролог-поверитель (Москва),80000,150000,rub,"['Промышленность, производство']","['Контроль качества, сертификация, экспертиза']",Москва,"['Каширская', 'Варшавская', 'Коломенская']","['Большая кольцевая линия', 'Большая кольцевая линия', 'Замоскворецкая']","['cian', 'cian', 'green']","Москва, Варшавское шоссе, д. 42",4353589,,менее 50,340.0,Jobers,От 1 года,Неполная дистанционная занятость,Среднее специальное,55.675961,37.625065,https://www.superjob.ru/vakansii/metrolog-poveritel-51800809.html
51826765,Техник,64000,0,rub,"['Промышленность, производство', 'Услуги, ремонт, сервисное обслуживание', 'Рабочий персонал']","['Промышленное оборудование', 'Промышленное оборудование', 'Квалифицированный рабочий']",Москва,[],[],[],,100593,,более 5000,1143.0,"Группа ""М. Видео-Эльдорадо""",Без опыта,Полный рабочий день,Не имеет значения,,,https://www.superjob.ru/vakansii/tehnik-51826765.html
51833916,Распределитель работ (Египет),100000,100000,rub,"['Строительство, проектирование, недвижимость', 'Промышленность, производство']","['Строительно-монтажные работы', 'Атомная энергетика']",Москва,[],[],[],,970633,,более 5000,2342.0,Трест Росспецэнергомонтаж,От 1 года,Полный рабочий день,Не имеет значения,,,https://www.superjob.ru/vakansii/raspredelitel-rabot-51833916.html
51838598,Электромонтажник по кабельным сетям,90000,100000,rub,"['Строительство, проектирование, недвижимость', 'Промышленность, производство', 'Рабочий персонал']","['Строительно-монтажные работы', 'Эксплуатация зданий', 'Электроснабжение', 'Энергетика', 'Квалифицированный рабочий']",Москва,[],[],[],,4057473,,500 — 1000,248.0,Публично-правовая компания «Военно-строительная компания»,От 3 лет,Полный рабочий день,Не имеет значения,,,https://www.superjob.ru/vakansii/elektromontazhnik-po-kabelnym-setyam-51838598.html
51850198,Наладчик (сервис инженер) экструзионного и пакетоделательного оборудования,100000,300000,rub,"['Промышленность, производство', 'Услуги, ремонт, сервисное обслуживание', 'Рабочий персонал']","['Промышленное оборудование', 'Промышленное оборудование', 'Квалифицированный рабочий']",Москва,['Фрунзенская'],['Сокольническая'],['red'],"Москва, улица Россолимо, 17",404363,,менее 50,15.0,Полимерпроект,От 3 лет,Полный рабочий день,Не имеет значения,55.733345,37.577599,https://www.superjob.ru/vakansii/naladchik-51850198.html
51852651,Химик-аналитик,0,0,rub,"['Промышленность, производство']","['Химическая промышленность', 'Контроль качества, сертификация, экспертиза']",Москва,['Серпуховская'],['Серпуховско-Тимирязевская'],['gray'],"Москва, Большая Серпуховская улица, 27",4589016,,1000 — 5000,14.0,ФГБУ «НМИЦ хирургии им. А. В. Вишневского» Минздрава России,От 1 года,Полный рабочий день,Не имеет значения,55.724239,37.626896,https://www.superjob.ru/vakansii/himik-analitik-51852651.html
51856871,Продавец в зону готовой еды,61000,81333,rub,"['Промышленность, производство']",['Пищевая промышленность'],Москва,[],[],[],"Москва, Ясный, 26",280168,,более 5000,18164.0,"Магнит, Розничная сеть",Не имеет значения,Сменный график работы,Не имеет значения,55.876522,37.621838,https://www.superjob.ru/vakansii/prodavec-v-zonu-gotovoj-edy-51856871.html
51860677,Работник кухни,0,71700,rub,"['Промышленность, производство', 'Топ-персонал']","['Производство товаров народного потребления', 'Промышленность, производство, сельское хозяйство']",Москва,[],[],[],"Россия, г Москва, ул Ферганская, д 8",154882,,более 5000,605.0,Ашан,Без опыта,Полный рабочий день,Не имеет значения,55.709476,37.804546,https://www.superjob.ru/vakansii/rabotnik-kuhni-51860677.html
51863714,Автомеханик / Автослесарь,120000,220000,rub,"['Промышленность, производство', 'Услуги, ремонт, сервисное обслуживание', 'Рабочий персонал']","['Автомобильная промышленность', 'Автосервис', 'Квалифицированный рабочий']",Москва,[],[],[],,11854,,1000 — 5000,2.0,СП БИЗНЕС КАР,От 1 года,Полный рабочий день,Не имеет значения,,,https://www.superjob.ru/vakansii/avtomehanik-51863714.html
51867310,Инженер (специалист) по допечатной подготовке,0,0,rub,"['Административная работа, секретариат, АХО', 'Бухгалтерия, финансы, аудит', 'Промышленность, производство']","['Архивное дело', 'Бюджетирование и планирование', 'Пищевая промышленность']",Москва,"['Текстильщики', 'Угрешская']","['МЦД2', 'МЦК']","['fuchsia', 'lightpink']","Москва, Остаповский проезд, 12с6",3032464,,100 — 500,6.0,Флексознак,От 1 года,Полный рабочий день,Не имеет значения,55.717892,37.709461,https://www.superjob.ru/vakansii/inzhener-51867310.html
51854764,Наладчик вакуумного оборудования 6 разряда,90000,0,rub,"['Промышленность, производство', 'Услуги, ремонт, сервисное обслуживание', 'Рабочий персонал']","['Промышленное оборудование', 'Радиотехническая и электронная промышленность', 'Ракетно-космическая отрасль', 'Промышленное оборудование', 'Квалифицированный рабочий']",Москва,[],[],[],,542741,,более 5000,10.0,Российские космические системы,От 1 года,Полный рабочий день,Не имеет значения,,,https://www.superjob.ru/vakansii/naladchik-vakuumnogo-oborudovaniya-6-razryada-51854764.html
51869660,Инженер-технолог,0,0,rub,"['Промышленность, производство']",['Промышленное оборудование'],Москва,"['Волгоградский проспект', 'Дубровка']","['Таганско-Краснопресненская', 'МЦК']","['violet', 'lightpink']","Москва, 1-я Дубровская улица, 15с1",17727,,более 5000,8.0,"АО ""НПО ""Микроген""",От 1 года,Полный рабочий день,Не имеет значения,55.721603,37.675919,https://www.superjob.ru/vakansii/inzhener-tehnolog-51869660.html
50970457,"Пекарь (Москва, Ленинский, 64)",80000,100000,rub,"['Туризм, гостиницы, общественное питание', 'Промышленность, производство']","['Рестораны, кафе, столовые, фастфуд', 'Пищевая промышленность']",Москва,[],[],[],,2635306,,более 5000,45940.0,Пятёрочка,Не имеет значения,Частичная занятость / Совместительство,Не имеет значения,,,https://www.superjob.ru/vakansii/pekar-50970457.html
51760904,Стажер инженер ИБ,0,0,rub,"['IT, Интернет, связь, телеком', 'Строительство, проектирование, недвижимость', 'Промышленность, производство']","['Начало карьеры, мало опыта', 'Начало карьеры, мало опыта', 'Начало карьеры, мало опыта']",Москва,[],[],[],,4944476,,менее 50,15.0,КРОК,Без опыта,Полный рабочий день,Не имеет значения,,,https://www.superjob.ru/vakansii/stazher-inzhener-ib-51760904.html
51778930,Сотрудник отдела Тесла Оптимус,0,0,rub,"['Промышленность, производство']",['Авиационная промышленность'],Москва,[],[],[],,4957440,,более 5000,8.0,Tesla,Без опыта,Полный рабочий день,Не имеет значения,,,https://www.superjob.ru/vakansii/sotrudnik-otdela-tesla-optimus-51778930.html
51800484,Пекарь-кондитер,150000,0,rub,"['Туризм, гостиницы, общественное питание', 'Промышленность, производство']","['Рестораны, кафе, столовые, фастфуд', 'Пищевая промышленность']",Москва,['Новопеределкино'],['МЦД4'],['mediumaquamarine'],"Москва, Новоорловская улица, 3/1",0,,,,,От 1 года,Полный рабочий день,Не имеет значения,55.6362,37.372494,https://www.superjob.ru/vakansii/pekar-konditer-51800484.html
51845209,Пекарь,90600,96000,rub,"['Туризм, гостиницы, общественное питание', 'Промышленность, производство']","['Рестораны, кафе, столовые, фастфуд', 'Пищевая промышленность']",Москва,[],[],[],"Москва, Ладожская, 13",4311,,более 5000,3349.0,Перекресток,Без опыта,Полный рабочий день,Среднее специальное,55.771858,37.684792,https://www.superjob.ru/vakansii/pekar-51845209.html
51870419,Повар в отдел хлебобулочных изделий,0,70000,rub,"['Промышленность, производство', 'Топ-персонал']","['Пищевая промышленность', 'Промышленность, производство, сельское хозяйство']",Москва,['Китай-город'],['Калужско-Рижская'],['orange'],"г Москва, переулок Большой Трёхсвятительский, д. 2/1 стр. 3. 2/1",0,,,,,Без опыта,Сменный график работы,Не имеет значения,55.754669,37.643829,https://www.superjob.ru/vakansii/povar-v-otdel-hlebobulochnyh-izdelij-51870419.html
35223679,Теплотехник,60300,60300,rub,"['Промышленность, производство']",['Энергетика'],Москва,[],[],[],"Москва, Западный административный округ, район Раменки",220831,,более 5000,22.0,Московская объединенная энергетическая компания,От 1 года,Полный рабочий день,Среднее специальное,55.704838,37.513988,https://www.superjob.ru/vakansii/teplotehnik-35223679.html
47080166,Контролер пищевой продукции,45000,0,rub,"['Промышленность, производство']","['Пищевая промышленность', 'Промышленное оборудование', 'Начало карьеры, мало опыта']",Москва,"['Улица Академика Янгеля', 'Аннино']","['Серпуховско-Тимирязевская', 'Серпуховско-Тимирязевская']","['gray', 'gray']","Москва, Мелитопольская улица, 8",24345,,1000 — 5000,8914.0,«Группа ГУТА»,Без опыта,Полный рабочий день,Не имеет значения,55.58786,37.623341,https://www.superjob.ru/vakansii/kontroler-pischevoj-produkcii-47080166.html
49105858,Автослесарь-автомеханик,100000,200000,rub,"['Промышленность, производство', 'Услуги, ремонт, сервисное обслуживание', 'Рабочий персонал']","['Автомобильная промышленность', 'Автосервис', 'Квалифицированный рабочий']",Москва,[],[],[],,11854,,1000 — 5000,2.0,СП БИЗНЕС КАР,От 1 года,Сменный график работы,Не имеет значения,,,https://www.superjob.ru/vakansii/avtoslesar-avtomehanik-49105858.html
47837386,Швея на производство,65000,0,rub,"['Промышленность, производство', 'Услуги, ремонт, сервисное обслуживание', 'Рабочий персонал']","['Легкая промышленность', 'Ателье', 'Рабочий персонал, разное', 'Квалифицированный рабочий']",Москва,"['Преображенская площадь', 'Электрозаводская', 'Семёновская']","['Сокольническая', 'МЦД3', 'Арбатско-Покровская']","['red', 'orangered', 'darkblue']","Москва, Малая Семёновская улица, 30с1",4546848,,менее 50,1.0,ТД ПРОКЕЙС,От 1 года,Полный рабочий день,Не имеет значения,55.783413,37.71698,https://www.superjob.ru/vakansii/shveya-na-proizvodstvo-47837386.html
49914503,Формовщик теста,68000,82000,rub,"['Туризм, гостиницы, общественное питание', 'Промышленность, производство']","['Рестораны, кафе, столовые, фастфуд', 'Пищевая промышленность']",Москва,['Волгоградский проспект'],['Таганско-Краснопресненская'],['violet'],"Москва, улица Талалихина, 41с57",74315,,более 5000,160.0,Азбука вкуса,От 1 года,Сменный график работы,Не имеет значения,55.728535,37.690022,https://www.superjob.ru/vakansii/formovschik-testa-49914503.html
49928752,Рабочий на производство,70000,0,rub,"['Промышленность, производство', 'Рабочий персонал']","['Промышленное оборудование', 'Рабочий персонал, разное']",Москва,['Нагорная'],['Серпуховско-Тимирязевская'],['gray'],"Москва, Электролитный проезд, 3с1",4347512,,100 — 500,3.0,РАСПАК,Без опыта,Полный рабочий день,Не имеет значения,55.674549,37.615631,https://www.superjob.ru/vakansii/rabochij-na-proizvodstvo-49928752.html
50304730,Инженер по системам диспетчеризации,148800,148800,rub,"['Промышленность, производство', 'Услуги, ремонт, сервисное обслуживание', 'IT, Интернет, связь, телеком']","['Радиотехническая и электронная промышленность', 'Телекоммуникационное оборудование и сети', 'Внедрение и сопровождение ПО']",Москва,"['Рассказовка', 'Пыхтино', 'Аэропорт Внуково']","['Калининско-Солнцевская', 'Калининско-Солнцевская', 'Калининско-Солнцевская']","['yellow', 'yellow', 'yellow']","Москва, Новомосковский административный округ, аэропорт Внуково имени А.Н. Туполева",2720788,,1000 — 5000,47.0,Международный аэропорт Внуково,Без опыта,Полный рабочий день,Среднее специальное,55.605057,37.286293,https://www.superjob.ru/vakansii/inzhener-po-sistemam-dispetcherizacii-50304730.html
50702234,Технико-коммерческий инженер НКУ,120000,180000,rub,"['Промышленность, производство']","['Промышленное оборудование', 'Производство металлических изделий и заготовок']",Москва,[],[],[],"Москва, Бесединское шоссе, 9",2528761,,менее 50,0.0,АВВ-ЭЛЕКТРОЩИТ,От 3 лет,Полный рабочий день,Высшее,55.628029,37.754639,https://www.superjob.ru/vakansii/tehniko-kommercheskij-inzhener-nku-50702234.html
50715422,Ведущий инженер производственно-технического отдела,142500,142500,rub,"['Строительство, проектирование, недвижимость', 'Промышленность, производство']","['Технический надзор, строительная экспертиза / ПТО', 'Энергетика']",Москва,['Сокольники'],['Большая кольцевая линия'],['cian'],"Москва, Большая Оленья улица",335586,,более 5000,40.0,«Оборонэнерго»,От 1 года,Полный рабочий день,Высшее,55.805676,37.691891,https://www.superjob.ru/vakansii/veduschij-inzhener-proizvodstvenno-tehnicheskogo-otdela-50715422.html
50935659,Портная на участок пришивания пуговиц,40000,41800,rub,"['Промышленность, производство', 'Услуги, ремонт, сервисное обслуживание']","['Легкая промышленность', 'Ателье']",Москва,['Парк Победы'],['Калининско-Солнцевская'],['yellow'],"Москва, Поклонная улица, 15",3058622,,1000 — 5000,79.0,"Сеть химчисток ""Диана""",От 1 года,Полный рабочий день,Не имеет значения,55.733353,37.520527,https://www.superjob.ru/vakansii/portnaya-na-uchastok-prishivaniya-pugovic-50935659.html
51320291,Начинающий специалист по осмотру газового оборудования в квартирах (Слесарь),85000,160000,rub,"['Промышленность, производство', 'Рабочий персонал']","['Промышленное оборудование', 'Рабочий персонал, разное', 'Квалифицированный рабочий']",Москва,[],[],[],"Москва, Мрузовский переулок, 11с1",202378,,1000 — 5000,36.0,МОСГАЗ,Без опыта,Полный рабочий день,Не имеет значения,55.75745,37.667419,https://www.superjob.ru/vakansii/nachinayuschij-specialist-po-osmotru-gazovogo-oborudovaniya-v-kvartirah-51320291.html
51639489,Сварщик МК (Металлоконструкции),180000,238000,rub,"['Промышленность, производство', 'Рабочий персонал']","['Машиностроение, станкостроение', 'Производство металлических изделий и заготовок', 'Рабочий персонал, разное', 'Квалифицированный рабочий']",Москва,[],[],[],,2837310,,более 5000,65.0,СтройТрансНефтеГаз,От 1 года,Полный рабочий день,Не имеет значения,,,https://www.superjob.ru/vakansii/svarschik-mk-51639489.html
51658027,Инженер-конструктор ПТО,90000,120000,rub,"['Строительство, проектирование, недвижимость', 'Промышленность, производство']","['Технический надзор, строительная экспертиза / ПТО', 'Авиационная промышленность', 'Машиностроение, станкостроение', 'Приборостроение', 'Промышленное оборудование']",Москва,[],[],[],,4553430,,менее 50,9.0,"ФИРМА ""ГАЗКОМПЛЕКТ""",От 1 года,Полный рабочий день,Не имеет значения,,,https://www.superjob.ru/vakansii/inzhener-konstruktor-pto-51658027.html
51672410,Главный специалист систем автоматизированного проектирования (САПР),150000,200000,rub,"['IT, Интернет, связь, телеком', 'Промышленность, производство']","['Системы автоматизированного проектирования (САПР)', 'Железнодорожное машиностроение']",Москва,[],[],[],"Москва, Малая Сухаревская площадь, 10",3440179,,1000 — 5000,28.0,Росжелдорпроект,От 3 лет,Полный рабочий день,Высшее,55.772472,37.63068,https://www.superjob.ru/vakansii/glavnyj-specialist-sistem-avtomatizirovannogo-proektirovaniya-51672410.html
51682629,Помощник оператора формовочного станка (производство одноразовой бумажной посуды),67000,0,rub,"['Промышленность, производство', 'Рабочий персонал']","['Промышленное оборудование', 'Рабочий персонал, разное', 'Квалифицированный рабочий']",Москва,"['Текстильщики', 'Угрешская']","['МЦД2', 'МЦК']","['fuchsia', 'lightpink']","Москва, Остаповский проезд, 12с6",3032464,,100 — 500,6.0,Флексознак,Без опыта,Сменный график работы,Не имеет значения,55.717892,37.709461,https://www.superjob.ru/vakansii/pomoschnik-operatora-formovochnogo-stanka-51682629.html
51705830,Дежурный электромонтер по обслуживанию западной подстанции,75700,113550,rub,"['Строительство, проектирование, недвижимость', 'Промышленность, производство', 'Рабочий персонал']","['Эксплуатация зданий', 'Электроснабжение', 'Энергетика', 'Квалифицированный рабочий']",Москва,[],[],[],,4019802,,более 5000,44.0,Объединенная энергетическая компания,От 1 года,Полный рабочий день,Не имеет значения,,,https://www.superjob.ru/vakansii/dezhurnyj-elektromonter-po-obsluzhivaniyu-zapadnoj-podstancii-51705830.html
51725065,Главный ОВиК / Ведущий специалист ОВиК / Инженер ОВиК,0,0,rub,"['Строительство, проектирование, недвижимость', 'Промышленность, производство']","['Проектирование', 'Технический надзор, строительная экспертиза / ПТО', 'Другое', 'Промышленное оборудование', 'Энергетика']",Москва,[],[],[],,2412750,,1000 — 5000,13.0,Самолет,От 3 лет,Полный рабочий день,Не имеет значения,,,https://www.superjob.ru/vakansii/glavnyj-ovik-51725065.html
51734855,Слесарь по ремонту подвижного состава в Тынде,180000,190000,rub,"['Транспорт, логистика, ВЭД', 'Промышленность, производство', 'Рабочий персонал']","['Железнодорожные перевозки', 'Железнодорожное машиностроение', 'Рабочий персонал, разное', 'Квалифицированный рабочий']",Москва,[],[],[],,2466656,,более 5000,3173.0,Российские железные дороги,Без опыта,Работа вахтовым методом,Среднее,,,https://www.superjob.ru/vakansii/slesar-po-remontu-podvizhnogo-sostava-v-tynde-51734855.html
51780941,Инженер по метрологии,0,0,rub,"['Промышленность, производство']","['Контроль качества, сертификация, экспертиза']",Москва,[],[],[],,3138475,,более 5000,70.0,Правительство Москвы,Без опыта,Полный рабочий день,Не имеет значения,,,https://www.superjob.ru/vakansii/inzhener-po-metrologii-51780941.html
51780966,Продавец в зону готовой еды,47000,57000,rub,"['Промышленность, производство']",['Пищевая промышленность'],Москва,[],[],[],"Москва, Чистова, 16",280168,,более 5000,18164.0,"Магнит, Розничная сеть",Не имеет значения,Сменный график работы,Не имеет значения,55.696789,37.745239,https://www.superjob.ru/vakansii/prodavec-v-zonu-gotovoj-edy-51780966.html
51782409,Инженер по комплектации оборудования,0,170000,rub,"['Промышленность, производство', 'Сырье', 'Закупки, снабжение']","['Приборостроение', 'Промышленное оборудование', 'Оборудование', 'Оборудование']",Москва,"['Красногвардейская', 'Зябликово']","['Замоскворецкая', 'Люблинско-Дмитровская']","['green', 'lime']","Ореховый бульвар, дом 28",180504,,1000 — 5000,21.0,ФГБУ ФНКЦ специализированных видов медицинской помощи и медицинских технологий ФМБА России,От 3 лет,Полный рабочий день,Не имеет значения,,,https://www.superjob.ru/vakansii/inzhener-po-komplektacii-oborudovaniya-51782409.html
50804020,Электромонтажник-наладчик,100000,120000,rub,"['Строительство, проектирование, недвижимость', 'Промышленность, производство', 'Рабочий персонал']","['Электроснабжение', 'Слаботочные системы и сети', 'Энергетика', 'Рабочий персонал, разное', 'Квалифицированный рабочий']",Москва,[],[],[],,4595880,,более 5000,68.0,Инжиниринговый холдинг «эВ-групп»,От 1 года,Полный рабочий день,Среднее специальное,,,https://www.superjob.ru/vakansii/elektromontazhnik-naladchik-50804020.html
51782800,Повар на производство (ночь),97110,129480,rub,"['Туризм, гостиницы, общественное питание', 'Промышленность, производство']","['Рестораны, кафе, столовые, фастфуд', 'Пищевая промышленность']",Москва,['Говорово'],['Калининско-Солнцевская'],['yellow'],Москва,174527,,1000 — 5000,0.0,Теремок - Инвест,Без опыта,Полный рабочий день,Не имеет значения,55.755863,37.617699,https://www.superjob.ru/vakansii/povar-na-proizvodstvo-51782800.html
51799097,Оператор-наладчик,100000,150000,rub,"['Промышленность, производство', 'Услуги, ремонт, сервисное обслуживание', 'Рабочий персонал']","['Промышленное оборудование', 'Промышленное оборудование', 'Квалифицированный рабочий']",Москва,[],[],[],"Москва, Новомосковский административный округ, Щербинка, Восточная улица, 17",430069,,100 — 500,2.0,СЛАВКОФЕ,От 1 года,Полный рабочий день,Среднее,55.494751,37.573814,https://www.superjob.ru/vakansii/operator-naladchik-51799097.html
51800800,Столяр,100000,150000,rub,"['Промышленность, производство', 'Рабочий персонал', 'Строительство, проектирование, недвижимость']","['Мебельное производство', 'Квалифицированный рабочий', 'Строительство деревянных домов и конструкций']",Москва,"['Братиславская', 'Марьино', 'Перерва']","['Люблинско-Дмитровская', 'Люблинско-Дмитровская', 'МЦД2']","['lime', 'lime', 'fuchsia']","Москва, Иловайская улица, д. 12Ас1",4353589,,менее 50,340.0,Jobers,Без опыта,Неполная дистанционная занятость,Не имеет значения,55.6609,37.721264,https://www.superjob.ru/vakansii/stolyar-51800800.html
51838641,Электромонтажник по силовым сетям,90000,100000,rub,"['Строительство, проектирование, недвижимость', 'Промышленность, производство', 'Рабочий персонал']","['Строительно-монтажные работы', 'Эксплуатация зданий', 'Электроснабжение', 'Энергетика', 'Квалифицированный рабочий']",Москва,[],[],[],,4057473,,500 — 1000,248.0,Публично-правовая компания «Военно-строительная компания»,От 3 лет,Полный рабочий день,Не имеет значения,,,https://www.superjob.ru/vakansii/elektromontazhnik-po-silovym-setyam-51838641.html
51847772,Начинающий специалист по промышленной безопасности 2 категории,85000,93000,rub,"['Промышленность, производство']",['Промышленная безопасность'],Москва,[],[],[],"Москва, Ленинградское шоссе, 58",2738853,,500 — 1000,11.0,Научно-исследовательский машиностроительный институт имени В. В. Бахирева,От 1 года,Полный рабочий день,Не имеет значения,55.839527,37.48288,https://www.superjob.ru/vakansii/nachinayuschij-specialist-po-promyshlennoj-bezopasnosti-2-kategorii-51847772.html
51848158,Технолог кондитерского производства/разработчик новых продуктов,0,0,rub,"['Промышленность, производство']",['Пищевая промышленность'],Москва,[],[],[],,14209,,менее 50,11588.0,Агроимпорт,От 3 лет,Полный рабочий день,Не имеет значения,,,https://www.superjob.ru/vakansii/tehnolog-konditerskogo-proizvodstva-51848158.html
51848822,Упаковщик на производство,70000,90000,rub,"['Промышленность, производство', 'Рабочий персонал']","['Другое', 'Рабочий персонал, разное']",Москва,['Бульвар Рокоссовского'],['МЦК'],['lightpink'],"Москва, Пермская улица, 1с7-8",2367016,,1000 — 5000,24.0,ПРОФБИЗНЕС,Без опыта,Полный рабочий день,Не имеет значения,55.819923,37.748116,https://www.superjob.ru/vakansii/upakovschik-na-proizvodstvo-51848822.html
51865059,Сотрудник на выпечку полуфабрикатов,0,65000,rub,"['Туризм, гостиницы, общественное питание', 'Промышленность, производство']","['Рестораны, кафе, столовые, фастфуд', 'Пищевая промышленность']",Москва,[],[],[],"Россия, г Москва, Задонский проезд, д 20",154882,,более 5000,605.0,Ашан,Без опыта,Полный рабочий день,Не имеет значения,55.624718,37.752312,https://www.superjob.ru/vakansii/sotrudnik-na-vypechku-polufabrikatov-51865059.html
51868599,Грузчик на хлебное производство,104000,0,rub,"['Транспорт, логистика, ВЭД', 'Промышленность, производство']","['Складское хозяйство', 'Другое']",Москва,"['Пионерская', 'Кунцевская', 'Славянский бульвар']","['Филёвская', 'МЦД1', 'МЦД1']","['blue', 'darkorange', 'darkorange']","Москва, Кастанаевская улица, 49",248733,,более 5000,67.0,Магнолия,Без опыта,Полный рабочий день,Не имеет значения,55.732128,37.46191,https://www.superjob.ru/vakansii/gruzchik-na-hlebnoe-proizvodstvo-51868599.html
51854760,Слесарь-механик радиоэлектронной аппаратуры и приборов 5 разряда,115000,115000,rub,"['Промышленность, производство', 'Рабочий персонал']","['Радиотехническая и электронная промышленность', 'Ракетно-космическая отрасль', 'Производство металлических изделий и заготовок', 'Рабочий персонал, разное', 'Квалифицированный рабочий']",Москва,['Авиамоторная'],['МЦД3'],['orangered'],"Москва, Авиамоторная улица, 53к2",542741,,более 5000,10.0,Российские космические системы,От 1 года,Полный рабочий день,Не имеет значения,55.746204,37.722767,https://www.superjob.ru/vakansii/slesar-mehanik-radioelektronnoj-apparatury-i-priborov-5-razryada-51854760.html
51868759,Пекарь,3663,0,rub,"['Туризм, гостиницы, общественное питание', 'Промышленность, производство']","['Рестораны, кафе, столовые, фастфуд', 'Пищевая промышленность']",Москва,['Печатники'],['Большая кольцевая линия'],['cian'],"Москва, улица Гурьянова, 2А",4928007,,менее 50,26.0,ТОРГГРУПП,Без опыта,Полный рабочий день,Не имеет значения,55.693928,37.72308,https://www.superjob.ru/vakansii/pekar-51868759.html
51869651,Технолог Фармацевтического производства,110000,0,rub,"['Медицина, фармацевтика, ветеринария', 'Промышленность, производство']","['Аптеки / Фармацевтика', 'Фармацевтическая промышленность']",Москва,"['Волгоградский проспект', 'Дубровка']","['Таганско-Краснопресненская', 'МЦК']","['violet', 'lightpink']","Москва, 1-я Дубровская улица, 15с1",17727,,более 5000,8.0,"АО ""НПО ""Микроген""",От 1 года,Полный рабочий день,Не имеет значения,55.721603,37.675919,https://www.superjob.ru/vakansii/tehnolog-farmacevticheskogo-proizvodstva-51869651.html
51757882,Дизайнер-консультант мебели Mr.Doors,60000,150000,rub,"['Дизайн', 'Промышленность, производство', 'Продажи']","['Дизайн интерьера', 'Мебельное производство', 'Мебель']",Москва,['Шелепиха'],['Большая кольцевая линия'],['cian'],"Москва, Береговой проезд, 3",4930492,,менее 50,1.0,Ателье мебели MrDoors,От 1 года,Полный рабочий день,Не имеет значения,55.757378,37.508865,https://www.superjob.ru/vakansii/dizajner-konsultant-mebeli-mr-51757882.html
51780610,Пекарь-тестомес,75000,0,rub,"['Туризм, гостиницы, общественное питание', 'Промышленность, производство']","['Рестораны, кафе, столовые, фастфуд', 'Пищевая промышленность']",Москва,[],[],[],"г Москва, ул Рябиновая, д 47",3797376,,менее 50,337.0,JOBCART.RU,От 1 года,Полный рабочий день,Не имеет значения,55.696259,37.426861,https://www.superjob.ru/vakansii/pekar-testomes-51780610.html
51795625,"Пекарь (Москва, Хорошёвское, 48)",80000,100000,rub,"['Туризм, гостиницы, общественное питание', 'Промышленность, производство']","['Рестораны, кафе, столовые, фастфуд', 'Пищевая промышленность']",Москва,[],[],[],,2635306,,более 5000,45940.0,Пятёрочка,Не имеет значения,Частичная занятость / Совместительство,Не имеет значения,,,https://www.superjob.ru/vakansii/pekar-51795625.html
51847092,Пекарь,75000,85000,rub,"['Туризм, гостиницы, общественное питание', 'Промышленность, производство']","['Рестораны, кафе, столовые, фастфуд', 'Пищевая промышленность']",Москва,[],[],[],"Москва, Лазоревый, 5",4311,,более 5000,3349.0,Перекресток,Без опыта,Полный рабочий день,Среднее специальное,55.847713,37.636608,https://www.superjob.ru/vakansii/pekar-51847092.html
51847604,Старший смены,75000,89000,rub,"['Промышленность, производство']",['Другое'],Москва,[],[],[],,1989605,,100 — 500,81.0,Консул медиа,От 1 года,Полный рабочий день,Не имеет значения,,,https://www.superjob.ru/vakansii/starshij-smeny-51847604.html
51848072,Сварщик,130000,140000,rub,"['Промышленность, производство', 'Рабочий персонал']","['Машиностроение, станкостроение', 'Производство металлических изделий и заготовок', 'Рабочий персонал, разное', 'Квалифицированный рабочий']",Москва,['Перово'],['МЦД3'],['orangered'],"Москва, 1-я Карачаровская улица, 8с2",0,,,,,От 3 лет,Полный рабочий день,Не имеет значения,55.735085,37.755123,https://www.superjob.ru/vakansii/svarschik-51848072.html
51870417,Пекарь,0,70000,rub,"['Туризм, гостиницы, общественное питание', 'Промышленность, производство']","['Рестораны, кафе, столовые, фастфуд', 'Пищевая промышленность']",Москва,['Беговая'],['МЦД1'],['darkorange'],"г Москва, шоссе Хорошёвское, д. 1 стр. 3. 1",0,,,,,Без опыта,Сменный график работы,Не имеет значения,55.773342,37.542912,https://www.superjob.ru/vakansii/pekar-51870417.html
11466822,Мастер по ремонту ресторанного оборудования,100000,0,rub,"['Промышленность, производство', 'Услуги, ремонт, сервисное обслуживание', 'Рабочий персонал']","['Промышленное оборудование', 'Промышленное оборудование', 'Торговое, складское, холодильное оборудование', 'Начало карьеры, мало опыта', 'Квалифицированный рабочий']",Москва,['Хорошёвская'],['Большая кольцевая линия'],['cian'],"Москва, 3-я Магистральная улица, 26с1",539928,,менее 50,1.0,«Сервисный центр Деловая Русь»,От 1 года,Полный рабочий день,Не имеет значения,55.767513,37.517555,https://www.superjob.ru/vakansii/master-po-remontu-restorannogo-oborudovaniya-11466822.html
41319208,Мастер по сорочкам,40000,0,rub,"['Промышленность, производство', 'Услуги, ремонт, сервисное обслуживание', 'Рабочий персонал']","['Легкая промышленность', 'Химчистки, прачечные', 'Начало карьеры, мало опыта', 'Рабочий персонал, разное', 'Квалифицированный рабочий']",Москва,['Сходненская'],['Таганско-Краснопресненская'],['violet'],"Москва, Сходненская улица, 5",3058622,,1000 — 5000,79.0,"Сеть химчисток ""Диана""",Без опыта,Сменный график работы,Не имеет значения,55.83828,37.43774,https://www.superjob.ru/vakansii/master-po-sorochkam-41319208.html
45535290,Слесарь по ремонту и обслуживанию систем вентиляции и кондиционирования,70000,0,rub,"['Строительство, проектирование, недвижимость', 'Промышленность, производство', 'Услуги, ремонт, сервисное обслуживание', 'Рабочий персонал']","['Отопление, вентиляция и кондиционирование', 'Пищевая промышленность', 'Другое', 'Квалифицированный рабочий']",Москва,"['Южная', 'Пражская', 'Улица Академика Янгеля', 'Аннино']","['Серпуховско-Тимирязевская', 'Серпуховско-Тимирязевская', 'Серпуховско-Тимирязевская', 'Серпуховско-Тимирязевская']","['gray', 'gray', 'gray', 'gray']",Москва,24345,,1000 — 5000,8914.0,«Группа ГУТА»,От 1 года,Полный рабочий день,Не имеет значения,55.755863,37.617699,https://www.superjob.ru/vakansii/slesar-po-remontu-i-obsluzhivaniyu-sistem-ventilyacii-i-kondicionirovaniya-45535290.html
49336498,Отделочник железобетонных изделий,80000,0,rub,"['Строительство, проектирование, недвижимость', 'Промышленность, производство', 'Рабочий персонал']","['Строительно-монтажные работы', 'Отделочные работы', 'Машиностроение, станкостроение', 'Рабочий персонал, разное', 'Квалифицированный рабочий']",Москва,[],[],[],"Московская область, Дмитров, 2-я Инженерная улица, 27",711404,,500 — 1000,9.0,Дмитровский завод МЖБК,Без опыта,Полный рабочий день,Не имеет значения,56.331169,37.54092,https://www.superjob.ru/vakansii/otdelochnik-zhelezobetonnyh-izdelij-49336498.html
36828544,"Шлифовщик (металлообработка, круглая шлифовка)",80000,0,rub,"['Промышленность, производство']","['Промышленное оборудование', 'Другое']",Москва,[],[],[],"Москва, 1-я Фрезерная улица, 10с4",3709026,,50 — 100,3.0,ТЗК Техоснастка,От 1 года,Полный рабочий день,Не имеет значения,55.73793,37.748779,https://www.superjob.ru/vakansii/shlifovschik-36828544.html
50435177,Инженер-технолог,100000,0,rub,"['Промышленность, производство']",['Промышленное оборудование'],Москва,"['Алтуфьево', 'Бибирево', 'Отрадное', 'Владыкино']","['Серпуховско-Тимирязевская', 'Серпуховско-Тимирязевская', 'Серпуховско-Тимирязевская', 'МЦК']","['gray', 'gray', 'gray', 'lightpink']","Москва, Алтуфьевское шоссе, 79Ас3",3428740,,500 — 1000,8.0,«Московский конструкторско-производственный комплекс «Универсал» им. А. И. Привалова»,От 1 года,Полный рабочий день,Высшее,55.883701,37.585636,https://www.superjob.ru/vakansii/inzhener-tehnolog-50435177.html
50583461,Инженер-метролог (отдел метрологической экспертизы),0,0,rub,"['Промышленность, производство']","['Контроль качества, сертификация, экспертиза']",Москва,['Владыкино'],['МЦК'],['lightpink'],,3138475,,более 5000,70.0,Правительство Москвы,От 3 лет,Полный рабочий день,Высшее,,,https://www.superjob.ru/vakansii/inzhener-metrolog-50583461.html
50605726,Инженер по метрологии,80000,0,rub,"['Наука, образование, повышение квалификации', 'Промышленность, производство']","['НИИ, КБ', 'Авиационная промышленность', 'Радиотехническая и электронная промышленность', 'Контроль качества, сертификация, экспертиза']",Москва,['Тушинская'],['МЦД2'],['fuchsia'],"Москва, проезд Стратонавтов, 5",4230892,,500 — 1000,7.0,Акционерное общество «Государственное машиностроительное конструкторское бюро «Вымпел» им. И. И. Торопова»,От 1 года,Полный рабочий день,Высшее,55.826073,37.441135,https://www.superjob.ru/vakansii/inzhener-po-metrologii-50605726.html
47790081,"Оператор на пищевое производство (соусный, бакалейный цех)",90000,110000,rub,"['Промышленность, производство', 'Рабочий персонал']","['Пищевая промышленность', 'Рабочий персонал, разное']",Москва,['Нагорная'],['Серпуховско-Тимирязевская'],['gray'],"Москва, Электролитный проезд, 3с1",4347512,,100 — 500,3.0,РАСПАК,Без опыта,Сменный график работы,Не имеет значения,55.674549,37.615631,https://www.superjob.ru/vakansii/operator-na-pischevoe-proizvodstvo-47790081.html
50717459,Инженер-технолог (ОП-56),100000,100000,rub,"['Промышленность, производство']","['Приборостроение', 'Радиотехническая и электронная промышленность']",Москва,"['Автозаводская', 'Дубровка']","['МЦК', 'МЦК']","['lightpink', 'lightpink']","Москва, Велозаводская улица, 5",653944,,1000 — 5000,8.0,«Корпорация «Комета»,От 3 лет,Полный рабочий день,Высшее,55.714218,37.665775,https://www.superjob.ru/vakansii/inzhener-tehnolog-50717459.html
51092850,Повар горячего цеха,5000,5800,rub,"['Туризм, гостиницы, общественное питание', 'Промышленность, производство']","['Рестораны, кафе, столовые, фастфуд', 'Пищевая промышленность']",Москва,['Озёрная'],['Калининско-Солнцевская'],['yellow'],"Москва, Рябиновая улица",74315,,более 5000,160.0,Азбука вкуса,От 1 года,Сменный график работы,Не имеет значения,55.692318,37.426239,https://www.superjob.ru/vakansii/povar-goryachego-ceha-51092850.html
49179184,Ведущий инженер-проектировщик,150000,150000,rub,"['Строительство, проектирование, недвижимость', 'Промышленность, производство']","['Проектирование', 'Производство товаров народного потребления', 'Промышленное оборудование']",Москва,['Окружная'],['МЦД1'],['darkorange'],"Москва, Локомотивный проезд",870917,,менее 50,2.0,"ООО ""Современные Транспортные Технологии""",От 3 лет,Полный рабочий день,Высшее,55.84269,37.575432,https://www.superjob.ru/vakansii/veduschij-inzhener-proektirovschik-49179184.html
51560027,Ведущий инженер дизель-генераторных установок (ДГУ) источников бесперебойного питания (ИБП),120000,120000,rub,"['Наука, образование, повышение квалификации', 'Промышленность, производство']","['НИИ, КБ', 'Промышленное оборудование']",Москва,['Парк Культуры'],['Кольцевая'],['brown'],"Москва, Зубовский бульвар, 4с1",4941795,,1000 — 5000,9.0,RT,От 3 лет,Полный рабочий день,Высшее,55.737358,37.590496,https://www.superjob.ru/vakansii/veduschij-inzhener-dizel-generatornyh-ustanovok-51560027.html
51596493,Повар-лепщик (хлебный цех). Вахта либо 6/1,4000,0,rub,"['Промышленность, производство']",['Пищевая промышленность'],Москва,"['Киевская', 'Багратионовская', 'Филёвский парк', 'Пионерская', 'Молодёжная', 'Крылатское', 'Парк Победы', 'Строгино', 'Славянский бульвар', 'Аминьевская']","['Филёвская', 'Филёвская', 'Филёвская', 'Филёвская', 'Арбатско-Покровская', 'Арбатско-Покровская', 'Калининско-Солнцевская', 'Арбатско-Покровская', 'МЦД1', 'МЦД4']","['blue', 'blue', 'blue', 'blue', 'darkblue', 'darkblue', 'yellow', 'darkblue', 'darkorange', 'mediumaquamarine']","Москва, Кастанаевская улица, 49",248733,,более 5000,67.0,Магнолия,От 1 года,Полный рабочий день,Не имеет значения,55.732128,37.46191,https://www.superjob.ru/vakansii/povar-lepschik-51596493.html
51658014,Инженер-конструктор металлоконструкций,90000,100000,rub,"['Промышленность, производство']","['Авиационная промышленность', 'Машиностроение, станкостроение', 'Приборостроение', 'Промышленное оборудование', 'Энергомашиностроение']",Москва,[],[],[],,4553430,,менее 50,9.0,"ФИРМА ""ГАЗКОМПЛЕКТ""",От 1 года,Полный рабочий день,Не имеет значения,,,https://www.superjob.ru/vakansii/inzhener-konstruktor-metallokonstrukcij-51658014.html
51722011,"Водитель автомобиля (кран-манипуляторная установка (КМУ), самосвал, в ТиНАО)",100000,0,rub,"['IT, Интернет, связь, телеком', 'Промышленность, производство']","['Администрирование баз данных', 'Машиностроение, станкостроение']",Москва,[],[],[],"Москва, Троицкий административный округ, Краснопахорский район, посёлок Армейский",202378,,1000 — 5000,36.0,МОСГАЗ,От 1 года,Полный рабочий день,Не имеет значения,55.385296,37.200752,https://www.superjob.ru/vakansii/voditel-avtomobilya-51722011.html
51725279,Ведущий инженер технического надзора ЭОМ СС,0,0,rub,"['Строительство, проектирование, недвижимость', 'Промышленность, производство']","['Технический надзор, строительная экспертиза / ПТО', 'Другое', 'Промышленное оборудование', 'Контроль качества, сертификация, экспертиза']",Москва,[],[],[],"Московская область, Ленинский городской округ, жилой комплекс Богдановский Лес, 7.1",2412750,,1000 — 5000,13.0,Самолет,От 6 лет,Полный рабочий день,Высшее,55.532021,37.875408,https://www.superjob.ru/vakansii/veduschij-inzhener-tehnicheskogo-nadzora-eom-ss-51725279.html
51726968,Инженер измерительной лаборатории,80000,80000,rub,"['Промышленность, производство']","['Контроль качества, сертификация, экспертиза', 'Другое']",Москва,[],[],[],"Москва, улица Трофимова",2168125,,500 — 1000,10.0,Экоофис,От 1 года,Полный рабочий день,Среднее специальное,55.702934,37.672729,https://www.superjob.ru/vakansii/inzhener-izmeritelnoj-laboratorii-51726968.html
51778149,Упаковщик на производство,70000,90000,rub,"['Промышленность, производство', 'Рабочий персонал']","['Другое', 'Рабочий персонал, разное']",Москва,['Бульвар Рокоссовского'],['МЦК'],['lightpink'],"Москва, Пермская улица, 1с7-8",2367016,,1000 — 5000,24.0,ПРОФБИЗНЕС,Без опыта,Полный рабочий день,Не имеет значения,55.819923,37.748116,https://www.superjob.ru/vakansii/upakovschik-na-proizvodstvo-51778149.html
51633087,Главный специалист (проектировщик),0,220000,rub,"['Строительство, проектирование, недвижимость', 'Промышленность, производство', 'Топ-персонал']","['Проектирование', 'Промышленное оборудование', 'Энергетика', 'Строительство, проектирование, недвижимость', 'Промышленность, производство, сельское хозяйство']",Москва,[],[],[],,4595880,,более 5000,68.0,Инжиниринговый холдинг «эВ-групп»,От 6 лет,Полный рабочий день,Высшее,,,https://www.superjob.ru/vakansii/glavnyj-specialist-51633087.html
51780005,Сменный технолог (кондитерский цех),145000,167000,rub,"['Туризм, гостиницы, общественное питание', 'Промышленность, производство']","['Рестораны, кафе, столовые, фастфуд', 'Пищевая промышленность']",Москва,['Новокосино'],['Калининско-Солнцевская'],['yellow'],,3513522,,500 — 1000,2.0,Эко-меню,От 3 лет,Полный рабочий день,Не имеет значения,,,https://www.superjob.ru/vakansii/smennyj-tehnolog-51780005.html
51780670,Печатник,100000,140000,rub,"['Промышленность, производство', 'Рабочий персонал']","['Полиграфическое производство', 'Рабочий персонал, разное', 'Квалифицированный рабочий']",Москва,"['Отрадное', 'Владыкино']","['Серпуховско-Тимирязевская', 'МЦК']","['gray', 'lightpink']","Москва, Сигнальный проезд, д. 19",4353589,,менее 50,340.0,Jobers,От 1 года,Сменный график работы,Не имеет значения,55.854225,37.593445,https://www.superjob.ru/vakansii/pechatnik-51780670.html
51782790,Повар-блинопек,93260,139890,rub,"['Туризм, гостиницы, общественное питание', 'Промышленность, производство']","['Рестораны, кафе, столовые, фастфуд', 'Пищевая промышленность']",Москва,['Третьяковская'],['Калужско-Рижская'],['orange'],,174527,,1000 — 5000,0.0,Теремок - Инвест,Без опыта,Полный рабочий день,Не имеет значения,,,https://www.superjob.ru/vakansii/povar-blinopek-51782790.html
51793899,Инженер по технологическим присоединениям,85600,128400,rub,"['Промышленность, производство']","['Машиностроение, станкостроение', 'Приборостроение', 'Производство товаров народного потребления', 'Промышленное оборудование', 'Другое']",Москва,"['Чертановская', 'Южная', 'Пражская', 'Улица Академика Янгеля']","['Серпуховско-Тимирязевская', 'Серпуховско-Тимирязевская', 'Серпуховско-Тимирязевская', 'Серпуховско-Тимирязевская']","['gray', 'gray', 'gray', 'gray']","Москва, Днепропетровский проезд, 4А",4019802,,более 5000,44.0,Объединенная энергетическая компания,Без опыта,Полный рабочий день,Не имеет значения,55.619732,37.61496,https://www.superjob.ru/vakansii/inzhener-po-tehnologicheskim-prisoedineniyam-51793899.html
51830609,Сварщик,92000,0,rub,"['Промышленность, производство', 'Рабочий персонал']","['Машиностроение, станкостроение', 'Производство металлических изделий и заготовок', 'Рабочий персонал, разное', 'Квалифицированный рабочий']",Москва,['Домодедовская'],['Замоскворецкая'],['green'],"Москва, МКАД, 24-й километр,1",3551066,,более 5000,43.0,Твой Дом,От 1 года,Полный рабочий день,Не имеет значения,,,https://www.superjob.ru/vakansii/svarschik-51830609.html
51846026,Продавец в зону готовой еды,68000,97600,rub,"['Промышленность, производство', 'Продажи']","['Пищевая промышленность', 'Производство товаров народного потребления', 'Продукты питания']",Москва,[],[],[],"Москва, Маршала Тухачевского, 34",280168,,более 5000,18164.0,"Магнит, Розничная сеть",Не имеет значения,Сменный график работы,Не имеет значения,55.785053,37.471912,https://www.superjob.ru/vakansii/prodavec-v-zonu-gotovoj-edy-51846026.html
51847250,"Заведующий складом, Кладовщик",95000,0,rub,"['Промышленность, производство', 'Топ-персонал']","['Пищевая промышленность', 'Промышленность, производство, сельское хозяйство']",Москва,"['Румянцево', 'Саларьево', 'Рассказовка', 'Говорово', 'Внуково', 'Аэропорт Внуково']","['Сокольническая', 'Сокольническая', 'Калининско-Солнцевская', 'Калининско-Солнцевская', 'МЦД4', 'Калининско-Солнцевская']","['red', 'red', 'yellow', 'yellow', 'mediumaquamarine', 'yellow']","Москва, Новомосковский административный округ, Филимонковский район, посёлок Первомайское, Рабочая улица, 4Ас2",4960373,,менее 50,0.0,ПОЛИГАММА,От 1 года,Полный рабочий день,Не имеет значения,55.538826,37.153305,https://www.superjob.ru/vakansii/zaveduyuschij-skladom-51847250.html
51778634,Заведующий производством пекарни,134600,0,rub,"['Промышленность, производство']",['Пищевая промышленность'],Москва,[],[],[],"Россия, г Москва, ул Вавилова, д 3",154882,,более 5000,605.0,Ашан,От 1 года,Полный рабочий день,Не имеет значения,,,https://www.superjob.ru/vakansii/zaveduyuschij-proizvodstvom-pekarni-51778634.html
51860106,Инженер-конструктор,140000,0,rub,"['Промышленность, производство']","['Авиационная промышленность', 'Машиностроение, станкостроение', 'Приборостроение', 'Промышленное оборудование', 'Энергомашиностроение']",Москва,[],[],[],,860742,,50 — 100,0.0,НПП Гидрикс,От 3 лет,Полный рабочий день,Не имеет значения,,,https://www.superjob.ru/vakansii/inzhener-konstruktor-51860106.html
51860121,Сборщик мебели в школах,0,100000,rub,"['Промышленность, производство', 'Рабочий персонал']","['Мебельное производство', 'Рабочий персонал, разное']",Москва,[],[],[],,373512,,100 — 500,3.0,Деревообрабатывающий комбинат №17,Без опыта,Полный рабочий день,Не имеет значения,,,https://www.superjob.ru/vakansii/sborschik-mebeli-v-shkolah-51860121.html
51867639,Старший кладовщик/Начальник смены,98000,104000,rub,"['Транспорт, логистика, ВЭД', 'Промышленность, производство']","['Складское хозяйство', 'Полиграфическое производство', 'Автомобильная промышленность', 'Металлургия', 'Пищевая промышленность']",Москва,"['Петровско-Разумовская', 'Окружная', 'Лихоборы']","['МЦД3', 'МЦД1', 'МЦД3']","['orangered', 'darkorange', 'orangered']",Прянишникова дом 19 А стр 2,4768235,,менее 50,0.0,Юникстайл,От 1 года,Полный рабочий день,Не имеет значения,,,https://www.superjob.ru/vakansii/starshij-kladovschik-51867639.html
51854759,Маркировщик деталей 3 разряда,90000,0,rub,"['Промышленность, производство']","['Радиотехническая и электронная промышленность', 'Ракетно-космическая отрасль', 'Производство металлических изделий и заготовок']",Москва,['Авиамоторная'],['МЦД3'],['orangered'],"Москва, Авиамоторная улица, 53к2",542741,,более 5000,10.0,Российские космические системы,От 1 года,Полный рабочий день,Не имеет значения,55.746204,37.722767,https://www.superjob.ru/vakansii/markirovschik-detalej-3-razryada-51854759.html
51869647,Лаборант (Фармация),0,0,rub,"['Медицина, фармацевтика, ветеринария', 'Строительство, проектирование, недвижимость', 'Промышленность, производство']","['Больницы, поликлиники, диагностические центры, лаборатории', 'Начало карьеры, мало опыта', 'Начало карьеры, мало опыта']",Москва,"['Волгоградский проспект', 'Дубровка']","['Таганско-Краснопресненская', 'МЦК']","['violet', 'lightpink']","Москва, 1-я Дубровская улица, 15с1",17727,,более 5000,8.0,"АО ""НПО ""Микроген""",От 1 года,Полный рабочий день,Не имеет значения,55.721603,37.675919,https://www.superjob.ru/vakansii/laborant-51869647.html
29629571,Заготовщик верха обуви / Швея (на обувное производство),84000,85000,rub,"['Промышленность, производство']",['Легкая промышленность'],Москва,['Шоссе Энтузиастов'],['МЦК'],['lightpink'],"Москва, улица Плющева, 18к2",2925313,,менее 50,3.0,Метеор,От 1 года,Полный рабочий день,Среднее специальное,55.74136,37.76054,https://www.superjob.ru/vakansii/zagotovschik-verha-obuvi-29629571.html
50779162,Пекарь,80000,100000,rub,"['Туризм, гостиницы, общественное питание', 'Промышленность, производство']","['Рестораны, кафе, столовые, фастфуд', 'Пищевая промышленность']",Москва,[],[],[],"Москва, Ярцевская, 34",2635306,,более 5000,45940.0,Пятёрочка,Не имеет значения,Частичная занятость / Совместительство,Не имеет значения,55.742092,37.418732,https://www.superjob.ru/vakansii/pekar-50779162.html
51826501,Оператор линии упаковки полуфабрикатов,123000,0,rub,"['Промышленность, производство', 'Рабочий персонал']","['Другое', 'Рабочий персонал, разное']",Москва,"['Давыдково', 'Аминьевская']","['Большая кольцевая линия', 'МЦД4']","['cian', 'mediumaquamarine']","Москва, Рябиновая улица, 45с4",74315,,более 5000,160.0,Азбука вкуса,Без опыта,Полный рабочий день,Не имеет значения,55.697701,37.430489,https://www.superjob.ru/vakansii/operator-linii-upakovki-polufabrikatov-51826501.html
51847018,Разнорабочий,111000,0,rub,"['Промышленность, производство']","['Нефтегазовое машиностроение', 'Пищевая промышленность']",Москва,[],[],[],"район Капотня, территория Московского нефтеперерабатывающего завода ""Газпромнефть"". ",1989605,,100 — 500,81.0,Консул медиа,Без опыта,Полный рабочий день,Не имеет значения,,,https://www.superjob.ru/vakansii/raznorabochij-51847018.html
51830317,Помощник дефектоскописта (ВДГО),100000,0,rub,"['Строительство, проектирование, недвижимость', 'Промышленность, производство']","['Технический надзор, строительная экспертиза / ПТО', 'Контроль качества, сертификация, экспертиза']",Москва,['Войковская'],['Замоскворецкая'],['green'],"Москва, Зои и Александра Космодемьянских улица, 26/21 с4",0,,,,,Без опыта,Работа вахтовым методом,Не имеет значения,55.822201,37.517849,https://www.superjob.ru/vakansii/pomoschnik-defektoskopista-51830317.html
51830781,Автослесарь / автомеханик (ремонт и установка автостекол),90000,120000,rub,"['Промышленность, производство', 'Услуги, ремонт, сервисное обслуживание', 'Рабочий персонал']","['Автомобильная промышленность', 'Автосервис', 'Квалифицированный рабочий']",Москва,[],[],[],,3797376,,менее 50,337.0,JOBCART.RU,Без опыта,Полный рабочий день,Не имеет значения,,,https://www.superjob.ru/vakansii/avtoslesar-51830781.html
51845191,Пекарь,75000,100000,rub,"['Туризм, гостиницы, общественное питание', 'Промышленность, производство']","['Рестораны, кафе, столовые, фастфуд', 'Пищевая промышленность']",Москва,[],[],[],"Москва, Большой Овчинниковский, 16",4311,,более 5000,3349.0,Перекресток,Без опыта,Полный рабочий день,Среднее специальное,55.744461,37.630222,https://www.superjob.ru/vakansii/pekar-51845191.html
51870298,Повар универсал. Сменный график,0,70000,rub,"['Туризм, гостиницы, общественное питание', 'Промышленность, производство']","['Рестораны, кафе, столовые, фастфуд', 'Пищевая промышленность']",Москва,['Аэропорт'],['Замоскворецкая'],['green'],"г Москва, переулок Чапаевский, д. 3. 3",0,,,,,Без опыта,Сменный график работы,Не имеет значения,55.798485,37.520679,https://www.superjob.ru/vakansii/povar-universal-51870298.html
36925598,Оператор автоматического вырубного пресса полиграфия,130000,0,rub,"['Промышленность, производство']",['Промышленное оборудование'],Москва,"['Черкизовская', 'Щёлковская']","['Сокольническая', 'Арбатско-Покровская']","['red', 'darkblue']","Москва, 1-й Иртышский проезд, 8с12",177661,,50 — 100,3.0,"Типография ""Глобус""",От 1 года,Сменный график работы,Не имеет значения,55.813087,37.757816,https://www.superjob.ru/vakansii/operator-avtomaticheskogo-vyrubnogo-pressa-poligrafiya-36925598.html
37511776,Наладчик КИПиА,80058,0,rub,"['Промышленность, производство', 'Рабочий персонал']","['Приборостроение', 'Промышленное оборудование', 'Радиотехническая и электронная промышленность', 'Квалифицированный рабочий']",Москва,[],[],[],"Москва, Центральный административный округ",220831,,более 5000,22.0,Московская объединенная энергетическая компания,Без опыта,Полный рабочий день,Среднее специальное,55.753601,37.621185,https://www.superjob.ru/vakansii/naladchik-kipia-37511776.html
32383045,"Инженер-электроник, инженер-радиотехник, инженер-регулировщик РЭА, инженер-испытатель",130000,165000,rub,"['IT, Интернет, связь, телеком', 'Промышленность, производство']","['Инжиниринг', 'Промышленное оборудование', 'Радиотехническая и электронная промышленность']",Москва,"['Чертановская', 'Южная', 'Пражская']","['Серпуховско-Тимирязевская', 'Серпуховско-Тимирязевская', 'Серпуховско-Тимирязевская']","['gray', 'gray', 'gray']","Москва, Варшавское шоссе, 125с1",282394,,50 — 100,1.0,ИнСис,От 3 лет,Полный рабочий день,Высшее,55.627663,37.62051,https://www.superjob.ru/vakansii/inzhener-elektronik-32383045.html
43618174,Электромонтер по ремонту и обслуживанию электрооборудования,75000,0,rub,"['Промышленность, производство', 'Услуги, ремонт, сервисное обслуживание', 'Рабочий персонал']","['Пищевая промышленность', 'Промышленное оборудование', 'Торговое, складское, холодильное оборудование', 'Другое', 'Квалифицированный рабочий']",Москва,"['Царицыно', 'Курская', 'Пражская', 'Люблино', 'Улица Академика Янгеля', 'Аннино', 'Бульвар Дмитрия Донского']","['МЦД2', 'МЦД4', 'Серпуховско-Тимирязевская', 'Люблинско-Дмитровская', 'Серпуховско-Тимирязевская', 'Серпуховско-Тимирязевская', 'Серпуховско-Тимирязевская']","['fuchsia', 'mediumaquamarine', 'gray', 'lime', 'gray', 'gray', 'gray']","Москва, Мелитопольская улица, 8",24345,,1000 — 5000,8914.0,«Группа ГУТА»,От 1 года,Сменный график работы,Не имеет значения,55.58786,37.623341,https://www.superjob.ru/vakansii/elektromonter-po-remontu-i-obsluzhivaniyu-elektrooborudovaniya-43618174.html
44297370,Кладовщик,113000,113000,rub,"['Транспорт, логистика, ВЭД', 'Промышленность, производство']","['Складское хозяйство', 'Радиотехническая и электронная промышленность']",Москва,"['Полежаевская', 'Шелепиха']","['Таганско-Краснопресненская', 'Большая кольцевая линия']","['violet', 'cian']","Москва, 2-й Магистральный тупик",692390,,менее 50,7.0,Центр Новых Технологий,От 1 года,Полный рабочий день,Среднее специальное,55.768036,37.522999,https://www.superjob.ru/vakansii/kladovschik-44297370.html
35947685,"Замерщик мебели (кухни, шкафы-купе)",0,0,rub,"['Строительство, проектирование, недвижимость', 'Промышленность, производство', 'Продажи', 'Рабочий персонал']","['Строительно-монтажные работы', 'Мебельное производство', 'Мебель', 'Товары народного потребления', 'Квалифицированный рабочий']",Москва,[],[],[],"Москва, Варшавское шоссе, 125",3664624,,менее 50,23.0,Эксперт-Мебель,От 6 лет,Полный рабочий день,Не имеет значения,55.625984,37.619396,https://www.superjob.ru/vakansii/zamerschik-mebeli-35947685.html
31056130,Химик / Химик-метролог / Химик-лаборант,80000,0,rub,"['Медицина, фармацевтика, ветеринария', 'Промышленность, производство']","['Больницы, поликлиники, диагностические центры, лаборатории', 'Химическая промышленность', 'Контроль качества, сертификация, экспертиза']",Москва,['Сходненская'],['Таганско-Краснопресненская'],['violet'],"Москва, Новопоселковая улица, 6к217",704468,,менее 50,1.0,"""НПЭФ ""ЭкОН""",Без опыта,Полный рабочий день,Высшее,55.837517,37.442547,https://www.superjob.ru/vakansii/himik-31056130.html
49677669,"Тампопечатник, печатник",0,0,rub,"['Промышленность, производство', 'Рабочий персонал']","['Полиграфическое производство', 'Рабочий персонал, разное', 'Квалифицированный рабочий']",Москва,['Киевская'],['Филёвская'],['blue'],,4741975,,менее 50,1.0,ТЕХНОПРОЕКТ,От 1 года,Полный рабочий день,Не имеет значения,,,https://www.superjob.ru/vakansii/tampopechatnik-49677669.html
47446018,Электромонтер оперативно-выездной бригады 4 разряда ОРБ,90000,0,rub,"['Строительство, проектирование, недвижимость', 'Промышленность, производство', 'Рабочий персонал']","['Эксплуатация зданий', 'Электроснабжение', 'Энергетика', 'Рабочий персонал, разное', 'Квалифицированный рабочий']",Москва,['Сокольники'],['Большая кольцевая линия'],['cian'],"Москва, Большая Оленья улица, 15с4А",335586,,более 5000,40.0,«Оборонэнерго»,От 1 года,Полный рабочий день,Среднее специальное,55.809559,37.690884,https://www.superjob.ru/vakansii/elektromonter-operativno-vyezdnoj-brigady-4-razryada-orb-47446018.html
50717470,Ведущий инженер-исследователь (СВЧ-устройства),130000,0,rub,"['Промышленность, производство']","['Приборостроение', 'Радиотехническая и электронная промышленность']",Москва,['Алексеевская'],['Калужско-Рижская'],['orange'],"Москва, проспект Мира, 102к2",434884,,500 — 1000,5121.0,Импульс,От 1 года,Полный рабочий день,Высшее,55.801567,37.636669,https://www.superjob.ru/vakansii/veduschij-inzhener-issledovatel-50717470.html
43541497,Слесарь,45000,0,rub,"['Промышленность, производство', 'Рабочий персонал']","['Промышленное оборудование', 'Рабочий персонал, разное', 'Квалифицированный рабочий']",Москва,['Народное ополчение'],['Большая кольцевая линия'],['cian'],,3058622,,1000 — 5000,79.0,"Сеть химчисток ""Диана""",От 1 года,Сменный график работы,Среднее специальное,,,https://www.superjob.ru/vakansii/slesar-43541497.html
51133322,Повар-универсал,0,100000,rub,"['Туризм, гостиницы, общественное питание', 'Промышленность, производство']","['Рестораны, кафе, столовые, фастфуд', 'Пищевая промышленность']",Москва,[],[],[],"Москва, Люблинская улица, 100к2",689666,,50 — 100,1.0,Аква Драйв,От 1 года,Полный рабочий день,Не имеет значения,55.654808,37.739681,https://www.superjob.ru/vakansii/povar-universal-51133322.html
51577440,Инженер по эксплуатации систем холодоснабжения (чиллеры и кондиционеры),124000,124000,rub,"['Строительство, проектирование, недвижимость', 'Промышленность, производство']","['Эксплуатация зданий', 'Автомобильная промышленность', 'Машиностроение, станкостроение', 'Нефтегазовое машиностроение', 'Промышленное оборудование']",Москва,"['Электрозаводская', 'Семёновская', 'Лефортово']","['МЦД3', 'Арбатско-Покровская', 'Большая кольцевая линия']","['orangered', 'darkblue', 'cian']","Москва, Боровая улица, 3к1",4941795,,1000 — 5000,9.0,RT,От 3 лет,Полный рабочий день,Среднее специальное,55.771706,37.715084,https://www.superjob.ru/vakansii/inzhener-po-ekspluatacii-sistem-holodosnabzheniya-51577440.html
51725079,Инженер по эксплуатации МКД,0,0,rub,"['Строительство, проектирование, недвижимость', 'Промышленность, производство']","['Эксплуатация зданий', 'Другое', 'Автомобильная промышленность', 'Машиностроение, станкостроение', 'Промышленное оборудование']",Москва,[],[],[],,2412750,,1000 — 5000,13.0,Самолет,От 1 года,Полный рабочий день,Высшее,,,https://www.superjob.ru/vakansii/inzhener-po-ekspluatacii-mkd-51725079.html
51725789,Слесарь-обходчик,73000,85000,rub,"['Промышленность, производство', 'Рабочий персонал']","['Промышленное оборудование', 'Рабочий персонал, разное', 'Квалифицированный рабочий']",Москва,[],[],[],"Москва, улица Лобачевского, 118с1",202378,,1000 — 5000,36.0,МОСГАЗ,Без опыта,Полный рабочий день,Не имеет значения,55.691887,37.475155,https://www.superjob.ru/vakansii/slesar-obhodchik-51725789.html
51780004,Сменный технолог (кондитерский цех),145000,167000,rub,"['Туризм, гостиницы, общественное питание', 'Промышленность, производство']","['Рестораны, кафе, столовые, фастфуд', 'Пищевая промышленность']",Москва,[],[],[],,3513522,,500 — 1000,2.0,Эко-меню,От 3 лет,Полный рабочий день,Не имеет значения,,,https://www.superjob.ru/vakansii/smennyj-tehnolog-51780004.html
51782186,Продавец в зону готовой еды,78100,104900,rub,"['Промышленность, производство']",['Пищевая промышленность'],Москва,[],[],[],"Москва, Хамовнический Вал, 34",280168,,более 5000,18164.0,"Магнит, Розничная сеть",Не имеет значения,Сменный график работы,Не имеет значения,55.721897,37.563477,https://www.superjob.ru/vakansii/prodavec-v-zonu-gotovoj-edy-51782186.html
51794966,Лаборант,51000,57000,rub,"['Медицина, фармацевтика, ветеринария', 'Строительство, проектирование, недвижимость', 'Промышленность, производство']","['Больницы, поликлиники, диагностические центры, лаборатории', 'Начало карьеры, мало опыта', 'Начало карьеры, мало опыта']",Москва,[],[],[],"Москва, Шипиловская улица, 40",1993556,,50 — 100,2.0,ДОКТОР Н,Без опыта,Полный рабочий день,Не имеет значения,55.620716,37.725758,https://www.superjob.ru/vakansii/laborant-51794966.html
51795180,Ведущий энергетик,0,185000,rub,"['Промышленность, производство']","['Энергетика', 'Энергомашиностроение']",Москва,[],[],[],,509989,,1000 — 5000,127.0,Ленгазспецстрой,От 3 лет,Полный рабочий день,Не имеет значения,,,https://www.superjob.ru/vakansii/veduschij-energetik-51795180.html
51808385,Инженер по сварке,240000,240000,rub,"['Строительство, проектирование, недвижимость', 'Промышленность, производство']","['Строительно-монтажные работы', 'Трубопроводы', 'Металлургия', 'Промышленное оборудование', 'Производство металлических изделий и заготовок']",Москва,[],[],[],,4595880,,более 5000,68.0,Инжиниринговый холдинг «эВ-групп»,От 3 лет,Полный рабочий день,Не имеет значения,,,https://www.superjob.ru/vakansii/inzhener-po-svarke-51808385.html
51824928,Пекарь,0,84500,rub,"['Туризм, гостиницы, общественное питание', 'Промышленность, производство']","['Рестораны, кафе, столовые, фастфуд', 'Пищевая промышленность']",Москва,[],[],[],"Россия, г Москва, ул Шереметьевская, д 20",154882,,более 5000,605.0,Ашан,Без опыта,Полный рабочий день,Не имеет значения,55.803322,37.618774,https://www.superjob.ru/vakansii/pekar-51824928.html
51827082,Дефектоскопист по магнитному и ультразвуковому контролю,0,0,rub,"['Строительство, проектирование, недвижимость', 'Промышленность, производство']","['Технический надзор, строительная экспертиза / ПТО', 'Трубопроводы', 'Контроль качества, сертификация, экспертиза']",Москва,['Киевская'],['Филёвская'],['blue'],,3138475,,более 5000,70.0,Правительство Москвы,Без опыта,Полный рабочий день,Среднее специальное,,,https://www.superjob.ru/vakansii/defektoskopist-po-magnitnomu-i-ultrazvukovomu-kontrolyu-51827082.html
51827122,"Автомеханик, автослесарь",135000,0,rub,"['Промышленность, производство', 'Услуги, ремонт, сервисное обслуживание', 'Рабочий персонал']","['Автомобильная промышленность', 'Автосервис', 'Квалифицированный рабочий']",Москва,[],[],[],"Москва, МКАД, 86-й километр, вл13с2",455619,,100 — 500,12.0,"Магазин Автозапчастей/ООО ""СТАФФ ЛИДЕР""",От 1 года,Полный рабочий день,Не имеет значения,55.906349,37.609489,https://www.superjob.ru/vakansii/avtomehanik-51827122.html
51827243,Стропальщик,0,175000,rub,"['Промышленность, производство']",['Атомная энергетика'],Москва,[],[],[],,970633,,более 5000,2342.0,Трест Росспецэнергомонтаж,От 1 года,Полный рабочий день,Не имеет значения,,,https://www.superjob.ru/vakansii/stropalschik-51827243.html
51829391,Микробиолог,80000,80000,rub,"['Медицина, фармацевтика, ветеринария', 'Промышленность, производство']","['Санитарно-эпидемиологический надзор', 'Пищевая промышленность', 'Химическая промышленность', 'Контроль качества, сертификация, экспертиза']",Москва,['Каширская'],['Большая кольцевая линия'],['cian'],"Каширское шоссе, 24",3637784,,менее 50,0.0,"""НМИЦ онкологии им. Н. Н. Блохина"" Минздрава России",От 1 года,Полный рабочий день,Не имеет значения,,,https://www.superjob.ru/vakansii/mikrobiolog-51829391.html
51829458,"Автослесарь, автомеханик",200000,350000,rub,"['Промышленность, производство', 'Услуги, ремонт, сервисное обслуживание', 'Рабочий персонал']","['Автомобильная промышленность', 'Автосервис', 'Квалифицированный рабочий']",Москва,['Медведково'],['Калужско-Рижская'],['orange'],"Москва, Полярная улица, д. 37",4353589,,менее 50,340.0,Jobers,От 3 лет,Сменный график работы,Не имеет значения,55.889805,37.644432,https://www.superjob.ru/vakansii/avtoslesar-51829458.html
51845774,Специалист по питанию,76500,0,rub,"['Промышленность, производство']",['Пищевая промышленность'],Москва,"['Юго-Западная', 'Озёрная', 'Мичуринский проспект']","['Сокольническая', 'Калининско-Солнцевская', 'Большая кольцевая линия']","['red', 'yellow', 'cian']","Москва, улица Академика Анохина, 4к5",565050,,50 — 100,5.0,ГБОУ Школа № 1317,От 3 лет,Полный рабочий день,Не имеет значения,55.671539,37.470741,https://www.superjob.ru/vakansii/specialist-po-pitaniyu-51845774.html
51850440,Повар-блинопек,93260,139890,rub,"['Туризм, гостиницы, общественное питание', 'Промышленность, производство']","['Рестораны, кафе, столовые, фастфуд', 'Пищевая промышленность']",Москва,['Лианозово'],['МЦД1'],['darkorange'],,174527,,1000 — 5000,0.0,Теремок - Инвест,Без опыта,Полный рабочий день,Не имеет значения,,,https://www.superjob.ru/vakansii/povar-blinopek-51850440.html
51863927,Прораб / Начальник участка,150000,180000,rub,"['Строительство, проектирование, недвижимость', 'Промышленность, производство']","['Строительно-монтажные работы', 'Электроснабжение', 'Трубопроводы', 'Транспортные системы (мосты, дороги, тоннели)', 'Производство стройматериалов']",Москва,[],[],[],"Москва, 7-я улица Лазенки, 15",4946252,,менее 50,1.0,ЭСК,От 3 лет,Полный рабочий день,Не имеет значения,55.656391,37.349731,https://www.superjob.ru/vakansii/prorab-51863927.html
51865119,Рабочий цеха,0,0,rub,"['Промышленность, производство', 'Рабочий персонал']","['Промышленное оборудование', 'Рабочий персонал, разное']",Москва,"['Опалиха', 'Аникеевка', 'Нахабино']","['МЦД2', 'МЦД2', 'МЦД2']","['fuchsia', 'fuchsia', 'fuchsia']",Панфилова д 24 Б,3276578,,менее 50,1.0,ТОЙОМИ,Без опыта,Полный рабочий день,Не имеет значения,,,https://www.superjob.ru/vakansii/rabochij-ceha-51865119.html
51854757,Регулировщик РЭА и приборов 4-5 разряд,110000,140000,rub,"['Промышленность, производство', 'Рабочий персонал']","['Радиотехническая и электронная промышленность', 'Ракетно-космическая отрасль', 'Квалифицированный рабочий']",Москва,['Авиамоторная'],['МЦД3'],['orangered'],"Москва, Авиамоторная улица, 53к2",542741,,более 5000,10.0,Российские космические системы,От 3 лет,Полный рабочий день,Не имеет значения,55.746204,37.722767,https://www.superjob.ru/vakansii/regulirovschik-rea-i-priborov-4-5-razryad-51854757.html
51869643,Специалист отдела по обеспечению качества,0,0,rub,"['Промышленность, производство']","['Контроль качества, сертификация, экспертиза']",Москва,"['Волгоградский проспект', 'Пролетарская', 'Дубровка']","['Таганско-Краснопресненская', 'Таганско-Краснопресненская', 'МЦК']","['violet', 'violet', 'lightpink']","Москва, 1-я Дубровская улица, 15с1",17727,,более 5000,8.0,"АО ""НПО ""Микроген""",От 1 года,Полный рабочий день,Не имеет значения,55.721603,37.675919,https://www.superjob.ru/vakansii/specialist-otdela-po-obespecheniyu-kachestva-51869643.html
48127568,Техник производственного оборудования,96000,0,rub,"['Промышленность, производство', 'Услуги, ремонт, сервисное обслуживание', 'Рабочий персонал']","['Промышленное оборудование', 'Промышленное оборудование', 'Квалифицированный рабочий']",Москва,['Домодедовская'],['Замоскворецкая'],['green'],"городской округ Домодедово, аэропорт Домодедово имени М.В. Ломоносова, 8",4016438,,более 5000,44.0,Московский аэропорт Домодедово,Без опыта,Сменный график работы,Среднее специальное,55.418175,37.889797,https://www.superjob.ru/vakansii/tehnik-proizvodstvennogo-oborudovaniya-48127568.html
50779864,Пекарь,80000,100000,rub,"['Туризм, гостиницы, общественное питание', 'Промышленность, производство', 'Продажи']","['Рестораны, кафе, столовые, фастфуд', 'Пищевая промышленность', 'Начало карьеры, мало опыта']",Москва,[],[],[],"Москва, Лебедянская, 28",2635306,,более 5000,45940.0,Пятёрочка,От 1 года,Частичная занятость / Совместительство,Не имеет значения,55.584084,37.690308,https://www.superjob.ru/vakansii/pekar-50779864.html
51679852,"Специалист-эксперт по драгоценным камням, геммолог",80000,120000,rub,"['Промышленность, производство']",['Ювелирная промышленность'],Москва,[],[],[],"Москва, Смольная улица, 12",4934132,,менее 50,4.0,Федеральная пробирная палата,От 3 лет,Полный рабочий день,Высшее,55.849873,37.497387,https://www.superjob.ru/vakansii/specialist-ekspert-po-dragocennym-kamnyam-51679852.html
51725105,Главный специалист календарно-сетевого планирования (в Египет),185000,200000,rub,"['Строительство, проектирование, недвижимость', 'Промышленность, производство']","['Управление строительством, девелопмент', 'Управление проектами (ГИП)', 'Атомная энергетика']",Москва,[],[],[],город Эль-Дабаа,970633,,более 5000,2342.0,Трест Росспецэнергомонтаж,От 3 лет,Полный рабочий день,Не имеет значения,31.027443,28.438936,https://www.superjob.ru/vakansii/glavnyj-specialist-kalendarno-setevogo-planirovaniya-51725105.html
51797378,Слесарь-наладчик,120000,0,rub,"['Промышленность, производство', 'Услуги, ремонт, сервисное обслуживание', 'Рабочий персонал']","['Промышленное оборудование', 'Промышленное оборудование', 'Рабочий персонал, разное', 'Квалифицированный рабочий']",Москва,['Новопеределкино'],['МЦД4'],['mediumaquamarine'],"Москва, Новоорловская улица, 3/1",0,,,,,От 1 года,Полный рабочий день,Не имеет значения,55.6362,37.372494,https://www.superjob.ru/vakansii/slesar-naladchik-51797378.html
51846975,Монтажник,110000,0,rub,"['Промышленность, производство']",['Нефтепереработка'],Москва,[],[],[],"район Капотня, территория Московского нефтеперерабатывающего завода ""Газпромнефть"". ",1989605,,100 — 500,81.0,Консул медиа,От 1 года,Полный рабочий день,Не имеет значения,,,https://www.superjob.ru/vakansii/montazhnik-51846975.html
51845163,Пекарь,89700,95000,rub,"['Туризм, гостиницы, общественное питание', 'Промышленность, производство']","['Рестораны, кафе, столовые, фастфуд', 'Пищевая промышленность']",Москва,[],[],[],"Москва, Скульптора Мухиной, 12",4311,,более 5000,3349.0,Перекресток,Без опыта,Полный рабочий день,Среднее специальное,55.639751,37.341591,https://www.superjob.ru/vakansii/pekar-51845163.html
51867320,Кондитер,87000,0,rub,"['Туризм, гостиницы, общественное питание', 'Промышленность, производство']","['Рестораны, кафе, столовые, фастфуд', 'Пищевая промышленность']",Москва,[],[],[],"г Москва, ул Талалихина, д 41 стр 57",3797376,,менее 50,337.0,JOBCART.RU,От 1 года,Сменный график работы,Не имеет значения,55.728535,37.690022,https://www.superjob.ru/vakansii/konditer-51867320.html
51870238,Пекарь,0,70000,rub,"['Туризм, гостиницы, общественное питание', 'Промышленность, производство']","['Рестораны, кафе, столовые, фастфуд', 'Пищевая промышленность']",Москва,['Спортивная'],['Сокольническая'],['red'],"г Москва, проезд Лужнецкий, д. 1А стр. 2. 1А",0,,,,,Без опыта,Сменный график работы,Не имеет значения,55.726284,37.560474,https://www.superjob.ru/vakansii/pekar-51870238.html
32212118,Инженер по обслуживанию медицинского оборудования (Инженер МРТ),140000,0,rub,"['IT, Интернет, связь, телеком', 'Медицина, фармацевтика, ветеринария', 'Промышленность, производство', 'Услуги, ремонт, сервисное обслуживание']","['Системное администрирование', 'Медицинское оборудование', 'Радиотехническая и электронная промышленность', 'Медицинская техника', 'Компьютеры и оргтехника']",Москва,[],[],[],"Московская область, Одинцово",734831,,менее 50,1.0,"Медицинский центр ""Таора медикал""",От 1 года,Полный рабочий день,Высшее,55.679138,37.263664,https://www.superjob.ru/vakansii/inzhener-po-obsluzhivaniyu-medicinskogo-oborudovaniya-32212118.html
29153948,Оператор станков с ЧПУ,65000,0,rub,"['Промышленность, производство']",['Мебельное производство'],Москва,[],[],[],"Московская область, Подольск, Бронницкая улица, 11",2454800,,менее 50,2.0,КУЭК,От 3 лет,Полный рабочий день,Не имеет значения,55.428669,37.58313,https://www.superjob.ru/vakansii/operator-stankov-s-chpu-29153948.html
45614362,Оператор фрезерно-присадочного станка ЧПУ,0,0,rub,"['Промышленность, производство', 'Рабочий персонал']","['Мебельное производство', 'Квалифицированный рабочий']",Москва,[],[],[],"Московская область, Лосино-Петровский",3664624,,менее 50,23.0,Эксперт-Мебель,От 3 лет,Полный рабочий день,Не имеет значения,55.872185,38.200993,https://www.superjob.ru/vakansii/operator-frezerno-prisadochnogo-stanka-chpu-45614362.html
32408603,Наладчик ТПА,110000,0,rub,"['Промышленность, производство', 'Рабочий персонал']","['Легкая промышленность', 'Производство товаров народного потребления', 'Промышленное оборудование', 'Химическое машиностроение', 'Квалифицированный рабочий']",Москва,"['Авиамоторная', 'Андроновка', 'Нижегородская']","['МЦД3', 'МЦД3', 'МЦД4']","['orangered', 'orangered', 'mediumaquamarine']","Москва, 1-я Фрезерная улица, 10с4",3709026,,50 — 100,3.0,ТЗК Техоснастка,От 3 лет,Сменный график работы,Не имеет значения,55.73793,37.748779,https://www.superjob.ru/vakansii/naladchik-tpa-32408603.html
48633284,Слесарь механосборочных работ,0,0,rub,"['Промышленность, производство', 'Рабочий персонал']","['Авиационная промышленность', 'Рабочий персонал, разное', 'Квалифицированный рабочий']",Москва,[],[],[],,4550173,,100 — 500,5.0,«Проект Виктори»,От 3 лет,Полный рабочий день,Не имеет значения,,,https://www.superjob.ru/vakansii/slesar-mehanosborochnyh-rabot-48633284.html
49969495,Печатник трафаретной печати (шелкография),70000,100000,rub,"['Промышленность, производство', 'Рабочий персонал']","['Полиграфическое производство', 'Рабочий персонал, разное']",Москва,"['Электрозаводская', 'Авиамоторная', 'Лефортово']","['МЦД3', 'МЦД3', 'Большая кольцевая линия']","['orangered', 'orangered', 'cian']","Москва, Боровая улица, 7с7",470358,,менее 50,1.0,КолорЭлектроникс,Без опыта,Полный рабочий день,Не имеет значения,55.768356,37.717476,https://www.superjob.ru/vakansii/pechatnik-trafaretnoj-pechati-49969495.html
50172762,Слесарь по сборке металлоконструкций (м. Нижегородская),78500,0,rub,"['Строительство, проектирование, недвижимость', 'Рабочий персонал', 'Промышленность, производство']","['Строительно-монтажные работы', 'Рабочий персонал, разное', 'Квалифицированный рабочий', 'Производство металлических изделий и заготовок']",Москва,"['Перово', 'Текстильщики', 'Римская', 'Нижегородская', 'Новохохловская', 'Стахановская', 'Чухлинка']","['МЦД3', 'МЦД2', 'Люблинско-Дмитровская', 'МЦД4', 'МЦД2', 'Некрасовская', 'МЦД4']","['orangered', 'fuchsia', 'lime', 'mediumaquamarine', 'fuchsia', 'hotpink', 'mediumaquamarine']","Москва, Газгольдерная улица, 2с1",202378,,1000 — 5000,36.0,МОСГАЗ,Без опыта,Полный рабочий день,Среднее специальное,55.728424,37.732494,https://www.superjob.ru/vakansii/slesar-po-sborke-metallokonstrukcij-50172762.html
44729130,Слесарь-механик по ремонту складской техники,120000,0,rub,"['Промышленность, производство', 'Рабочий персонал']","['Промышленное оборудование', 'Рабочий персонал, разное', 'Квалифицированный рабочий']",Москва,"['Кантемировская', 'Каширская']","['Замоскворецкая', 'Большая кольцевая линия']","['green', 'cian']","Москва, Котляковская улица, 4с22",4386111,,менее 50,3.0,КС-Аренда,От 1 года,Полный рабочий день,Среднее специальное,55.641792,37.634235,https://www.superjob.ru/vakansii/slesar-mehanik-po-remontu-skladskoj-tehniki-44729130.html
50374933,Токарь-универсал,110000,0,rub,"['Промышленность, производство', 'Рабочий персонал']","['Промышленное оборудование', 'Рабочий персонал, разное', 'Квалифицированный рабочий']",Москва,['Тушинская'],['МЦД2'],['fuchsia'],"Москва, проезд Стратонавтов, 5",4230892,,500 — 1000,7.0,Акционерное общество «Государственное машиностроительное конструкторское бюро «Вымпел» им. И. И. Торопова»,От 3 лет,Полный рабочий день,Среднее специальное,55.826073,37.441135,https://www.superjob.ru/vakansii/tokar-universal-50374933.html
43079236,Технический писатель,0,0,rub,"['IT, Интернет, связь, телеком', 'Промышленность, производство']","['Телекоммуникации и связь', 'Техническая документация', 'Радиотехническая и электронная промышленность']",Москва,[],[],[],"Москва, улица Мнёвники, 6",692390,,менее 50,7.0,Центр Новых Технологий,От 3 лет,Полный рабочий день,Высшее,55.773926,37.49752,https://www.superjob.ru/vakansii/tehnicheskij-pisatel-43079236.html
50717466,"Ведущий инженер-исследователь, электронщик",145000,0,rub,"['Промышленность, производство']",['Радиотехническая и электронная промышленность'],Москва,['Алексеевская'],['Калужско-Рижская'],['orange'],"Проспект Мира, 102",434884,,500 — 1000,5121.0,Импульс,От 1 года,Полный рабочий день,Высшее,55.800594,37.636681,https://www.superjob.ru/vakansii/veduschij-inzhener-issledovatel-50717466.html
46662520,Мастер стирального цеха (прачка),50000,0,rub,"['Промышленность, производство']","['Автомобильная промышленность', 'Легкая промышленность', 'Мебельное производство', 'Пищевая промышленность', 'Производство товаров народного потребления']",Москва,"['Полежаевская', 'Октябрьское поле']","['Таганско-Краснопресненская', 'Таганско-Краснопресненская']","['violet', 'violet']","Москва, проспект Маршала Жукова, 44",3058622,,1000 — 5000,79.0,"Сеть химчисток ""Диана""",Без опыта,Сменный график работы,Не имеет значения,55.777306,37.46706,https://www.superjob.ru/vakansii/master-stiralnogo-ceha-46662520.html
51576715,"Ведущий инженер (АВР, ВРУ)",120000,120000,rub,"['Наука, образование, повышение квалификации', 'Промышленность, производство']","['НИИ, КБ', 'Промышленное оборудование']",Москва,['Парк Культуры'],['Кольцевая'],['brown'],"Москва, Зубовский бульвар, 4с1",4941795,,1000 — 5000,9.0,RT,От 3 лет,Полный рабочий день,Высшее,55.737358,37.590496,https://www.superjob.ru/vakansii/veduschij-inzhener-51576715.html
51680263,Ведущий инженер теплотехнического оборудования,120000,120000,rub,"['Наука, образование, повышение квалификации', 'Промышленность, производство']","['НИИ, КБ', 'Промышленное оборудование']",Москва,['Каширская'],['Большая кольцевая линия'],['cian'],"Москва, Каширское шоссе, 24с2",3637784,,менее 50,0.0,"""НМИЦ онкологии им. Н. Н. Блохина"" Минздрава России",От 3 лет,Полный рабочий день,Не имеет значения,55.65522,37.644897,https://www.superjob.ru/vakansii/veduschij-inzhener-teplotehnicheskogo-oborudovaniya-51680263.html
50454963,"Инженер по вентиляционному, климатическому и сантехническому оборудованию (стационарный)",130000,130000,rub,"['Промышленность, производство', 'Сырье']","['Приборостроение', 'Промышленное оборудование', 'Оборудование']",Москва,['Лубянка'],['Сокольническая'],['red'],,2671282,,100 — 500,14.0,Чистый город,От 3 лет,Полный рабочий день,Среднее специальное,,,https://www.superjob.ru/vakansii/inzhener-po-ventilyacionnomu-50454963.html
51694584,Инженер производства НКУ,0,0,rub,"['Промышленность, производство']",['Промышленное оборудование'],Москва,"['Борисово', 'Алма-Атинская']","['Люблинско-Дмитровская', 'Замоскворецкая']","['lime', 'green']","Москва, Бесединское шоссе, 9",2528761,,менее 50,0.0,АВВ-ЭЛЕКТРОЩИТ,От 3 лет,Полный рабочий день,Не имеет значения,55.628029,37.754639,https://www.superjob.ru/vakansii/inzhener-proizvodstva-nku-51694584.html
51725117,Инженер-механик,0,0,rub,"['Промышленность, производство', 'Услуги, ремонт, сервисное обслуживание', 'Рабочий персонал']","['Автомобильная промышленность', 'Промышленное оборудование', 'Промышленное оборудование', 'Рабочий персонал, разное', 'Квалифицированный рабочий']",Москва,[],[],[],жилой квартал Пригород Лесное,2412750,,1000 — 5000,13.0,Самолет,От 1 года,Полный рабочий день,Высшее,56.470215,53.797173,https://www.superjob.ru/vakansii/inzhener-mehanik-51725117.html
51797076,Брошюровщица,0,0,rub,"['Промышленность, производство']",['Полиграфическое производство'],Москва,['Партизанская'],['Арбатско-Покровская'],['darkblue'],"Москва, 1-я улица Измайловского Зверинца",4353589,,менее 50,340.0,Jobers,От 1 года,Сменный график работы,Не имеет значения,55.77277,37.747646,https://www.superjob.ru/vakansii/broshyurovschica-51797076.html
51801674,Повар-блинопек,93260,139890,rub,"['Туризм, гостиницы, общественное питание', 'Промышленность, производство']","['Рестораны, кафе, столовые, фастфуд', 'Пищевая промышленность']",Москва,['Проспект Мира'],['Калужско-Рижская'],['orange'],,174527,,1000 — 5000,0.0,Теремок - Инвест,Без опыта,Полный рабочий день,Не имеет значения,,,https://www.superjob.ru/vakansii/povar-blinopek-51801674.html
51825531,Ведущий инженер,100000,110000,rub,"['Наука, образование, повышение квалификации', 'Промышленность, производство']","['НИИ, КБ', 'Промышленное оборудование']",Москва,[],[],[],"Москва, улица Академика Королёва, дом 15, к.2",3974341,,более 5000,984.0,РТРС,Без опыта,Полный рабочий день,Не имеет значения,,,https://www.superjob.ru/vakansii/veduschij-inzhener-51825531.html
51826746,Плотник (рабочий по зданию),80500,0,rub,"['Строительство, проектирование, недвижимость', 'Промышленность, производство', 'Рабочий персонал']","['Строительно-монтажные работы', 'Мебельное производство', 'Рабочий персонал, разное', 'Квалифицированный рабочий']",Москва,[],[],[],,3551066,,более 5000,43.0,Твой Дом,От 1 года,Полный рабочий день,Не имеет значения,,,https://www.superjob.ru/vakansii/plotnik-51826746.html
51843438,Продавец в зону готовой еды,68000,97600,rub,"['Промышленность, производство']",['Пищевая промышленность'],Москва,[],[],[],"Москва, Нижние Мнёвники, 20",280168,,более 5000,18164.0,"Магнит, Розничная сеть",Не имеет значения,Сменный график работы,Не имеет значения,55.748775,37.458687,https://www.superjob.ru/vakansii/prodavec-v-zonu-gotovoj-edy-51843438.html
51844125,Продавец – консультант галереи вин Отдохни (г. Красногорск),115000,250000,rub,"['Промышленность, производство']",['Пищевая промышленность'],Москва,"['Митино', 'Пенягино', 'Павшино', 'Красногорская']","['Арбатско-Покровская', 'МЦД2', 'МЦД2', 'МЦД2']","['darkblue', 'fuchsia', 'fuchsia', 'fuchsia']","Московская область, Красногорск",400494,,более 5000,236.0,"КуулКлевер (МясновЪ, Отдохни)",Без опыта,Полный рабочий день,Не имеет значения,55.82037,37.319485,https://www.superjob.ru/vakansii/prodavec-51844125.html
51844889,"Повар универсал, сотрудник ресторана",112800,0,rub,"['Туризм, гостиницы, общественное питание', 'Промышленность, производство']","['Кейтеринг', 'Рестораны, кафе, столовые, фастфуд', 'Пищевая промышленность']",Москва,"['Медведково', 'Бабушкинская', 'Свиблово']","['Калужско-Рижская', 'Калужско-Рижская', 'Калужско-Рижская']","['orange', 'orange', 'orange']","Москва, Осташковская улица, 14с16",2993295,,50 — 100,2.0,TacoLand,Без опыта,Полный рабочий день,Не имеет значения,55.883404,37.679459,https://www.superjob.ru/vakansii/povar-universal-51844889.html
51845650,Машинист буровой установки,140000,190000,rub,"['Промышленность, производство', 'Сырье', 'Строительство, проектирование, недвижимость']","['Промышленное оборудование', 'Разведка и разработка месторождений', 'Экологическое сопровождение проектов']",Москва,[],[],[],,4156139,,менее 50,0.0,"ФСК ""Мостоотряд-47""",От 1 года,Работа вахтовым методом,Не имеет значения,,,https://www.superjob.ru/vakansii/mashinist-burovoj-ustanovki-51845650.html
51845666,Пекарь/Формовщик,82900,0,rub,"['Промышленность, производство', 'Топ-персонал']","['Пищевая промышленность', 'Промышленность, производство, сельское хозяйство']",Москва,['Волгоградский проспект'],['Таганско-Краснопресненская'],['violet'],"Москва, улица Талалихина, 41с57",74315,,более 5000,160.0,Азбука вкуса,Без опыта,Полный рабочий день,Не имеет значения,55.728535,37.690022,https://www.superjob.ru/vakansii/pekar-51845666.html
51854739,Инженер-схемотехник (космическая отрасль),80000,180000,rub,"['Промышленность, производство']","['Приборостроение', 'Радиотехническая и электронная промышленность']",Москва,[],[],[],,542741,,более 5000,10.0,Российские космические системы,От 1 года,Полный рабочий день,Не имеет значения,,,https://www.superjob.ru/vakansii/inzhener-shemotehnik-51854739.html
48728191,Главный энергетик-начальник газовой котельной,110000,0,rub,"['Промышленность, производство']","['Энергетика', 'Энергомашиностроение']",Москва,[],[],[],"Московская область, Одинцово, Акуловская улица, 23с1",2861537,,менее 50,1.0,Сервисснаб,От 3 лет,Полный рабочий день,Высшее,55.656834,37.252598,https://www.superjob.ru/vakansii/glavnyj-energetik-nachalnik-gazovoj-kotelnoj-48728191.html
51863120,Пекарь,60500,0,rub,"['Туризм, гостиницы, общественное питание', 'Промышленность, производство']","['Рестораны, кафе, столовые, фастфуд', 'Пищевая промышленность']",Москва,[],[],[],,4337289,,100 — 500,24.0,Отель MORE SPA & RESORT,От 1 года,Полный рабочий день,Не имеет значения,,,https://www.superjob.ru/vakansii/pekar-51863120.html
51863491,Сотрудник на выпечку заморозки,0,71700,rub,"['Промышленность, производство', 'Топ-персонал']","['Пищевая промышленность', 'Промышленность, производство, сельское хозяйство']",Москва,[],[],[],"Россия, г Москва, ул Дубравная, д 38",154882,,более 5000,605.0,Ашан,Без опыта,Полный рабочий день,Не имеет значения,55.844872,37.356422,https://www.superjob.ru/vakansii/sotrudnik-na-vypechku-zamorozki-51863491.html
51865130,Лаборант,0,0,rub,"['Медицина, фармацевтика, ветеринария', 'Строительство, проектирование, недвижимость', 'Промышленность, производство']","['Больницы, поликлиники, диагностические центры, лаборатории', 'Начало карьеры, мало опыта', 'Начало карьеры, мало опыта']",Москва,"['Волгоградский проспект', 'Дубровка']","['Таганско-Краснопресненская', 'МЦК']","['violet', 'lightpink']","Москва, 1-я Дубровская улица, 15с1",17727,,более 5000,8.0,"АО ""НПО ""Микроген""",От 1 года,Полный рабочий день,Не имеет значения,55.721603,37.675919,https://www.superjob.ru/vakansii/laborant-51865130.html
39036953,Мастер (технолог) литейного производства полимерных материалов,90000,0,rub,"['Промышленность, производство']",['Промышленное оборудование'],Москва,[],[],[],"Москва, 1-я Фрезерная улица, 10с4",3709026,,50 — 100,3.0,ТЗК Техоснастка,От 3 лет,Полный рабочий день,Высшее,55.73793,37.748779,https://www.superjob.ru/vakansii/master-39036953.html
50645085,Инженер-энергетик,115000,0,rub,"['Промышленность, производство']",['Энергетика'],Москва,['Домодедовская'],['Замоскворецкая'],['green'],"Московская область, городской округ Домодедово, аэропорт Домодедово имени М.В. Ломоносова, 8",4016438,,более 5000,44.0,Московский аэропорт Домодедово,От 1 года,Полный рабочий день,Высшее,55.418175,37.889797,https://www.superjob.ru/vakansii/inzhener-energetik-50645085.html
50766924,Пекарь,80000,100000,rub,"['Туризм, гостиницы, общественное питание', 'Промышленность, производство']","['Рестораны, кафе, столовые, фастфуд', 'Пищевая промышленность']",Москва,[],[],[],"Москва, Берзарина, 32",2635306,,более 5000,45940.0,Пятёрочка,Не имеет значения,Частичная занятость / Совместительство,Не имеет значения,55.790783,37.470177,https://www.superjob.ru/vakansii/pekar-50766924.html
51690162,Коренщик (чистка овощей),90300,0,rub,"['Строительство, проектирование, недвижимость', 'Промышленность, производство']","['Строительно-монтажные работы', 'Пищевая промышленность']",Москва,[],[],[],"Москва, Солнцевская линия, метро Озёрная",1989605,,100 — 500,81.0,Консул медиа,Без опыта,Полный рабочий день,Не имеет значения,55.670582,37.449013,https://www.superjob.ru/vakansii/korenschik-51690162.html
51767590,"Ведущий инженер администрирования, эксплуатации и развития информационных и коммуникационных систем",100000,0,rub,"['Наука, образование, повышение квалификации', 'Промышленность, производство']","['НИИ, КБ', 'Промышленное оборудование']",Москва,['Черкизовская'],['Сокольническая'],['red'],"Москва, Сиреневый бульвар, 4",186983,,500 — 1000,4.0,"Российский государственный университет физической культуры, спорта, молодежи и туризма",От 3 лет,Полный рабочий день,Не имеет значения,55.801083,37.760082,https://www.superjob.ru/vakansii/veduschij-inzhener-administrirovaniya-51767590.html
51846179,Швея,80000,120000,rub,"['Промышленность, производство', 'Услуги, ремонт, сервисное обслуживание']","['Легкая промышленность', 'Ателье']",Москва,[],[],[],"Москва, Кантемировская улица",0,,,,,От 1 года,Полный рабочий день,Не имеет значения,55.638527,37.650551,https://www.superjob.ru/vakansii/shveya-51846179.html
51847068,Пекарь,75000,95000,rub,"['Промышленность, производство', 'Топ-персонал']","['Пищевая промышленность', 'Промышленность, производство, сельское хозяйство']",Москва,[],[],[],"Москва, Румянцево, 1",4311,,более 5000,3349.0,Перекресток,Без опыта,Полный рабочий день,Среднее специальное,55.623844,37.44347,https://www.superjob.ru/vakansii/pekar-51847068.html
51847123,Мастер-приёмщик слесарного цеха,100000,180000,rub,"['Промышленность, производство']","['Машиностроение, станкостроение']",Москва,[],[],[],"г Москва, Дмитровское шоссе, д 163 стр 1",3797376,,менее 50,337.0,JOBCART.RU,От 1 года,Полный рабочий день,Не имеет значения,55.911362,37.538422,https://www.superjob.ru/vakansii/master-prijomschik-slesarnogo-ceha-51847123.html
51870235,Повар универсал. Сменный график,0,70000,rub,"['Туризм, гостиницы, общественное питание', 'Промышленность, производство']","['Рестораны, кафе, столовые, фастфуд', 'Пищевая промышленность']",Москва,['Хорошёво'],['МЦК'],['lightpink'],"г Москва, шоссе Хорошёвское, д. 41КЕ. 41КЕ",0,,,,,Без опыта,Сменный график работы,Не имеет значения,55.776405,37.511986,https://www.superjob.ru/vakansii/povar-universal-51870235.html
38731834,Печатник в типографию,100000,130000,rub,"['СМИ, издательства', 'Промышленность, производство', 'Маркетинг, реклама, PR']","['Печатные издания', 'Издательская деятельность', 'Начало карьеры, мало опыта', 'Полиграфическое производство', 'Печатная реклама']",Москва,['Румянцево'],['Сокольническая'],['red'],"Москва, деревня Румянцево",705817,,менее 50,2.0,Студия 3Графика,От 1 года,Полный рабочий день,Не имеет значения,55.633698,37.425053,https://www.superjob.ru/vakansii/pechatnik-v-tipografiyu-38731834.html
27572554,Электромонтер по ремонту и обслуживанию электрооборудования 5 разряда,83000,0,rub,"['Промышленность, производство']",['Энергетика'],Москва,[],[],[],"Москва, Серпуховско-Тимирязевская линия, метро Чертановская",220831,,более 5000,22.0,Московская объединенная энергетическая компания,От 1 года,Полный рабочий день,Среднее специальное,55.64061,37.606323,https://www.superjob.ru/vakansii/elektromonter-po-remontu-i-obsluzhivaniyu-elektrooborudovaniya-5-razryada-27572554.html
27433477,"Столяр-краснодеревщик, мастер по камню",120000,0,rub,"['Промышленность, производство', 'Рабочий персонал']","['Мебельное производство', 'Начало карьеры, мало опыта', 'Квалифицированный рабочий']",Москва,"['Речной вокзал', 'Сходненская', 'Ховрино']","['Замоскворецкая', 'Таганско-Краснопресненская', 'МЦД3']","['green', 'violet', 'orangered']","Московская область, Химки, микрорайон Сходня",1981130,,менее 50,3.0,КомплексДекор,Без опыта,Полный рабочий день,Не имеет значения,55.950333,37.299679,https://www.superjob.ru/vakansii/stolyar-krasnoderevschik-27433477.html
31800222,Оператор ручных станков,65000,0,rub,"['Промышленность, производство', 'Рабочий персонал']","['Промышленное оборудование', 'Рабочий персонал, разное', 'Квалифицированный рабочий']",Москва,[],[],[],"Московская область, Подольск, Бронницкая улица, 11",2454800,,менее 50,2.0,КУЭК,От 3 лет,Полный рабочий день,Не имеет значения,55.428669,37.58313,https://www.superjob.ru/vakansii/operator-ruchnyh-stankov-31800222.html
42543190,Менеджер по продажам промышленного оборудования,150000,350000,rub,"['Промышленность, производство', 'Продажи']","['Машиностроение, станкостроение', 'Приборостроение', 'Оборудование', 'Сырье', 'Тендеры']",Москва,[],[],[],"Москва, Автозаводская улица, 23Ак2",4243498,,менее 50,1.0,АВХ-терминал,От 1 года,Полный рабочий день,Высшее,55.70285,37.648476,https://www.superjob.ru/vakansii/menedzher-po-prodazham-promyshlennogo-oborudovaniya-42543190.html
45151563,Закройщик по шторам,80000,0,rub,"['Промышленность, производство', 'Услуги, ремонт, сервисное обслуживание', 'Рабочий персонал']","['Легкая промышленность', 'Ателье', 'Рабочий персонал, разное']",Москва,[],[],[],"Москва, улица Маршала Рыбалко, 2к3",4407094,,менее 50,2.0,Мой любимый дом,От 3 лет,Полный рабочий день,Не имеет значения,55.798466,37.494709,https://www.superjob.ru/vakansii/zakrojschik-po-shtoram-45151563.html
34595563,Диспетчер,75000,0,rub,"['Административная работа, секретариат, АХО', 'Строительство, проектирование, недвижимость', 'Промышленность, производство']","['Диспетчерская служба', 'ЖКХ', 'Автомобильная промышленность']",Москва,"['Таганская', 'Марксистская', 'Калитники']","['Таганско-Краснопресненская', 'Калининско-Солнцевская', 'МЦД2']","['violet', 'yellow', 'fuchsia']","Москва, Автомобильный проезд, 17",3001761,,1000 — 5000,21.0,Автомобильные дороги Центрального административного округа г. Москвы,От 1 года,Сменный график работы,Среднее специальное,55.729183,37.707108,https://www.superjob.ru/vakansii/dispetcher-34595563.html
50375041,Инженер по метрологии,75000,0,rub,"['Промышленность, производство']","['Контроль качества, сертификация, экспертиза']",Москва,['Тушинская'],['МЦД2'],['fuchsia'],"Москва, проезд Стратонавтов, 5",4230892,,500 — 1000,7.0,Акционерное общество «Государственное машиностроительное конструкторское бюро «Вымпел» им. И. И. Торопова»,От 1 года,Полный рабочий день,Высшее,55.826073,37.441135,https://www.superjob.ru/vakansii/inzhener-po-metrologii-50375041.html
50469191,Инженер по охране окружающей среды / Эколог,90000,0,rub,"['Промышленность, производство', 'Строительство, проектирование, недвижимость']","['Экология', 'Экологическое сопровождение проектов']",Москва,['Домодедовская'],['Замоскворецкая'],['green'],"Московская область, Ленинский городской округ, посёлок городского типа Горки Ленинские, 1А",141963,,100 — 500,22.0,"ФГБУ Российский Реабилитационный Центр ""Детство""",Без опыта,Полный рабочий день,Высшее,55.508366,37.784191,https://www.superjob.ru/vakansii/inzhener-po-ohrane-okruzhayuschej-sredy-50469191.html
50554253,Рабочий на производство,80000,0,rub,"['Промышленность, производство', 'Рабочий персонал']","['Промышленное оборудование', 'Рабочий персонал, разное']",Москва,['Селигерская'],['Люблинско-Дмитровская'],['lime'],"Москва, Рогачёвский переулок, 5",3058622,,1000 — 5000,79.0,"Сеть химчисток ""Диана""",Без опыта,Полный рабочий день,Не имеет значения,55.868511,37.552662,https://www.superjob.ru/vakansii/rabochij-na-proizvodstvo-50554253.html
50717350,Инженер-исследователь / Специалист ПД и ТР,85000,0,rub,"['Промышленность, производство']","['Приборостроение', 'Производство металлических изделий и заготовок']",Москва,[],[],[],,434884,,500 — 1000,5121.0,Импульс,От 1 года,Полный рабочий день,Высшее,,,https://www.superjob.ru/vakansii/inzhener-issledovatel-50717350.html
51186778,Специалист отдела контроля качества,45000,55000,rub,"['Промышленность, производство']","['Контроль качества, сертификация, экспертиза']",Москва,"['Домодедовская', 'Шипиловская']","['Замоскворецкая', 'Люблинско-Дмитровская']","['green', 'lime']","Москва, Шипиловская улица, 40",1993556,,50 — 100,2.0,ДОКТОР Н,Без опыта,Полный рабочий день,Не имеет значения,55.620716,37.725758,https://www.superjob.ru/vakansii/specialist-otdela-kontrolya-kachestva-51186778.html
51649922,Ведущий инженер,124600,124600,rub,"['Наука, образование, повышение квалификации', 'Промышленность, производство']","['НИИ, КБ', 'Промышленное оборудование']",Москва,"['Электрозаводская', 'Семёновская', 'Лефортово', 'Сортировочная']","['МЦД3', 'Арбатско-Покровская', 'Большая кольцевая линия', 'МЦД3']","['orangered', 'darkblue', 'cian', 'orangered']","Москва, Боровая улица, 3к1",4941795,,1000 — 5000,9.0,RT,От 3 лет,Полный рабочий день,Не имеет значения,55.771706,37.715084,https://www.superjob.ru/vakansii/veduschij-inzhener-51649922.html
51680242,Инженер теплотехнического оборудования,120000,120000,rub,"['Промышленность, производство']","['Машиностроение, станкостроение', 'Приборостроение', 'Производство товаров народного потребления', 'Промышленное оборудование', 'Другое']",Москва,['Каширская'],['Большая кольцевая линия'],['cian'],"Москва, Каширское шоссе, 24с2",3637784,,менее 50,0.0,"""НМИЦ онкологии им. Н. Н. Блохина"" Минздрава России",От 3 лет,Полный рабочий день,Не имеет значения,55.65522,37.644897,https://www.superjob.ru/vakansii/inzhener-teplotehnicheskogo-oborudovaniya-51680242.html
51692263,Су-шеф,103000,0,rub,"['Промышленность, производство', 'Топ-персонал']","['Производство алкогольных и безалкогольных напитков', 'Производство товаров народного потребления', 'Промышленность, производство, сельское хозяйство']",Москва,"['Царицыно', 'Варшавская', 'Павелецкая', 'Пражская']","['МЦД2', 'Большая кольцевая линия', 'Замоскворецкая', 'Серпуховско-Тимирязевская']","['fuchsia', 'cian', 'green', 'gray']","Москва, Бирюлёвская улица, 38",400494,,более 5000,236.0,"КуулКлевер (МясновЪ, Отдохни)",От 1 года,Полный рабочий день,Не имеет значения,55.588535,37.662983,https://www.superjob.ru/vakansii/su-shef-51692263.html
51698275,Лаборант (Прием биологического материала),57471,57471,rub,"['Промышленность, производство', 'Сырье']","['Атомная энергетика', 'Технологии']",Москва,[],[],[],"Москва, Полимерная улица, 8",355437,,100 — 500,5115.0,ФБУН ЦНИИ Эпидемиологии Роспотребнадзора,Без опыта,Полный рабочий день,Не имеет значения,55.746059,37.799706,https://www.superjob.ru/vakansii/laborant-51698275.html
51726699,Специалист по промышленной безопасности 1 категории,100000,110000,rub,"['Промышленность, производство']",['Промышленная безопасность'],Москва,['Водный стадион'],['Замоскворецкая'],['green'],,2738853,,500 — 1000,11.0,Научно-исследовательский машиностроительный институт имени В. В. Бахирева,От 1 года,Полный рабочий день,Не имеет значения,,,https://www.superjob.ru/vakansii/specialist-po-promyshlennoj-bezopasnosti-1-kategorii-51726699.html
51737302,Главный специалист отдела контроля эксплуатационных параметров сети,110000,0,rub,"['Промышленность, производство']","['Контроль качества, сертификация, экспертиза']",Москва,[],[],[],"Москва, улица Академика Королёва, 13с1",3974341,,более 5000,984.0,РТРС,От 1 года,Полный рабочий день,Высшее,55.818882,37.618355,https://www.superjob.ru/vakansii/glavnyj-specialist-otdela-kontrolya-ekspluatacionnyh-parametrov-seti-51737302.html
51791707,Печатник офсетной печати (А1),100000,130000,rub,"['Промышленность, производство', 'Рабочий персонал']","['Полиграфическое производство', 'Рабочий персонал, разное', 'Квалифицированный рабочий']",Москва,['Авиамоторная'],['МЦД3'],['orangered'],"Москва, 2-я Кабельная улица, д. 2с5",4353589,,менее 50,340.0,Jobers,От 3 лет,Сменный график работы,Не имеет значения,55.748074,37.71413,https://www.superjob.ru/vakansii/pechatnik-ofsetnoj-pechati-51791707.html
51801670,Повар (ночь) на производство,97110,129480,rub,"['Туризм, гостиницы, общественное питание', 'Промышленность, производство']","['Рестораны, кафе, столовые, фастфуд', 'Пищевая промышленность']",Москва,['Москворечье'],['МЦД2'],['fuchsia'],Москва,174527,,1000 — 5000,0.0,Теремок - Инвест,Без опыта,Полный рабочий день,Не имеет значения,55.755863,37.617699,https://www.superjob.ru/vakansii/povar-51801670.html
51823741,Монтажник РЭА и приборов (3-4 разрядов),110000,130000,rub,"['Промышленность, производство']",['Радиотехническая и электронная промышленность'],Москва,['Планерная'],['Таганско-Краснопресненская'],['violet'],"Москва, улица Героев Панфиловцев, 10с6А",859013,,500 — 1000,1.0,ПАО Радиофизика,От 3 лет,Полный рабочий день,Не имеет значения,55.858547,37.437332,https://www.superjob.ru/vakansii/montazhnik-rea-i-priborov-51823741.html
51824735,Пекарь,0,87000,rub,"['Туризм, гостиницы, общественное питание', 'Промышленность, производство']","['Рестораны, кафе, столовые, фастфуд', 'Пищевая промышленность']",Москва,[],[],[],"Россия, г Москва, Бесединское шоссе, д 15",154882,,более 5000,605.0,Ашан,Без опыта,Полный рабочий день,Не имеет значения,55.625286,37.761337,https://www.superjob.ru/vakansii/pekar-51824735.html
51841528,Мастер по турбине,200000,250000,rub,"['Строительство, проектирование, недвижимость', 'Промышленность, производство']","['Эксплуатация зданий', 'Атомная энергетика']",Москва,['Бутырская'],['Люблинско-Дмитровская'],['lime'],"Москва, Огородный проезд, 14",2347718,,100 — 500,1.0,Теплоэнергомонтаж,От 3 лет,Полный рабочий день,Не имеет значения,55.814346,37.601707,https://www.superjob.ru/vakansii/master-po-turbine-51841528.html
51841788,Главный энергетик,140000,210000,rub,"['Промышленность, производство', 'Топ-персонал']","['Энергетика', 'Энергомашиностроение', 'Строительство, проектирование, недвижимость', 'Промышленность, производство, сельское хозяйство']",Москва,[],[],[],"Московская область, Лобня, Краснополянский тупик, 10",196244,,более 5000,28.0,Металл Профиль,От 1 года,Полный рабочий день,Не имеет значения,56.0257,37.444054,https://www.superjob.ru/vakansii/glavnyj-energetik-51841788.html
51841818,Механик-наладчик,100000,0,rub,"['Промышленность, производство', 'Услуги, ремонт, сервисное обслуживание', 'Рабочий персонал']","['Промышленное оборудование', 'Автосервис', 'Промышленное оборудование', 'Рабочий персонал, разное', 'Квалифицированный рабочий']",Москва,['Саларьево'],['Сокольническая'],['red'],"Москва, Новомосковский административный округ, Филимонковский район, посёлок Первомайское, Рабочая улица, 4Ас2",4960373,,менее 50,0.0,ПОЛИГАММА,От 3 лет,Полный рабочий день,Среднее специальное,55.538826,37.153305,https://www.superjob.ru/vakansii/mehanik-naladchik-51841818.html
51842734,Продавец в зону готовой еды,73100,97600,rub,"['Промышленность, производство']",['Пищевая промышленность'],Москва,[],[],[],"Москва, Адмирала Лазарева, 40",280168,,более 5000,18164.0,"Магнит, Розничная сеть",Не имеет значения,Сменный график работы,Не имеет значения,55.544258,37.523251,https://www.superjob.ru/vakansii/prodavec-v-zonu-gotovoj-edy-51842734.html
51845662,Упаковщик на хлебопекарное производство,78500,0,rub,"['Промышленность, производство', 'Рабочий персонал']","['Другое', 'Рабочий персонал, разное']",Москва,['Волгоградский проспект'],['Таганско-Краснопресненская'],['violet'],"Москва, улица Талалихина, 41с57",74315,,более 5000,160.0,Азбука вкуса,Без опыта,Полный рабочий день,Не имеет значения,55.728535,37.690022,https://www.superjob.ru/vakansii/upakovschik-na-hlebopekarnoe-proizvodstvo-51845662.html
51854734,Фрезеровщик 4-6 разряд,0,135000,rub,"['Промышленность, производство', 'Рабочий персонал']","['Радиотехническая и электронная промышленность', 'Ракетно-космическая отрасль', 'Производство металлических изделий и заготовок', 'Рабочий персонал, разное', 'Квалифицированный рабочий']",Москва,['Авиамоторная'],['МЦД3'],['orangered'],"Москва, Авиамоторная улица, 53к2",542741,,более 5000,10.0,Российские космические системы,От 3 лет,Полный рабочий день,Не имеет значения,55.746204,37.722767,https://www.superjob.ru/vakansii/frezerovschik-4-6-razryad-51854734.html
51860684,Ведущий инженер проектировщик,130000,0,rub,"['Строительство, проектирование, недвижимость', 'Промышленность, производство']","['Проектирование', 'Производство товаров народного потребления', 'Промышленное оборудование']",Москва,['Тушинская'],['МЦД2'],['fuchsia'],"Москва, Вишнёвая улица, 7с27",4570028,,менее 50,0.0,МЭКС,От 3 лет,Полный рабочий день,Высшее,55.835236,37.433941,https://www.superjob.ru/vakansii/veduschij-inzhener-proektirovschik-51860684.html
51863105,Повар-универсал,80500,0,rub,"['Туризм, гостиницы, общественное питание', 'Промышленность, производство']","['Рестораны, кафе, столовые, фастфуд', 'Пищевая промышленность']",Москва,[],[],[],,4337289,,100 — 500,24.0,Отель MORE SPA & RESORT,От 1 года,Полный рабочий день,Не имеет значения,,,https://www.superjob.ru/vakansii/povar-universal-51863105.html
51867626,Станочник широкого профиля / Токарь-фрезеровщик (м. Нижегородская),93600,0,rub,"['Промышленность, производство']",['Промышленное оборудование'],Москва,"['Перово', 'Авиамоторная', 'Новохохловская', 'Стахановская', 'Чухлинка']","['МЦД3', 'МЦД3', 'МЦД2', 'Некрасовская', 'МЦД4']","['orangered', 'orangered', 'fuchsia', 'hotpink', 'mediumaquamarine']","Москва, Газгольдерная улица, 2с1",202378,,1000 — 5000,36.0,МОСГАЗ,Без опыта,Полный рабочий день,Не имеет значения,55.728424,37.732494,https://www.superjob.ru/vakansii/stanochnik-shirokogo-profilya-51867626.html
30641949,Мастер участка (зеленого хозяйства),100000,0,rub,"['Строительство, проектирование, недвижимость', 'Промышленность, производство']","['Строительно-монтажные работы', 'Эксплуатация зданий', 'Производство товаров народного потребления']",Москва,"['Таганская', 'Марксистская', 'Калитники']","['Таганско-Краснопресненская', 'Калининско-Солнцевская', 'МЦД2']","['violet', 'yellow', 'fuchsia']","Москва, Автомобильный проезд, 17",3001761,,1000 — 5000,21.0,Автомобильные дороги Центрального административного округа г. Москвы,От 1 года,Сменный график работы,Среднее специальное,55.729183,37.707108,https://www.superjob.ru/vakansii/master-uchastka-30641949.html
50753149,Пекарь,80000,100000,rub,"['Туризм, гостиницы, общественное питание', 'Промышленность, производство', 'Продажи']","['Рестораны, кафе, столовые, фастфуд', 'Пищевая промышленность', 'Начало карьеры, мало опыта']",Москва,[],[],[],"Москва, Новочеркасский, 21А",2635306,,более 5000,45940.0,Пятёрочка,От 1 года,Частичная занятость / Совместительство,Не имеет значения,55.647964,37.72784,https://www.superjob.ru/vakansii/pekar-50753149.html
50869571,Техник-лаборант,75000,0,rub,"['Медицина, фармацевтика, ветеринария', 'Строительство, проектирование, недвижимость', 'Промышленность, производство']","['Больницы, поликлиники, диагностические центры, лаборатории', 'Начало карьеры, мало опыта', 'Химическая промышленность']",Москва,[],[],[],"городской округ Домодедово, аэропорт Домодедово имени М.В. Ломоносова, 8",4016438,,более 5000,44.0,Московский аэропорт Домодедово,Без опыта,Полный рабочий день,Среднее специальное,55.418175,37.889797,https://www.superjob.ru/vakansii/tehnik-laborant-50869571.html
51055462,Повар горячего цеха,4800,0,rub,"['Туризм, гостиницы, общественное питание', 'Промышленность, производство']","['Рестораны, кафе, столовые, фастфуд', 'Пищевая промышленность']",Москва,"['Юго-Западная', 'Молодёжная', 'Говорово', 'Озёрная']","['Сокольническая', 'Арбатско-Покровская', 'Калининско-Солнцевская', 'Калининско-Солнцевская']","['red', 'darkblue', 'yellow', 'yellow']",,1989605,,100 — 500,81.0,Консул медиа,От 1 года,Полный рабочий день,Не имеет значения,,,https://www.superjob.ru/vakansii/povar-goryachego-ceha-51055462.html
51829435,Сварщик-монтажник,88000,202500,rub,"['Промышленность, производство', 'Рабочий персонал']","['Машиностроение, станкостроение', 'Производство металлических изделий и заготовок', 'Рабочий персонал, разное', 'Квалифицированный рабочий']",Москва,[],[],[],,3797376,,менее 50,337.0,JOBCART.RU,От 1 года,Полный рабочий день,Не имеет значения,,,https://www.superjob.ru/vakansii/svarschik-montazhnik-51829435.html
51845143,Пекарь,90600,95000,rub,"['Туризм, гостиницы, общественное питание', 'Промышленность, производство']","['Рестораны, кафе, столовые, фастфуд', 'Пищевая промышленность']",Москва,[],[],[],"Москва, Марксистская, 1",4311,,более 5000,3349.0,Перекресток,Без опыта,Полный рабочий день,Среднее специальное,55.740177,37.659389,https://www.superjob.ru/vakansii/pekar-51845143.html
51865332,"Эксперт по сертификации (ТР ТС 019/2011, СДС)",140000,0,rub,"['Медицина, фармацевтика, ветеринария', 'Промышленность, производство']","['Сертификация', 'Контроль качества, сертификация, экспертиза']",Москва,[],[],[],Москва,0,,,,,От 3 лет,Полный рабочий день,Не имеет значения,55.755863,37.617699,https://www.superjob.ru/vakansii/ekspert-po-sertifikacii-51865332.html
51870186,Повар на выпечку в магазин,0,70000,rub,"['Промышленность, производство', 'Топ-персонал']","['Пищевая промышленность', 'Производство алкогольных и безалкогольных напитков', 'Производство товаров народного потребления', 'Промышленность, производство, сельское хозяйство']",Москва,['Новые Черёмушки'],['Калужско-Рижская'],['orange'],"г Москва, улица Новочерёмушкинская, д. 56 к. 1. 56",0,,,,,Без опыта,Сменный график работы,Не имеет значения,55.668968,37.564571,https://www.superjob.ru/vakansii/povar-na-vypechku-v-magazin-51870186.html
11444604,Технолог по водоподготовке,0,0,rub,"['Строительство, проектирование, недвижимость', 'Промышленность, производство']","['Водоснабжение, канализация', 'Другое', 'Другое']",Москва,"['Тушинская', 'Сходненская']","['МЦД2', 'Таганско-Краснопресненская']","['fuchsia', 'violet']","Москва, улица Василия Петушкова, 8",668651,,менее 50,1.0,Экохолдинг,От 3 лет,Полный рабочий день,Высшее,55.838268,37.4114,https://www.superjob.ru/vakansii/tehnolog-po-vodopodgotovke-11444604.html
25893412,Водитель автобуса,75000,75000,rub,"['Транспорт, логистика, ВЭД', 'Промышленность, производство']","['Автоперевозки', 'ВЭД', 'Авиационная промышленность', 'Автомобильная промышленность', 'Промышленное оборудование']",Москва,"['Кунцевская', 'Славянский бульвар', 'Давыдково']","['МЦД1', 'МЦД1', 'Большая кольцевая линия']","['darkorange', 'darkorange', 'cian']","Москва, Верейская улица, 29",123971,,100 — 500,1.0,Оборонительные системы,От 3 лет,Полный рабочий день,Среднее,55.711033,37.436291,https://www.superjob.ru/vakansii/voditel-avtobusa-25893412.html
39513112,Слесарь механосборочных работ 3-6 разряда,75000,120000,rub,"['Промышленность, производство', 'Рабочий персонал']","['Машиностроение, станкостроение', 'Производство металлических изделий и заготовок', 'Рабочий персонал, разное', 'Квалифицированный рабочий']",Москва,[],[],[],"Москва, Алтуфьевское шоссе, 79Ас3",3428740,,500 — 1000,8.0,«Московский конструкторско-производственный комплекс «Универсал» им. А. И. Привалова»,От 1 года,Полный рабочий день,Среднее специальное,55.883701,37.585636,https://www.superjob.ru/vakansii/slesar-mehanosborochnyh-rabot-3-6-razryada-39513112.html
43269199,Повар,110000,110000,rub,"['Туризм, гостиницы, общественное питание', 'Промышленность, производство']","['Кейтеринг', 'Рестораны, кафе, столовые, фастфуд', 'Другое', 'Пищевая промышленность']",Москва,['Домодедовская'],['Замоскворецкая'],['green'],"Москва, МКАД, 24-й километр, 1",3551066,,более 5000,43.0,Твой Дом,Без опыта,Полный рабочий день,Не имеет значения,55.586807,37.724976,https://www.superjob.ru/vakansii/povar-43269199.html
48786092,Швея на пошив одежды,90000,170000,rub,"['Промышленность, производство', 'Услуги, ремонт, сервисное обслуживание']","['Легкая промышленность', 'Ателье']",Москва,[],[],[],"Московская область, Химки, Вашутинское шоссе",951177,,менее 50,1.0,Алабер,От 1 года,Полный рабочий день,Не имеет значения,55.921825,37.412579,https://www.superjob.ru/vakansii/shveya-na-poshiv-odezhdy-48786092.html
50368890,Автослесарь,120000,180000,rub,"['Транспорт, логистика, ВЭД', 'Промышленность, производство', 'Услуги, ремонт, сервисное обслуживание', 'Рабочий персонал']","['Автоперевозки', 'Автомобильная промышленность', 'Автосервис', 'Рабочий персонал, разное', 'Квалифицированный рабочий']",Москва,[],[],[],"Москва, Московская улица, 12",3408879,,менее 50,3.0,Стора,От 1 года,Полный рабочий день,Не имеет значения,55.669777,37.413429,https://www.superjob.ru/vakansii/avtoslesar-50368890.html
49261406,Инженер-электроник 1 категории (управления 453),250000,0,rub,"['IT, Интернет, связь, телеком', 'Промышленность, производство', 'Строительство, проектирование, недвижимость']","['Инжиниринг', 'Радиотехническая и электронная промышленность', 'Слаботочные системы и сети']",Москва,[],[],[],"Москва, 3-я Мытищинская улица, 16с37",4451620,,более 5000,14.0,РЕШЕТНЁВ,От 3 лет,Полный рабочий день,Высшее,55.805016,37.645653,https://www.superjob.ru/vakansii/inzhener-elektronik-1-kategorii-49261406.html
47767747,Радиомонтажник,60000,100000,rub,"['Промышленность, производство', 'Рабочий персонал']","['Приборостроение', 'Промышленное оборудование', 'Радиотехническая и электронная промышленность', 'Начало карьеры, мало опыта', 'Квалифицированный рабочий']",Москва,[],[],[],"Москва, Колодезный переулок, 2Ас1",3752863,,менее 50,2.0,ТОР,От 3 лет,Полный рабочий день,Не имеет значения,55.799046,37.6954,https://www.superjob.ru/vakansii/radiomontazhnik-47767747.html
50704773,Слесарь ВДГО,85000,160000,rub,"['Промышленность, производство', 'Рабочий персонал']","['Промышленное оборудование', 'Рабочий персонал, разное', 'Квалифицированный рабочий']",Москва,[],[],[],"Москва, Мрузовский переулок, 11с1",202378,,1000 — 5000,36.0,МОСГАЗ,Без опыта,Полный рабочий день,Среднее специальное,55.75745,37.667419,https://www.superjob.ru/vakansii/slesar-vdgo-50704773.html
50842523,Инженер по ремонту оборудования,0,0,rub,"['Промышленность, производство', 'Услуги, ремонт, сервисное обслуживание', 'Сырье']","['Промышленное оборудование', 'Автосервис', 'Телекоммуникационное оборудование и сети', 'Бытовая техника', 'Оборудование']",Москва,['Водный стадион'],['Замоскворецкая'],['green'],"Москва, Ленинградское шоссе, 58",2738853,,500 — 1000,11.0,Научно-исследовательский машиностроительный институт имени В. В. Бахирева,От 6 лет,Полный рабочий день,Не имеет значения,55.839527,37.48288,https://www.superjob.ru/vakansii/inzhener-po-remontu-oborudovaniya-50842523.html
50898106,Фрезеровщик ЧПУ / Оператор станков с ЧПУ,100000,0,rub,"['Промышленность, производство', 'Рабочий персонал']","['Промышленное оборудование', 'Рабочий персонал, разное', 'Квалифицированный рабочий']",Москва,"['Тушинская', 'Сходненская', 'Планерная', 'Строгино', 'Мякинино', 'Волоколамская', 'Митино', 'Пятницкое Шоссе', 'Трикотажная', 'Нахабино']","['МЦД2', 'Таганско-Краснопресненская', 'Таганско-Краснопресненская', 'Арбатско-Покровская', 'Арбатско-Покровская', 'МЦД2', 'Арбатско-Покровская', 'Арбатско-Покровская', 'МЦД2', 'МЦД2']","['fuchsia', 'violet', 'violet', 'darkblue', 'darkblue', 'fuchsia', 'darkblue', 'darkblue', 'fuchsia', 'fuchsia']","Московская область, городской округ Красногорск, посёлок городского типа Нахабино, Институтская улица, с1",4887986,,менее 50,4.0,СТЕНДЕКСЭКСПО,От 3 лет,Полный рабочий день,Не имеет значения,55.827847,37.195393,https://www.superjob.ru/vakansii/frezerovschik-chpu-50898106.html
50717440,"Ведущий инженер-исследователь, схемотехник",135000,0,rub,"['Промышленность, производство']","['Приборостроение', 'Радиотехническая и электронная промышленность']",Москва,['Алексеевская'],['Калужско-Рижская'],['orange'],"Москва, проспект Мира, 102к20",434884,,500 — 1000,5121.0,Импульс,От 1 года,Полный рабочий день,Высшее,55.800076,37.638458,https://www.superjob.ru/vakansii/veduschij-inzhener-issledovatel-50717440.html
50921733,Слесарь-механик,135000,0,rub,"['Промышленность, производство', 'Услуги, ремонт, сервисное обслуживание', 'Рабочий персонал']","['Автомобильная промышленность', 'Промышленное оборудование', 'Автосервис', 'Промышленное оборудование', 'Квалифицированный рабочий']",Москва,[],[],[],,2404481,,100 — 500,6.0,СК Система,От 1 года,Полный рабочий день,Не имеет значения,,,https://www.superjob.ru/vakansii/slesar-mehanik-50921733.html
51072879,Инженер,60000,70000,rub,"['Промышленность, производство', 'IT, Интернет, связь, телеком', 'Административная работа, секретариат, АХО']","['Машиностроение, станкостроение', 'Производство товаров народного потребления', 'Промышленное оборудование', 'Техническая документация', 'Ввод данных, систематизация']",Москва,[],[],[],"Москва, улица Зои и Александра Космодемьянских, 8к1",3107146,,менее 50,9.0,Академия управления МВД России,От 1 года,Полный рабочий день,Высшее,55.819599,37.506947,https://www.superjob.ru/vakansii/inzhener-51072879.html
44872532,Главный механик сектора по промышленной безопасности,117100,117100,rub,"['Услуги, ремонт, сервисное обслуживание', 'Топ-персонал', 'Промышленность, производство']","['Автосервис', 'Промышленное оборудование', 'Промышленность, производство, сельское хозяйство', 'Услуги, ремонт, сервисное обслуживание', 'Промышленная безопасность']",Москва,['Говорово'],['Калининско-Солнцевская'],['yellow'],"Москва, улица Терёшково, 3",220831,,более 5000,22.0,Московская объединенная энергетическая компания,От 3 лет,Полный рабочий день,Высшее,55.660488,37.405678,https://www.superjob.ru/vakansii/glavnyj-mehanik-sektora-po-promyshlennoj-bezopasnosti-44872532.html
51622814,Шлифовщик-полировщик,100000,130000,rub,"['Промышленность, производство', 'Рабочий персонал']","['Промышленное оборудование', 'Рабочий персонал, разное', 'Квалифицированный рабочий']",Москва,"['Перово', 'Андроновка', 'Нижегородская', 'Чухлинка']","['МЦД3', 'МЦД3', 'МЦД4', 'МЦД4']","['orangered', 'orangered', 'mediumaquamarine', 'mediumaquamarine']","Москва, 1-я Карачаровская улица, 8с1",431570,,50 — 100,3.0,СКС,От 1 года,Полный рабочий день,Не имеет значения,55.735909,37.754044,https://www.superjob.ru/vakansii/shlifovschik-polirovschik-51622814.html
51643289,Мастер по ремонту холодильного оборудования,118000,0,rub,"['Промышленность, производство', 'Услуги, ремонт, сервисное обслуживание', 'Рабочий персонал']","['Промышленное оборудование', 'Промышленное оборудование', 'Рабочий персонал, разное', 'Квалифицированный рабочий']",Москва,[],[],[],"Москва, Бирюлёвская улица, 38",400494,,более 5000,236.0,"КуулКлевер (МясновЪ, Отдохни)",От 1 года,Полный рабочий день,Не имеет значения,55.588535,37.662983,https://www.superjob.ru/vakansii/master-po-remontu-holodilnogo-oborudovaniya-51643289.html
51656200,Автослесарь по ремонту грузовых автомобилей,100000,120000,rub,"['Промышленность, производство', 'Услуги, ремонт, сервисное обслуживание']","['Автомобильная промышленность', 'Автосервис']",Москва,[],[],[],,3726411,,менее 50,4.0,СтройПроект-М,От 3 лет,Полный рабочий день,Не имеет значения,,,https://www.superjob.ru/vakansii/avtoslesar-po-remontu-gruzovyh-avtomobilej-51656200.html
12069934,Шлифовщик-полировщик ювелирных изделий,95000,0,rub,"['Промышленность, производство']",['Ювелирная промышленность'],Москва,['Водный стадион'],['Замоскворецкая'],['green'],"Москва, Смольная улица, 12",890003,,менее 50,0.0,Арт-Модерн,От 1 года,Полный рабочий день,Не имеет значения,55.849873,37.497387,https://www.superjob.ru/vakansii/shlifovschik-polirovschik-yuvelirnyh-izdelij-12069934.html
51680294,Начальник смены фармацевтического производства филиал,107000,107000,rub,"['Промышленность, производство']","['Полиграфическое производство', 'Пищевая промышленность', 'Производство алкогольных и безалкогольных напитков', 'Производство товаров народного потребления']",Москва,['Каширская'],['Большая кольцевая линия'],['cian'],"Москва, Каширское шоссе, 24с2",3637784,,менее 50,0.0,"""НМИЦ онкологии им. Н. Н. Блохина"" Минздрава России",От 1 года,Полный рабочий день,Не имеет значения,55.65522,37.644897,https://www.superjob.ru/vakansii/nachalnik-smeny-farmacevticheskogo-proizvodstva-filial-51680294.html
51700192,Препаратор (лаборатория клинической микробиологии),85869,0,rub,"['Промышленность, производство', 'Топ-персонал']","['Другое', 'Промышленность, производство, сельское хозяйство']",Москва,[],[],[],"Москва, Полимерная улица, 8",355437,,100 — 500,5115.0,ФБУН ЦНИИ Эпидемиологии Роспотребнадзора,Без опыта,Полный рабочий день,Не имеет значения,55.746059,37.799706,https://www.superjob.ru/vakansii/preparator-51700192.html
51790287,Механик по ремонту спецтехники,80000,150000,rub,"['Промышленность, производство', 'Услуги, ремонт, сервисное обслуживание', 'Рабочий персонал']","['Автомобильная промышленность', 'Сельскохозяйственная техника', 'Автосервис', 'Рабочий персонал, разное', 'Квалифицированный рабочий']",Москва,"['Лианозово', 'Физтех', 'Лианозово']","['МЦД1', 'Люблинско-Дмитровская', 'Люблинско-Дмитровская']","['darkorange', 'lime', 'lime']","Москва, Дмитровское шоссе, д. 165к1",4353589,,менее 50,340.0,Jobers,От 1 года,Полный рабочий день,Не имеет значения,55.914234,37.539616,https://www.superjob.ru/vakansii/mehanik-po-remontu-spectehniki-51790287.html
26560492,Менеджер по работе с клиентами в типографии,110000,140000,rub,"['СМИ, издательства', 'Промышленность, производство', 'Маркетинг, реклама, PR']","['Печатные издания', 'Издательская деятельность', 'Полиграфическое производство', 'Наружная реклама', 'Печатная реклама']",Москва,['Румянцево'],['Сокольническая'],['red'],"Москва, Сокольническая линия, метро Румянцево",705817,,менее 50,2.0,Студия 3Графика,От 1 года,Полный рабочий день,Не имеет значения,55.633026,37.441402,https://www.superjob.ru/vakansii/menedzher-po-rabote-s-klientami-v-tipografii-26560492.html
51801662,Повар (ночь) в пищевой цех,97110,129480,rub,"['Промышленность, производство']",['Пищевая промышленность'],Москва,['Марьино'],['Люблинско-Дмитровская'],['lime'],Москва,174527,,1000 — 5000,0.0,Теремок - Инвест,Без опыта,Полный рабочий день,Не имеет значения,55.755863,37.617699,https://www.superjob.ru/vakansii/povar-51801662.html
51822842,Ведущий инженер-конструктор по фасадам (СПК и НВФ),180000,0,rub,"['Промышленность, производство']","['Производство товаров народного потребления', 'Промышленное оборудование']",Москва,[],[],[],"Москва, Бумажный проезд, 14с1",4958390,,менее 50,1.0,Проект Фасад,От 3 лет,Полный рабочий день,Не имеет значения,55.791252,37.587543,https://www.superjob.ru/vakansii/veduschij-inzhener-konstruktor-po-fasadam-51822842.html
51824493,Пекарь,0,84500,rub,"['Туризм, гостиницы, общественное питание', 'Промышленность, производство']","['Рестораны, кафе, столовые, фастфуд', 'Пищевая промышленность']",Москва,"['Рязанский проспект', 'Нижегородская']","['Таганско-Краснопресненская', 'МЦД4']","['violet', 'mediumaquamarine']","Россия, г Москва, Рязанский пр-кт, д 2",154882,,более 5000,605.0,Ашан,Без опыта,Полный рабочий день,Не имеет значения,55.73037,37.737316,https://www.superjob.ru/vakansii/pekar-51824493.html
28525606,Инженер слаботочных систем / Инженер АСУ ТП,115000,0,rub,"['Промышленность, производство', 'Строительство, проектирование, недвижимость']","['Приборостроение', 'Радиотехническая и электронная промышленность', 'Слаботочные системы и сети']",Москва,['Бульвар Рокоссовского'],['МЦК'],['lightpink'],"Москва, Бойцовая улица, 27",2305584,,менее 50,4.0,Бошняга Игорь Федорович,От 3 лет,Полный рабочий день,Высшее,55.815933,37.724068,https://www.superjob.ru/vakansii/inzhener-slabotochnyh-sistem-28525606.html
51840603,Повар универсал,100000,130000,rub,"['Туризм, гостиницы, общественное питание', 'Промышленность, производство']","['Рестораны, кафе, столовые, фастфуд', 'Пищевая промышленность']",Москва,['Аэропорт'],['Замоскворецкая'],['green'],"Москва, Ленинградский проспект, 39с14",4960485,,менее 50,0.0,РУЖИЦКАЯ В. В.,От 1 года,Полный рабочий день,Не имеет значения,55.796673,37.538879,https://www.superjob.ru/vakansii/povar-universal-51840603.html
51845655,Упаковщик на мясное производство,89400,0,rub,"['Промышленность, производство', 'Рабочий персонал']","['Другое', 'Рабочий персонал, разное']",Москва,['Озёрная'],['Калининско-Солнцевская'],['yellow'],"Москва, Рябиновая улица, 45",74315,,более 5000,160.0,Азбука вкуса,Без опыта,Полный рабочий день,Не имеет значения,55.69762,37.424137,https://www.superjob.ru/vakansii/upakovschik-na-myasnoe-proizvodstvo-51845655.html
51854000,Слесарь КИПиА,110000,120000,rub,"['Промышленность, производство', 'Строительство, проектирование, недвижимость', 'Рабочий персонал']","['Промышленное оборудование', 'Слаботочные системы и сети', 'Квалифицированный рабочий']",Москва,[],[],[],"Москва, улица Бутлерова, 17Б",3384548,,менее 50,1.0,ГК ЖКХ Ресурс,От 3 лет,Полный рабочий день,Не имеет значения,55.648212,37.540855,https://www.superjob.ru/vakansii/slesar-kipia-51854000.html
51859237,Старший смены собственного производства в Гипермаркет Магнит,104700,114000,rub,"['Промышленность, производство']",['Другое'],Москва,[],[],[],"Москва, Бартеневская, 12",280168,,более 5000,18164.0,"Магнит, Розничная сеть",От 1 года,Полный рабочий день,Не имеет значения,55.551628,37.528072,https://www.superjob.ru/vakansii/starshij-smeny-sobstvennogo-proizvodstva-v-gipermarket-magnit-51859237.html
51854730,Токарь,110000,145000,rub,"['Промышленность, производство', 'Рабочий персонал']","['Радиотехническая и электронная промышленность', 'Ракетно-космическая отрасль', 'Производство металлических изделий и заготовок', 'Рабочий персонал, разное', 'Квалифицированный рабочий']",Москва,[],[],[],,542741,,более 5000,10.0,Российские космические системы,От 3 лет,Полный рабочий день,Среднее специальное,,,https://www.superjob.ru/vakansii/tokar-51854730.html
31286262,Слесарь по ремонту автомобилей,85000,0,rub,"['Строительство, проектирование, недвижимость', 'Промышленность, производство', 'Услуги, ремонт, сервисное обслуживание', 'Рабочий персонал']","['ЖКХ', 'Автомобильная промышленность', 'Автосервис', 'Квалифицированный рабочий']",Москва,"['Таганская', 'Калитники']","['Таганско-Краснопресненская', 'МЦД2']","['violet', 'fuchsia']","Москва, Автомобильный проезд, 17",3001761,,1000 — 5000,21.0,Автомобильные дороги Центрального административного округа г. Москвы,От 1 года,Полный рабочий день,Среднее специальное,55.729183,37.707108,https://www.superjob.ru/vakansii/slesar-po-remontu-avtomobilej-31286262.html
45855920,Лаборант (лаборатории контроля качества),80000,80000,rub,"['Медицина, фармацевтика, ветеринария', 'Строительство, проектирование, недвижимость', 'Промышленность, производство']","['Больницы, поликлиники, диагностические центры, лаборатории', 'Начало карьеры, мало опыта', 'Начало карьеры, мало опыта']",Москва,"['Каховская', 'Нахимовский проспект']","['Большая кольцевая линия', 'Серпуховско-Тимирязевская']","['cian', 'gray']","Москва, Симферопольский бульвар, 8",4112170,,менее 50,1.0,"Научно-производственный центр ""ФОКС и Ко""",От 1 года,Полный рабочий день,Среднее специальное,55.658497,37.606091,https://www.superjob.ru/vakansii/laborant-45855920.html
50863942,Пекарь-кондитер (на производство),114000,171000,rub,"['Туризм, гостиницы, общественное питание', 'Промышленность, производство']","['Рестораны, кафе, столовые, фастфуд', 'Пищевая промышленность']",Москва,['Озёрная'],['Калининско-Солнцевская'],['yellow'],,1989605,,100 — 500,81.0,Консул медиа,Без опыта,Полный рабочий день,Не имеет значения,,,https://www.superjob.ru/vakansii/pekar-konditer-50863942.html
50970612,"Пекарь (Москва, Криворожская, 29)",80000,100000,rub,"['Туризм, гостиницы, общественное питание', 'Промышленность, производство']","['Рестораны, кафе, столовые, фастфуд', 'Пищевая промышленность']",Москва,[],[],[],,2635306,,более 5000,45940.0,Пятёрочка,Не имеет значения,Частичная занятость / Совместительство,Не имеет значения,,,https://www.superjob.ru/vakansii/pekar-50970612.html
50973042,"Пекарь (Москва, Старобитцевская, 21А)",67320,91341,rub,"['Туризм, гостиницы, общественное питание', 'Промышленность, производство']","['Рестораны, кафе, столовые, фастфуд', 'Пищевая промышленность']",Москва,[],[],[],,2635306,,более 5000,45940.0,Пятёрочка,Не имеет значения,Частичная занятость / Совместительство,Не имеет значения,,,https://www.superjob.ru/vakansii/pekar-50973042.html
51789606,Сервисный инженер по упаковочному оборудованию,200000,0,rub,"['Промышленность, производство', 'Сырье']","['Приборостроение', 'Промышленное оборудование', 'Оборудование']",Москва,[],[],[],"Москва, улица Радио, 24к1",2312905,,менее 50,1.0,Машинариум,От 6 лет,Полный рабочий день,Высшее,55.761837,37.68322,https://www.superjob.ru/vakansii/servisnyj-inzhener-po-upakovochnomu-oborudovaniyu-51789606.html
51794929,Мастер цеха СТО,100000,250000,rub,"['Промышленность, производство', 'Рабочий персонал']","['Другое', 'Рабочий персонал, разное']",Москва,[],[],[],"г Москва, Дмитровское шоссе, д 163 стр 1",3797376,,менее 50,337.0,JOBCART.RU,От 1 года,Полный рабочий день,Не имеет значения,55.911362,37.538422,https://www.superjob.ru/vakansii/master-ceha-sto-51794929.html
51808745,Пекарь,75000,90000,rub,"['Туризм, гостиницы, общественное питание', 'Промышленность, производство']","['Рестораны, кафе, столовые, фастфуд', 'Пищевая промышленность']",Москва,[],[],[],"Москва, Братьев Весниных, 2",4311,,более 5000,3349.0,Перекресток,Без опыта,Полный рабочий день,Среднее специальное,55.698807,37.638531,https://www.superjob.ru/vakansii/pekar-51808745.html
51826937,Метролог,90000,0,rub,"['Промышленность, производство']","['Промышленное оборудование', 'Контроль качества, сертификация, экспертиза']",Москва,['Новопеределкино'],['МЦД4'],['mediumaquamarine'],"Москва, Новоорловская улица, 3/1",0,,,,,От 1 года,Полный рабочий день,Не имеет значения,55.6362,37.372494,https://www.superjob.ru/vakansii/metrolog-51826937.html
51850492,Инженер-металлург,90000,110000,rub,"['Промышленность, производство']",['Металлургия'],Москва,[],[],[],"Москва, Большая Семёновская улица, 49",4961417,,менее 50,1.0,TOOLDIRECT,От 3 лет,Полный рабочий день,Не имеет значения,55.781677,37.715649,https://www.superjob.ru/vakansii/inzhener-metallurg-51850492.html
51870185,Младший повар в отдел мучных изделий,0,70000,rub,"['Туризм, гостиницы, общественное питание', 'Промышленность, производство']","['Рестораны, кафе, столовые, фастфуд', 'Пищевая промышленность']",Москва,['Крымская'],['МЦК'],['lightpink'],"г Москва, проспект Севастопольский, д. 3А. 3А",0,,,,,Без опыта,Сменный график работы,Не имеет значения,55.691135,37.614319,https://www.superjob.ru/vakansii/mladshij-povar-v-otdel-muchnyh-izdelij-51870185.html
27552121,Слесарь по обслуживанию тепловых сетей 4 разряда,70000,0,rub,"['Промышленность, производство']",['Энергетика'],Москва,[],[],[],"Москва, Южный административный округ, район Царицыно",220831,,более 5000,22.0,Московская объединенная энергетическая компания,Без опыта,Полный рабочий день,Не имеет значения,55.629154,37.662651,https://www.superjob.ru/vakansii/slesar-po-obsluzhivaniyu-teplovyh-setej-4-razryada-27552121.html
11119106,Печатник офсетной печати,110000,0,rub,"['Промышленность, производство']",['Полиграфическое производство'],Москва,"['Бульвар Рокоссовского', 'Черкизовская', 'Щёлковская']","['МЦК', 'Сокольническая', 'Арбатско-Покровская']","['lightpink', 'red', 'darkblue']","Москва, 1-й Иртышский проезд, 8с1",177661,,50 — 100,3.0,"Типография ""Глобус""",От 1 года,Сменный график работы,Не имеет значения,55.813793,37.758392,https://www.superjob.ru/vakansii/pechatnik-ofsetnoj-pechati-11119106.html
35009854,Кондитер,0,137931,rub,"['Туризм, гостиницы, общественное питание', 'Промышленность, производство']","['Рестораны, кафе, столовые, фастфуд', 'Пищевая промышленность']",Москва,['Молодёжная'],['Арбатско-Покровская'],['darkblue'],"Московская область, Одинцовский городской округ, село Немчиновка, Хорошёвский проезд, 14",3551066,,более 5000,43.0,Твой Дом,Без опыта,Сменный график работы,Не имеет значения,55.720417,37.378792,https://www.superjob.ru/vakansii/konditer-35009854.html
48234968,Инженер электролаборатории,100000,0,rub,"['Строительство, проектирование, недвижимость', 'Промышленность, производство']","['Электроснабжение', 'Приборостроение', 'Радиотехническая и электронная промышленность', 'Ракетно-космическая отрасль', 'Робототехника']",Москва,['Академическая'],['Калужско-Рижская'],['orange'],"Москва, улица Кедрова, 14к2",2404481,,100 — 500,6.0,СК Система,От 3 лет,Полный рабочий день,Высшее,55.682991,37.572083,https://www.superjob.ru/vakansii/inzhener-elektrolaboratorii-48234968.html
46546777,Маляр порошковой покраски,100000,110000,rub,"['Промышленность, производство']",['Производство металлических изделий и заготовок'],Москва,[],[],[],"Москва, 1-я Карачаровская улица, 8с3",431570,,50 — 100,3.0,СКС,От 1 года,Сменный график работы,Не имеет значения,55.735882,37.756165,https://www.superjob.ru/vakansii/malyar-poroshkovoj-pokraski-46546777.html
49733931,Инженер по транспорту,70000,0,rub,"['Промышленность, производство', 'Услуги, ремонт, сервисное обслуживание']","['Автомобильная промышленность', 'Железнодорожное машиностроение', 'Судостроение', 'Автосервис']",Москва,"['Аннино', 'Бульвар Дмитрия Донского']","['Серпуховско-Тимирязевская', 'Серпуховско-Тимирязевская']","['gray', 'gray']","Москва, Мелитопольская улица, 8",24345,,1000 — 5000,8914.0,«Группа ГУТА»,От 1 года,Полный рабочий день,Не имеет значения,55.58786,37.623341,https://www.superjob.ru/vakansii/inzhener-po-transportu-49733931.html
50375014,Инженер-технолог,0,0,rub,"['Промышленность, производство']","['Машиностроение, станкостроение', 'Промышленное оборудование']",Москва,['Тушинская'],['МЦД2'],['fuchsia'],"Москва, проезд Стратонавтов, 5",4230892,,500 — 1000,7.0,Акционерное общество «Государственное машиностроительное конструкторское бюро «Вымпел» им. И. И. Торопова»,От 3 лет,Полный рабочий день,Высшее,55.826073,37.441135,https://www.superjob.ru/vakansii/inzhener-tehnolog-50375014.html
49260975,Инженер-электроник 2 категории (управления 453),200000,0,rub,"['IT, Интернет, связь, телеком', 'Промышленность, производство', 'Строительство, проектирование, недвижимость']","['Инжиниринг', 'Радиотехническая и электронная промышленность', 'Слаботочные системы и сети']",Москва,[],[],[],"Москва, 3-я Мытищинская улица, 16с37",4451620,,более 5000,14.0,РЕШЕТНЁВ,От 1 года,Полный рабочий день,Высшее,55.805016,37.645653,https://www.superjob.ru/vakansii/inzhener-elektronik-2-kategorii-49260975.html
50765848,Инженер-технолог (Гербер-файлы),140000,0,rub,"['Промышленность, производство']","['Приборостроение', 'Радиотехническая и электронная промышленность']",Москва,['Алексеевская'],['Калужско-Рижская'],['orange'],"Москва, проспект Мира, 102с23",434884,,500 — 1000,5121.0,Импульс,От 1 года,Полный рабочий день,Высшее,55.800903,37.637211,https://www.superjob.ru/vakansii/inzhener-tehnolog-50765848.html
51073565,Инженер,60000,70000,rub,"['Строительство, проектирование, недвижимость', 'Промышленность, производство']","['Строительно-монтажные работы', 'Технический надзор, строительная экспертиза / ПТО', 'Производство стройматериалов', 'Производство товаров народного потребления', 'Контроль качества, сертификация, экспертиза']",Москва,['Войковская'],['Замоскворецкая'],['green'],"Москва, улица Зои и Александра Космодемьянских, 8к1",3107146,,менее 50,9.0,Академия управления МВД России,От 1 года,Полный рабочий день,Высшее,55.819599,37.506947,https://www.superjob.ru/vakansii/inzhener-51073565.html
51156861,"Слесарь ЭРГО (4, 5 разряд)",95000,0,rub,"['Промышленность, производство', 'Услуги, ремонт, сервисное обслуживание', 'Рабочий персонал', 'Строительство, проектирование, недвижимость']","['Промышленное оборудование', 'Промышленное оборудование', 'Рабочий персонал, разное', 'Квалифицированный рабочий', 'Газоснабжение']",Москва,"['Курская', 'Чкаловская']","['МЦД4', 'Люблинско-Дмитровская']","['mediumaquamarine', 'lime']","Москва, Нижний Сусальный переулок, 5с24",202378,,1000 — 5000,36.0,МОСГАЗ,Без опыта,Полный рабочий день,Среднее специальное,55.761623,37.664516,https://www.superjob.ru/vakansii/slesar-ergo-51156861.html
51668135,Упаковщик на мясное производство,72000,86400,rub,"['Промышленность, производство', 'Рабочий персонал']","['Другое', 'Рабочий персонал, разное']",Москва,"['Орехово', 'Царицыно', 'Красный Строитель']","['Замоскворецкая', 'МЦД2', 'МЦД2']","['green', 'fuchsia', 'fuchsia']","Москва, Бирюлёвская улица, 38с3",400494,,более 5000,236.0,"КуулКлевер (МясновЪ, Отдохни)",Без опыта,Полный рабочий день,Не имеет значения,55.588043,37.664078,https://www.superjob.ru/vakansii/upakovschik-na-myasnoe-proizvodstvo-51668135.html
51692409,"Продавец-кассир в магазин, продавец консультант в магазин",68000,75000,rub,"['Промышленность, производство']",['Атомная энергетика'],Москва,[],[],[],"Москва, Щёлковское шоссе, 26Б",75401,,более 5000,3198.0,"""БЭСТ ПРАЙС"" / Fix Price",Без опыта,Полный рабочий день,Не имеет значения,55.809204,37.780903,https://www.superjob.ru/vakansii/prodavec-kassir-v-magazin-51692409.html
47179124,Инженер-конструктор РЭА,0,0,rub,"['Промышленность, производство']","['Приборостроение', 'Радиотехническая и электронная промышленность']",Москва,[],[],[],"Москва, улица Мнёвники, 6",692390,,менее 50,7.0,Центр Новых Технологий,От 3 лет,Полный рабочий день,Высшее,55.773926,37.49752,https://www.superjob.ru/vakansii/inzhener-konstruktor-rea-47179124.html
51784895,Радиоинженер / Наладчик РЭА и КИПа лаб. 24,80000,0,rub,"['Промышленность, производство', 'Рабочий персонал']","['Приборостроение', 'Промышленное оборудование', 'Радиотехническая и электронная промышленность', 'Квалифицированный рабочий']",Москва,[],[],[],"Москва, Алтуфьевское шоссе, 79Ас2",289488,,100 — 500,5.0,Союзцветметавтоматика им. Топчаева В. П.,От 1 года,Полный рабочий день,Высшее,55.882687,37.585224,https://www.superjob.ru/vakansii/radioinzhener-51784895.html
51785202,Ведущий инженер-технолог (машиностроение),0,0,rub,"['Промышленность, производство']",['Промышленное оборудование'],Москва,[],[],[],"Москва, 2-я Мытищинская улица, 2с1",2601139,,100 — 500,2.0,НПО Гидромаш,От 6 лет,Полный рабочий день,Не имеет значения,55.795959,37.64257,https://www.superjob.ru/vakansii/veduschij-inzhener-tehnolog-51785202.html
51801653,Грузчик на производство,92032,122712,rub,"['Транспорт, логистика, ВЭД', 'Промышленность, производство']","['Складское хозяйство', 'Другое']",Москва,['ЗИЛ'],['МЦК'],['lightpink'],,174527,,1000 — 5000,0.0,Теремок - Инвест,Без опыта,Полный рабочий день,Не имеет значения,,,https://www.superjob.ru/vakansii/gruzchik-na-proizvodstvo-51801653.html
51833774,Фасовщик в отдел Гастрономия,67100,84200,rub,"['Промышленность, производство']",['Пищевая промышленность'],Москва,"['Выхино', 'Рязанский проспект', 'Люблино', 'Лермонтовский проспект', 'Жулебино', 'Котельники', 'Косино', 'Юго-Восточная', 'Ухтомская', 'Люберцы']","['МЦД3', 'Таганско-Краснопресненская', 'Люблинско-Дмитровская', 'Таганско-Краснопресненская', 'Таганско-Краснопресненская', 'Таганско-Краснопресненская', 'МЦД3', 'Некрасовская', 'МЦД3', 'МЦД3']","['orangered', 'violet', 'lime', 'violet', 'violet', 'violet', 'orangered', 'hotpink', 'orangered', 'orangered']","Московская область, Котельники, 1-й Покровский проезд, 5",154882,,более 5000,605.0,Ашан,Без опыта,Полный рабочий день,Не имеет значения,55.653297,37.844215,https://www.superjob.ru/vakansii/fasovschik-v-otdel-gastronomiya-51833774.html
51836439,Инженер-конструктор (по станочному и подъемному оборудованию),197800,0,rub,"['Промышленность, производство']","['Авиационная промышленность', 'Машиностроение, станкостроение', 'Приборостроение', 'Промышленное оборудование', 'Энергомашиностроение']",Москва,['Курская'],['МЦД4'],['mediumaquamarine'],,2806048,,500 — 1000,18.0,Плутон,От 3 лет,Полный рабочий день,Высшее,,,https://www.superjob.ru/vakansii/inzhener-konstruktor-51836439.html
51797836,Ведущий специалист по обеспечению качества (фармацевтическое производство),0,0,rub,"['Промышленность, производство']","['Контроль качества, сертификация, экспертиза']",Москва,"['Юго-Западная', 'Коньково', 'Университет Дружбы Народов']","['Сокольническая', 'Калужско-Рижская', 'Троицкая']","['red', 'orange', 'darkspringgreen']","Москва, улица Академика Опарина, 4",2081428,,1000 — 5000,46.0,"ФГБУ ""НМИЦ AГП им. В. И. Кулакова"" Минздрава России",От 3 лет,Полный рабочий день,Высшее,55.644421,37.500191,https://www.superjob.ru/vakansii/veduschij-specialist-po-obespecheniyu-kachestva-51797836.html
51838540,Дежурный электромонтер,65000,0,rub,"['Строительство, проектирование, недвижимость', 'Промышленность, производство', 'Рабочий персонал']","['Эксплуатация зданий', 'Электроснабжение', 'Энергетика', 'Квалифицированный рабочий']",Москва,[],[],[],"Москва, 1-й Котляковский переулок, 13",1985781,,500 — 1000,1.0,Группа компаний Elis,От 1 года,Полный рабочий день,Не имеет значения,55.643429,37.643093,https://www.superjob.ru/vakansii/dezhurnyj-elektromonter-51838540.html
51838842,Сварщики 4-6 разряд,135000,235000,rub,"['Строительство, проектирование, недвижимость', 'Промышленность, производство']","['Строительно-монтажные работы', 'Трубопроводы', 'Атомная энергетика']",Москва,[],[],[],,970633,,более 5000,2342.0,Трест Росспецэнергомонтаж,От 1 года,Полный рабочий день,Не имеет значения,,,https://www.superjob.ru/vakansii/svarschiki-4-6-razryad-51838842.html
51838902,Упаковщик-фасовщик на косметическое производство,112800,0,rub,"['Промышленность, производство', 'Рабочий персонал']","['Другое', 'Рабочий персонал, разное']",Москва,[],[],[],,4263892,,менее 50,50.0,Диал,Без опыта,Работа вахтовым методом,Не имеет значения,,,https://www.superjob.ru/vakansii/upakovschik-fasovschik-na-kosmeticheskoe-proizvodstvo-51838902.html
51845607,Повар с опытом (Полежаевская),6300,0,rub,"['Промышленность, производство']",['Пищевая промышленность'],Москва,"['Беговая', 'Полежаевская', 'Октябрьское поле', 'Народное ополчение']","['МЦД1', 'Таганско-Краснопресненская', 'Таганско-Краснопресненская', 'Большая кольцевая линия']","['darkorange', 'violet', 'violet', 'cian']",,74315,,более 5000,160.0,Азбука вкуса,От 1 года,Полный рабочий день,Не имеет значения,,,https://www.superjob.ru/vakansii/povar-s-opytom-51845607.html
51846854,Продавец магазина Магнит,63100,87600,rub,"['Строительство, проектирование, недвижимость', 'Промышленность, производство']","['Управление недвижимостью', 'Авиационная промышленность']",Москва,[],[],[],"Москва, Рязанский проспект, 33",280168,,более 5000,18164.0,"Магнит, Розничная сеть",Не имеет значения,Полный рабочий день,Не имеет значения,55.729645,37.750748,https://www.superjob.ru/vakansii/prodavec-magazina-magnit-51846854.html
51852668,Сантехник-сварщик,70000,100000,rub,"['Строительство, проектирование, недвижимость', 'Промышленность, производство', 'Рабочий персонал']","['Водоснабжение, канализация', 'Машиностроение, станкостроение', 'Производство металлических изделий и заготовок', 'Рабочий персонал, разное', 'Квалифицированный рабочий']",Москва,"['Рассказовка', 'Филатов Луг']","['Калининско-Солнцевская', 'Сокольническая']","['yellow', 'red']","Москва, Новомосковский административный округ, Филимонковский район, Московский, 1-й микрорайон, 23Г",4408618,,менее 50,2.0,УК АНЕМОН,От 1 года,Полный рабочий день,Не имеет значения,55.603439,37.355812,https://www.superjob.ru/vakansii/santehnik-svarschik-51852668.html
32089772,Лифтер грузового лифта,60000,0,rub,"['Промышленность, производство']",['Промышленное оборудование'],Москва,"['Кунцевская', 'Славянский бульвар', 'Озёрная']","['МЦД1', 'МЦД1', 'Калининско-Солнцевская']","['darkorange', 'darkorange', 'yellow']","Москва, Рябиновая улица, 47с1",2868691,,50 — 100,4.0,Мосхладокомбинат № 14,От 1 года,Сменный график работы,Не имеет значения,55.695915,37.424904,https://www.superjob.ru/vakansii/lifter-gruzovogo-lifta-32089772.html
51854466,Пекарь,3630,0,rub,"['Туризм, гостиницы, общественное питание', 'Промышленность, производство']","['Рестораны, кафе, столовые, фастфуд', 'Пищевая промышленность']",Москва,['Алма-Атинская'],['Замоскворецкая'],['green'],"Москва, улица Борисовские Пруды, 26к2",4928007,,менее 50,26.0,ТОРГГРУПП,Без опыта,Полный рабочий день,Не имеет значения,55.638954,37.759148,https://www.superjob.ru/vakansii/pekar-51854466.html
51854771,Инженер в плановый отдел производства,70000,95000,rub,"['Промышленность, производство']","['Машиностроение, станкостроение', 'Радиотехническая и электронная промышленность', 'Ракетно-космическая отрасль', 'Контроль качества, сертификация, экспертиза']",Москва,['Авиамоторная'],['МЦД3'],['orangered'],"Москва, Авиамоторная улица, 53к2",542741,,более 5000,10.0,Российские космические системы,От 1 года,Полный рабочий день,Не имеет значения,55.746204,37.722767,https://www.superjob.ru/vakansii/inzhener-v-planovyj-otdel-proizvodstva-51854771.html
48264000,Пекарь,80000,100000,rub,"['Туризм, гостиницы, общественное питание', 'Промышленность, производство', 'Продажи']","['Рестораны, кафе, столовые, фастфуд', 'Пищевая промышленность', 'Начало карьеры, мало опыта']",Москва,[],[],[],"Москва, Медынская, 7",2635306,,более 5000,45940.0,Пятёрочка,От 1 года,Частичная занятость / Совместительство,Не имеет значения,55.586411,37.648212,https://www.superjob.ru/vakansii/pekar-48264000.html
48768988,Пекарь,80000,100000,rub,"['Туризм, гостиницы, общественное питание', 'Промышленность, производство']","['Рестораны, кафе, столовые, фастфуд', 'Пищевая промышленность']",Москва,[],[],[],"Москва, Маршала Рыбалко, 5",2635306,,более 5000,45940.0,Пятёрочка,Не имеет значения,Частичная занятость / Совместительство,Не имеет значения,55.79649,37.493038,https://www.superjob.ru/vakansii/pekar-48768988.html
48772771,Пекарь,81000,100000,rub,"['Туризм, гостиницы, общественное питание', 'Промышленность, производство']","['Рестораны, кафе, столовые, фастфуд', 'Пищевая промышленность']",Москва,[],[],[],"Москва, Ферганская, 6",2635306,,более 5000,45940.0,Пятёрочка,Не имеет значения,Частичная занятость / Совместительство,Не имеет значения,55.708042,37.801178,https://www.superjob.ru/vakansii/pekar-48772771.html
48776602,Пекарь,80000,100000,rub,"['Туризм, гостиницы, общественное питание', 'Промышленность, производство', 'Продажи']","['Рестораны, кафе, столовые, фастфуд', 'Пищевая промышленность', 'Начало карьеры, мало опыта']",Москва,[],[],[],"Москва, Люблинская, 108А",2635306,,более 5000,45940.0,Пятёрочка,От 1 года,Частичная занятость / Совместительство,Не имеет значения,55.651234,37.741234,https://www.superjob.ru/vakansii/pekar-48776602.html
48779425,Пекарь,80000,100000,rub,"['Туризм, гостиницы, общественное питание', 'Промышленность, производство', 'Продажи']","['Рестораны, кафе, столовые, фастфуд', 'Пищевая промышленность', 'Начало карьеры, мало опыта']",Москва,[],[],[],"Москва, Неманский, 1",2635306,,более 5000,45940.0,Пятёрочка,Не имеет значения,Частичная занятость / Совместительство,Не имеет значения,55.815884,37.393982,https://www.superjob.ru/vakansii/pekar-48779425.html
50564823,Пекарь,80000,100000,rub,"['Туризм, гостиницы, общественное питание', 'Промышленность, производство']","['Рестораны, кафе, столовые, фастфуд', 'Пищевая промышленность']",Москва,[],[],[],"Москва, Мира, 131",2635306,,более 5000,45940.0,Пятёрочка,Не имеет значения,Частичная занятость / Совместительство,Не имеет значения,55.832134,37.650551,https://www.superjob.ru/vakansii/pekar-50564823.html
50575062,Пекарь,80000,100000,rub,"['Туризм, гостиницы, общественное питание', 'Промышленность, производство', 'Продажи']","['Рестораны, кафе, столовые, фастфуд', 'Пищевая промышленность', 'Начало карьеры, мало опыта']",Москва,[],[],[],"Москва, Дегунинская, 10",2635306,,более 5000,45940.0,Пятёрочка,От 1 года,Частичная занятость / Совместительство,Не имеет значения,55.865475,37.537647,https://www.superjob.ru/vakansii/pekar-50575062.html
50587764,Пекарь,80000,100000,rub,"['Туризм, гостиницы, общественное питание', 'Промышленность, производство']","['Рестораны, кафе, столовые, фастфуд', 'Пищевая промышленность']",Москва,[],[],[],"Москва, Салтыковская, 31",2635306,,более 5000,45940.0,Пятёрочка,Не имеет значения,Частичная занятость / Совместительство,Не имеет значения,55.739948,37.874542,https://www.superjob.ru/vakansii/pekar-50587764.html
50596624,Пекарь,80000,100000,rub,"['Туризм, гостиницы, общественное питание', 'Промышленность, производство']","['Рестораны, кафе, столовые, фастфуд', 'Пищевая промышленность']",Москва,[],[],[],"Москва, Максимова, 18",2635306,,более 5000,45940.0,Пятёрочка,Не имеет значения,Частичная занятость / Совместительство,Не имеет значения,55.796692,37.464985,https://www.superjob.ru/vakansii/pekar-50596624.html
50598585,Пекарь,80000,100000,rub,"['Туризм, гостиницы, общественное питание', 'Промышленность, производство', 'Продажи']","['Рестораны, кафе, столовые, фастфуд', 'Пищевая промышленность', 'Начало карьеры, мало опыта']",Москва,[],[],[],"Москва, Полярная, 21",2635306,,более 5000,45940.0,Пятёрочка,От 1 года,Частичная занятость / Совместительство,Не имеет значения,55.879421,37.634605,https://www.superjob.ru/vakansii/pekar-50598585.html
50606252,Пекарь,80000,100000,rub,"['Туризм, гостиницы, общественное питание', 'Промышленность, производство']","['Рестораны, кафе, столовые, фастфуд', 'Пищевая промышленность']",Москва,[],[],[],"Москва, Юрловский, 13",2635306,,более 5000,45940.0,Пятёрочка,Не имеет значения,Частичная занятость / Совместительство,Не имеет значения,55.867916,37.62244,https://www.superjob.ru/vakansii/pekar-50606252.html
50614103,Пекарь,80000,100000,rub,"['Туризм, гостиницы, общественное питание', 'Промышленность, производство']","['Рестораны, кафе, столовые, фастфуд', 'Пищевая промышленность']",Москва,[],[],[],"Москва, Башиловская, 12",2635306,,более 5000,45940.0,Пятёрочка,Не имеет значения,Частичная занятость / Совместительство,Не имеет значения,55.797119,37.576996,https://www.superjob.ru/vakansii/pekar-50614103.html
50619653,"Пекарь (Москва, Горбунова, 7)",80000,100000,rub,"['Туризм, гостиницы, общественное питание', 'Промышленность, производство']","['Рестораны, кафе, столовые, фастфуд', 'Пищевая промышленность']",Москва,[],[],[],"Москва, Горбунова, 2",2635306,,более 5000,45940.0,Пятёрочка,Не имеет значения,Частичная занятость / Совместительство,Не имеет значения,55.72517,37.396282,https://www.superjob.ru/vakansii/pekar-50619653.html
50619655,Пекарь,80000,100000,rub,"['Туризм, гостиницы, общественное питание', 'Промышленность, производство']","['Рестораны, кафе, столовые, фастфуд', 'Пищевая промышленность']",Москва,[],[],[],"Москва, Кулакова, 16",2635306,,более 5000,45940.0,Пятёрочка,Не имеет значения,Частичная занятость / Совместительство,Не имеет значения,55.806934,37.393848,https://www.superjob.ru/vakansii/pekar-50619655.html
50645349,Пекарь,80000,100000,rub,"['Туризм, гостиницы, общественное питание', 'Промышленность, производство', 'Продажи']","['Рестораны, кафе, столовые, фастфуд', 'Пищевая промышленность', 'Начало карьеры, мало опыта']",Москва,[],[],[],"Москва, Тагильская, 3",2635306,,более 5000,45940.0,Пятёрочка,От 1 года,Частичная занятость / Совместительство,Не имеет значения,55.81665,37.757637,https://www.superjob.ru/vakansii/pekar-50645349.html
50706007,Пекарь,80000,100000,rub,"['Туризм, гостиницы, общественное питание', 'Промышленность, производство', 'Продажи']","['Рестораны, кафе, столовые, фастфуд', 'Пищевая промышленность', 'Начало карьеры, мало опыта']",Москва,[],[],[],"Москва, Михалковская, 52",2635306,,более 5000,45940.0,Пятёрочка,От 1 года,Частичная занятость / Совместительство,Не имеет значения,55.838375,37.510826,https://www.superjob.ru/vakansii/pekar-50706007.html
50718284,Пекарь,67000,86000,rub,"['Туризм, гостиницы, общественное питание', 'Промышленность, производство', 'Продажи']","['Рестораны, кафе, столовые, фастфуд', 'Пищевая промышленность', 'Начало карьеры, мало опыта']",Москва,[],[],[],"Москва, Прокшинский, 7",2635306,,более 5000,45940.0,Пятёрочка,От 1 года,Частичная занятость / Совместительство,Не имеет значения,55.592007,37.430939,https://www.superjob.ru/vakansii/pekar-50718284.html
50738243,Пекарь,80000,100000,rub,"['Туризм, гостиницы, общественное питание', 'Промышленность, производство']","['Рестораны, кафе, столовые, фастфуд', 'Пищевая промышленность']",Москва,[],[],[],"Москва, Таллинская, 26",2635306,,более 5000,45940.0,Пятёрочка,Не имеет значения,Частичная занятость / Совместительство,Не имеет значения,55.799881,37.407627,https://www.superjob.ru/vakansii/pekar-50738243.html
50741411,Пекарь,80000,100000,rub,"['Туризм, гостиницы, общественное питание', 'Промышленность, производство', 'Продажи']","['Рестораны, кафе, столовые, фастфуд', 'Пищевая промышленность', 'Начало карьеры, мало опыта']",Москва,[],[],[],"Москва, Марии Поливановой, 6",2635306,,более 5000,45940.0,Пятёрочка,От 1 года,Частичная занятость / Совместительство,Не имеет значения,55.678307,37.452999,https://www.superjob.ru/vakansii/pekar-50741411.html
50741521,Пекарь,80000,100000,rub,"['Туризм, гостиницы, общественное питание', 'Промышленность, производство']","['Рестораны, кафе, столовые, фастфуд', 'Пищевая промышленность']",Москва,[],[],[],"Москва, Соболевский, 22",2635306,,более 5000,45940.0,Пятёрочка,Не имеет значения,Частичная занятость / Совместительство,Не имеет значения,55.833809,37.52314,https://www.superjob.ru/vakansii/pekar-50741521.html
50742346,Пекарь,90000,110000,rub,"['Туризм, гостиницы, общественное питание', 'Промышленность, производство', 'Продажи']","['Рестораны, кафе, столовые, фастфуд', 'Пищевая промышленность', 'Начало карьеры, мало опыта']",Москва,[],[],[],"Москва, Протопоповский, 38",2635306,,более 5000,45940.0,Пятёрочка,От 1 года,Частичная занятость / Совместительство,Не имеет значения,55.779469,37.643505,https://www.superjob.ru/vakansii/pekar-50742346.html
50742546,Пекарь,80000,100000,rub,"['Туризм, гостиницы, общественное питание', 'Промышленность, производство', 'Продажи']","['Рестораны, кафе, столовые, фастфуд', 'Пищевая промышленность', 'Начало карьеры, мало опыта']",Москва,[],[],[],"Москва, Чертановская, 7А",2635306,,более 5000,45940.0,Пятёрочка,От 1 года,Частичная занятость / Совместительство,Не имеет значения,55.630867,37.601357,https://www.superjob.ru/vakansii/pekar-50742546.html
50742787,Пекарь,80000,100000,rub,"['Туризм, гостиницы, общественное питание', 'Промышленность, производство', 'Продажи']","['Рестораны, кафе, столовые, фастфуд', 'Пищевая промышленность', 'Начало карьеры, мало опыта']",Москва,[],[],[],"Москва, Жулебинский, 15",2635306,,более 5000,45940.0,Пятёрочка,От 1 года,Частичная занятость / Совместительство,Не имеет значения,55.695644,37.851582,https://www.superjob.ru/vakansii/pekar-50742787.html
50742917,Пекарь,80000,100000,rub,"['Туризм, гостиницы, общественное питание', 'Промышленность, производство']","['Рестораны, кафе, столовые, фастфуд', 'Пищевая промышленность']",Москва,[],[],[],"Москва, Осенний, 8А",2635306,,более 5000,45940.0,Пятёрочка,Не имеет значения,Частичная занятость / Совместительство,Не имеет значения,55.756092,37.409271,https://www.superjob.ru/vakansii/pekar-50742917.html
50742933,Пекарь,67000,91300,rub,"['Туризм, гостиницы, общественное питание', 'Промышленность, производство']","['Рестораны, кафе, столовые, фастфуд', 'Пищевая промышленность']",Москва,[],[],[],"Москва, Старобитцевская, 11",2635306,,более 5000,45940.0,Пятёрочка,Не имеет значения,Частичная занятость / Совместительство,Не имеет значения,55.574806,37.587856,https://www.superjob.ru/vakansii/pekar-50742933.html
50744210,Пекарь,80000,100000,rub,"['Туризм, гостиницы, общественное питание', 'Промышленность, производство', 'Продажи']","['Рестораны, кафе, столовые, фастфуд', 'Пищевая промышленность', 'Начало карьеры, мало опыта']",Москва,[],[],[],"Москва, Молостовых, 1А",2635306,,более 5000,45940.0,Пятёрочка,От 1 года,Частичная занятость / Совместительство,Не имеет значения,55.765347,37.833267,https://www.superjob.ru/vakansii/pekar-50744210.html
50746138,Пекарь,80000,100000,rub,"['Туризм, гостиницы, общественное питание', 'Промышленность, производство']","['Рестораны, кафе, столовые, фастфуд', 'Пищевая промышленность']",Москва,[],[],[],"Москва, Василия Ботылёва, 14А",2635306,,более 5000,45940.0,Пятёрочка,Не имеет значения,Частичная занятость / Совместительство,Не имеет значения,55.787937,37.355652,https://www.superjob.ru/vakansii/pekar-50746138.html
50746402,Пекарь,80000,100000,rub,"['Туризм, гостиницы, общественное питание', 'Промышленность, производство', 'Продажи']","['Рестораны, кафе, столовые, фастфуд', 'Пищевая промышленность', 'Начало карьеры, мало опыта']",Москва,[],[],[],"Москва, Декабристов, 20",2635306,,более 5000,45940.0,Пятёрочка,От 1 года,Частичная занятость / Совместительство,Не имеет значения,55.861691,37.609821,https://www.superjob.ru/vakansii/pekar-50746402.html
51202410,"Пекарь (Москва, Ивана Сусанина, 2)",80000,100000,rub,"['Туризм, гостиницы, общественное питание', 'Промышленность, производство']","['Рестораны, кафе, столовые, фастфуд', 'Пищевая промышленность']",Москва,[],[],[],,2635306,,более 5000,45940.0,Пятёрочка,Не имеет значения,Частичная занятость / Совместительство,Не имеет значения,,,https://www.superjob.ru/vakansii/pekar-51202410.html
51745259,"Пекарь (Москва, Зелёный, 1А)",80000,100000,rub,"['Туризм, гостиницы, общественное питание', 'Промышленность, производство']","['Рестораны, кафе, столовые, фастфуд', 'Пищевая промышленность']",Москва,[],[],[],,2635306,,более 5000,45940.0,Пятёрочка,Не имеет значения,Частичная занятость / Совместительство,Не имеет значения,,,https://www.superjob.ru/vakansii/pekar-51745259.html
51745269,"Пекарь (Москва, Зелёный, 6)",80000,100000,rub,"['Туризм, гостиницы, общественное питание', 'Промышленность, производство']","['Рестораны, кафе, столовые, фастфуд', 'Пищевая промышленность']",Москва,[],[],[],,2635306,,более 5000,45940.0,Пятёрочка,Не имеет значения,Частичная занятость / Совместительство,Не имеет значения,,,https://www.superjob.ru/vakansii/pekar-51745269.html
51755985,"Пекарь (Москва, Верхоянская, 10)",80000,100000,rub,"['Туризм, гостиницы, общественное питание', 'Промышленность, производство']","['Рестораны, кафе, столовые, фастфуд', 'Пищевая промышленность']",Москва,[],[],[],,2635306,,более 5000,45940.0,Пятёрочка,Не имеет значения,Частичная занятость / Совместительство,Не имеет значения,,,https://www.superjob.ru/vakansii/pekar-51755985.html
51757329,"Пекарь (Москва, Ярославская, 10)",80000,100000,rub,"['Туризм, гостиницы, общественное питание', 'Промышленность, производство']","['Рестораны, кафе, столовые, фастфуд', 'Пищевая промышленность']",Москва,[],[],[],,2635306,,более 5000,45940.0,Пятёрочка,Не имеет значения,Частичная занятость / Совместительство,Не имеет значения,,,https://www.superjob.ru/vakansii/pekar-51757329.html
51758721,"Пекарь (Москва, Первомайская, 110)",80000,100000,rub,"['Туризм, гостиницы, общественное питание', 'Промышленность, производство']","['Рестораны, кафе, столовые, фастфуд', 'Пищевая промышленность']",Москва,[],[],[],,2635306,,более 5000,45940.0,Пятёрочка,Не имеет значения,Частичная занятость / Совместительство,Не имеет значения,,,https://www.superjob.ru/vakansii/pekar-51758721.html
51821361,"Пекарь (Москва, 9-я Парковая, 33)",80000,100000,rub,"['Туризм, гостиницы, общественное питание', 'Промышленность, производство']","['Рестораны, кафе, столовые, фастфуд', 'Пищевая промышленность']",Москва,[],[],[],,2635306,,более 5000,45940.0,Пятёрочка,Не имеет значения,Частичная занятость / Совместительство,Не имеет значения,,,https://www.superjob.ru/vakansii/pekar-51821361.html
51821383,"Пекарь (Москва, Партизанская, 10)",80000,100000,rub,"['Туризм, гостиницы, общественное питание', 'Промышленность, производство']","['Рестораны, кафе, столовые, фастфуд', 'Пищевая промышленность']",Москва,[],[],[],,2635306,,более 5000,45940.0,Пятёрочка,Не имеет значения,Частичная занятость / Совместительство,Не имеет значения,,,https://www.superjob.ru/vakansii/pekar-51821383.html
51822640,"Пекарь (Москва, Гурьянова, 3)",80000,100000,rub,"['Туризм, гостиницы, общественное питание', 'Промышленность, производство']","['Рестораны, кафе, столовые, фастфуд', 'Пищевая промышленность']",Москва,[],[],[],,2635306,,более 5000,45940.0,Пятёрочка,Не имеет значения,Частичная занятость / Совместительство,Не имеет значения,,,https://www.superjob.ru/vakansii/pekar-51822640.html
51822661,"Пекарь (Москва, Энергетическая, 11)",80000,100000,rub,"['Туризм, гостиницы, общественное питание', 'Промышленность, производство']","['Рестораны, кафе, столовые, фастфуд', 'Пищевая промышленность']",Москва,[],[],[],,2635306,,более 5000,45940.0,Пятёрочка,Не имеет значения,Частичная занятость / Совместительство,Не имеет значения,,,https://www.superjob.ru/vakansii/pekar-51822661.html
51822674,"Пекарь (Москва, Новоданиловская, 6)",80000,100000,rub,"['Туризм, гостиницы, общественное питание', 'Промышленность, производство']","['Рестораны, кафе, столовые, фастфуд', 'Пищевая промышленность']",Москва,[],[],[],,2635306,,более 5000,45940.0,Пятёрочка,Не имеет значения,Частичная занятость / Совместительство,Не имеет значения,,,https://www.superjob.ru/vakansii/pekar-51822674.html
51822696,"Пекарь (Москва, Маресьева, 7)",80000,100000,rub,"['Туризм, гостиницы, общественное питание', 'Промышленность, производство']","['Рестораны, кафе, столовые, фастфуд', 'Пищевая промышленность']",Москва,[],[],[],,2635306,,более 5000,45940.0,Пятёрочка,Не имеет значения,Частичная занятость / Совместительство,Не имеет значения,,,https://www.superjob.ru/vakansii/pekar-51822696.html
48284053,Пекарь,67320,91341,rub,"['Туризм, гостиницы, общественное питание', 'Промышленность, производство', 'Продажи']","['Рестораны, кафе, столовые, фастфуд', 'Пищевая промышленность', 'Начало карьеры, мало опыта']",Москва,[],[],[],"Москва, Южнобутовская, 81",2635306,,более 5000,45940.0,Пятёрочка,От 1 года,Частичная занятость / Совместительство,Не имеет значения,55.53355,37.52491,https://www.superjob.ru/vakansii/pekar-48284053.html
48767502,"Пекарь (Москва, Плеханова, 16А)",80000,100000,rub,"['Туризм, гостиницы, общественное питание', 'Промышленность, производство', 'Рабочий персонал']","['Рестораны, кафе, столовые, фастфуд', 'Другое', 'Пищевая промышленность', 'Квалифицированный рабочий']",Москва,[],[],[],"Москва, улица Плеханова, 16к1",2635306,,более 5000,45940.0,Пятёрочка,Не имеет значения,Частичная занятость / Совместительство,Не имеет значения,55.744976,37.764843,https://www.superjob.ru/vakansii/pekar-48767502.html
49063619,Пекарь,80000,100000,rub,"['Туризм, гостиницы, общественное питание', 'Промышленность, производство', 'Продажи']","['Рестораны, кафе, столовые, фастфуд', 'Пищевая промышленность', 'Начало карьеры, мало опыта']",Москва,[],[],[],"Москва, Народного Ополчения, 21",2635306,,более 5000,45940.0,Пятёрочка,От 1 года,Частичная занятость / Совместительство,Не имеет значения,55.777504,37.476189,https://www.superjob.ru/vakansii/pekar-49063619.html
49333993,Пекарь,80000,100000,rub,"['Туризм, гостиницы, общественное питание', 'Промышленность, производство']","['Рестораны, кафе, столовые, фастфуд', 'Пищевая промышленность']",Москва,[],[],[],"Москва, Россошанская, 4",2635306,,более 5000,45940.0,Пятёрочка,Не имеет значения,Частичная занятость / Совместительство,Не имеет значения,55.591064,37.61026,https://www.superjob.ru/vakansii/pekar-49333993.html
49505853,Пекарь,80000,100000,rub,"['Туризм, гостиницы, общественное питание', 'Промышленность, производство', 'Продажи']","['Рестораны, кафе, столовые, фастфуд', 'Пищевая промышленность', 'Начало карьеры, мало опыта']",Москва,[],[],[],"Москва, Шипиловская, 1",2635306,,более 5000,45940.0,Пятёрочка,От 1 года,Частичная занятость / Совместительство,Не имеет значения,55.617825,37.696945,https://www.superjob.ru/vakansii/pekar-49505853.html
49747148,"Пекарь (Москва, Говорова, 8)",80000,100000,rub,"['Туризм, гостиницы, общественное питание', 'Промышленность, производство', 'Продажи']","['Рестораны, кафе, столовые, фастфуд', 'Пищевая промышленность', 'Начало карьеры, мало опыта']",Москва,[],[],[],"Москва, улица Говорова, 8к1",2635306,,более 5000,45940.0,Пятёрочка,Не имеет значения,Частичная занятость / Совместительство,Не имеет значения,55.717968,37.396854,https://www.superjob.ru/vakansii/pekar-49747148.html
49877877,"Пекарь (Москва, Грина, 11Б)",67320,91341,rub,"['Туризм, гостиницы, общественное питание', 'Промышленность, производство']","['Рестораны, кафе, столовые, фастфуд', 'Пищевая промышленность']",Москва,[],[],[],"Москва, улица Грина, 11Б",2635306,,более 5000,45940.0,Пятёрочка,Не имеет значения,Частичная занятость / Совместительство,Не имеет значения,55.566879,37.566654,https://www.superjob.ru/vakansii/pekar-49877877.html
50124381,Пекарь,80000,100000,rub,"['Туризм, гостиницы, общественное питание', 'Промышленность, производство']","['Рестораны, кафе, столовые, фастфуд', 'Пищевая промышленность']",Москва,[],[],[],"Москва, 3-я Хорошёвская, 7",2635306,,более 5000,45940.0,Пятёрочка,Не имеет значения,Частичная занятость / Совместительство,Не имеет значения,55.773544,37.536572,https://www.superjob.ru/vakansii/pekar-50124381.html
50125319,Пекарь,80000,100000,rub,"['Туризм, гостиницы, общественное питание', 'Промышленность, производство']","['Рестораны, кафе, столовые, фастфуд', 'Пищевая промышленность']",Москва,[],[],[],"Москва, Маршала Жукова, 60",2635306,,более 5000,45940.0,Пятёрочка,Не имеет значения,Частичная занятость / Совместительство,Не имеет значения,55.778198,37.461426,https://www.superjob.ru/vakansii/pekar-50125319.html
50129767,Пекарь,80000,100000,rub,"['Туризм, гостиницы, общественное питание', 'Промышленность, производство']","['Рестораны, кафе, столовые, фастфуд', 'Пищевая промышленность']",Москва,[],[],[],"Москва, Туристская, 8",2635306,,более 5000,45940.0,Пятёрочка,Не имеет значения,Частичная занятость / Совместительство,Не имеет значения,55.850613,37.424416,https://www.superjob.ru/vakansii/pekar-50129767.html
50190490,Пекарь,80000,100000,rub,"['Туризм, гостиницы, общественное питание', 'Промышленность, производство', 'Продажи']","['Рестораны, кафе, столовые, фастфуд', 'Пищевая промышленность', 'Начало карьеры, мало опыта']",Москва,[],[],[],"Москва, Профсоюзная, 109Б",2635306,,более 5000,45940.0,Пятёрочка,От 1 года,Частичная занятость / Совместительство,Не имеет значения,55.631844,37.51981,https://www.superjob.ru/vakansii/pekar-50190490.html
50293601,Пекарь,80000,100000,rub,"['Туризм, гостиницы, общественное питание', 'Промышленность, производство']","['Рестораны, кафе, столовые, фастфуд', 'Пищевая промышленность']",Москва,[],[],[],"Москва, Кировоградский, 3А",2635306,,более 5000,45940.0,Пятёрочка,Не имеет значения,Частичная занятость / Совместительство,Не имеет значения,55.603714,37.595581,https://www.superjob.ru/vakansii/pekar-50293601.html
50380312,Пекарь,80000,100000,rub,"['Туризм, гостиницы, общественное питание', 'Промышленность, производство']","['Рестораны, кафе, столовые, фастфуд', 'Пищевая промышленность']",Москва,[],[],[],"Москва, Адмирала Макарова, 41",2635306,,более 5000,45940.0,Пятёрочка,Не имеет значения,Частичная занятость / Совместительство,Не имеет значения,55.838009,37.487289,https://www.superjob.ru/vakansii/pekar-50380312.html
50393179,Пекарь,80000,100000,rub,"['Туризм, гостиницы, общественное питание', 'Промышленность, производство']","['Рестораны, кафе, столовые, фастфуд', 'Пищевая промышленность']",Москва,[],[],[],"Москва, 16-я Парковая, 21А",2635306,,более 5000,45940.0,Пятёрочка,Не имеет значения,Частичная занятость / Совместительство,Не имеет значения,55.800133,37.825802,https://www.superjob.ru/vakansii/pekar-50393179.html
50496891,Пекарь,80000,100000,rub,"['Туризм, гостиницы, общественное питание', 'Промышленность, производство', 'Продажи']","['Рестораны, кафе, столовые, фастфуд', 'Пищевая промышленность', 'Начало карьеры, мало опыта']",Москва,[],[],[],"Москва, Ленинский, 83",2635306,,более 5000,45940.0,Пятёрочка,От 1 года,Частичная занятость / Совместительство,Не имеет значения,55.682129,37.537773,https://www.superjob.ru/vakansii/pekar-50496891.html
50547195,Пекарь,80000,100000,rub,"['Туризм, гостиницы, общественное питание', 'Промышленность, производство', 'Продажи']","['Рестораны, кафе, столовые, фастфуд', 'Пищевая промышленность', 'Начало карьеры, мало опыта']",Москва,[],[],[],"Москва, Боженко, 8А",2635306,,более 5000,45940.0,Пятёрочка,От 1 года,Частичная занятость / Совместительство,Не имеет значения,55.730988,37.409027,https://www.superjob.ru/vakansii/pekar-50547195.html
50547941,Пекарь,80000,100000,rub,"['Туризм, гостиницы, общественное питание', 'Промышленность, производство']","['Рестораны, кафе, столовые, фастфуд', 'Пищевая промышленность']",Москва,[],[],[],"Москва, Рублёвское, 30",2635306,,более 5000,45940.0,Пятёрочка,Не имеет значения,Частичная занятость / Совместительство,Не имеет значения,55.747227,37.420345,https://www.superjob.ru/vakansii/pekar-50547941.html
50550184,Пекарь,80000,100000,rub,"['Туризм, гостиницы, общественное питание', 'Промышленность, производство', 'Продажи']","['Рестораны, кафе, столовые, фастфуд', 'Пищевая промышленность', 'Начало карьеры, мало опыта']",Москва,[],[],[],"Москва, 3-й Митинский, 4",2635306,,более 5000,45940.0,Пятёрочка,От 1 года,Частичная занятость / Совместительство,Не имеет значения,55.847687,37.352856,https://www.superjob.ru/vakansii/pekar-50550184.html
50550200,Пекарь,80000,100000,rub,"['Туризм, гостиницы, общественное питание', 'Промышленность, производство']","['Рестораны, кафе, столовые, фастфуд', 'Пищевая промышленность']",Москва,[],[],[],"Москва, 6-я Радиальная, 5",2635306,,более 5000,45940.0,Пятёрочка,От 1 года,Частичная занятость / Совместительство,Не имеет значения,55.606518,37.658348,https://www.superjob.ru/vakansii/pekar-50550200.html
50550350,Пекарь,80000,100000,rub,"['Туризм, гостиницы, общественное питание', 'Промышленность, производство']","['Рестораны, кафе, столовые, фастфуд', 'Пищевая промышленность']",Москва,[],[],[],"Москва, Маршала Новикова, 14",2635306,,более 5000,45940.0,Пятёрочка,Не имеет значения,Частичная занятость / Совместительство,Не имеет значения,55.804947,37.462387,https://www.superjob.ru/vakansii/pekar-50550350.html
50551311,Пекарь,80000,100000,rub,"['Туризм, гостиницы, общественное питание', 'Промышленность, производство', 'Продажи']","['Рестораны, кафе, столовые, фастфуд', 'Пищевая промышленность', 'Начало карьеры, мало опыта']",Москва,[],[],[],"Москва, Волжский, 8",2635306,,более 5000,45940.0,Пятёрочка,От 1 года,Частичная занятость / Совместительство,Не имеет значения,55.717682,37.739017,https://www.superjob.ru/vakansii/pekar-50551311.html
50552569,Пекарь,80000,100000,rub,"['Туризм, гостиницы, общественное питание', 'Промышленность, производство', 'Продажи']","['Рестораны, кафе, столовые, фастфуд', 'Пищевая промышленность', 'Начало карьеры, мало опыта']",Москва,[],[],[],"Москва, Коломенская, 23",2635306,,более 5000,45940.0,Пятёрочка,От 1 года,Частичная занятость / Совместительство,Не имеет значения,55.677116,37.692142,https://www.superjob.ru/vakansii/pekar-50552569.html
50567293,Пекарь,80000,100000,rub,"['Туризм, гостиницы, общественное питание', 'Промышленность, производство']","['Рестораны, кафе, столовые, фастфуд', 'Пищевая промышленность']",Москва,[],[],[],"Москва, Ивана Франко, 6",2635306,,более 5000,45940.0,Пятёрочка,Не имеет значения,Частичная занятость / Совместительство,Не имеет значения,55.72784,37.450871,https://www.superjob.ru/vakansii/pekar-50567293.html
50567528,"Пекарь (Москва, Гренадерская, 9)",61000,65000,rub,"['Туризм, гостиницы, общественное питание', 'Промышленность, производство']","['Рестораны, кафе, столовые, фастфуд', 'Пищевая промышленность']",Москва,[],[],[],"Район Вороново, село Клёново, ДНТ Звезда-95, 45",2635306,,более 5000,45940.0,Пятёрочка,Не имеет значения,Частичная занятость / Совместительство,Не имеет значения,55.344879,37.370651,https://www.superjob.ru/vakansii/pekar-50567528.html
50588510,Пекарь,80000,100000,rub,"['Туризм, гостиницы, общественное питание', 'Промышленность, производство']","['Рестораны, кафе, столовые, фастфуд', 'Пищевая промышленность']",Москва,[],[],[],"Москва, Грайвороновский 2-й, 42",2635306,,более 5000,45940.0,Пятёрочка,Не имеет значения,Частичная занятость / Совместительство,Не имеет значения,55.7248,37.744694,https://www.superjob.ru/vakansii/pekar-50588510.html
50742148,Пекарь,80000,100000,rub,"['Туризм, гостиницы, общественное питание', 'Промышленность, производство']","['Рестораны, кафе, столовые, фастфуд', 'Пищевая промышленность']",Москва,[],[],[],"Москва, Перекопская, 22А",2635306,,более 5000,45940.0,Пятёрочка,Не имеет значения,Частичная занятость / Совместительство,Не имеет значения,55.660942,37.572945,https://www.superjob.ru/vakansii/pekar-50742148.html
51733923,"Пекарь (Москва, Красных Зорь, 19)",80000,100000,rub,"['Туризм, гостиницы, общественное питание', 'Промышленность, производство']","['Рестораны, кафе, столовые, фастфуд', 'Пищевая промышленность']",Москва,[],[],[],,2635306,,более 5000,45940.0,Пятёрочка,Не имеет значения,Частичная занятость / Совместительство,Не имеет значения,,,https://www.superjob.ru/vakansii/pekar-51733923.html
51742946,"Пекарь (Москва, Горбунова, 7)",80000,100000,rub,"['Туризм, гостиницы, общественное питание', 'Промышленность, производство']","['Рестораны, кафе, столовые, фастфуд', 'Пищевая промышленность']",Москва,[],[],[],,2635306,,более 5000,45940.0,Пятёрочка,Не имеет значения,Частичная занятость / Совместительство,Не имеет значения,,,https://www.superjob.ru/vakansii/pekar-51742946.html
51745308,"Пекарь (Москва, Люблинская, 147)",80000,100000,rub,"['Туризм, гостиницы, общественное питание', 'Промышленность, производство']","['Рестораны, кафе, столовые, фастфуд', 'Пищевая промышленность']",Москва,[],[],[],,2635306,,более 5000,45940.0,Пятёрочка,Не имеет значения,Частичная занятость / Совместительство,Не имеет значения,,,https://www.superjob.ru/vakansii/pekar-51745308.html
51745348,"Пекарь (Москва, Ставропольская, 60)",80000,100000,rub,"['Туризм, гостиницы, общественное питание', 'Промышленность, производство']","['Рестораны, кафе, столовые, фастфуд', 'Пищевая промышленность']",Москва,[],[],[],,2635306,,более 5000,45940.0,Пятёрочка,Не имеет значения,Частичная занятость / Совместительство,Не имеет значения,,,https://www.superjob.ru/vakansii/pekar-51745348.html
51758493,"Пекарь (Москва, Марьино, 10б)",61000,65000,rub,"['Туризм, гостиницы, общественное питание', 'Промышленность, производство']","['Рестораны, кафе, столовые, фастфуд', 'Пищевая промышленность']",Москва,[],[],[],,2635306,,более 5000,45940.0,Пятёрочка,Не имеет значения,Частичная занятость / Совместительство,Не имеет значения,,,https://www.superjob.ru/vakansii/pekar-51758493.html
51758675,"Пекарь (Москва, Чусовская, 8)",80000,100000,rub,"['Туризм, гостиницы, общественное питание', 'Промышленность, производство']","['Рестораны, кафе, столовые, фастфуд', 'Пищевая промышленность']",Москва,[],[],[],,2635306,,более 5000,45940.0,Пятёрочка,Не имеет значения,Частичная занятость / Совместительство,Не имеет значения,,,https://www.superjob.ru/vakansii/pekar-51758675.html
51764066,"Пекарь (Москва, Центральный (поселок ЛМС), 26)",56000,63000,rub,"['Туризм, гостиницы, общественное питание', 'Промышленность, производство']","['Рестораны, кафе, столовые, фастфуд', 'Пищевая промышленность']",Москва,[],[],[],,2635306,,более 5000,45940.0,Пятёрочка,Не имеет значения,Частичная занятость / Совместительство,Не имеет значения,,,https://www.superjob.ru/vakansii/pekar-51764066.html
51764070,"Пекарь (Москва, Большое Понизовье, 8)",67000,86000,rub,"['Туризм, гостиницы, общественное питание', 'Промышленность, производство']","['Рестораны, кафе, столовые, фастфуд', 'Пищевая промышленность']",Москва,[],[],[],,2635306,,более 5000,45940.0,Пятёрочка,Не имеет значения,Частичная занятость / Совместительство,Не имеет значения,,,https://www.superjob.ru/vakansii/pekar-51764070.html
51825657,"Пекарь (Москва, Берёзовая, 19)",80000,100000,rub,"['Туризм, гостиницы, общественное питание', 'Промышленность, производство']","['Рестораны, кафе, столовые, фастфуд', 'Пищевая промышленность']",Москва,[],[],[],,2635306,,более 5000,45940.0,Пятёрочка,Не имеет значения,Частичная занятость / Совместительство,Не имеет значения,,,https://www.superjob.ru/vakansii/pekar-51825657.html
51840834,"Пекарь (Москва, Константинова, 11А)",80000,100000,rub,"['Туризм, гостиницы, общественное питание', 'Промышленность, производство']","['Рестораны, кафе, столовые, фастфуд', 'Пищевая промышленность']",Москва,[],[],[],,2635306,,более 5000,45940.0,Пятёрочка,Не имеет значения,Частичная занятость / Совместительство,Не имеет значения,,,https://www.superjob.ru/vakansii/pekar-51840834.html
51840863,"Пекарь (Москва, Лобановский Лес, 9)",67000,86000,rub,"['Туризм, гостиницы, общественное питание', 'Промышленность, производство']","['Рестораны, кафе, столовые, фастфуд', 'Пищевая промышленность']",Москва,[],[],[],,2635306,,более 5000,45940.0,Пятёрочка,Не имеет значения,Частичная занятость / Совместительство,Не имеет значения,,,https://www.superjob.ru/vakansii/pekar-51840863.html
51844299,"Пекарь (Москва, Маломосковская, 14)",80000,100000,rub,"['Туризм, гостиницы, общественное питание', 'Промышленность, производство']","['Рестораны, кафе, столовые, фастфуд', 'Пищевая промышленность']",Москва,[],[],[],,2635306,,более 5000,45940.0,Пятёрочка,Не имеет значения,Частичная занятость / Совместительство,Не имеет значения,,,https://www.superjob.ru/vakansii/pekar-51844299.html
51844327,"Пекарь (Москва, Лихачёва, 22)",80000,100000,rub,"['Туризм, гостиницы, общественное питание', 'Промышленность, производство']","['Рестораны, кафе, столовые, фастфуд', 'Пищевая промышленность']",Москва,[],[],[],,2635306,,более 5000,45940.0,Пятёрочка,Не имеет значения,Частичная занятость / Совместительство,Не имеет значения,,,https://www.superjob.ru/vakansii/pekar-51844327.html
51801651,Повар дневной смены на производство,90145,120200,rub,"['Туризм, гостиницы, общественное питание', 'Промышленность, производство']","['Рестораны, кафе, столовые, фастфуд', 'Пищевая промышленность']",Москва,['Лубянка'],['Сокольническая'],['red'],Москва,174527,,1000 — 5000,0.0,Теремок - Инвест,Без опыта,Полный рабочий день,Не имеет значения,55.755863,37.617699,https://www.superjob.ru/vakansii/povar-dnevnoj-smeny-na-proizvodstvo-51801651.html
48769847,Пекарь,80000,100000,rub,"['Туризм, гостиницы, общественное питание', 'Промышленность, производство']","['Рестораны, кафе, столовые, фастфуд', 'Пищевая промышленность']",Москва,[],[],[],"Москва, Строгинский, 1",2635306,,более 5000,45940.0,Пятёрочка,Не имеет значения,Частичная занятость / Совместительство,Не имеет значения,55.806046,37.395466,https://www.superjob.ru/vakansii/pekar-48769847.html
48770842,Пекарь,80000,100000,rub,"['Туризм, гостиницы, общественное питание', 'Промышленность, производство', 'Продажи']","['Рестораны, кафе, столовые, фастфуд', 'Пищевая промышленность', 'Начало карьеры, мало опыта']",Москва,[],[],[],"Москва, Маршала Неделина, 4",2635306,,более 5000,45940.0,Пятёрочка,Без опыта,Частичная занятость / Совместительство,Не имеет значения,55.724251,37.401787,https://www.superjob.ru/vakansii/pekar-48770842.html
48771034,Пекарь,80000,100000,rub,"['Туризм, гостиницы, общественное питание', 'Промышленность, производство']","['Рестораны, кафе, столовые, фастфуд', 'Пищевая промышленность']",Москва,[],[],[],"Москва, Исаковского, 33",2635306,,более 5000,45940.0,Пятёрочка,Не имеет значения,Частичная занятость / Совместительство,Не имеет значения,55.805023,37.41925,https://www.superjob.ru/vakansii/pekar-48771034.html
48771449,Пекарь,54700,75500,rub,"['Туризм, гостиницы, общественное питание', 'Промышленность, производство']","['Рестораны, кафе, столовые, фастфуд', 'Пищевая промышленность']",Москва,[],[],[],"Москва, Ивана Франко, 32",2635306,,более 5000,45940.0,Пятёрочка,Не имеет значения,Полный рабочий день,Не имеет значения,55.728088,37.42149,https://www.superjob.ru/vakansii/pekar-48771449.html
48771764,Пекарь,80000,100000,rub,"['Туризм, гостиницы, общественное питание', 'Промышленность, производство']","['Рестораны, кафе, столовые, фастфуд', 'Пищевая промышленность']",Москва,[],[],[],"Москва, Осенний, 12",2635306,,более 5000,45940.0,Пятёрочка,Не имеет значения,Частичная занятость / Совместительство,Не имеет значения,55.759239,37.409252,https://www.superjob.ru/vakansii/pekar-48771764.html
48771969,Пекарь,80000,100000,rub,"['Туризм, гостиницы, общественное питание', 'Промышленность, производство', 'Продажи']","['Рестораны, кафе, столовые, фастфуд', 'Пищевая промышленность', 'Начало карьеры, мало опыта']",Москва,[],[],[],"Москва, Маршала Бирюзова, 20",2635306,,более 5000,45940.0,Пятёрочка,От 1 года,Частичная занятость / Совместительство,Не имеет значения,55.795536,37.49057,https://www.superjob.ru/vakansii/pekar-48771969.html
48775392,Пекарь,80000,100000,rub,"['Туризм, гостиницы, общественное питание', 'Промышленность, производство', 'Продажи']","['Рестораны, кафе, столовые, фастфуд', 'Пищевая промышленность', 'Начало карьеры, мало опыта']",Москва,[],[],[],"Москва, Малыгина, 1",2635306,,более 5000,45940.0,Пятёрочка,От 1 года,Частичная занятость / Совместительство,Не имеет значения,55.87598,37.701843,https://www.superjob.ru/vakansii/pekar-48775392.html
48776531,Пекарь,80000,100000,rub,"['Туризм, гостиницы, общественное питание', 'Промышленность, производство']","['Рестораны, кафе, столовые, фастфуд', 'Пищевая промышленность']",Москва,[],[],[],"Москва, Строгинский, 9",2635306,,более 5000,45940.0,Пятёрочка,Не имеет значения,Частичная занятость / Совместительство,Не имеет значения,55.805092,37.399929,https://www.superjob.ru/vakansii/pekar-48776531.html
48779698,Пекарь,80000,100000,rub,"['Туризм, гостиницы, общественное питание', 'Промышленность, производство']","['Рестораны, кафе, столовые, фастфуд', 'Пищевая промышленность']",Москва,[],[],[],"Москва, Маршала Неделина, 15",2635306,,более 5000,45940.0,Пятёрочка,Не имеет значения,Частичная занятость / Совместительство,Не имеет значения,55.725632,37.405075,https://www.superjob.ru/vakansii/pekar-48779698.html
48813701,Пекарь,80000,100000,rub,"['Туризм, гостиницы, общественное питание', 'Промышленность, производство']","['Рестораны, кафе, столовые, фастфуд', 'Пищевая промышленность']",Москва,[],[],[],"Москва, Пятницкое, 9",2635306,,более 5000,45940.0,Пятёрочка,Не имеет значения,Частичная занятость / Совместительство,Не имеет значения,55.83942,37.385357,https://www.superjob.ru/vakansii/pekar-48813701.html
50567469,Пекарь,80000,100000,rub,"['Туризм, гостиницы, общественное питание', 'Промышленность, производство']","['Рестораны, кафе, столовые, фастфуд', 'Пищевая промышленность']",Москва,[],[],[],"Москва, Грайвороновская, 12",2635306,,более 5000,45940.0,Пятёрочка,Не имеет значения,Частичная занятость / Совместительство,Не имеет значения,55.720463,37.731998,https://www.superjob.ru/vakansii/pekar-50567469.html
51675904,"Пекарь (Москва, Панфилова, 12)",80000,100000,rub,"['Туризм, гостиницы, общественное питание', 'Промышленность, производство']","['Рестораны, кафе, столовые, фастфуд', 'Пищевая промышленность']",Москва,[],[],[],,2635306,,более 5000,45940.0,Пятёрочка,Не имеет значения,Частичная занятость / Совместительство,Не имеет значения,,,https://www.superjob.ru/vakansii/pekar-51675904.html
51740344,"Пекарь (Москва, Расплетина, 20)",80000,100000,rub,"['Туризм, гостиницы, общественное питание', 'Промышленность, производство']","['Рестораны, кафе, столовые, фастфуд', 'Пищевая промышленность']",Москва,[],[],[],,2635306,,более 5000,45940.0,Пятёрочка,Не имеет значения,Частичная занятость / Совместительство,Не имеет значения,,,https://www.superjob.ru/vakansii/pekar-51740344.html
51752442,"Пекарь (Москва, Осенняя, 24)",80000,100000,rub,"['Туризм, гостиницы, общественное питание', 'Промышленность, производство']","['Рестораны, кафе, столовые, фастфуд', 'Пищевая промышленность']",Москва,[],[],[],,2635306,,более 5000,45940.0,Пятёрочка,Не имеет значения,Частичная занятость / Совместительство,Не имеет значения,,,https://www.superjob.ru/vakansii/pekar-51752442.html
51766149,"Пекарь (Москва, Первомайская, 28/24)",80000,100000,rub,"['Туризм, гостиницы, общественное питание', 'Промышленность, производство']","['Рестораны, кафе, столовые, фастфуд', 'Пищевая промышленность']",Москва,[],[],[],,2635306,,более 5000,45940.0,Пятёрочка,Не имеет значения,Частичная занятость / Совместительство,Не имеет значения,,,https://www.superjob.ru/vakansii/pekar-51766149.html
51768496,"Пекарь (Москва, Черняховского, 4)",80000,100000,rub,"['Туризм, гостиницы, общественное питание', 'Промышленность, производство']","['Рестораны, кафе, столовые, фастфуд', 'Пищевая промышленность']",Москва,[],[],[],,2635306,,более 5000,45940.0,Пятёрочка,Не имеет значения,Частичная занятость / Совместительство,Не имеет значения,,,https://www.superjob.ru/vakansii/pekar-51768496.html
51791413,"Пекарь (Москва, Островитянова, 19/22)",80000,100000,rub,"['Туризм, гостиницы, общественное питание', 'Промышленность, производство']","['Рестораны, кафе, столовые, фастфуд', 'Пищевая промышленность']",Москва,[],[],[],,2635306,,более 5000,45940.0,Пятёрочка,Не имеет значения,Частичная занятость / Совместительство,Не имеет значения,,,https://www.superjob.ru/vakansii/pekar-51791413.html
51791455,"Пекарь (Москва, Ленинский, 61/1)",80000,100000,rub,"['Туризм, гостиницы, общественное питание', 'Промышленность, производство']","['Рестораны, кафе, столовые, фастфуд', 'Пищевая промышленность']",Москва,[],[],[],,2635306,,более 5000,45940.0,Пятёрочка,Не имеет значения,Частичная занятость / Совместительство,Не имеет значения,,,https://www.superjob.ru/vakansii/pekar-51791455.html
51791477,"Пекарь (Москва, Богданова, 24)",67320,91341,rub,"['Туризм, гостиницы, общественное питание', 'Промышленность, производство']","['Рестораны, кафе, столовые, фастфуд', 'Пищевая промышленность']",Москва,[],[],[],,2635306,,более 5000,45940.0,Пятёрочка,Не имеет значения,Частичная занятость / Совместительство,Не имеет значения,,,https://www.superjob.ru/vakansii/pekar-51791477.html
51791706,"Пекарь (Москва, Металлургов, 62)",80000,100000,rub,"['Туризм, гостиницы, общественное питание', 'Промышленность, производство']","['Рестораны, кафе, столовые, фастфуд', 'Металлургия', 'Пищевая промышленность']",Москва,[],[],[],,2635306,,более 5000,45940.0,Пятёрочка,Не имеет значения,Частичная занятость / Совместительство,Не имеет значения,,,https://www.superjob.ru/vakansii/pekar-51791706.html
51791737,"Пекарь (Москва, Южнобутовская, 44)",65000,75000,rub,"['Туризм, гостиницы, общественное питание', 'Промышленность, производство']","['Рестораны, кафе, столовые, фастфуд', 'Пищевая промышленность']",Москва,[],[],[],,2635306,,более 5000,45940.0,Пятёрочка,Не имеет значения,Частичная занятость / Совместительство,Не имеет значения,,,https://www.superjob.ru/vakansii/pekar-51791737.html
51791739,Пекарь,80000,100000,rub,"['Туризм, гостиницы, общественное питание', 'Промышленность, производство', 'Продажи']","['Рестораны, кафе, столовые, фастфуд', 'Пищевая промышленность', 'Начало карьеры, мало опыта']",Москва,[],[],[],"Москва, Ленинградское, 92/1",2635306,,более 5000,45940.0,Пятёрочка,От 1 года,Частичная занятость / Совместительство,Не имеет значения,55.854645,37.471642,https://www.superjob.ru/vakansii/pekar-51791739.html
51791819,"Пекарь (Москва, Дмитровское, 107Б)",80000,100000,rub,"['Туризм, гостиницы, общественное питание', 'Промышленность, производство']","['Рестораны, кафе, столовые, фастфуд', 'Пищевая промышленность']",Москва,[],[],[],,2635306,,более 5000,45940.0,Пятёрочка,Не имеет значения,Частичная занятость / Совместительство,Не имеет значения,,,https://www.superjob.ru/vakansii/pekar-51791819.html
51791841,"Пекарь (Москва, 2-я Новорублевская, 8)",80000,100000,rub,"['Туризм, гостиницы, общественное питание', 'Промышленность, производство']","['Рестораны, кафе, столовые, фастфуд', 'Пищевая промышленность']",Москва,[],[],[],,2635306,,более 5000,45940.0,Пятёрочка,Не имеет значения,Частичная занятость / Совместительство,Не имеет значения,,,https://www.superjob.ru/vakansii/pekar-51791841.html
51791842,"Пекарь (Москва, Нижняя Хохловка, 8)",80000,100000,rub,"['Туризм, гостиницы, общественное питание', 'Промышленность, производство']","['Рестораны, кафе, столовые, фастфуд', 'Пищевая промышленность']",Москва,[],[],[],,2635306,,более 5000,45940.0,Пятёрочка,Не имеет значения,Частичная занятость / Совместительство,Не имеет значения,,,https://www.superjob.ru/vakansii/pekar-51791842.html
51791903,"Пекарь (Москва, Новозаводская, 25)",80000,100000,rub,"['Туризм, гостиницы, общественное питание', 'Промышленность, производство']","['Рестораны, кафе, столовые, фастфуд', 'Пищевая промышленность']",Москва,[],[],[],,2635306,,более 5000,45940.0,Пятёрочка,Не имеет значения,Частичная занятость / Совместительство,Не имеет значения,,,https://www.superjob.ru/vakansii/pekar-51791903.html
51791963,"Пекарь (Москва, Чертановская, 30)",80000,100000,rub,"['Туризм, гостиницы, общественное питание', 'Промышленность, производство']","['Рестораны, кафе, столовые, фастфуд', 'Пищевая промышленность']",Москва,[],[],[],,2635306,,более 5000,45940.0,Пятёрочка,Не имеет значения,Частичная занятость / Совместительство,Не имеет значения,,,https://www.superjob.ru/vakansii/pekar-51791963.html
51792166,"Пекарь (Москва, Нагатинская, 9)",80000,100000,rub,"['Туризм, гостиницы, общественное питание', 'Промышленность, производство']","['Рестораны, кафе, столовые, фастфуд', 'Пищевая промышленность']",Москва,[],[],[],,2635306,,более 5000,45940.0,Пятёрочка,Не имеет значения,Частичная занятость / Совместительство,Не имеет значения,,,https://www.superjob.ru/vakansii/pekar-51792166.html
51792320,"Пекарь (Москва, 1-й Котляковский, 2А)",80000,100000,rub,"['Туризм, гостиницы, общественное питание', 'Промышленность, производство']","['Рестораны, кафе, столовые, фастфуд', 'Пищевая промышленность']",Москва,[],[],[],,2635306,,более 5000,45940.0,Пятёрочка,Не имеет значения,Частичная занятость / Совместительство,Не имеет значения,,,https://www.superjob.ru/vakansii/pekar-51792320.html
51792427,"Пекарь (Москва, 11-я Парковая, 9/35)",80000,100000,rub,"['Туризм, гостиницы, общественное питание', 'Промышленность, производство']","['Рестораны, кафе, столовые, фастфуд', 'Пищевая промышленность']",Москва,[],[],[],,2635306,,более 5000,45940.0,Пятёрочка,Не имеет значения,Частичная занятость / Совместительство,Не имеет значения,,,https://www.superjob.ru/vakansii/pekar-51792427.html
51799393,"Пекарь (Москва, Соловьиный, 4А)",80000,100000,rub,"['Туризм, гостиницы, общественное питание', 'Промышленность, производство']","['Рестораны, кафе, столовые, фастфуд', 'Пищевая промышленность']",Москва,[],[],[],,2635306,,более 5000,45940.0,Пятёрочка,Не имеет значения,Полный рабочий день,Не имеет значения,,,https://www.superjob.ru/vakansii/pekar-51799393.html
51810056,"Пекарь (Москва, Маломосковская, 29)",80000,100000,rub,"['Туризм, гостиницы, общественное питание', 'Промышленность, производство']","['Рестораны, кафе, столовые, фастфуд', 'Пищевая промышленность']",Москва,[],[],[],,2635306,,более 5000,45940.0,Пятёрочка,Не имеет значения,Частичная занятость / Совместительство,Не имеет значения,,,https://www.superjob.ru/vakansii/pekar-51810056.html
51810063,"Пекарь (Москва, Щёлковское, 92)",80000,100000,rub,"['Туризм, гостиницы, общественное питание', 'Промышленность, производство']","['Рестораны, кафе, столовые, фастфуд', 'Пищевая промышленность']",Москва,[],[],[],,2635306,,более 5000,45940.0,Пятёрочка,Не имеет значения,Частичная занятость / Совместительство,Не имеет значения,,,https://www.superjob.ru/vakansii/pekar-51810063.html
51810477,"Пекарь (Москва, Ярославское, 142)",80000,100000,rub,"['Туризм, гостиницы, общественное питание', 'Промышленность, производство']","['Рестораны, кафе, столовые, фастфуд', 'Пищевая промышленность']",Москва,[],[],[],,2635306,,более 5000,45940.0,Пятёрочка,Не имеет значения,Частичная занятость / Совместительство,Не имеет значения,,,https://www.superjob.ru/vakansii/pekar-51810477.html
51822383,"Пекарь (Москва, Митинская, 43)",80000,100000,rub,"['Туризм, гостиницы, общественное питание', 'Промышленность, производство']","['Рестораны, кафе, столовые, фастфуд', 'Пищевая промышленность']",Москва,[],[],[],,2635306,,более 5000,45940.0,Пятёрочка,Не имеет значения,Частичная занятость / Совместительство,Не имеет значения,,,https://www.superjob.ru/vakansii/pekar-51822383.html
51822413,"Пекарь (Москва, Старопетровский, 1)",80000,100000,rub,"['Туризм, гостиницы, общественное питание', 'Промышленность, производство']","['Рестораны, кафе, столовые, фастфуд', 'Пищевая промышленность']",Москва,[],[],[],,2635306,,более 5000,45940.0,Пятёрочка,Не имеет значения,Частичная занятость / Совместительство,Не имеет значения,,,https://www.superjob.ru/vakansii/pekar-51822413.html
51825407,"Пекарь (Москва, Фабрициуса, 18)",80000,100000,rub,"['Туризм, гостиницы, общественное питание', 'Промышленность, производство']","['Рестораны, кафе, столовые, фастфуд', 'Пищевая промышленность']",Москва,[],[],[],,2635306,,более 5000,45940.0,Пятёрочка,Не имеет значения,Частичная занятость / Совместительство,Не имеет значения,,,https://www.superjob.ru/vakansii/pekar-51825407.html
51825543,"Пекарь (Москва, Осенняя, 28)",80000,100000,rub,"['Туризм, гостиницы, общественное питание', 'Промышленность, производство']","['Рестораны, кафе, столовые, фастфуд', 'Пищевая промышленность']",Москва,[],[],[],,2635306,,более 5000,45940.0,Пятёрочка,Не имеет значения,Частичная занятость / Совместительство,Не имеет значения,,,https://www.superjob.ru/vakansii/pekar-51825543.html
51840740,"Пекарь (Внуковское, Анны Ахматовой, 10)",56100,70125,rub,"['Туризм, гостиницы, общественное питание', 'Промышленность, производство']","['Рестораны, кафе, столовые, фастфуд', 'Пищевая промышленность']",Москва,[],[],[],,2635306,,более 5000,45940.0,Пятёрочка,Не имеет значения,Частичная занятость / Совместительство,Не имеет значения,,,https://www.superjob.ru/vakansii/pekar-51840740.html
51854619,"Пекарь (Москва, Большое Свинорье, Боровское, 62)",67000,75000,rub,"['Туризм, гостиницы, общественное питание', 'Промышленность, производство']","['Рестораны, кафе, столовые, фастфуд', 'Пищевая промышленность']",Москва,[],[],[],,2635306,,более 5000,45940.0,Пятёрочка,Не имеет значения,Частичная занятость / Совместительство,Не имеет значения,,,https://www.superjob.ru/vakansii/pekar-51854619.html
48767563,Пекарь,80000,100000,rub,"['Туризм, гостиницы, общественное питание', 'Промышленность, производство', 'Продажи']","['Рестораны, кафе, столовые, фастфуд', 'Пищевая промышленность', 'Начало карьеры, мало опыта']",Москва,[],[],[],"Москва, Алтуфьевское, 9",2635306,,более 5000,45940.0,Пятёрочка,От 1 года,Полный рабочий день,Не имеет значения,55.85257,37.583515,https://www.superjob.ru/vakansii/pekar-48767563.html
48767612,Пекарь,80000,100000,rub,"['Туризм, гостиницы, общественное питание', 'Промышленность, производство', 'Продажи']","['Рестораны, кафе, столовые, фастфуд', 'Пищевая промышленность', 'Начало карьеры, мало опыта']",Москва,[],[],[],"Москва, Луговой, 2",2635306,,более 5000,45940.0,Пятёрочка,От 1 года,Полный рабочий день,Не имеет значения,55.651161,37.750443,https://www.superjob.ru/vakansii/pekar-48767612.html
48767680,Пекарь,80000,100000,rub,"['Туризм, гостиницы, общественное питание', 'Промышленность, производство']","['Рестораны, кафе, столовые, фастфуд', 'Пищевая промышленность']",Москва,[],[],[],"Москва, Ярцевская, 29",2635306,,более 5000,45940.0,Пятёрочка,Не имеет значения,Частичная занятость / Совместительство,Не имеет значения,55.742371,37.417706,https://www.superjob.ru/vakansii/pekar-48767680.html
48767767,Пекарь,80000,100000,rub,"['Туризм, гостиницы, общественное питание', 'Промышленность, производство', 'Продажи']","['Рестораны, кафе, столовые, фастфуд', 'Пищевая промышленность', 'Начало карьеры, мало опыта']",Москва,[],[],[],"Москва, Гришина, 9",2635306,,более 5000,45940.0,Пятёрочка,Без опыта,Частичная занятость / Совместительство,Не имеет значения,55.722042,37.41758,https://www.superjob.ru/vakansii/pekar-48767767.html
48767854,Пекарь,80000,100000,rub,"['Туризм, гостиницы, общественное питание', 'Промышленность, производство', 'Продажи']","['Рестораны, кафе, столовые, фастфуд', 'Пищевая промышленность', 'Начало карьеры, мало опыта']",Москва,[],[],[],"Москва, Молдавская, 4",2635306,,более 5000,45940.0,Пятёрочка,От 1 года,Частичная занятость / Совместительство,Не имеет значения,55.730938,37.441753,https://www.superjob.ru/vakansii/pekar-48767854.html
50242534,Пекарь,90000,110000,rub,"['Туризм, гостиницы, общественное питание', 'Промышленность, производство', 'Продажи']","['Рестораны, кафе, столовые, фастфуд', 'Пищевая промышленность', 'Начало карьеры, мало опыта']",Москва,[],[],[],"Москва, Архитектора Щусева, 5",2635306,,более 5000,45940.0,Пятёрочка,От 1 года,Частичная занятость / Совместительство,Не имеет значения,55.698032,37.63578,https://www.superjob.ru/vakansii/pekar-50242534.html
50550248,Пекарь,80000,100000,rub,"['Туризм, гостиницы, общественное питание', 'Промышленность, производство']","['Рестораны, кафе, столовые, фастфуд', 'Пищевая промышленность']",Москва,[],[],[],"Москва, Генерала Глаголева, 25",2635306,,более 5000,45940.0,Пятёрочка,Не имеет значения,Частичная занятость / Совместительство,Не имеет значения,55.787762,37.462997,https://www.superjob.ru/vakansii/pekar-50550248.html
50564949,Пекарь,80000,100000,rub,"['Туризм, гостиницы, общественное питание', 'Промышленность, производство', 'Продажи']","['Рестораны, кафе, столовые, фастфуд', 'Пищевая промышленность', 'Начало карьеры, мало опыта']",Москва,[],[],[],"Москва, Веерная, 22",2635306,,более 5000,45940.0,Пятёрочка,От 1 года,Частичная занятость / Совместительство,Не имеет значения,55.708584,37.482861,https://www.superjob.ru/vakansii/pekar-50564949.html
50894911,"Пекарь (Москва, Боровая, 10)",80000,100000,rub,"['Туризм, гостиницы, общественное питание', 'Промышленность, производство']","['Рестораны, кафе, столовые, фастфуд', 'Пищевая промышленность']",Москва,[],[],[],,2635306,,более 5000,45940.0,Пятёрочка,Не имеет значения,Частичная занятость / Совместительство,Не имеет значения,,,https://www.superjob.ru/vakansii/pekar-50894911.html
51616956,"Пекарь (Москва, Северное Чертаново, 1А)",80000,100000,rub,"['Туризм, гостиницы, общественное питание', 'Промышленность, производство']","['Рестораны, кафе, столовые, фастфуд', 'Пищевая промышленность']",Москва,[],[],[],,2635306,,более 5000,45940.0,Пятёрочка,Не имеет значения,Частичная занятость / Совместительство,Не имеет значения,,,https://www.superjob.ru/vakansii/pekar-51616956.html
51729382,"Пекарь (Москва, Андропова, 48)",80000,100000,rub,"['Туризм, гостиницы, общественное питание', 'Промышленность, производство']","['Рестораны, кафе, столовые, фастфуд', 'Пищевая промышленность']",Москва,[],[],[],,2635306,,более 5000,45940.0,Пятёрочка,Не имеет значения,Частичная занятость / Совместительство,Не имеет значения,,,https://www.superjob.ru/vakansii/pekar-51729382.html
51731084,"Пекарь (Москва, Прокшинский, 11)",67000,76000,rub,"['Туризм, гостиницы, общественное питание', 'Промышленность, производство']","['Рестораны, кафе, столовые, фастфуд', 'Пищевая промышленность']",Москва,[],[],[],,2635306,,более 5000,45940.0,Пятёрочка,Не имеет значения,Частичная занятость / Совместительство,Не имеет значения,,,https://www.superjob.ru/vakansii/pekar-51731084.html
51790702,"Пекарь (Москва, Абрамцевская, 30)",80000,100000,rub,"['Туризм, гостиницы, общественное питание', 'Промышленность, производство']","['Рестораны, кафе, столовые, фастфуд', 'Пищевая промышленность']",Москва,[],[],[],,2635306,,более 5000,45940.0,Пятёрочка,Не имеет значения,Частичная занятость / Совместительство,Не имеет значения,,,https://www.superjob.ru/vakansii/pekar-51790702.html
51790711,"Пекарь (Москва, Тимирязевская, 17А)",80000,100000,rub,"['Туризм, гостиницы, общественное питание', 'Промышленность, производство']","['Рестораны, кафе, столовые, фастфуд', 'Пищевая промышленность']",Москва,[],[],[],,2635306,,более 5000,45940.0,Пятёрочка,Не имеет значения,Частичная занятость / Совместительство,Не имеет значения,,,https://www.superjob.ru/vakansii/pekar-51790711.html
51790729,"Пекарь (Москва, Довженко, 6)",80000,100000,rub,"['Туризм, гостиницы, общественное питание', 'Промышленность, производство']","['Рестораны, кафе, столовые, фастфуд', 'Пищевая промышленность']",Москва,[],[],[],,2635306,,более 5000,45940.0,Пятёрочка,Не имеет значения,Полный рабочий день,Не имеет значения,,,https://www.superjob.ru/vakansii/pekar-51790729.html
51790734,"Пекарь (Москва, Рублёвское, 22)",80000,100000,rub,"['Туризм, гостиницы, общественное питание', 'Промышленность, производство']","['Рестораны, кафе, столовые, фастфуд', 'Пищевая промышленность']",Москва,[],[],[],,2635306,,более 5000,45940.0,Пятёрочка,Не имеет значения,Частичная занятость / Совместительство,Не имеет значения,,,https://www.superjob.ru/vakansii/pekar-51790734.html
51790770,"Пекарь (Москва, Тихорецкий, 2)",80000,100000,rub,"['Туризм, гостиницы, общественное питание', 'Промышленность, производство']","['Рестораны, кафе, столовые, фастфуд', 'Пищевая промышленность']",Москва,[],[],[],,2635306,,более 5000,45940.0,Пятёрочка,Не имеет значения,Частичная занятость / Совместительство,Не имеет значения,,,https://www.superjob.ru/vakansii/pekar-51790770.html
51790798,"Пекарь (Москва, Новотушинский, 8)",80000,100000,rub,"['Туризм, гостиницы, общественное питание', 'Промышленность, производство']","['Рестораны, кафе, столовые, фастфуд', 'Пищевая промышленность']",Москва,[],[],[],,2635306,,более 5000,45940.0,Пятёрочка,Не имеет значения,Частичная занятость / Совместительство,Не имеет значения,,,https://www.superjob.ru/vakansii/pekar-51790798.html
51790869,"Пекарь (Москва, Преображенский Вал, 1)",80000,100000,rub,"['Туризм, гостиницы, общественное питание', 'Промышленность, производство']","['Рестораны, кафе, столовые, фастфуд', 'Пищевая промышленность']",Москва,[],[],[],,2635306,,более 5000,45940.0,Пятёрочка,Не имеет значения,Частичная занятость / Совместительство,Не имеет значения,,,https://www.superjob.ru/vakansii/pekar-51790869.html
51790918,"Пекарь (Москва, Дубнинская, 12)",80000,100000,rub,"['Туризм, гостиницы, общественное питание', 'Промышленность, производство']","['Рестораны, кафе, столовые, фастфуд', 'Пищевая промышленность']",Москва,[],[],[],,2635306,,более 5000,45940.0,Пятёрочка,Не имеет значения,Частичная занятость / Совместительство,Не имеет значения,,,https://www.superjob.ru/vakansii/pekar-51790918.html
51790956,"Пекарь (Москва, Стартовая, 4)",80000,100000,rub,"['Туризм, гостиницы, общественное питание', 'Промышленность, производство']","['Рестораны, кафе, столовые, фастфуд', 'Пищевая промышленность']",Москва,[],[],[],,2635306,,более 5000,45940.0,Пятёрочка,Не имеет значения,Частичная занятость / Совместительство,Не имеет значения,,,https://www.superjob.ru/vakansii/pekar-51790956.html
51791000,"Пекарь (Москва, Большая Очаковская, 2)",80000,100000,rub,"['Туризм, гостиницы, общественное питание', 'Промышленность, производство']","['Рестораны, кафе, столовые, фастфуд', 'Пищевая промышленность']",Москва,[],[],[],,2635306,,более 5000,45940.0,Пятёрочка,Не имеет значения,Частичная занятость / Совместительство,Не имеет значения,,,https://www.superjob.ru/vakansii/pekar-51791000.html
51791108,"Пекарь (Москва, Коровинское, 21А)",80000,100000,rub,"['Туризм, гостиницы, общественное питание', 'Промышленность, производство']","['Рестораны, кафе, столовые, фастфуд', 'Пищевая промышленность']",Москва,[],[],[],,2635306,,более 5000,45940.0,Пятёрочка,Не имеет значения,Частичная занятость / Совместительство,Не имеет значения,,,https://www.superjob.ru/vakansii/pekar-51791108.html
51791120,"Пекарь (Москва, Кунцевская, 15)",80000,100000,rub,"['Туризм, гостиницы, общественное питание', 'Промышленность, производство']","['Рестораны, кафе, столовые, фастфуд', 'Пищевая промышленность']",Москва,[],[],[],,2635306,,более 5000,45940.0,Пятёрочка,Не имеет значения,Частичная занятость / Совместительство,Не имеет значения,,,https://www.superjob.ru/vakansii/pekar-51791120.html
51791156,"Пекарь (Москва, Производственная, 12)",67320,91341,rub,"['Туризм, гостиницы, общественное питание', 'Промышленность, производство']","['Рестораны, кафе, столовые, фастфуд', 'Пищевая промышленность']",Москва,[],[],[],,2635306,,более 5000,45940.0,Пятёрочка,Не имеет значения,Частичная занятость / Совместительство,Не имеет значения,,,https://www.superjob.ru/vakansii/pekar-51791156.html
51791167,"Пекарь (Москва, 4-я Магистральная, 5)",80000,100000,rub,"['Туризм, гостиницы, общественное питание', 'Промышленность, производство']","['Рестораны, кафе, столовые, фастфуд', 'Пищевая промышленность']",Москва,[],[],[],,2635306,,более 5000,45940.0,Пятёрочка,Не имеет значения,Частичная занятость / Совместительство,Не имеет значения,,,https://www.superjob.ru/vakansii/pekar-51791167.html
51791176,"Пекарь (Москва, Измайловский, 12/31)",80000,100000,rub,"['Туризм, гостиницы, общественное питание', 'Промышленность, производство']","['Рестораны, кафе, столовые, фастфуд', 'Пищевая промышленность']",Москва,[],[],[],,2635306,,более 5000,45940.0,Пятёрочка,Не имеет значения,Частичная занятость / Совместительство,Не имеет значения,,,https://www.superjob.ru/vakansii/pekar-51791176.html
51791280,"Пекарь (Москва, Михалковская, 28)",80000,100000,rub,"['Туризм, гостиницы, общественное питание', 'Промышленность, производство']","['Рестораны, кафе, столовые, фастфуд', 'Пищевая промышленность']",Москва,[],[],[],,2635306,,более 5000,45940.0,Пятёрочка,Не имеет значения,Частичная занятость / Совместительство,Не имеет значения,,,https://www.superjob.ru/vakansii/pekar-51791280.html
51791309,"Пекарь (Москва, Ленинский, 130)",80000,100000,rub,"['Туризм, гостиницы, общественное питание', 'Промышленность, производство']","['Рестораны, кафе, столовые, фастфуд', 'Пищевая промышленность']",Москва,[],[],[],,2635306,,более 5000,45940.0,Пятёрочка,Не имеет значения,Частичная занятость / Совместительство,Не имеет значения,,,https://www.superjob.ru/vakansii/pekar-51791309.html
51791318,"Пекарь (Москва, Ленинградское, 228)",80000,100000,rub,"['Туризм, гостиницы, общественное питание', 'Промышленность, производство']","['Рестораны, кафе, столовые, фастфуд', 'Пищевая промышленность']",Москва,[],[],[],,2635306,,более 5000,45940.0,Пятёрочка,Не имеет значения,Частичная занятость / Совместительство,Не имеет значения,,,https://www.superjob.ru/vakansii/pekar-51791318.html
51791358,"Пекарь (Москва, Фомичёвой, 1А)",80000,100000,rub,"['Туризм, гостиницы, общественное питание', 'Промышленность, производство']","['Рестораны, кафе, столовые, фастфуд', 'Пищевая промышленность']",Москва,[],[],[],,2635306,,более 5000,45940.0,Пятёрочка,Не имеет значения,Частичная занятость / Совместительство,Не имеет значения,,,https://www.superjob.ru/vakansii/pekar-51791358.html
51791381,"Пекарь (Москва, Архитектора Власова, 17)",80000,100000,rub,"['Дизайн', 'Туризм, гостиницы, общественное питание', 'Строительство, проектирование, недвижимость', 'Промышленность, производство']","['Архитектура', 'Рестораны, кафе, столовые, фастфуд', 'Архитектура', 'Пищевая промышленность']",Москва,[],[],[],,2635306,,более 5000,45940.0,Пятёрочка,Не имеет значения,Частичная занятость / Совместительство,Не имеет значения,,,https://www.superjob.ru/vakansii/pekar-51791381.html
51791386,"Пекарь (Москва, 3-й Крутицкий, 13)",90000,110000,rub,"['Туризм, гостиницы, общественное питание', 'Промышленность, производство']","['Рестораны, кафе, столовые, фастфуд', 'Пищевая промышленность']",Москва,[],[],[],,2635306,,более 5000,45940.0,Пятёрочка,Не имеет значения,Частичная занятость / Совместительство,Не имеет значения,,,https://www.superjob.ru/vakansii/pekar-51791386.html
51821156,"Пекарь (Москва, Выборгская, 16)",80000,100000,rub,"['Туризм, гостиницы, общественное питание', 'Промышленность, производство']","['Рестораны, кафе, столовые, фастфуд', 'Пищевая промышленность']",Москва,[],[],[],,2635306,,более 5000,45940.0,Пятёрочка,Не имеет значения,Частичная занятость / Совместительство,Не имеет значения,,,https://www.superjob.ru/vakansii/pekar-51821156.html
51837915,"Пекарь (Москва, Ленинский, 88)",80000,100000,rub,"['Туризм, гостиницы, общественное питание', 'Промышленность, производство']","['Рестораны, кафе, столовые, фастфуд', 'Пищевая промышленность']",Москва,[],[],[],,2635306,,более 5000,45940.0,Пятёрочка,Не имеет значения,Частичная занятость / Совместительство,Не имеет значения,,,https://www.superjob.ru/vakansii/pekar-51837915.html
51870177,Пекарь,0,70000,rub,"['Туризм, гостиницы, общественное питание', 'Промышленность, производство']","['Рестораны, кафе, столовые, фастфуд', 'Пищевая промышленность']",Москва,['Фили'],['МЦД1'],['darkorange'],"г Москва, проезд Береговой, д. 4/6 стр. 3. 4/6",0,,,,,Без опыта,Сменный график работы,Не имеет значения,55.757362,37.5037,https://www.superjob.ru/vakansii/pekar-51870177.html
51870179,Пекарь,0,70000,rub,"['Туризм, гостиницы, общественное питание', 'Промышленность, производство']","['Рестораны, кафе, столовые, фастфуд', 'Пищевая промышленность']",Москва,['Беляево'],['Калужско-Рижская'],['orange'],"г Москва, улица Введенского, д. 13Б. 13Б",0,,,,,Без опыта,Сменный график работы,Не имеет значения,55.642151,37.542042,https://www.superjob.ru/vakansii/pekar-51870179.html
51870180,Хлебопек. Сменный график,0,70000,rub,"['Промышленность, производство']",['Пищевая промышленность'],Москва,['Динамо'],['Замоскворецкая'],['green'],"г Москва, проезд 1-й Боткинский, д. 4 к. 2. 4",0,,,,,Без опыта,Сменный график работы,Не имеет значения,55.782578,37.557648,https://www.superjob.ru/vakansii/hlebopek-51870180.html
51870182,Хлебопек. Сменный график,0,70000,rub,"['Промышленность, производство', 'Топ-персонал']","['Машиностроение, станкостроение', 'Промышленность, производство, сельское хозяйство']",Москва,['Новые Черёмушки'],['Калужско-Рижская'],['orange'],"г Москва, улица Гарибальди, д. 36 к. 1 стр 1. 36",0,,,,,Без опыта,Сменный график работы,Не имеет значения,55.755817,37.617645,https://www.superjob.ru/vakansii/hlebopek-51870182.html
51870183,Повар в отдел хлебобулочных изделий,0,70000,rub,"['Промышленность, производство']",['Пищевая промышленность'],Москва,[],[],[],"г Москва, переулок Слободской, д. 6 стр. 19. 6",0,,,,,Без опыта,Сменный график работы,Не имеет значения,55.759071,37.68259,https://www.superjob.ru/vakansii/povar-v-otdel-hlebobulochnyh-izdelij-51870183.html
45514437,Электромонтер по ремонту электрооборудования,150000,0,rub,"['Строительство, проектирование, недвижимость', 'Топ-персонал', 'Рабочий персонал']","['ЖКХ', 'Электроснабжение', 'Услуги, ремонт, сервисное обслуживание', 'Квалифицированный рабочий']",Москва,"['Таганская', 'Марксистская', 'Калитники']","['Таганско-Краснопресненская', 'Калининско-Солнцевская', 'МЦД2']","['violet', 'yellow', 'fuchsia']","Москва, Автомобильный проезд, 17",3001761,,1000 — 5000,21.0,Автомобильные дороги Центрального административного округа г. Москвы,От 1 года,Полный рабочий день,Среднее специальное,55.729183,37.707108,https://www.superjob.ru/vakansii/elektromonter-po-remontu-elektrooborudovaniya-45514437.html
50541256,"Слесарь по обслуживанию вентиляции, кондиционеров и сантехники",75000,75000,rub,"['Строительство, проектирование, недвижимость', 'Рабочий персонал']","['Отопление, вентиляция и кондиционирование', 'Водоснабжение, канализация', 'Рабочий персонал, разное', 'Квалифицированный рабочий']",Москва,['Лубянка'],['Сокольническая'],['red'],,2671282,,100 — 500,14.0,Чистый город,От 1 года,Полный рабочий день,Среднее специальное,,,https://www.superjob.ru/vakansii/slesar-po-obsluzhivaniyu-ventilyacii-50541256.html
51698296,"Директор магазина-партнер (Москва, Профсоюзная, 146)",150000,185000,rub,"['Продажи', 'Строительство, проектирование, недвижимость']","['Агентства недвижимости, оценка недвижимости', 'Отопление, вентиляция и кондиционирование', 'Управление недвижимостью', 'Управление строительством, девелопмент']",Москва,[],[],[],,2635306,,более 5000,45940.0,Пятёрочка,От 1 года,Полный рабочий день,Неполное высшее,,,https://www.superjob.ru/vakansii/direktor-magazina-partner-51698296.html
51726951,Электромонтажник,160000,160000,rub,"['Строительство, проектирование, недвижимость', 'Рабочий персонал']","['Эксплуатация зданий', 'Электроснабжение', 'Квалифицированный рабочий']",Москва,[],[],[],,4899646,,менее 50,7.0,Р-Строй,От 1 года,Полный рабочий день,Среднее специальное,,,https://www.superjob.ru/vakansii/elektromontazhnik-51726951.html
51780921,Дежурный инженер-энергетик,120000,0,rub,"['Строительство, проектирование, недвижимость', 'Услуги, ремонт, сервисное обслуживание']","['Эксплуатация зданий', 'Телекоммуникационное оборудование и сети', 'Промышленное оборудование', 'Торговое, складское, холодильное оборудование', 'Компьютеры и оргтехника']",Москва,"['Тушинская', 'Сходненская', 'Мякинино', 'Волоколамская']","['МЦД2', 'Таганско-Краснопресненская', 'Арбатско-Покровская', 'МЦД2']","['fuchsia', 'violet', 'darkblue', 'fuchsia']","Москва, Походный проезд, 3с2",11714,,100 — 500,68.0,Филиал ФКУ «Налог-Сервис» ФНС России по ЦОД в г. Москве,От 3 лет,Полный рабочий день,Не имеет значения,55.83503,37.408318,https://www.superjob.ru/vakansii/dezhurnyj-inzhener-energetik-51780921.html
51593835,Инженер по проектно-сметной работе,0,0,rub,"['Строительство, проектирование, недвижимость']",['Сметное дело'],Москва,[],[],[],,4942670,,менее 50,4.0,НК Роснефть,Без опыта,Полный рабочий день,Не имеет значения,,,https://www.superjob.ru/vakansii/inzhener-po-proektno-smetnoj-rabote-51593835.html
51717864,Техник по эксплуатации зданий и сооружений,80000,120000,rub,"['Строительство, проектирование, недвижимость']",['Эксплуатация зданий'],Москва,['Каширская'],['Большая кольцевая линия'],['cian'],,4216439,,менее 50,1.0,АДМИРАЛ ИНЖИНИРИНГ,От 1 года,Полный рабочий день,Не имеет значения,,,https://www.superjob.ru/vakansii/tehnik-po-ekspluatacii-zdanij-i-sooruzhenij-51717864.html
51754780,Бэкенд‑разработчик стажер,0,0,rub,"['Консалтинг, стратегическое развитие', 'Строительство, проектирование, недвижимость']","['IT-консалтинг', 'Управление проектами (ГИП)']",Москва,[],[],[],,4944244,,менее 50,9.0,Контур,Без опыта,Полный рабочий день,Не имеет значения,,,https://www.superjob.ru/vakansii/bekend-51754780.html
51778935,Сотрудник отдела по работе с нейронными сетями,0,0,rub,"['Строительство, проектирование, недвижимость']","['Подводно-технические работы', 'Управление строительством, девелопмент']",Москва,[],[],[],,4957440,,более 5000,8.0,Tesla,Без опыта,Полный рабочий день,Не имеет значения,,,https://www.superjob.ru/vakansii/sotrudnik-otdela-po-rabote-s-nejronnymi-setyami-51778935.html
51827450,Электромонтер по ремонту линий электропередачи,114700,114700,rub,"['Строительство, проектирование, недвижимость']","['Эксплуатация зданий', 'Электроснабжение']",Москва,"['Водный стадион', 'Коптево', 'Верхние Лихоборы']","['Замоскворецкая', 'МЦК', 'Люблинско-Дмитровская']","['green', 'lightpink', 'lime']","Москва, Михалковская улица",2466656,,более 5000,3173.0,Российские железные дороги,Без опыта,Полный рабочий день,Не имеет значения,55.840572,37.523384,https://www.superjob.ru/vakansii/elektromonter-po-remontu-linij-elektroperedachi-51827450.html
51834941,Слесарь-сантехник,84000,0,rub,"['Строительство, проектирование, недвижимость', 'Рабочий персонал']","['Водоснабжение, канализация', 'Рабочий персонал, разное', 'Квалифицированный рабочий']",Москва,"['Комсомольская', 'Площадь трёх вокзалов']","['Кольцевая', 'МЦД4']","['brown', 'mediumaquamarine']","Москва, Комсомольская площадь, 1с3",2073835,,1000 — 5000,4.0,Мосинжпроект,От 1 года,Полный рабочий день,Не имеет значения,55.777065,37.653774,https://www.superjob.ru/vakansii/slesar-santehnik-51834941.html
51863773,Стажер-инженер-аналитик,0,0,rub,"['IT, Интернет, связь, телеком', 'Маркетинг, реклама, PR', 'Строительство, проектирование, недвижимость']","['Аналитика', 'Инжиниринг', 'Начало карьеры, мало опыта', 'Аналитика, исследование рынков', 'Начало карьеры, мало опыта']",Москва,[],[],[],,4962080,,менее 50,0.0,Netflix,Без опыта,Полный рабочий день,Не имеет значения,,,https://www.superjob.ru/vakansii/stazher-inzhener-analitik-51863773.html
51865999,Автокурьер на личном авто (Оплата патента),70000,160000,rub,"['Строительство, проектирование, недвижимость']","['Отопление, вентиляция и кондиционирование', 'ЖКХ', 'Строительно-монтажные работы']",Москва,[],[],[],"г Москва, улица Соколово-Мещерская, д. 25 к. 1. 25",0,,,,,Без опыта,Полный рабочий день,Не имеет значения,55.901955,37.383499,https://www.superjob.ru/vakansii/avtokurer-na-lichnom-avto-51865999.html
51870619,"Продавец-консультант (Москва, Шереметьевская, 6)",82400,87500,rub,"['Продажи', 'Строительство, проектирование, недвижимость']","['Агентства недвижимости, оценка недвижимости', 'Управление недвижимостью', 'Эксплуатация зданий']",Москва,[],[],[],"Москва, Шереметьевская, 6",4311,,более 5000,3349.0,Перекресток,Не имеет значения,Полный рабочий день,Не имеет значения,55.796284,37.618721,https://www.superjob.ru/vakansii/prodavec-konsultant-51870619.html
40655947,Экономист,130000,130000,rub,"['Строительство, проектирование, недвижимость']","['Сметное дело', 'Экологическое сопровождение проектов']",Москва,['Славянский бульвар'],['МЦД1'],['darkorange'],"Москва, Дорогобужская улица, 13",2885715,,менее 50,3.0,ГБОУ Школа № 1195,От 1 года,Полный рабочий день,Высшее,55.716179,37.415989,https://www.superjob.ru/vakansii/ekonomist-40655947.html
45569322,Начальник строительного участка/Руководитель проекта,210000,0,rub,"['Строительство, проектирование, недвижимость', 'Топ-персонал']","['Строительно-монтажные работы', 'Управление строительством, девелопмент', 'Строительство, проектирование, недвижимость']",Москва,"['Профсоюзная', 'Тульская', 'Нагорная', 'Верхние Котлы']","['Калужско-Рижская', 'Серпуховско-Тимирязевская', 'Серпуховско-Тимирязевская', 'МЦК']","['orange', 'gray', 'gray', 'lightpink']","Москва, Нагорная улица, 4А",71817,,100 — 500,21.0,ЭКО центр,От 6 лет,Полный рабочий день,Не имеет значения,55.682301,37.609325,https://www.superjob.ru/vakansii/nachalnik-stroitelnogo-uchastka-45569322.html
49678069,Машинист колёсного экскаватора (полноповоротный),0,150000,rub,"['Строительство, проектирование, недвижимость', 'Рабочий персонал']","['Водоснабжение, канализация', 'Квалифицированный рабочий']",Москва,[],[],[],"Москва, Новочерёмушкинская улица, 23",3590948,,50 — 100,15.0,СТРОЙ КА ИК,От 3 лет,Полный рабочий день,Не имеет значения,55.681839,37.580013,https://www.superjob.ru/vakansii/mashinist-koljosnogo-ekskavatora-49678069.html
47868462,Рабочий по комплексному обслуживанию и ремонту здания,80000,0,rub,"['Строительство, проектирование, недвижимость', 'Рабочий персонал']","['Эксплуатация зданий', 'Рабочий персонал, разное']",Москва,"['Коломенская', 'Нагатинская']","['Замоскворецкая', 'Серпуховско-Тимирязевская']","['green', 'gray']",,4404493,,менее 50,2.0,ГБОУ Школа № 507,От 1 года,Полный рабочий день,Не имеет значения,,,https://www.superjob.ru/vakansii/rabochij-po-kompleksnomu-obsluzhivaniyu-i-remontu-zdaniya-47868462.html
50895660,Столяр 6 разряда,84000,84000,rub,"['Промышленность, производство', 'Рабочий персонал', 'Строительство, проектирование, недвижимость']","['Мебельное производство', 'Квалифицированный рабочий', 'Строительство деревянных домов и конструкций']",Москва,['Курская'],['МЦД4'],['mediumaquamarine'],"Москва, Мрузовский переулок, 11с1",202378,,1000 — 5000,36.0,МОСГАЗ,От 1 года,Полный рабочий день,Не имеет значения,55.75745,37.667419,https://www.superjob.ru/vakansii/stolyar-6-razryada-50895660.html
51225926,Инженер-электрик,0,0,rub,"['Строительство, проектирование, недвижимость']",['Электроснабжение'],Москва,[],[],[],"Видное, Южная промзона, 15с3",2631007,,более 5000,37.0,ЦЕМРОС,От 3 лет,Полный рабочий день,Не имеет значения,,,https://www.superjob.ru/vakansii/inzhener-elektrik-51225926.html
51578076,Сервисный инженер по эксплуатации систем кондиционирования,124000,124000,rub,"['Строительство, проектирование, недвижимость', 'Промышленность, производство']","['Эксплуатация зданий', 'Автомобильная промышленность', 'Машиностроение, станкостроение', 'Нефтегазовое машиностроение', 'Промышленное оборудование']",Москва,['Парк Культуры'],['Кольцевая'],['brown'],"Москва, Зубовский бульвар, 4с1",4941795,,1000 — 5000,9.0,RT,От 1 года,Полный рабочий день,Среднее специальное,55.737358,37.590496,https://www.superjob.ru/vakansii/servisnyj-inzhener-po-ekspluatacii-sistem-kondicionirovaniya-51578076.html
51619130,Слесарь-сантехник,80000,80000,rub,"['Строительство, проектирование, недвижимость', 'Рабочий персонал']","['Водоснабжение, канализация', 'Рабочий персонал, разное', 'Квалифицированный рабочий']",Москва,[],[],[],"Москва, Троицк, Физическая улица, 11с1",3388869,,1000 — 5000,3.0,ФИАН,От 1 года,Полный рабочий день,Не имеет значения,55.461357,37.294483,https://www.superjob.ru/vakansii/slesar-santehnik-51619130.html
