id,Название вакансии,Минимальная зарплата,Максимальная зарплата,Валюта,Категория,Детальные категории,Город,Метро,Линия метро,Цвет линии метро,Адрес,Id компании,Кол-во персонала в компании,Кол-во размещенных вакансий,Название компании,Опыт,График работы,Образование,Широта,Долгота,ссылка,Средняя зарплата
50742146,Администратор магазина,94900,113900,rub,"['Промышленность, производство', 'IT, Интернет, связь, телеком']","['Промышленное оборудование', 'Внедрение и сопровождение ПО']",Санкт-Петербург,[],[],[],"Санкт-Петербург, Дыбенко, 14",2635306,более 5000,49868.0,Пятёрочка,От 1 года,Полный рабочий день,Не имеет значения,59.903267,30.465429,https://spb.superjob.ru/vakansii/administrator-magazina-50742146.html,104400.0
51673017,Инженер по АСУ ТП (ТЭЦ-21),95526,95526,rub,"['IT, Интернет, связь, телеком', 'Промышленность, производство']","['Инжиниринг', 'Промышленное оборудование']",Санкт-Петербург,"['Гражданский Проспект', 'Девяткино', 'Проспект Просвещения']","['Кировско-Выборгская', 'Кировско-Выборгская', 'Московско-Петроградская']","['red', 'red', 'blue']","Ленинградская область, Всеволожский район, деревня Новое Девяткино",289082,более 5000,60.0,Территориальная генерирующая компания №1,От 1 года,Полный рабочий день,Не имеет значения,60.057323,30.47637,https://spb.superjob.ru/vakansii/inzhener-po-asu-tp-51673017.html,95526.0
50863757,Системный администратор,60000,86000,rub,"['IT, Интернет, связь, телеком']","['Интернет, создание и поддержка сайтов', 'Системное администрирование', 'Внедрение и сопровождение ПО']",Санкт-Петербург,"['Пушкинская', 'Звенигородская']","['Кировско-Выборгская', 'Фрунзенско-Приморская']","['red', 'violet']","Санкт-Петербург, Звенигородская улица, 22",3959568,100 — 500,16.0,"СПб ГКУ ""Центр организации социального обслуживания""",От 1 года,Полный рабочий день,Не имеет значения,59.918644,30.341379,https://spb.superjob.ru/vakansii/sistemnyj-administrator-50863757.html,73000.0
51697801,Специалист по информационным технологиям (Санкт-Петербург),39150,65250,rub,"['IT, Интернет, связь, телеком']","['Администрирование баз данных', 'Системное администрирование', 'Телекоммуникации и связь', 'Техническая поддержка', 'Внедрение и сопровождение ПО']",Санкт-Петербург,[],[],[],,11714,100 — 500,68.0,Филиал ФКУ «Налог-Сервис» ФНС России по ЦОД в г. Москве,От 1 года,Полный рабочий день,Не имеет значения,,,https://spb.superjob.ru/vakansii/specialist-po-informacionnym-tehnologiyam-51697801.html,52200.0
51780001,Электромеханик / электронщик,80000,90000,rub,"['IT, Интернет, связь, телеком', 'Строительство, проектирование, недвижимость', 'Услуги, ремонт, сервисное обслуживание', 'Рабочий персонал']","['Инжиниринг', 'Электроснабжение', 'Слаботочные системы и сети', 'Промышленное оборудование', 'Квалифицированный рабочий']",Санкт-Петербург,[],[],[],"г Санкт-Петербург, наб Обводного канала, д 148 к 2",3797376,менее 50,337.0,JOBCART.RU,От 1 года,Полный рабочий день,Не имеет значения,59.908154,30.2708,https://spb.superjob.ru/vakansii/elektromehanik-51780001.html,85000.0
51810218,Ведущий инженер по системному администрированию,77250,104000,rub,"['IT, Интернет, связь, телеком']","['Инжиниринг', 'Сетевые технологии', 'Системная интеграция', 'Системное администрирование']",Санкт-Петербург,"['Садовая', 'Адмиралтейская']","['Фрунзенско-Приморская', 'Фрунзенско-Приморская']","['violet', 'violet']","Санкт-Петербург, Сенатская площадь, 3",860291,100 — 500,5.0,ФГБУ Президентская библиотека им. Б. Н. Ельцина,От 3 лет,Полный рабочий день,Не имеет значения,59.935089,30.302223,https://spb.superjob.ru/vakansii/veduschij-inzhener-po-sistemnomu-administrirovaniyu-51810218.html,90625.0
45885710,"Инженер ИТ, инспектор информационных технологий связи",75000,90000,rub,"['IT, Интернет, связь, телеком']","['Инжиниринг', 'Разработка, программирование', 'Техническая поддержка']",Санкт-Петербург,"['Площадь Ленина', 'Лесная']","['Кировско-Выборгская', 'Кировско-Выборгская']","['red', 'red']","Санкт-Петербург, Минеральная улица, 3-5",3117918,500 — 1000,3.0,УМВД России по Калининскому району г. Санкт-Петербурга,Без опыта,Полный рабочий день,Высшее,59.96653,30.381435,https://spb.superjob.ru/vakansii/inzhener-it-45885710.html,82500.0
46645470,Испытатель-тестировщик,40000,70000,rub,"['IT, Интернет, связь, телеком']","['Тестирование, QA']",Санкт-Петербург,['Ленинский проспект'],['Кировско-Выборгская'],['red'],"Санкт-Петербург, проспект Стачек, 140",89813,50 — 100,1.0,Ассоциация ВАСТ,Без опыта,Полный рабочий день,Не имеет значения,59.85527,30.24827,https://spb.superjob.ru/vakansii/ispytatel-testirovschik-46645470.html,55000.0
37047811,Инженер-программист АСУ ТП / Программист промышленных контроллеров,120000,160000,rub,"['IT, Интернет, связь, телеком', 'Промышленность, производство']","['Инжиниринг', 'Разработка, программирование', 'Машиностроение, станкостроение', 'Промышленное оборудование']",Санкт-Петербург,"['Площадь Александра Невского 1', 'Площадь Александра Невского 2']","['Невско-Василеостровская', 'Правобережная']","['green', 'yellow']","Санкт-Петербург, улица Профессора Качалова, 7",35359,менее 50,1375.0,ВЕРТЕК,От 3 лет,Полный рабочий день,Высшее,59.91428,30.396284,https://spb.superjob.ru/vakansii/inzhener-programmist-asu-tp-37047811.html,140000.0
50872329,Ведущий специалист управления персонифицированного учета,45000,50000,rub,"['IT, Интернет, связь, телеком', 'Государственная служба']","['Аналитика', 'Социальная служба']",Санкт-Петербург,['Ладожская'],['Правобережная'],['yellow'],"Санкт-Петербург, проспект Энергетиков, д. 60 корп. 2, лит А",4887815,более 5000,62.0,Социальный фонд России,От 1 года,Полный рабочий день,Не имеет значения,59.969421,30.434275,https://spb.superjob.ru/vakansii/veduschij-specialist-upravleniya-personificirovannogo-ucheta-50872329.html,47500.0
51681712,Системный администратор (младший системный администратор),60000,85000,rub,"['IT, Интернет, связь, телеком']",['Системное администрирование'],Санкт-Петербург,[],[],[],"Санкт-Петербург, улица Шкапина, 30",298376,100 — 500,5.0,СПб ГБУЗ МИАЦ,От 1 года,Полный рабочий день,Не имеет значения,59.905472,30.292835,https://spb.superjob.ru/vakansii/sistemnyj-administrator-51681712.html,72500.0
51729002,Инженер-электроник,60000,60000,rub,"['IT, Интернет, связь, телеком', 'Промышленность, производство']","['Инжиниринг', 'Радиотехническая и электронная промышленность']",Санкт-Петербург,['Электросила'],['Московско-Петроградская'],['blue'],"Санкт-Петербург, улица Решетникова, 15",4124847,менее 50,16.0,"ФБГУ ""29 КТЦ"" Минобороны России",От 3 лет,Полный рабочий день,Не имеет значения,59.878799,30.329782,https://spb.superjob.ru/vakansii/inzhener-elektronik-51729002.html,60000.0
51757761,Главный специалист по информационным ресурсам отдела эксплуатации информационной инфраструктуры,81800,105200,rub,"['Административная работа, секретариат, АХО', 'IT, Интернет, связь, телеком']","['Делопроизводство', 'Другое']",Санкт-Петербург,['Площадь Александра Невского 1'],['Невско-Василеостровская'],['green'],"Санкт-Петербург, Исполкомская, 16",4859700,1000 — 5000,27.0,"СПб ГКУ ""Организатор перевозок""",От 3 лет,Полный рабочий день,Высшее,59.929375,30.382118,https://spb.superjob.ru/vakansii/glavnyj-specialist-po-informacionnym-resursam-otdela-ekspluatacii-informacionnoj-infrastruktury-51757761.html,93500.0
51781506,Продавец магазина Магнит,63200,90500,rub,"['Дизайн', 'IT, Интернет, связь, телеком']","['Web-дизайн (UI/UX)', 'Web-верстка']",Санкт-Петербург,[],[],[],"Санкт-Петербург, Заневский, 35",280168,более 5000,18163.0,"Магнит, Розничная сеть",Не имеет значения,Полный рабочий день,Не имеет значения,59.92971,30.420118,https://spb.superjob.ru/vakansii/prodavec-magazina-magnit-51781506.html,76850.0
51789482,Ведущий специалист по защите информации,20000,20000,rub,"['Безопасность, службы охраны', 'IT, Интернет, связь, телеком']","['Информационная безопасность', 'Информационная безопасность']",Санкт-Петербург,['Петроградская'],['Московско-Петроградская'],['blue'],"Санкт-Петербург, улица Профессора Попова, 2",4809124,100 — 500,2.0,Федеральное государственное бюджетное учреждение науки Ботанический институт им. В. Л. Комарова Российской академии наук,От 1 года,Частичная занятость / Совместительство,Не имеет значения,59.968796,30.319927,https://spb.superjob.ru/vakansii/veduschij-specialist-po-zaschite-informacii-51789482.html,20000.0
51801607,Контент-менеджер,63000,75000,rub,"['IT, Интернет, связь, телеком']",['Контент'],Санкт-Петербург,[],[],[],"Санкт-Петербург, Университетская набережная, 7-9-11",291920,более 5000,154.0,ФГБОУ ВО Санкт-Петербургский государственный университет,От 1 года,Полный рабочий день,Не имеет значения,,,https://spb.superjob.ru/vakansii/kontent-menedzher-51801607.html,69000.0
51824617,"Специалист по продажам В2В (ПО с искусственным интеллектом, без поиска)",75000,115000,rub,"['IT, Интернет, связь, телеком']","['Интернет, создание и поддержка сайтов', 'Нейросети / Искусственный интеллект', 'AI']",Санкт-Петербург,[],[],[],"Санкт-Петербург, набережная реки Смоленки, 14",3316052,менее 50,1.0,"СЗРЦ ""Гарант Интернэшнл""",Без опыта,Полный рабочий день,Не имеет значения,59.94799,30.268051,https://spb.superjob.ru/vakansii/specialist-po-prodazham-v2v-51824617.html,95000.0
51844028,Продавец-консультант в ТЦ Мурино,55000,83000,rub,"['Дизайн', 'IT, Интернет, связь, телеком']","['Web-дизайн (UI/UX)', 'Web-верстка']",Санкт-Петербург,"['Академическая', 'Гражданский Проспект', 'Девяткино']","['Кировско-Выборгская', 'Кировско-Выборгская', 'Кировско-Выборгская']","['red', 'red', 'red']","Ленинградская область, Всеволожский район, Мурино, Тихая улица, 13",100593,более 5000,289.0,"Группа ""М. Видео-Эльдорадо""",Без опыта,Полный рабочий день,Не имеет значения,60.049198,30.444614,https://spb.superjob.ru/vakansii/prodavec-konsultant-v-tc-murino-51844028.html,69000.0
51846962,Продавец-кассир,90000,120000,rub,"['IT, Интернет, связь, телеком']","['DevOps', 'Управление разработкой']",Санкт-Петербург,['Лиговский проспект'],['Правобережная'],['yellow'],,38260,более 5000,779.0,Билайн,Не имеет значения,Полный рабочий день,Среднее специальное,,,https://spb.superjob.ru/vakansii/prodavec-kassir-51846962.html,105000.0
51849797,Системный администратор,60000,70000,rub,"['IT, Интернет, связь, телеком']",['Системное администрирование'],Санкт-Петербург,[],[],[],"Санкт-Петербург, Манчестерская улица, 8к1",4891649,менее 50,1.0,СПБ ГБ ПОУ «Колледж Петербургской моды»,Без опыта,Полный рабочий день,Не имеет значения,60.012016,30.330313,https://spb.superjob.ru/vakansii/sistemnyj-administrator-51849797.html,65000.0
51860678,Начинающий специалист IT-отдела/Системный администратор,60000,100000,rub,"['IT, Интернет, связь, телеком']","['Инжиниринг', 'Техническая поддержка', 'Другое', 'Начало карьеры, мало опыта']",Санкт-Петербург,[],[],[],"Санкт-Петербург, улица Константина Заслонова, 32-34",1977505,менее 50,1.0,ТЕЛЛУР-ИНТЕХ,Без опыта,Полный рабочий день,Не имеет значения,59.917313,30.343798,https://spb.superjob.ru/vakansii/nachinayuschij-specialist-it-otdela-51860678.html,80000.0
51673630,Ведущий программист,120000,140000,rub,"['IT, Интернет, связь, телеком']","['Разработка, программирование', 'Системная интеграция', 'Системное администрирование', 'Внедрение и сопровождение ПО']",Санкт-Петербург,[],[],[],"Санкт-Петербург, набережная канала Грибоедова, 30-32",4763170,1000 — 5000,29.0,СПбГЭУ,От 1 года,Полный рабочий день,Не имеет значения,59.931915,30.32593,https://spb.superjob.ru/vakansii/veduschij-programmist-51673630.html,130000.0
51789598,Программист,65000,70000,rub,"['IT, Интернет, связь, телеком']","['Игровое ПО / Геймдев', 'Интернет, создание и поддержка сайтов', 'Разработка и сопровождение банковского ПО', 'Разработка, программирование', 'Внедрение и сопровождение ПО']",Санкт-Петербург,['Балтийская'],['Кировско-Выборгская'],['red'],"Санкт-Петербург, улица Шкапина, д.30",298376,100 — 500,5.0,СПб ГБУЗ МИАЦ,От 1 года,Полный рабочий день,Не имеет значения,,,https://spb.superjob.ru/vakansii/programmist-51789598.html,67500.0
51810312,Специалист службы поддержки (немецкий),120000,250000,rub,"['IT, Интернет, связь, телеком']",['Техническая поддержка'],Санкт-Петербург,[],[],[],,3797376,менее 50,337.0,JOBCART.RU,Без опыта,Полный рабочий день,Не имеет значения,,,https://spb.superjob.ru/vakansii/specialist-sluzhby-podderzhki-51810312.html,185000.0
51551532,Ведущий системный администратор,96000,96000,rub,"['IT, Интернет, связь, телеком']","['Системное администрирование', 'Техническая поддержка']",Санкт-Петербург,"['Невский Проспект', 'Василеостровская', 'Спортивная']","['Московско-Петроградская', 'Невско-Василеостровская', 'Фрунзенско-Приморская']","['blue', 'green', 'violet']","Санкт-Петербург, Университетская набережная, 13Е",291920,более 5000,154.0,ФГБОУ ВО Санкт-Петербургский государственный университет,От 3 лет,Полный рабочий день,Не имеет значения,59.940483,30.296806,https://spb.superjob.ru/vakansii/veduschij-sistemnyj-administrator-51551532.html,96000.0
50716983,Инженер в службу технической поддержки Отдел 8,70000,80000,rub,"['IT, Интернет, связь, телеком']",['Техническая поддержка'],Санкт-Петербург,[],[],[],"Санкт-Петербург, переулок Каховского, 9",291920,более 5000,154.0,ФГБОУ ВО Санкт-Петербургский государственный университет,От 1 года,Полный рабочий день,Среднее специальное,59.952282,30.23547,https://spb.superjob.ru/vakansii/inzhener-v-sluzhbu-tehnicheskoj-podderzhki-otdel-8-50716983.html,75000.0
51642917,Ведущий специалист Службы технической поддержки Отдела 6,70000,75000,rub,"['IT, Интернет, связь, телеком', 'Закупки, снабжение']","['Системное администрирование', 'Компьютеры, оргтехника, ПО']",Санкт-Петербург,"['Приморская', 'Василеостровская', 'Спортивная', 'Горный институт']","['Невско-Василеостровская', 'Невско-Василеостровская', 'Фрунзенско-Приморская', 'Правобережная']","['green', 'green', 'violet', 'yellow']","Санкт-Петербург, 10-я линия Васильевского острова, 31-33",291920,более 5000,154.0,ФГБОУ ВО Санкт-Петербургский государственный университет,Без опыта,Полный рабочий день,Неполное высшее,59.942734,30.272739,https://spb.superjob.ru/vakansii/veduschij-specialist-sluzhby-tehnicheskoj-podderzhki-otdela-6-51642917.html,72500.0
51109803,"Специалист технической поддержки 0,5 ставки",30000,35000,rub,"['IT, Интернет, связь, телеком']",['Техническая поддержка'],Санкт-Петербург,[],[],[],"Санкт-Петербург, Петергоф, Университетский проспект, 28",291920,более 5000,154.0,ФГБОУ ВО Санкт-Петербургский государственный университет,От 1 года,Полный рабочий день,Высшее,59.879192,29.830248,https://spb.superjob.ru/vakansii/specialist-tehnicheskoj-podderzhki-0-51109803.html,32500.0
51205935,Специалист Отдела мультимедийных сервисов Службы технической поддержки,70000,80000,rub,"['IT, Интернет, связь, телеком']",['Техническая поддержка'],Санкт-Петербург,[],[],[],"Санкт-Петербург, Университетская набережная, 7-9-11В",291920,более 5000,154.0,ФГБОУ ВО Санкт-Петербургский государственный университет,От 1 года,Полный рабочий день,Высшее,59.939781,30.299456,https://spb.superjob.ru/vakansii/specialist-otdela-multimedijnyh-servisov-sluzhby-tehnicheskoj-podderzhki-51205935.html,75000.0
51705962,Специалист Отдела технической поддержки Отдела 2,65000,70000,rub,"['IT, Интернет, связь, телеком']",['Техническая поддержка'],Санкт-Петербург,"['Невский Проспект', 'Василеостровская', 'Спортивная', 'Адмиралтейская']","['Московско-Петроградская', 'Невско-Василеостровская', 'Фрунзенско-Приморская', 'Фрунзенско-Приморская']","['blue', 'green', 'violet', 'violet']","Санкт-Петербург, Университетская набережная, 7-9-11В",291920,более 5000,154.0,ФГБОУ ВО Санкт-Петербургский государственный университет,От 1 года,Полный рабочий день,Среднее специальное,59.939781,30.299456,https://spb.superjob.ru/vakansii/specialist-otdela-tehnicheskoj-podderzhki-otdela-2-51705962.html,67500.0
51292846,Специалист серверной безопасности Управления по информационной защите и кибербезопасности,120000,160000,rub,"['Безопасность, службы охраны', 'IT, Интернет, связь, телеком']","['Информационная безопасность', 'Информационная безопасность']",Санкт-Петербург,[],[],[],"Санкт-Петербург, Университетская набережная, 7-9-11В",291920,более 5000,154.0,ФГБОУ ВО Санкт-Петербургский государственный университет,От 3 лет,Полный рабочий день,Не имеет значения,59.939781,30.299456,https://spb.superjob.ru/vakansii/specialist-servernoj-bezopasnosti-upravleniya-po-informacionnoj-zaschite-i-kiberbezopasnosti-51292846.html,140000.0
51292827,Специалист по endpoint-безопасности Управления по информационной защите и кибербезопасности,120000,150000,rub,"['Безопасность, службы охраны', 'IT, Интернет, связь, телеком']","['Информационная безопасность', 'Информационная безопасность']",Санкт-Петербург,[],[],[],"Санкт-Петербург, Университетская набережная, 7-9-11В",291920,более 5000,154.0,ФГБОУ ВО Санкт-Петербургский государственный университет,От 3 лет,Полный рабочий день,Не имеет значения,59.939781,30.299456,https://spb.superjob.ru/vakansii/specialist-po-endpoint-bezopasnosti-upravleniya-po-informacionnoj-zaschite-i-kiberbezopasnosti-51292827.html,135000.0
51756354,Главный специалист отдела развития информационной системы АСУ ГППТ,81800,105200,rub,"['IT, Интернет, связь, телеком']",['Инжиниринг'],Санкт-Петербург,"['Электросила', 'Московские Ворота']","['Московско-Петроградская', 'Московско-Петроградская']","['blue', 'blue']","Санкт-Петербург, Цветочная улица, 7Ж",4859700,1000 — 5000,27.0,"СПб ГКУ ""Организатор перевозок""",От 1 года,Полный рабочий день,Высшее,59.889992,30.329172,https://spb.superjob.ru/vakansii/glavnyj-specialist-otdela-razvitiya-informacionnoj-sistemy-asu-gppt-51756354.html,93500.0
51757248,Главный специалист по информационной безопасности,82000,110000,rub,"['Безопасность, службы охраны', 'IT, Интернет, связь, телеком']","['Информационная безопасность', 'Информационная безопасность']",Санкт-Петербург,['Площадь Александра Невского 1'],['Невско-Василеостровская'],['green'],"Санкт-Петербург, Исполкомская улица, 16",4859700,1000 — 5000,27.0,"СПб ГКУ ""Организатор перевозок""",От 3 лет,Полный рабочий день,Высшее,59.929375,30.382118,https://spb.superjob.ru/vakansii/glavnyj-specialist-po-informacionnoj-bezopasnosti-51757248.html,96000.0
51757866,Ведущий специалист отдела содержания информационного оборудования,71500,99900,rub,"['Административная работа, секретариат, АХО', 'IT, Интернет, связь, телеком']","['Делопроизводство', 'Другое']",Санкт-Петербург,"['Электросила', 'Московские Ворота', 'Фрунзенская']","['Московско-Петроградская', 'Московско-Петроградская', 'Московско-Петроградская']","['blue', 'blue', 'blue']","Санкт-Петербург, Цветочная улица, 7Ж",4859700,1000 — 5000,27.0,"СПб ГКУ ""Организатор перевозок""",От 1 года,Полный рабочий день,Не имеет значения,59.889992,30.329172,https://spb.superjob.ru/vakansii/veduschij-specialist-otdela-soderzhaniya-informacionnogo-oborudovaniya-51757866.html,85700.0
51801400,Специалист Отдел технической поддержки Отдела 6,65000,75000,rub,"['IT, Интернет, связь, телеком']",['Техническая поддержка'],Санкт-Петербург,[],[],[],"Санкт-Петербург, 10-я линия Васильевского острова, 31-33",291920,более 5000,154.0,ФГБОУ ВО Санкт-Петербургский государственный университет,Без опыта,Полный рабочий день,Не имеет значения,59.942734,30.272739,https://spb.superjob.ru/vakansii/specialist-otdel-tehnicheskoj-podderzhki-otdela-6-51801400.html,70000.0
51835970,Программист 1С,70000,80000,rub,"['IT, Интернет, связь, телеком']","['Разработка, программирование', 'Системы управления предприятием (ERP)', 'Внедрение и сопровождение ПО']",Санкт-Петербург,['Пролетарская'],['Невско-Василеостровская'],['green'],"Санкт-Петербург, проспект Обуховской Обороны, 114",267938,50 — 100,1372.0,АНО ВО Санкт-Петербургская юридическая академия,От 1 года,Полный рабочий день,Не имеет значения,59.865883,30.470747,https://spb.superjob.ru/vakansii/programmist-1s-51835970.html,75000.0
50030362,Менеджер-консультант,70000,80000,rub,"['Страхование', 'Банки, инвестиции, лизинг', 'Продажи']","['Страхование физических лиц', 'Продажа банковских продуктов', 'Услуги для бизнеса']",Санкт-Петербург,['Проспект Большевиков'],['Правобережная'],['yellow'],"Санкт-Петербург, улица Коллонтай",6545,50 — 100,4.0,МЕДИ РУС,От 1 года,Сменный график работы,Не имеет значения,59.919586,30.47019,https://spb.superjob.ru/vakansii/menedzher-konsultant-50030362.html,75000.0
48273215,Старший продавец-кассир,77700,109600,rub,"['Банки, инвестиции, лизинг']","['Методология, разработка и продажа розничных продуктов']",Санкт-Петербург,[],[],[],"Санкт-Петербург, Науки, 21",2635306,более 5000,49868.0,Пятёрочка,От 1 года,Полный рабочий день,Не имеет значения,60.010986,30.40048,https://spb.superjob.ru/vakansii/starshij-prodavec-kassir-48273215.html,93650.0
51867527,Менеджер по работе с корпоративными клиентами,150000,150000,rub,"['Банки, инвестиции, лизинг', 'Продажи']","['Продажа банковских продуктов', 'Бытовая техника, электроника, фото, видео', 'Канцелярские товары', 'Косметика, бытовая химия', 'Услуги для бизнеса']",Санкт-Петербург,"['Обухово', 'Пролетарская', 'Ломоносовская', 'Дунайская']","['Невско-Василеостровская', 'Невско-Василеостровская', 'Невско-Василеостровская', 'Фрунзенско-Приморская']","['green', 'green', 'green', 'violet']","Санкт-Петербург, проспект Александровской Фермы, 29Е",196244,более 5000,28.0,Металл Профиль,От 1 года,Полный рабочий день,Не имеет значения,59.854202,30.444561,https://spb.superjob.ru/vakansii/menedzher-po-rabote-s-korporativnymi-klientami-51867527.html,150000.0
51794532,Ведущий экономист,86000,95000,rub,"['Бухгалтерия, финансы, аудит', 'Банки, инвестиции, лизинг']","['Бухгалтерский учет', 'Планово-экономическое управление', 'Экономический анализ', 'Финансовый анализ и контроль']",Санкт-Петербург,[],[],[],,4763170,1000 — 5000,29.0,СПбГЭУ,От 3 лет,Полный рабочий день,Не имеет значения,,,https://spb.superjob.ru/vakansii/veduschij-ekonomist-51794532.html,90500.0
51673620,Ведущий специалист по учету и отчетности,40000,45000,rub,"['Административная работа, секретариат, АХО', 'Бухгалтерия, финансы, аудит', 'Кадры, управление персоналом', 'Транспорт, логистика, ВЭД', 'Банки, инвестиции, лизинг']","['Делопроизводство', 'Первичная документация', 'Кадровый учет, делопроизводство, кадровое администрирование', 'Складское хозяйство', 'Финансовая отчётность']",Санкт-Петербург,[],[],[],"Санкт-Петербург, набережная канала Грибоедова, 30-32",4763170,1000 — 5000,29.0,СПбГЭУ,От 3 лет,Полный рабочий день,Не имеет значения,59.931915,30.32593,https://spb.superjob.ru/vakansii/veduschij-specialist-po-uchetu-i-otchetnosti-51673620.html,42500.0
51869757,Менеджер коммерческого отдела,65000,65000,rub,"['Банки, инвестиции, лизинг', 'Продажи']","['Продажа банковских продуктов', 'Услуги для бизнеса']",Санкт-Петербург,[],[],[],"Санкт-Петербург, Предпортовая улица, 8",378505,50 — 100,11.0,ПОСЫЛТОРГ,От 1 года,Полный рабочий день,Не имеет значения,59.832737,30.302681,https://spb.superjob.ru/vakansii/menedzher-kommercheskogo-otdela-51869757.html,65000.0
50567258,Пекарь,75600,96800,rub,"['Туризм, гостиницы, общественное питание', 'Промышленность, производство']","['Рестораны, кафе, столовые, фастфуд', 'Пищевая промышленность']",Санкт-Петербург,[],[],[],"Санкт-Петербург, Новочеркасский, 52",2635306,более 5000,49868.0,Пятёрочка,Не имеет значения,Частичная занятость / Совместительство,Не имеет значения,59.923035,30.420172,https://spb.superjob.ru/vakansii/pekar-50567258.html,86200.0
51672766,Старший машинист насосных установок 5 разряда ТЭЦ-14,78648,78648,rub,"['Промышленность, производство', 'Рабочий персонал']","['Металлургия', 'Рабочий персонал, разное', 'Квалифицированный рабочий']",Санкт-Петербург,"['Автово', 'Кировский завод']","['Кировско-Выборгская', 'Кировско-Выборгская']","['red', 'red']","Санкт-Петербург, Корабельная улица, 4с4",289082,более 5000,60.0,Территориальная генерирующая компания №1,От 1 года,Полный рабочий день,Не имеет значения,59.86879,30.242151,https://spb.superjob.ru/vakansii/starshij-mashinist-nasosnyh-ustanovok-5-razryada-tec-14-51672766.html,78648.0
51680382,Главный специалист (в области организации и контроля работ в электроустановках учреждения),90000,100000,rub,"['Строительство, проектирование, недвижимость', 'Промышленность, производство']","['Электроснабжение', 'Энергетика']",Санкт-Петербург,['Московская'],['Московско-Петроградская'],['blue'],"Санкт-Петербург, 5-й Предпортовый проезд, 4к3",627236,500 — 1000,0.0,"СПб ГКУ ""Городской мониторинговый центр""",От 3 лет,Полный рабочий день,Высшее,59.839256,30.31488,https://spb.superjob.ru/vakansii/glavnyj-specialist-51680382.html,95000.0
51866827,Инженер отделения материально-технического обеспечения и эксплуатации (теплоэнергетик),65000,70000,rub,"['Административная работа, секретариат, АХО', 'Промышленность, производство', 'Закупки, снабжение']","['АХО', 'Другое', 'Другое']",Санкт-Петербург,[],[],[],"Санкт-Петербург, Инженерная улица, 13",4899694,более 5000,2.0,ЦСКА,Без опыта,Полный рабочий день,Не имеет значения,59.937698,30.340401,https://spb.superjob.ru/vakansii/inzhener-otdeleniya-materialno-tehnicheskogo-obespecheniya-i-ekspluatacii-51866827.html,67500.0
51784048,Пекарь,70900,75300,rub,"['Туризм, гостиницы, общественное питание', 'Промышленность, производство']","['Рестораны, кафе, столовые, фастфуд', 'Пищевая промышленность']",Санкт-Петербург,[],[],[],"Санкт-Петербург, Ефимова, 2",4311,более 5000,3349.0,Перекресток,Без опыта,Полный рабочий день,Среднее специальное,59.926422,30.320988,https://spb.superjob.ru/vakansii/pekar-51784048.html,73100.0
26643894,Технический специалист по сертификации/Макетчик,85000,110000,rub,"['Промышленность, производство']","['Контроль качества, сертификация, экспертиза']",Санкт-Петербург,['Гражданский Проспект'],['Кировско-Выборгская'],['red'],"Санкт-Петербург, Гражданский проспект, 111",2422535,менее 50,1.0,ЭКСПЕРТКОНСАЛТГРУПП,Без опыта,Полный рабочий день,Высшее,60.029778,30.41622,https://spb.superjob.ru/vakansii/tehnicheskij-specialist-po-sertifikacii-26643894.html,97500.0
31572303,Инженер-конструктор (начинающий специалист),80000,100000,rub,"['Промышленность, производство']","['Авиационная промышленность', 'Машиностроение, станкостроение', 'Приборостроение', 'Промышленное оборудование', 'Энергомашиностроение']",Санкт-Петербург,['Электросила'],['Московско-Петроградская'],['blue'],"Санкт-Петербург, Благодатная улица, 10к3",197674,50 — 100,2.0,Флаг Альфа,Без опыта,Полный рабочий день,Высшее,59.876766,30.30904,https://spb.superjob.ru/vakansii/inzhener-konstruktor-31572303.html,90000.0
11594859,Монтажник металлоконструкций,60000,90000,rub,"['Транспорт, логистика, ВЭД', 'Строительство, проектирование, недвижимость', 'Промышленность, производство']","['Автоперевозки', 'Строительно-монтажные работы', 'Другое', 'Другое']",Санкт-Петербург,['Площадь Ленина'],['Кировско-Выборгская'],['red'],,434925,менее 50,1.0,АСТАХОВ,От 1 года,Полный рабочий день,Не имеет значения,,,https://spb.superjob.ru/vakansii/montazhnik-metallokonstrukcij-11594859.html,75000.0
34737913,Электромонтажник,110000,150000,rub,"['Строительство, проектирование, недвижимость', 'Промышленность, производство']","['Электроснабжение', 'Энергетика']",Санкт-Петербург,[],[],[],"Санкт-Петербург, улица Беринга, 23к2",3952173,менее 50,1.0,КЭС МОНТАЖ ИНН 7806552521,Без опыта,Полный рабочий день,Среднее специальное,59.94556,30.240238,https://spb.superjob.ru/vakansii/elektromontazhnik-34737913.html,130000.0
48851554,Инженер-энергетик,100000,110000,rub,"['Промышленность, производство']",['Энергетика'],Санкт-Петербург,"['Площадь Мужества', 'Политехническая', 'Пионерская', 'Удельная']","['Кировско-Выборгская', 'Кировско-Выборгская', 'Московско-Петроградская', 'Московско-Петроградская']","['red', 'red', 'blue', 'blue']","Санкт-Петербург, проспект Энгельса, 27ВМ",2736003,500 — 1000,4.0,С. Е. Д.-СПб,От 3 лет,Полный рабочий день,Не имеет значения,60.010479,30.340519,https://spb.superjob.ru/vakansii/inzhener-energetik-48851554.html,105000.0
50454063,Упаковщица / Упаковщик на производство,143550,287100,rub,"['Транспорт, логистика, ВЭД', 'Промышленность, производство', 'Рабочий персонал', 'Службы доставки']","['Складское хозяйство', 'Другое', 'Рабочий персонал, разное', 'Комплектация заказов']",Санкт-Петербург,[],[],[],,166099,100 — 500,239.0,ГК АКМЭ,Без опыта,Работа вахтовым методом,Не имеет значения,,,https://spb.superjob.ru/vakansii/upakovschica-50454063.html,215325.0
40335919,Дефектовщик авиационной техники,95000,105000,rub,"['Промышленность, производство', 'Услуги, ремонт, сервисное обслуживание', 'Рабочий персонал']","['Машиностроение, станкостроение', 'Промышленное оборудование', 'Автосервис', 'Промышленное оборудование', 'Квалифицированный рабочий']",Санкт-Петербург,['Площадь Мужества'],['Кировско-Выборгская'],['red'],"Санкт-Петербург, Политехническая улица, 13-15",2354775,1000 — 5000,1388.0,СПБ ОАО КРАСНЫЙ ОКТЯБРЬ,От 1 года,Полный рабочий день,Среднее специальное,59.996681,30.365957,https://spb.superjob.ru/vakansii/defektovschik-aviacionnoj-tehniki-40335919.html,100000.0
50880721,Специалист по охране труда,70000,80000,rub,"['Кадры, управление персоналом', 'Промышленность, производство']","['Охрана труда', 'Другое', 'Экология', 'Промышленная безопасность']",Санкт-Петербург,['Автово'],['Кировско-Выборгская'],['red'],"Санкт-Петербург, Кронштадтская улица, 15",3013834,менее 50,4.0,"СПБ ГБПОУ Колледж судостроения, информационных и прикладных технологий",От 1 года,Полный рабочий день,Высшее,59.86697,30.256256,https://spb.superjob.ru/vakansii/specialist-po-ohrane-truda-50880721.html,75000.0
51443928,Плотник,44000,65000,rub,"['Строительство, проектирование, недвижимость', 'Промышленность, производство', 'Рабочий персонал']","['Строительно-монтажные работы', 'Мебельное производство', 'Рабочий персонал, разное', 'Квалифицированный рабочий']",Санкт-Петербург,"['Приморская', 'Василеостровская', 'Спортивная']","['Невско-Василеостровская', 'Невско-Василеостровская', 'Фрунзенско-Приморская']","['green', 'green', 'violet']",,291920,более 5000,154.0,ФГБОУ ВО Санкт-Петербургский государственный университет,От 1 года,Полный рабочий день,Не имеет значения,,,https://spb.superjob.ru/vakansii/plotnik-51443928.html,54500.0
51732459,Водитель грузового автомобиля и легкового автомобиля,80000,85000,rub,"['Промышленность, производство']","['Машиностроение, станкостроение']",Санкт-Петербург,['Выборгская'],['Кировско-Выборгская'],['red'],"Санкт-Петербург, Большой Сампсониевский проспект, 64",794796,500 — 1000,32.0,НПО Компрессор,От 3 лет,Полный рабочий день,Не имеет значения,59.976425,30.338093,https://spb.superjob.ru/vakansii/voditel-gruzovogo-avtomobilya-i-legkovogo-avtomobilya-51732459.html,82500.0
51831733,Продавец в зону готовой еды,63200,89300,rub,"['Промышленность, производство', 'Топ-персонал']","['Пищевая промышленность', 'Промышленность, производство, сельское хозяйство']",Санкт-Петербург,[],[],[],"Санкт-Петербург, Пулковское, 14",280168,более 5000,18163.0,"Магнит, Розничная сеть",Не имеет значения,Сменный график работы,Не имеет значения,59.831352,30.324465,https://spb.superjob.ru/vakansii/prodavec-v-zonu-gotovoj-edy-51831733.html,76250.0
51822203,Продавец-консультант ТЦ Шкиперский молл,65000,98000,rub,"['Промышленность, производство', 'Продажи']","['Сельскохозяйственная техника', 'Продукты питания', 'Продукция химического производства']",Санкт-Петербург,"['Приморская', 'Василеостровская']","['Невско-Василеостровская', 'Невско-Василеостровская']","['green', 'green']","Санкт-Петербург, Малый проспект Васильевского острова, 88",100593,более 5000,289.0,"Группа ""М. Видео-Эльдорадо""",Без опыта,Полный рабочий день,Не имеет значения,59.938255,30.230627,https://spb.superjob.ru/vakansii/prodavec-konsultant-tc-shkiperskij-moll-51822203.html,81500.0
51848056,Печатник,60000,71000,rub,"['Промышленность, производство', 'Рабочий персонал']","['Полиграфическое производство', 'Рабочий персонал, разное', 'Квалифицированный рабочий']",Санкт-Петербург,[],[],[],"Санкт-Петербург, Софийская улица, 81к1",14215,более 5000,1380.0,Почта России,Без опыта,Сменный график работы,Не имеет значения,59.848427,30.425785,https://spb.superjob.ru/vakansii/pechatnik-51848056.html,65500.0
51863983,"Инженер-конструктор, Проектировщик",120000,180000,rub,"['Промышленность, производство']","['Авиационная промышленность', 'Машиностроение, станкостроение', 'Приборостроение', 'Промышленное оборудование', 'Энергомашиностроение']",Санкт-Петербург,[],[],[],"Санкт-Петербург, Стародеревенская улица, 6к1",2835584,менее 50,1.0,ПК ФАНБЕР,От 3 лет,Полный рабочий день,Не имеет значения,59.986675,30.242008,https://spb.superjob.ru/vakansii/inzhener-konstruktor-51863983.html,150000.0
51673670,Слесарь-сантехник,50000,80000,rub,"['Строительство, проектирование, недвижимость', 'Промышленность, производство', 'Рабочий персонал']","['Водоснабжение, канализация', 'Промышленное оборудование', 'Рабочий персонал, разное', 'Квалифицированный рабочий']",Санкт-Петербург,[],[],[],"Санкт-Петербург, набережная канала Грибоедова, 30-32",4763170,1000 — 5000,29.0,СПбГЭУ,От 1 года,Полный рабочий день,Не имеет значения,59.931915,30.32593,https://spb.superjob.ru/vakansii/slesar-santehnik-51673670.html,65000.0
11881726,"Инженер по охране труда и экологии, по совместительству",50000,75000,rub,"['Кадры, управление персоналом', 'Промышленность, производство', 'Строительство, проектирование, недвижимость']","['Охрана труда', 'Экология', 'Экологическое сопровождение проектов']",Санкт-Петербург,['Рыбацкое'],['Невско-Василеостровская'],['green'],"Колпинский район, посёлок Сапёрный, территория предприятия Балтика, Петрозаводское шоссе 61",776724,менее 50,1.0,Инновации и Технологии,От 3 лет,Частичная занятость / Совместительство,Высшее,,,https://spb.superjob.ru/vakansii/inzhener-po-ohrane-truda-i-ekologii-11881726.html,62500.0
50567268,Пекарь,56100,71800,rub,"['Туризм, гостиницы, общественное питание', 'Промышленность, производство', 'Продажи']","['Рестораны, кафе, столовые, фастфуд', 'Пищевая промышленность', 'Начало карьеры, мало опыта']",Санкт-Петербург,[],[],[],"Санкт-Петербург, Декабристов, 14/7",2635306,более 5000,49868.0,Пятёрочка,Без опыта,Полный рабочий день,Не имеет значения,59.928291,30.304459,https://spb.superjob.ru/vakansii/pekar-50567268.html,63950.0
51676486,Лаборант химического анализа / Аппаратчик ХВО (ТЭЦ-14 / ТЭЦ-15),52200,68730,rub,"['Промышленность, производство']",['Химическая промышленность'],Санкт-Петербург,"['Ленинский проспект', 'Автово', 'Кировский завод']","['Кировско-Выборгская', 'Кировско-Выборгская', 'Кировско-Выборгская']","['red', 'red', 'red']",,289082,более 5000,60.0,Территориальная генерирующая компания №1,Без опыта,Полный рабочий день,Не имеет значения,,,https://spb.superjob.ru/vakansii/laborant-himicheskogo-analiza-51676486.html,60465.0
51725097,Главный специалист календарно-сетевого планирования (в Египет),185000,200000,rub,"['Строительство, проектирование, недвижимость', 'Промышленность, производство']","['Управление строительством, девелопмент', 'Управление проектами (ГИП)', 'Атомная энергетика']",Санкт-Петербург,[],[],[],город Эль-Дабаа,970633,более 5000,2342.0,Трест Росспецэнергомонтаж,От 3 лет,Полный рабочий день,Не имеет значения,31.027443,28.438936,https://spb.superjob.ru/vakansii/glavnyj-specialist-kalendarno-setevogo-planirovaniya-51725097.html,192500.0
51847049,Пекарь,55000,70000,rub,"['Туризм, гостиницы, общественное питание', 'Промышленность, производство', 'Продажи']","['Рестораны, кафе, столовые, фастфуд', 'Пищевая промышленность', 'Продукты питания']",Санкт-Петербург,[],[],[],"Санкт-Петербург, Доблести, 17",4311,более 5000,3349.0,Перекресток,От 1 года,Неполный рабочий день,Среднее специальное,59.860298,30.173584,https://spb.superjob.ru/vakansii/pekar-51847049.html,62500.0
51797696,Главный специалист отдела по администрированию конечных станций,81800,105200,rub,"['Промышленность, производство', 'Безопасность, службы охраны']","['Нефтепереработка', 'Гражданская оборона и чрезвычайные ситуации']",Санкт-Петербург,['Московские Ворота'],['Московско-Петроградская'],['blue'],"Санкт-Петербург, Московский проспект, 83",4859700,1000 — 5000,27.0,"СПб ГКУ ""Организатор перевозок""",От 1 года,Полный рабочий день,Не имеет значения,59.89753,30.318419,https://spb.superjob.ru/vakansii/glavnyj-specialist-otdela-po-administrirovaniyu-konechnyh-stancij-51797696.html,93500.0
11102769,Токарь-универсал,120000,150000,rub,"['Промышленность, производство', 'Рабочий персонал']","['Машиностроение, станкостроение', 'Промышленное оборудование', 'Энергомашиностроение', 'Рабочий персонал, разное', 'Квалифицированный рабочий']",Санкт-Петербург,['Девяткино'],['Кировско-Выборгская'],['red'],"Ленинградская область, Всеволожский район, деревня Новое Девяткино, 12",441806,менее 50,3.0,ЗАВОД ЭНЕРГОПРОМ,От 3 лет,Полный рабочий день,Среднее,60.06908,30.49271,https://spb.superjob.ru/vakansii/tokar-universal-11102769.html,135000.0
47336557,Фрезеровщик ЧПУ,80000,120000,rub,"['Промышленность, производство', 'Рабочий персонал']","['Промышленное оборудование', 'Рабочий персонал, разное', 'Квалифицированный рабочий']",Санкт-Петербург,[],[],[],"Санкт-Петербург, проспект Стачек, 47",293857,100 — 500,2.0,Промресурс,От 3 лет,Полный рабочий день,Среднее специальное,59.878433,30.258341,https://spb.superjob.ru/vakansii/frezerovschik-chpu-47336557.html,100000.0
48720846,Оператор-наладчик станков с ЧПУ,80000,100000,rub,"['Промышленность, производство', 'Рабочий персонал']","['Промышленное оборудование', 'Рабочий персонал, разное', 'Квалифицированный рабочий']",Санкт-Петербург,[],[],[],"Ленинградская область, Гатчина, Железнодорожная улица, 43",4553046,100 — 500,124.0,ЗАВОД КРИЗО,От 1 года,Полный рабочий день,Не имеет значения,59.56488,30.144318,https://spb.superjob.ru/vakansii/operator-naladchik-stankov-s-chpu-48720846.html,90000.0
26915293,Монтажник технологического оборудования,90000,120000,rub,"['Промышленность, производство', 'Рабочий персонал']","['Машиностроение, станкостроение', 'Нефтегазовое машиностроение', 'Промышленное оборудование', 'Робототехника', 'Квалифицированный рабочий']",Санкт-Петербург,"['Площадь Александра Невского 1', 'Площадь Александра Невского 2']","['Невско-Василеостровская', 'Правобережная']","['green', 'yellow']","Санкт-Петербург, улица Профессора Качалова, 7",35359,менее 50,1375.0,ВЕРТЕК,От 1 года,Полный рабочий день,Среднее специальное,59.91428,30.396284,https://spb.superjob.ru/vakansii/montazhnik-tehnologicheskogo-oborudovaniya-26915293.html,105000.0
51486112,Дежурный электромонтер,45000,70000,rub,"['Строительство, проектирование, недвижимость', 'Промышленность, производство', 'Рабочий персонал']","['Эксплуатация зданий', 'Электроснабжение', 'Энергетика', 'Квалифицированный рабочий']",Санкт-Петербург,[],[],[],,291920,более 5000,154.0,ФГБОУ ВО Санкт-Петербургский государственный университет,От 1 года,Полный рабочий день,Не имеет значения,,,https://spb.superjob.ru/vakansii/dezhurnyj-elektromonter-51486112.html,57500.0
51639517,Сварщик МК (Металлоконструкции),180000,238000,rub,"['Промышленность, производство', 'Рабочий персонал']","['Машиностроение, станкостроение', 'Производство металлических изделий и заготовок', 'Рабочий персонал, разное', 'Квалифицированный рабочий']",Санкт-Петербург,[],[],[],,2837310,более 5000,574.0,СтройТрансНефтеГаз,От 1 года,Полный рабочий день,Не имеет значения,,,https://spb.superjob.ru/vakansii/svarschik-mk-51639517.html,209000.0
51658356,Начальник БТК,100000,105000,rub,"['Промышленность, производство']","['Контроль качества, сертификация, экспертиза']",Санкт-Петербург,['Выборгская'],['Кировско-Выборгская'],['red'],"Санкт-Петербург, Большой Сампсониевский проспект, 64",794796,500 — 1000,32.0,НПО Компрессор,От 3 лет,Полный рабочий день,Среднее специальное,59.976425,30.338093,https://spb.superjob.ru/vakansii/nachalnik-btk-51658356.html,102500.0
51686026,Старший инструктор противопожарной профилактики государственной противопожарной службы,55000,79000,rub,"['Безопасность, службы охраны', 'Строительство, проектирование, недвижимость', 'Промышленность, производство']","['Другое', 'Другое', 'Другое']",Санкт-Петербург,[],[],[],"Санкт-Петербург, Адмиралтейский район",2606091,менее 50,1.0,Государственное казенное учреждение,От 1 года,Полный рабочий день,Среднее специальное,59.912296,30.2973,https://spb.superjob.ru/vakansii/starshij-instruktor-protivopozharnoj-profilaktiki-gosudarstvennoj-protivopozharnoj-sluzhby-51686026.html,67000.0
51718785,Дефектоскопист по магнитному и ультразвуковому контролю,82000,82000,rub,"['Промышленность, производство']","['Контроль качества, сертификация, экспертиза']",Санкт-Петербург,[],[],[],"Санкт-Петербург, Старообрядческая улица, 26",2466656,более 5000,6387.0,Российские железные дороги,От 1 года,Полный рабочий день,Не имеет значения,59.887066,30.296707,https://spb.superjob.ru/vakansii/defektoskopist-po-magnitnomu-i-ultrazvukovomu-kontrolyu-51718785.html,82000.0
50704689,Технолог на участок по переработке яиц,105000,105000,rub,"['Промышленность, производство', 'Рабочий персонал', 'Сельское хозяйство']","['Пищевая промышленность', 'Рабочий персонал, разное', 'Квалифицированный рабочий', 'Другое', 'Птицеводство']",Санкт-Петербург,[],[],[],"Санкт-Петербург, улица Дыбенко",666117,1000 — 5000,80.0,Птицефабрика Синявинская,Без опыта,Полный рабочий день,Высшее,59.90435,30.472382,https://spb.superjob.ru/vakansii/tehnolog-na-uchastok-po-pererabotke-yaic-50704689.html,105000.0
51843970,Продавец в зону готовой еды,63200,90500,rub,"['Промышленность, производство']",['Пищевая промышленность'],Санкт-Петербург,[],[],[],"Санкт-Петербург, Учительская, 23",280168,более 5000,18163.0,"Магнит, Розничная сеть",Не имеет значения,Сменный график работы,Не имеет значения,60.031746,30.403589,https://spb.superjob.ru/vakansii/prodavec-v-zonu-gotovoj-edy-51843970.html,76850.0
51865222,Плотник,83000,190000,rub,"['Строительство, проектирование, недвижимость', 'Промышленность, производство', 'Рабочий персонал']","['Строительно-монтажные работы', 'Мебельное производство', 'Рабочий персонал, разное', 'Квалифицированный рабочий']",Санкт-Петербург,[],[],[],,4156139,менее 50,51.0,"ФСК ""Мостоотряд-47""",От 1 года,Полный рабочий день,Не имеет значения,,,https://spb.superjob.ru/vakansii/plotnik-51865222.html,136500.0
51673687,Плотник,50000,80000,rub,"['Строительство, проектирование, недвижимость', 'Промышленность, производство', 'Рабочий персонал']","['Строительно-монтажные работы', 'Мебельное производство', 'Рабочий персонал, разное', 'Квалифицированный рабочий']",Санкт-Петербург,[],[],[],"Санкт-Петербург, набережная канала Грибоедова, 30-32",4763170,1000 — 5000,29.0,СПбГЭУ,От 1 года,Полный рабочий день,Не имеет значения,59.931915,30.32593,https://spb.superjob.ru/vakansii/plotnik-51673687.html,65000.0
46404374,Фрезеровщик-универсал,80000,90000,rub,"['Рабочий персонал', 'Промышленность, производство']","['Рабочий персонал, разное', 'Квалифицированный рабочий', 'Производство металлических изделий и заготовок']",Санкт-Петербург,['Чёрная Речка'],['Московско-Петроградская'],['blue'],"Санкт-Петербург, Лисичанская улица, 5",4105254,менее 50,0.0,РЕНЕССАНС-ДЕВЕЛОПМЕНТ,От 3 лет,Полный рабочий день,Не имеет значения,59.985966,30.316883,https://spb.superjob.ru/vakansii/frezerovschik-universal-46404374.html,85000.0
50567269,"Пекарь (Санкт-Петербург, Пулковское (поселок Шушары), Кокколевская, 7)",83200,106400,rub,"['Туризм, гостиницы, общественное питание', 'Промышленность, производство']","['Рестораны, кафе, столовые, фастфуд', 'Пищевая промышленность']",Санкт-Петербург,[],[],[],"Санкт-Петербург, Пулковское, поселок Шушары, Кокколевская, 7",2635306,более 5000,49868.0,Пятёрочка,Не имеет значения,Частичная занятость / Совместительство,Не имеет значения,59.837563,30.316166,https://spb.superjob.ru/vakansii/pekar-50567269.html,94800.0
51673014,"Специалист контроля металла (рентгено-, гаммаграфирование, ультразвуковой контроль) Центральная ТЭЦ",66200,66200,rub,"['Промышленность, производство', 'Рабочий персонал']","['Атомная энергетика', 'Промышленное оборудование', 'Энергетика', 'Контроль качества, сертификация, экспертиза', 'Квалифицированный рабочий']",Санкт-Петербург,"['Пушкинская', 'Звенигородская']","['Кировско-Выборгская', 'Фрунзенско-Приморская']","['red', 'violet']","Санкт-Петербург, набережная реки Фонтанки, 104",289082,более 5000,60.0,Территориальная генерирующая компания №1,Без опыта,Полный рабочий день,Не имеет значения,59.923153,30.323477,https://spb.superjob.ru/vakansii/specialist-kontrolya-metalla-51673014.html,66200.0
51797520,Пекарь,60000,75000,rub,"['Туризм, гостиницы, общественное питание', 'Промышленность, производство']","['Рестораны, кафе, столовые, фастфуд', 'Пищевая промышленность']",Санкт-Петербург,[],[],[],"Санкт-Петербург, Дачный, 9К",4311,более 5000,3349.0,Перекресток,Без опыта,Полный рабочий день,Среднее специальное,59.846554,30.244362,https://spb.superjob.ru/vakansii/pekar-51797520.html,67500.0
51827410,Ведущий специалист Сектора дежурной службы,79000,91000,rub,"['Промышленность, производство']",['Другое'],Санкт-Петербург,"['Площадь Александра Невского 1', 'Площадь Александра Невского 2']","['Невско-Василеостровская', 'Правобережная']","['green', 'yellow']","Санкт-Петербург, Исполкомская улица, 16",4859700,1000 — 5000,27.0,"СПб ГКУ ""Организатор перевозок""",От 1 года,Полный рабочий день,Не имеет значения,59.929375,30.382118,https://spb.superjob.ru/vakansii/veduschij-specialist-sektora-dezhurnoj-sluzhby-51827410.html,85000.0
32021322,Работник склада-водитель погрузчика,80000,90000,rub,"['Транспорт, логистика, ВЭД', 'Рабочий персонал', 'Промышленность, производство']","['Автоперевозки', 'Логистика', 'Складское хозяйство', 'Рабочий персонал, разное', 'Производство металлических изделий и заготовок']",Санкт-Петербург,['Девяткино'],['Кировско-Выборгская'],['red'],"Ленинградская область, Всеволожский район, деревня Новое Девяткино, улица Турбостроителей",441806,менее 50,3.0,ЗАВОД ЭНЕРГОПРОМ,От 1 года,Полный рабочий день,Не имеет значения,60.067196,30.487598,https://spb.superjob.ru/vakansii/rabotnik-sklada-voditel-pogruzchika-32021322.html,85000.0
44789051,Начальник смены на пищевое производство,115000,115000,rub,"['Промышленность, производство', 'Рабочий персонал']","['Пищевая промышленность', 'Производство алкогольных и безалкогольных напитков', 'Производство товаров народного потребления', 'Контроль качества, сертификация, экспертиза', 'Квалифицированный рабочий']",Санкт-Петербург,[],[],[],"Санкт-Петербург, Дальневосточный проспект, 42к2",659547,500 — 1000,0.0,КАРАТ ПЛЮС,От 3 лет,Сменный график работы,Высшее,59.894032,30.464045,https://spb.superjob.ru/vakansii/nachalnik-smeny-na-pischevoe-proizvodstvo-44789051.html,115000.0
46417260,Контролер ОТК станочных работ,75000,100000,rub,"['Промышленность, производство']","['Контроль качества, сертификация, экспертиза']",Санкт-Петербург,"['Нарвская', 'Балтийская']","['Кировско-Выборгская', 'Кировско-Выборгская']","['red', 'red']","Санкт-Петербург, улица Швецова, 41к2",4428858,менее 50,2.0,Машиностроительное предприятие ОПК,От 1 года,Полный рабочий день,Среднее,59.897133,30.291775,https://spb.superjob.ru/vakansii/kontroler-otk-stanochnyh-rabot-46417260.html,87500.0
50375047,Специалист по газовой хроматографии,45000,52000,rub,"['Промышленность, производство']",['Химическая промышленность'],Санкт-Петербург,[],[],[],"Санкт-Петербург, Петергоф, Университетский проспект, 26",291920,более 5000,154.0,ФГБОУ ВО Санкт-Петербургский государственный университет,Без опыта,Полный рабочий день,Высшее,59.878414,29.83704,https://spb.superjob.ru/vakansii/specialist-po-gazovoj-hromatografii-50375047.html,48500.0
51724995,Гальваник,80000,90000,rub,"['Промышленность, производство']","['Машиностроение, станкостроение', 'Нефтегазовое машиностроение', 'Пищевая промышленность']",Санкт-Петербург,['Выборгская'],['Кировско-Выборгская'],['red'],"Санкт-Петербург, Большой Сампсониевский проспект, 64",794796,500 — 1000,32.0,НПО Компрессор,От 1 года,Полный рабочий день,Не имеет значения,59.976425,30.338093,https://spb.superjob.ru/vakansii/galvanik-51724995.html,85000.0
51756446,Инженер-технолог проектно-технологического отдела,65000,65000,rub,"['Промышленность, производство']",['Промышленное оборудование'],Санкт-Петербург,[],[],[],"Санкт-Петербург, улица Решетникова, 15",4124847,менее 50,16.0,"ФБГУ ""29 КТЦ"" Минобороны России",От 3 лет,Полный рабочий день,Высшее,59.878799,30.329782,https://spb.superjob.ru/vakansii/inzhener-tehnolog-proektno-tehnologicheskogo-otdela-51756446.html,65000.0
51825491,Начальник участка по техническому обслуживанию и ремонту вращающихся механизмов,140000,159000,rub,"['Промышленность, производство', 'Услуги, ремонт, сервисное обслуживание']","['Автомобильная промышленность', 'Железнодорожное машиностроение', 'Энергетика', 'Промышленное оборудование']",Санкт-Петербург,"['Ленинский проспект', 'Московская', 'Спортивная']","['Кировско-Выборгская', 'Московско-Петроградская', 'Фрунзенско-Приморская']","['red', 'blue', 'violet']","Санкт-Петербург, улица Доблести, 1",397825,100 — 500,12.0,Юго-Западная ТЭЦ,От 1 года,Полный рабочий день,Высшее,59.869804,30.185999,https://spb.superjob.ru/vakansii/nachalnik-uchastka-po-tehnicheskomu-obsluzhivaniyu-i-remontu-vraschayuschihsya-mehanizmov-51825491.html,149500.0
51830668,Столяр-Плотик-краснодеревщик,80000,140000,rub,"['Строительство, проектирование, недвижимость', 'Промышленность, производство', 'Рабочий персонал']","['Строительно-монтажные работы', 'Мебельное производство', 'Квалифицированный рабочий']",Санкт-Петербург,[],[],[],"Санкт-Петербург, Коломяжский проспект, 10АВ",516985,менее 50,1.0,Нева-Лит,От 1 года,Полный рабочий день,Не имеет значения,59.993744,30.29792,https://spb.superjob.ru/vakansii/stolyar-plotik-krasnoderevschik-51830668.html,110000.0
51844091,Плотник,80000,160000,rub,"['Строительство, проектирование, недвижимость', 'Промышленность, производство', 'Рабочий персонал']","['Строительно-монтажные работы', 'Мебельное производство', 'Рабочий персонал, разное', 'Квалифицированный рабочий']",Санкт-Петербург,[],[],[],,4156139,менее 50,51.0,"ФСК ""Мостоотряд-47""",От 1 года,Полный рабочий день,Не имеет значения,,,https://spb.superjob.ru/vakansii/plotnik-51844091.html,120000.0
51863278,Наладчик оборудования,60000,90000,rub,"['Промышленность, производство', 'Услуги, ремонт, сервисное обслуживание', 'Рабочий персонал']","['Промышленное оборудование', 'Промышленное оборудование', 'Квалифицированный рабочий']",Санкт-Петербург,"['Нарвская', 'Балтийская']","['Кировско-Выборгская', 'Кировско-Выборгская']","['red', 'red']","Санкт-Петербург, Михайловский переулок, 4",2091333,100 — 500,5.0,Фирма Невская сушка,Без опыта,Полный рабочий день,Не имеет значения,59.899933,30.294973,https://spb.superjob.ru/vakansii/naladchik-oborudovaniya-51863278.html,75000.0
51863926,Продавец в зону готовой еды,63200,89300,rub,"['Промышленность, производство']",['Пищевая промышленность'],Санкт-Петербург,[],[],[],"Санкт-Петербург, Петергофское, 84",280168,более 5000,18163.0,"Магнит, Розничная сеть",Не имеет значения,Сменный график работы,Не имеет значения,59.84734,30.112013,https://spb.superjob.ru/vakansii/prodavec-v-zonu-gotovoj-edy-51863926.html,76250.0
51780591,Ведущий инженер,75000,80000,rub,"['Промышленность, производство', 'Услуги, ремонт, сервисное обслуживание', 'Строительство, проектирование, недвижимость']","['Промышленное оборудование', 'Телекоммуникационное оборудование и сети', 'Промышленное оборудование', 'Компьютеры и оргтехника', 'Слаботочные системы и сети']",Санкт-Петербург,[],[],[],"Санкт-Петербург, набережная канала Грибоедова, 30-32",4763170,1000 — 5000,29.0,СПбГЭУ,От 1 года,Полный рабочий день,Не имеет значения,59.931915,30.32593,https://spb.superjob.ru/vakansii/veduschij-inzhener-51780591.html,77500.0
48836674,Пекарь,75600,96800,rub,"['Туризм, гостиницы, общественное питание', 'Промышленность, производство']","['Рестораны, кафе, столовые, фастфуд', 'Пищевая промышленность']",Санкт-Петербург,[],[],[],"Санкт-Петербург, Дунайский, 44",2635306,более 5000,49868.0,Пятёрочка,Не имеет значения,Частичная занятость / Совместительство,Не имеет значения,59.839279,30.395189,https://spb.superjob.ru/vakansii/pekar-48836674.html,86200.0
50567117,Пекарь,75600,96800,rub,"['Туризм, гостиницы, общественное питание', 'Промышленность, производство']","['Рестораны, кафе, столовые, фастфуд', 'Пищевая промышленность']",Санкт-Петербург,[],[],[],"Санкт-Петербург, Новочеркасский, 36",2635306,более 5000,49868.0,Пятёрочка,Не имеет значения,Частичная занятость / Совместительство,Не имеет значения,59.926678,30.415222,https://spb.superjob.ru/vakansii/pekar-50567117.html,86200.0
50567217,Пекарь,75600,96800,rub,"['Туризм, гостиницы, общественное питание', 'Промышленность, производство']","['Рестораны, кафе, столовые, фастфуд', 'Пищевая промышленность']",Санкт-Петербург,[],[],[],"Санкт-Петербург, Пискарёвский, 10",2635306,более 5000,49868.0,Пятёрочка,Не имеет значения,Частичная занятость / Совместительство,Не имеет значения,59.964863,30.408422,https://spb.superjob.ru/vakansii/pekar-50567217.html,86200.0
51673112,Слесарь по ремонту автомобилей ТЭЦ-22,54000,54000,rub,"['Промышленность, производство', 'Услуги, ремонт, сервисное обслуживание', 'Рабочий персонал']","['Автомобильная промышленность', 'Автосервис', 'Квалифицированный рабочий']",Санкт-Петербург,"['Купчино', 'Обухово', 'Дунайская']","['Московско-Петроградская', 'Невско-Василеостровская', 'Фрунзенско-Приморская']","['blue', 'green', 'violet']","Санкт-Петербург, Софийская улица, 96Ж",289082,более 5000,60.0,Территориальная генерирующая компания №1,От 1 года,Полный рабочий день,Среднее,59.826691,30.447777,https://spb.superjob.ru/vakansii/slesar-po-remontu-avtomobilej-tec-22-51673112.html,54000.0
51852158,Пекарь,70000,75000,rub,"['Туризм, гостиницы, общественное питание', 'Промышленность, производство']","['Рестораны, кафе, столовые, фастфуд', 'Пищевая промышленность']",Санкт-Петербург,[],[],[],"Санкт-Петербург, Малая Монетная, 2",4311,более 5000,3349.0,Перекресток,Без опыта,Полный рабочий день,Среднее специальное,59.959175,30.31991,https://spb.superjob.ru/vakansii/pekar-51852158.html,72500.0
50326846,Слесарь КИПиА,71000,71000,rub,"['Промышленность, производство', 'Рабочий персонал', 'Строительство, проектирование, недвижимость']","['Промышленное оборудование', 'Рабочий персонал, разное', 'Квалифицированный рабочий', 'Слаботочные системы и сети']",Санкт-Петербург,['Площадь Ленина'],['Кировско-Выборгская'],['red'],"Санкт-Петербург, Полюстровский проспект, 32",959533,100 — 500,4.0,Пластполимер,От 1 года,Полный рабочий день,Не имеет значения,59.968369,30.388235,https://spb.superjob.ru/vakansii/slesar-kipia-50326846.html,71000.0
50456727,Слесарь МСР/Оператор,80000,110000,rub,"['Строительство, проектирование, недвижимость', 'Промышленность, производство']","['Строительно-монтажные работы', 'Машиностроение, станкостроение', 'Робототехника']",Санкт-Петербург,['Нарвская'],['Кировско-Выборгская'],['red'],"Санкт-Петербург, улица Швецова, 41к2",4428858,менее 50,2.0,Машиностроительное предприятие ОПК,От 1 года,Полный рабочий день,Не имеет значения,59.897133,30.291775,https://spb.superjob.ru/vakansii/slesar-msr-50456727.html,95000.0
50928077,Инженер ОТК / контролер ОТК,85000,115000,rub,"['Промышленность, производство']","['Контроль качества, сертификация, экспертиза']",Санкт-Петербург,"['Выборгская', 'Лесная']","['Кировско-Выборгская', 'Кировско-Выборгская']","['red', 'red']","Санкт-Петербург, Менделеевская ул., дом 8",316540,50 — 100,1.0,Научный центр прикладной электродинамики,От 1 года,Полный рабочий день,Не имеет значения,,,https://spb.superjob.ru/vakansii/inzhener-otk-50928077.html,100000.0
51658374,Слесарь сантехнических систем,80000,90000,rub,"['Промышленность, производство', 'Рабочий персонал']","['Промышленное оборудование', 'Рабочий персонал, разное', 'Квалифицированный рабочий']",Санкт-Петербург,['Выборгская'],['Кировско-Выборгская'],['red'],"Санкт-Петербург, Большой Сампсониевский проспект, 64",794796,500 — 1000,32.0,НПО Компрессор,От 1 года,Полный рабочий день,Не имеет значения,59.976425,30.338093,https://spb.superjob.ru/vakansii/slesar-santehnicheskih-sistem-51658374.html,85000.0
51770034,Упаковщица,88000,94000,rub,"['Промышленность, производство']","['Атомная энергетика', 'Мебельное производство']",Санкт-Петербург,[],[],[],,3792235,менее 50,89.0,АСКАДА,Без опыта,Полный рабочий день,Не имеет значения,,,https://spb.superjob.ru/vakansii/upakovschica-51770034.html,91000.0
51783647,"Инженер-конструктор, технолог столярного производства",100000,200000,rub,"['Промышленность, производство']",['Мебельное производство'],Санкт-Петербург,"['Выборгская', 'Лесная', 'Московская']","['Кировско-Выборгская', 'Кировско-Выборгская', 'Московско-Петроградская']","['red', 'red', 'blue']","Санкт-Петербург, Студенческая улица, д. 10",4353589,менее 50,340.0,Jobers,От 6 лет,Полный рабочий день,Среднее специальное,59.98925,30.327663,https://spb.superjob.ru/vakansii/inzhener-konstruktor-51783647.html,150000.0
51836388,Рабочий на производство,80000,100000,rub,"['Промышленность, производство', 'Рабочий персонал']","['Промышленное оборудование', 'Рабочий персонал, разное']",Санкт-Петербург,[],[],[],"Санкт-Петербург, Петергофское шоссе, 73к12АИ",4960355,менее 50,0.0,Петрасвет,Без опыта,Полный рабочий день,Не имеет значения,59.856354,30.124599,https://spb.superjob.ru/vakansii/rabochij-na-proizvodstvo-51836388.html,90000.0
51838861,Сварщики 4-6 разряд,135000,235000,rub,"['Строительство, проектирование, недвижимость', 'Промышленность, производство']","['Строительно-монтажные работы', 'Атомная энергетика', 'Производство металлических изделий и заготовок']",Санкт-Петербург,[],[],[],,970633,более 5000,2342.0,Трест Росспецэнергомонтаж,От 1 года,Полный рабочий день,Не имеет значения,,,https://spb.superjob.ru/vakansii/svarschiki-4-6-razryad-51838861.html,185000.0
51843070,Продавец в зону готовой еды,63200,89300,rub,"['Промышленность, производство']",['Пищевая промышленность'],Санкт-Петербург,[],[],[],"Санкт-Петербург, Крыленко, 6",280168,более 5000,18163.0,"Магнит, Розничная сеть",Не имеет значения,Сменный график работы,Не имеет значения,59.895355,30.45569,https://spb.superjob.ru/vakansii/prodavec-v-zonu-gotovoj-edy-51843070.html,76250.0
48369038,Пекарь,75600,96800,rub,"['Туризм, гостиницы, общественное питание', 'Промышленность, производство', 'Продажи']","['Рестораны, кафе, столовые, фастфуд', 'Пищевая промышленность', 'Начало карьеры, мало опыта']",Санкт-Петербург,[],[],[],"Санкт-Петербург, Большевиков, 9",2635306,более 5000,49868.0,Пятёрочка,От 1 года,Частичная занятость / Совместительство,Не имеет значения,59.914268,30.474457,https://spb.superjob.ru/vakansii/pekar-48369038.html,86200.0
48767544,"Пекарь (Санкт-Петербург, Ленская, 6)",75600,96800,rub,"['Туризм, гостиницы, общественное питание', 'Промышленность, производство', 'Рабочий персонал']","['Рестораны, кафе, столовые, фастфуд', 'Пищевая промышленность', 'Квалифицированный рабочий']",Санкт-Петербург,[],[],[],"Санкт-Петербург, Ленская улица, 6к1",2635306,более 5000,49868.0,Пятёрочка,Не имеет значения,Частичная занятость / Совместительство,Не имеет значения,59.941265,30.483782,https://spb.superjob.ru/vakansii/pekar-48767544.html,86200.0
48768651,Пекарь,75600,96800,rub,"['Туризм, гостиницы, общественное питание', 'Промышленность, производство', 'Продажи']","['Рестораны, кафе, столовые, фастфуд', 'Пищевая промышленность', 'Начало карьеры, мало опыта']",Санкт-Петербург,[],[],[],"Санкт-Петербург, Энергетиков, 50",2635306,более 5000,49868.0,Пятёрочка,От 1 года,Частичная занятость / Совместительство,Не имеет значения,59.96553,30.436207,https://spb.superjob.ru/vakansii/pekar-48768651.html,86200.0
48776565,Пекарь,75600,96800,rub,"['Туризм, гостиницы, общественное питание', 'Промышленность, производство', 'Продажи']","['Рестораны, кафе, столовые, фастфуд', 'Пищевая промышленность', 'Начало карьеры, мало опыта']",Санкт-Петербург,[],[],[],"Санкт-Петербург, Стародеревенская, 19",2635306,более 5000,49868.0,Пятёрочка,От 1 года,Частичная занятость / Совместительство,Не имеет значения,59.999676,30.246454,https://spb.superjob.ru/vakansii/pekar-48776565.html,86200.0
48779984,Пекарь,75600,96800,rub,"['Туризм, гостиницы, общественное питание', 'Промышленность, производство', 'Продажи']","['Рестораны, кафе, столовые, фастфуд', 'Пищевая промышленность', 'Начало карьеры, мало опыта']",Санкт-Петербург,[],[],[],"Санкт-Петербург, Карпинского, 16",2635306,более 5000,49868.0,Пятёрочка,От 1 года,Частичная занятость / Совместительство,Не имеет значения,60.005047,30.419516,https://spb.superjob.ru/vakansii/pekar-48779984.html,86200.0
50567125,Пекарь,68300,87400,rub,"['Туризм, гостиницы, общественное питание', 'Промышленность, производство']","['Рестораны, кафе, столовые, фастфуд', 'Пищевая промышленность']",Санкт-Петербург,[],[],[],"Санкт-Петербург, Ворошилова, 31",2635306,более 5000,49868.0,Пятёрочка,Не имеет значения,Частичная занятость / Совместительство,Не имеет значения,59.931747,30.46277,https://spb.superjob.ru/vakansii/pekar-50567125.html,77850.0
50879061,"Пекарь (Санкт-Петербург, Тореза, 39)",75600,96800,rub,"['Туризм, гостиницы, общественное питание', 'Промышленность, производство']","['Рестораны, кафе, столовые, фастфуд', 'Пищевая промышленность']",Санкт-Петербург,[],[],[],,2635306,более 5000,49868.0,Пятёрочка,Не имеет значения,Частичная занятость / Совместительство,Не имеет значения,,,https://spb.superjob.ru/vakansii/pekar-50879061.html,86200.0
50894645,"Пекарь (Санкт-Петербург, Свердловская, 62)",75600,96800,rub,"['Туризм, гостиницы, общественное питание', 'Промышленность, производство']","['Рестораны, кафе, столовые, фастфуд', 'Пищевая промышленность']",Санкт-Петербург,[],[],[],,2635306,более 5000,49868.0,Пятёрочка,Не имеет значения,Частичная занятость / Совместительство,Не имеет значения,,,https://spb.superjob.ru/vakansii/pekar-50894645.html,86200.0
50971949,"Пекарь (Санкт-Петербург, Луначарского, 60)",75600,96800,rub,"['Туризм, гостиницы, общественное питание', 'Промышленность, производство']","['Рестораны, кафе, столовые, фастфуд', 'Пищевая промышленность']",Санкт-Петербург,[],[],[],,2635306,более 5000,49868.0,Пятёрочка,Не имеет значения,Частичная занятость / Совместительство,Не имеет значения,,,https://spb.superjob.ru/vakansii/pekar-50971949.html,86200.0
51764029,"Пекарь (Санкт-Петербург, Среднеохтинский, 3)",68300,87400,rub,"['Туризм, гостиницы, общественное питание', 'Промышленность, производство']","['Рестораны, кафе, столовые, фастфуд', 'Пищевая промышленность']",Санкт-Петербург,[],[],[],,2635306,более 5000,49868.0,Пятёрочка,Не имеет значения,Частичная занятость / Совместительство,Не имеет значения,,,https://spb.superjob.ru/vakansii/pekar-51764029.html,77850.0
51790254,"Пекарь (Санкт-Петербург, Авиаконструкторов, 49)",75600,96800,rub,"['Туризм, гостиницы, общественное питание', 'Промышленность, производство']","['Рестораны, кафе, столовые, фастфуд', 'Пищевая промышленность']",Санкт-Петербург,[],[],[],,2635306,более 5000,49868.0,Пятёрочка,Не имеет значения,Частичная занятость / Совместительство,Не имеет значения,,,https://spb.superjob.ru/vakansii/pekar-51790254.html,86200.0
51790260,"Пекарь (Санкт-Петербург, Космонавтов, 63)",75600,96800,rub,"['Туризм, гостиницы, общественное питание', 'Промышленность, производство']","['Рестораны, кафе, столовые, фастфуд', 'Пищевая промышленность']",Санкт-Петербург,[],[],[],,2635306,более 5000,49868.0,Пятёрочка,Не имеет значения,Частичная занятость / Совместительство,Не имеет значения,,,https://spb.superjob.ru/vakansii/pekar-51790260.html,86200.0
51790264,"Пекарь (Санкт-Петербург, Художников, 32)",75600,96800,rub,"['Туризм, гостиницы, общественное питание', 'Искусство, культура, развлечения', 'Промышленность, производство']","['Рестораны, кафе, столовые, фастфуд', 'Живопись, графика, скульптура', 'Пищевая промышленность']",Санкт-Петербург,[],[],[],,2635306,более 5000,49868.0,Пятёрочка,Не имеет значения,Частичная занятость / Совместительство,Не имеет значения,,,https://spb.superjob.ru/vakansii/pekar-51790264.html,86200.0
51790735,"Пекарь (Санкт-Петербург, Вилькицкий, 7)",83200,106400,rub,"['Туризм, гостиницы, общественное питание', 'Промышленность, производство']","['Рестораны, кафе, столовые, фастфуд', 'Пищевая промышленность']",Санкт-Петербург,[],[],[],,2635306,более 5000,49868.0,Пятёрочка,Не имеет значения,Частичная занятость / Совместительство,Не имеет значения,,,https://spb.superjob.ru/vakansii/pekar-51790735.html,94800.0
51790771,"Пекарь (Санкт-Петербург, Будапештская, 49)",68300,87400,rub,"['Туризм, гостиницы, общественное питание', 'Промышленность, производство']","['Рестораны, кафе, столовые, фастфуд', 'Пищевая промышленность']",Санкт-Петербург,[],[],[],,2635306,более 5000,49868.0,Пятёрочка,Не имеет значения,Частичная занятость / Совместительство,Не имеет значения,,,https://spb.superjob.ru/vakansii/pekar-51790771.html,77850.0
51790830,"Пекарь (Санкт-Петербург, Реки Каменки, 17)",75600,96800,rub,"['Туризм, гостиницы, общественное питание', 'Промышленность, производство']","['Рестораны, кафе, столовые, фастфуд', 'Пищевая промышленность']",Санкт-Петербург,[],[],[],,2635306,более 5000,49868.0,Пятёрочка,Не имеет значения,Частичная занятость / Совместительство,Не имеет значения,,,https://spb.superjob.ru/vakansii/pekar-51790830.html,86200.0
51790852,"Пекарь (Санкт-Петербург, Александра Матросова, 20)",75600,96800,rub,"['Туризм, гостиницы, общественное питание', 'Промышленность, производство']","['Рестораны, кафе, столовые, фастфуд', 'Пищевая промышленность']",Санкт-Петербург,[],[],[],,2635306,более 5000,49868.0,Пятёрочка,Не имеет значения,Полный рабочий день,Не имеет значения,,,https://spb.superjob.ru/vakansii/pekar-51790852.html,86200.0
51790867,"Пекарь (Санкт-Петербург, Ланское, 55)",75600,96800,rub,"['Туризм, гостиницы, общественное питание', 'Промышленность, производство']","['Рестораны, кафе, столовые, фастфуд', 'Пищевая промышленность']",Санкт-Петербург,[],[],[],,2635306,более 5000,49868.0,Пятёрочка,Не имеет значения,Частичная занятость / Совместительство,Не имеет значения,,,https://spb.superjob.ru/vakansii/pekar-51790867.html,86200.0
51790883,"Пекарь (Санкт-Петербург, Шаумяна, 8)",75600,96800,rub,"['Туризм, гостиницы, общественное питание', 'Промышленность, производство']","['Рестораны, кафе, столовые, фастфуд', 'Пищевая промышленность']",Санкт-Петербург,[],[],[],,2635306,более 5000,49868.0,Пятёрочка,Не имеет значения,Частичная занятость / Совместительство,Не имеет значения,,,https://spb.superjob.ru/vakansii/pekar-51790883.html,86200.0
51790977,"Пекарь (Санкт-Петербург, Космонавтов, 28)",75600,96800,rub,"['Туризм, гостиницы, общественное питание', 'Промышленность, производство']","['Рестораны, кафе, столовые, фастфуд', 'Пищевая промышленность']",Санкт-Петербург,[],[],[],,2635306,более 5000,49868.0,Пятёрочка,Не имеет значения,Частичная занятость / Совместительство,Не имеет значения,,,https://spb.superjob.ru/vakansii/pekar-51790977.html,86200.0
51791102,"Пекарь (Санкт-Петербург, Пограничника Гарькавого, 20)",75600,96800,rub,"['Туризм, гостиницы, общественное питание', 'Промышленность, производство']","['Рестораны, кафе, столовые, фастфуд', 'Пищевая промышленность']",Санкт-Петербург,[],[],[],,2635306,более 5000,49868.0,Пятёрочка,Не имеет значения,Частичная занятость / Совместительство,Не имеет значения,,,https://spb.superjob.ru/vakansii/pekar-51791102.html,86200.0
51791272,"Пекарь (Санкт-Петербург, Заставская, 22)",83200,106400,rub,"['Туризм, гостиницы, общественное питание', 'Промышленность, производство']","['Рестораны, кафе, столовые, фастфуд', 'Пищевая промышленность']",Санкт-Петербург,[],[],[],,2635306,более 5000,49868.0,Пятёрочка,Не имеет значения,Частичная занятость / Совместительство,Не имеет значения,,,https://spb.superjob.ru/vakansii/pekar-51791272.html,94800.0
51791523,"Пекарь (Санкт-Петербург, Комендантский, 11)",83200,106400,rub,"['Туризм, гостиницы, общественное питание', 'Промышленность, производство']","['Рестораны, кафе, столовые, фастфуд', 'Пищевая промышленность']",Санкт-Петербург,[],[],[],,2635306,более 5000,49868.0,Пятёрочка,Не имеет значения,Частичная занятость / Совместительство,Не имеет значения,,,https://spb.superjob.ru/vakansii/pekar-51791523.html,94800.0
51791651,"Пекарь (Санкт-Петербург, Глинки, 2)",83200,106400,rub,"['Туризм, гостиницы, общественное питание', 'Промышленность, производство']","['Рестораны, кафе, столовые, фастфуд', 'Пищевая промышленность']",Санкт-Петербург,[],[],[],,2635306,более 5000,49868.0,Пятёрочка,Не имеет значения,Частичная занятость / Совместительство,Не имеет значения,,,https://spb.superjob.ru/vakansii/pekar-51791651.html,94800.0
51791749,"Пекарь (Санкт-Петербург, Горелово, Коммунаров, 190)",72500,92700,rub,"['Туризм, гостиницы, общественное питание', 'Промышленность, производство']","['Рестораны, кафе, столовые, фастфуд', 'Пищевая промышленность']",Санкт-Петербург,[],[],[],,2635306,более 5000,49868.0,Пятёрочка,Не имеет значения,Частичная занятость / Совместительство,Не имеет значения,,,https://spb.superjob.ru/vakansii/pekar-51791749.html,82600.0
51791886,"Пекарь (Санкт-Петербург, Будённого, 21)",75600,96800,rub,"['Туризм, гостиницы, общественное питание', 'Промышленность, производство']","['Рестораны, кафе, столовые, фастфуд', 'Пищевая промышленность']",Санкт-Петербург,[],[],[],,2635306,более 5000,49868.0,Пятёрочка,Не имеет значения,Частичная занятость / Совместительство,Не имеет значения,,,https://spb.superjob.ru/vakansii/pekar-51791886.html,86200.0
51791904,"Пекарь (Санкт-Петербург, Космонавтов, 65)",75600,96800,rub,"['Туризм, гостиницы, общественное питание', 'Промышленность, производство']","['Рестораны, кафе, столовые, фастфуд', 'Пищевая промышленность']",Санкт-Петербург,[],[],[],,2635306,более 5000,49868.0,Пятёрочка,Не имеет значения,Частичная занятость / Совместительство,Не имеет значения,,,https://spb.superjob.ru/vakansii/pekar-51791904.html,86200.0
51825395,"Пекарь (Санкт-Петербург, Заставская, 46)",72000,80000,rub,"['Туризм, гостиницы, общественное питание', 'Промышленность, производство']","['Рестораны, кафе, столовые, фастфуд', 'Пищевая промышленность']",Санкт-Петербург,[],[],[],,2635306,более 5000,49868.0,Пятёрочка,Не имеет значения,Частичная занятость / Совместительство,Не имеет значения,,,https://spb.superjob.ru/vakansii/pekar-51825395.html,76000.0
51850199,Пекарь,68300,87400,rub,"['Туризм, гостиницы, общественное питание', 'Промышленность, производство', 'Продажи']","['Рестораны, кафе, столовые, фастфуд', 'Пищевая промышленность', 'Начало карьеры, мало опыта']",Санкт-Петербург,[],[],[],"Санкт-Петербург, Народная, 33",2635306,более 5000,49868.0,Пятёрочка,От 1 года,Частичная занятость / Совместительство,Не имеет значения,59.881111,30.468815,https://spb.superjob.ru/vakansii/pekar-51850199.html,77850.0
51617556,Электромонтёр по ремонту и обслуживанию грузоподъёмного электрооборудования,90000,100000,rub,"['Промышленность, производство', 'Строительство, проектирование, недвижимость']","['Железнодорожное машиностроение', 'Радиотехническая и электронная промышленность', 'Слаботочные системы и сети']",Санкт-Петербург,['Выборгская'],['Кировско-Выборгская'],['red'],"Санкт-Петербург, Большой Сампсониевский проспект, 64",794796,500 — 1000,32.0,НПО Компрессор,От 1 года,Полный рабочий день,Не имеет значения,59.976425,30.338093,https://spb.superjob.ru/vakansii/elektromontjor-po-remontu-i-obsluzhivaniyu-gruzopodjomnogo-elektrooborudovaniya-51617556.html,95000.0
51657537,Электромонтер по обслуживанию электрооборудования,90000,105000,rub,"['Строительство, проектирование, недвижимость', 'Промышленность, производство', 'Рабочий персонал']","['Электроснабжение', 'Слаботочные системы и сети', 'Железнодорожное машиностроение', 'Радиотехническая и электронная промышленность', 'Рабочий персонал, разное']",Санкт-Петербург,[],[],[],"Санкт-Петербург, Большой Сампсониевский проспект, 64",794796,500 — 1000,32.0,НПО Компрессор,От 3 лет,Полный рабочий день,Не имеет значения,59.976425,30.338093,https://spb.superjob.ru/vakansii/elektromonter-po-obsluzhivaniyu-elektrooborudovaniya-51657537.html,97500.0
51658332,Электроник по станкам с ЧПУ,100000,120000,rub,"['Промышленность, производство']","['Железнодорожное машиностроение', 'Радиотехническая и электронная промышленность']",Санкт-Петербург,['Выборгская'],['Кировско-Выборгская'],['red'],"Санкт-Петербург, Большой Сампсониевский проспект д.64",794796,500 — 1000,32.0,НПО Компрессор,От 1 года,Полный рабочий день,Не имеет значения,,,https://spb.superjob.ru/vakansii/elektronik-po-stankam-s-chpu-51658332.html,110000.0
51658340,Инженер акустик,100000,120000,rub,"['Промышленность, производство']","['Машиностроение, станкостроение', 'Приборостроение', 'Производство товаров народного потребления', 'Промышленное оборудование', 'Другое']",Санкт-Петербург,[],[],[],"Санкт-Петербург, Большой Сампсониевский проспект, 64",794796,500 — 1000,32.0,НПО Компрессор,От 3 лет,Полный рабочий день,Высшее,59.976425,30.338093,https://spb.superjob.ru/vakansii/inzhener-akustik-51658340.html,110000.0
51782574,Слесарь по ремонту автомобилей,84300,105500,rub,"['Промышленность, производство', 'Услуги, ремонт, сервисное обслуживание', 'Рабочий персонал']","['Автомобильная промышленность', 'Автосервис', 'Квалифицированный рабочий']",Санкт-Петербург,['Горьковская'],['Московско-Петроградская'],['blue'],"Санкт-Петербург, Большая Посадская улица, 24/2С",441150,более 5000,126.0,"СПб ГУП ""Горэлектротранс""",От 1 года,Полный рабочий день,Не имеет значения,59.961105,30.327259,https://spb.superjob.ru/vakansii/slesar-po-remontu-avtomobilej-51782574.html,94900.0
48264400,Пекарь,75600,96800,rub,"['Туризм, гостиницы, общественное питание', 'Промышленность, производство', 'Продажи']","['Рестораны, кафе, столовые, фастфуд', 'Пищевая промышленность', 'Начало карьеры, мало опыта']",Санкт-Петербург,[],[],[],"Санкт-Петербург, Стрельбищенская, 13",2635306,более 5000,49868.0,Пятёрочка,От 1 года,Частичная занятость / Совместительство,Не имеет значения,59.886383,30.358852,https://spb.superjob.ru/vakansii/pekar-48264400.html,86200.0
48264499,Пекарь,75600,96800,rub,"['Туризм, гостиницы, общественное питание', 'Промышленность, производство', 'Продажи']","['Рестораны, кафе, столовые, фастфуд', 'Пищевая промышленность', 'Начало карьеры, мало опыта']",Санкт-Петербург,[],[],[],"Санкт-Петербург, Малая Митрофаньевская, 5",2635306,более 5000,49868.0,Пятёрочка,Без опыта,Частичная занятость / Совместительство,Не имеет значения,59.897953,30.30755,https://spb.superjob.ru/vakansii/pekar-48264499.html,86200.0
48264935,Пекарь,75600,96800,rub,"['Туризм, гостиницы, общественное питание', 'Промышленность, производство', 'Продажи']","['Рестораны, кафе, столовые, фастфуд', 'Пищевая промышленность', 'Начало карьеры, мало опыта']",Санкт-Петербург,[],[],[],"Санкт-Петербург, Счастливая, 5",2635306,более 5000,49868.0,Пятёрочка,От 1 года,Частичная занятость / Совместительство,Не имеет значения,59.844875,30.271688,https://spb.superjob.ru/vakansii/pekar-48264935.html,86200.0
48266038,Пекарь,83200,106400,rub,"['Туризм, гостиницы, общественное питание', 'Промышленность, производство', 'Продажи']","['Рестораны, кафе, столовые, фастфуд', 'Пищевая промышленность', 'Начало карьеры, мало опыта']",Санкт-Петербург,[],[],[],"Санкт-Петербург, Морская, 39",2635306,более 5000,49868.0,Пятёрочка,От 1 года,Частичная занятость / Совместительство,Не имеет значения,59.960136,30.22637,https://spb.superjob.ru/vakansii/pekar-48266038.html,94800.0
48266059,Пекарь,83200,106400,rub,"['Туризм, гостиницы, общественное питание', 'Промышленность, производство', 'Продажи']","['Рестораны, кафе, столовые, фастфуд', 'Пищевая промышленность', 'Начало карьеры, мало опыта']",Санкт-Петербург,[],[],[],"Санкт-Петербург, Реки Смоленки, 3",2635306,более 5000,49868.0,Пятёрочка,От 1 года,Частичная занятость / Совместительство,Не имеет значения,59.949692,30.262806,https://spb.superjob.ru/vakansii/pekar-48266059.html,94800.0
48285804,Пекарь,75600,96800,rub,"['Туризм, гостиницы, общественное питание', 'Промышленность, производство', 'Продажи']","['Рестораны, кафе, столовые, фастфуд', 'Пищевая промышленность', 'Начало карьеры, мало опыта']",Санкт-Петербург,[],[],[],"Санкт-Петербург, Будапештская, 19",2635306,более 5000,49868.0,Пятёрочка,От 1 года,Частичная занятость / Совместительство,Не имеет значения,59.864269,30.372705,https://spb.superjob.ru/vakansii/pekar-48285804.html,86200.0
48779553,Пекарь,68300,87400,rub,"['Туризм, гостиницы, общественное питание', 'Промышленность, производство', 'Продажи']","['Рестораны, кафе, столовые, фастфуд', 'Пищевая промышленность', 'Начало карьеры, мало опыта']",Санкт-Петербург,[],[],[],"Санкт-Петербург, Чапаева, 15",2635306,более 5000,49868.0,Пятёрочка,Не имеет значения,Полный рабочий день,Не имеет значения,59.961178,30.331347,https://spb.superjob.ru/vakansii/pekar-48779553.html,77850.0
48836675,Пекарь,75600,96800,rub,"['Туризм, гостиницы, общественное питание', 'Промышленность, производство']","['Рестораны, кафе, столовые, фастфуд', 'Пищевая промышленность']",Санкт-Петербург,[],[],[],"Санкт-Петербург, Науки, 21",2635306,более 5000,49868.0,Пятёрочка,Не имеет значения,Частичная занятость / Совместительство,Не имеет значения,60.010986,30.40048,https://spb.superjob.ru/vakansii/pekar-48836675.html,86200.0
49629576,Пекарь,75600,96800,rub,"['Туризм, гостиницы, общественное питание', 'Промышленность, производство', 'Продажи']","['Рестораны, кафе, столовые, фастфуд', 'Пищевая промышленность', 'Начало карьеры, мало опыта']",Санкт-Петербург,[],[],[],"Санкт-Петербург, Индустриальный, 35",2635306,более 5000,49868.0,Пятёрочка,Не имеет значения,Частичная занятость / Совместительство,Не имеет значения,59.954231,30.469866,https://spb.superjob.ru/vakansii/pekar-49629576.html,86200.0
49828156,Пекарь,68300,87400,rub,"['Туризм, гостиницы, общественное питание', 'Промышленность, производство', 'Продажи']","['Рестораны, кафе, столовые, фастфуд', 'Пищевая промышленность', 'Начало карьеры, мало опыта']",Санкт-Петербург,[],[],[],"Санкт-Петербург, Руднева, 18",2635306,более 5000,49868.0,Пятёрочка,Без опыта,Полный рабочий день,Не имеет значения,60.044468,30.363012,https://spb.superjob.ru/vakansii/pekar-49828156.html,77850.0
50154846,Пекарь,68300,87400,rub,"['Туризм, гостиницы, общественное питание', 'Промышленность, производство']","['Рестораны, кафе, столовые, фастфуд', 'Пищевая промышленность']",Санкт-Петербург,[],[],[],"Санкт-Петербург, Ветеранов, 16",2635306,более 5000,49868.0,Пятёрочка,Не имеет значения,Полный рабочий день,Не имеет значения,59.845596,30.254118,https://spb.superjob.ru/vakansii/pekar-50154846.html,77850.0
50371125,Пекарь,68300,87400,rub,"['Туризм, гостиницы, общественное питание', 'Промышленность, производство', 'Продажи']","['Рестораны, кафе, столовые, фастфуд', 'Пищевая промышленность', 'Начало карьеры, мало опыта']",Санкт-Петербург,[],[],[],"Санкт-Петербург, Партизана Германа, 14/117",2635306,более 5000,49868.0,Пятёрочка,Без опыта,Полный рабочий день,Не имеет значения,59.83429,30.177105,https://spb.superjob.ru/vakansii/pekar-50371125.html,77850.0
50565245,Пекарь,83200,106400,rub,"['Туризм, гостиницы, общественное питание', 'Промышленность, производство', 'Продажи']","['Рестораны, кафе, столовые, фастфуд', 'Пищевая промышленность', 'Начало карьеры, мало опыта']",Санкт-Петербург,[],[],[],"Санкт-Петербург, Двинская, 3",2635306,более 5000,49868.0,Пятёрочка,От 1 года,Частичная занятость / Совместительство,Не имеет значения,59.909359,30.255808,https://spb.superjob.ru/vakansii/pekar-50565245.html,94800.0
50565260,Пекарь,68300,87400,rub,"['Туризм, гостиницы, общественное питание', 'Промышленность, производство', 'Продажи']","['Рестораны, кафе, столовые, фастфуд', 'Пищевая промышленность', 'Начало карьеры, мало опыта']",Санкт-Петербург,[],[],[],"Санкт-Петербург, Невский, 146",2635306,более 5000,49868.0,Пятёрочка,От 1 года,Частичная занятость / Совместительство,Не имеет значения,59.929077,30.370863,https://spb.superjob.ru/vakansii/pekar-50565260.html,77850.0
50567215,Пекарь,75600,96800,rub,"['Туризм, гостиницы, общественное питание', 'Промышленность, производство', 'Продажи']","['Рестораны, кафе, столовые, фастфуд', 'Пищевая промышленность', 'Начало карьеры, мало опыта']",Санкт-Петербург,[],[],[],"Санкт-Петербург, Комендантский, 64",2635306,более 5000,49868.0,Пятёрочка,От 1 года,Частичная занятость / Совместительство,Не имеет значения,60.038708,30.221312,https://spb.superjob.ru/vakansii/pekar-50567215.html,86200.0
50796922,Пекарь,83200,106400,rub,"['Туризм, гостиницы, общественное питание', 'Промышленность, производство', 'Продажи']","['Рестораны, кафе, столовые, фастфуд', 'Пищевая промышленность', 'Начало карьеры, мало опыта']",Санкт-Петербург,[],[],[],"Санкт-Петербург, Челюскина, 10",2635306,более 5000,49868.0,Пятёрочка,От 1 года,Частичная занятость / Совместительство,Не имеет значения,59.942692,30.184984,https://spb.superjob.ru/vakansii/pekar-50796922.html,94800.0
50909588,"Пекарь (Санкт-Петербург, Маршала Казакова, 7)",75600,96800,rub,"['Туризм, гостиницы, общественное питание', 'Промышленность, производство']","['Рестораны, кафе, столовые, фастфуд', 'Пищевая промышленность']",Санкт-Петербург,[],[],[],,2635306,более 5000,49868.0,Пятёрочка,Не имеет значения,Частичная занятость / Совместительство,Не имеет значения,,,https://spb.superjob.ru/vakansii/pekar-50909588.html,86200.0
50971487,"Пекарь (Санкт-Петербург, Репнинская, 7)",75600,96800,rub,"['Туризм, гостиницы, общественное питание', 'Промышленность, производство']","['Рестораны, кафе, столовые, фастфуд', 'Пищевая промышленность']",Санкт-Петербург,[],[],[],,2635306,более 5000,49868.0,Пятёрочка,Не имеет значения,Частичная занятость / Совместительство,Не имеет значения,,,https://spb.superjob.ru/vakansii/pekar-50971487.html,86200.0
51666723,"Пекарь (Санкт-Петербург, Верхне-Каменская, 7)",68300,87400,rub,"['Туризм, гостиницы, общественное питание', 'Промышленность, производство']","['Рестораны, кафе, столовые, фастфуд', 'Пищевая промышленность']",Санкт-Петербург,[],[],[],,2635306,более 5000,49868.0,Пятёрочка,Не имеет значения,Частичная занятость / Совместительство,Не имеет значения,,,https://spb.superjob.ru/vakansii/pekar-51666723.html,77850.0
51756927,"Пекарь (Санкт-Петербург, Типанова, 34)",75600,96800,rub,"['Туризм, гостиницы, общественное питание', 'Промышленность, производство']","['Рестораны, кафе, столовые, фастфуд', 'Пищевая промышленность']",Санкт-Петербург,[],[],[],,2635306,более 5000,49868.0,Пятёрочка,Не имеет значения,Частичная занятость / Совместительство,Не имеет значения,,,https://spb.superjob.ru/vakansii/pekar-51756927.html,86200.0
51789290,"Пекарь (Санкт-Петербург, Курляндская, 8)",83200,106400,rub,"['Туризм, гостиницы, общественное питание', 'Промышленность, производство']","['Рестораны, кафе, столовые, фастфуд', 'Пищевая промышленность']",Санкт-Петербург,[],[],[],,2635306,более 5000,49868.0,Пятёрочка,Не имеет значения,Частичная занятость / Совместительство,Не имеет значения,,,https://spb.superjob.ru/vakansii/pekar-51789290.html,94800.0
51789588,"Пекарь (Санкт-Петербург, Правды, 22)",83200,106400,rub,"['Туризм, гостиницы, общественное питание', 'Промышленность, производство']","['Рестораны, кафе, столовые, фастфуд', 'Пищевая промышленность']",Санкт-Петербург,[],[],[],,2635306,более 5000,49868.0,Пятёрочка,Не имеет значения,Частичная занятость / Совместительство,Не имеет значения,,,https://spb.superjob.ru/vakansii/pekar-51789588.html,94800.0
51790096,"Пекарь (Санкт-Петербург, Большевиков, 21)",75600,96800,rub,"['Туризм, гостиницы, общественное питание', 'Промышленность, производство']","['Рестораны, кафе, столовые, фастфуд', 'Пищевая промышленность']",Санкт-Петербург,[],[],[],,2635306,более 5000,49868.0,Пятёрочка,Не имеет значения,Частичная занятость / Совместительство,Не имеет значения,,,https://spb.superjob.ru/vakansii/pekar-51790096.html,86200.0
51790134,"Пекарь (Санкт-Петербург, Бестужевская, 9)",75600,96800,rub,"['Туризм, гостиницы, общественное питание', 'Промышленность, производство']","['Рестораны, кафе, столовые, фастфуд', 'Пищевая промышленность']",Санкт-Петербург,[],[],[],,2635306,более 5000,49868.0,Пятёрочка,Не имеет значения,Частичная занятость / Совместительство,Не имеет значения,,,https://spb.superjob.ru/vakansii/pekar-51790134.html,86200.0
51797866,"Пекарь (Санкт-Петербург, Индустриальный, 11)",75600,99000,rub,"['Туризм, гостиницы, общественное питание', 'Промышленность, производство']","['Рестораны, кафе, столовые, фастфуд', 'Пищевая промышленность']",Санкт-Петербург,[],[],[],,2635306,более 5000,49868.0,Пятёрочка,Не имеет значения,Частичная занятость / Совместительство,Не имеет значения,,,https://spb.superjob.ru/vakansii/pekar-51797866.html,87300.0
51808908,"Пекарь (Санкт-Петербург, Бабушкина, 9)",75600,96800,rub,"['Туризм, гостиницы, общественное питание', 'Промышленность, производство']","['Рестораны, кафе, столовые, фастфуд', 'Пищевая промышленность']",Санкт-Петербург,[],[],[],,2635306,более 5000,49868.0,Пятёрочка,Не имеет значения,Частичная занятость / Совместительство,Не имеет значения,,,https://spb.superjob.ru/vakansii/pekar-51808908.html,86200.0
51820918,"Пекарь (Санкт-Петербург, Коллонтай, 25)",75600,96800,rub,"['Туризм, гостиницы, общественное питание', 'Промышленность, производство']","['Рестораны, кафе, столовые, фастфуд', 'Пищевая промышленность']",Санкт-Петербург,[],[],[],,2635306,более 5000,49868.0,Пятёрочка,Не имеет значения,Частичная занятость / Совместительство,Не имеет значения,,,https://spb.superjob.ru/vakansii/pekar-51820918.html,86200.0
51830639,"Пекарь (Санкт-Петербург, Бабушкина, 82)",75600,96800,rub,"['Туризм, гостиницы, общественное питание', 'Промышленность, производство']","['Рестораны, кафе, столовые, фастфуд', 'Пищевая промышленность']",Санкт-Петербург,[],[],[],,2635306,более 5000,49868.0,Пятёрочка,Не имеет значения,Частичная занятость / Совместительство,Не имеет значения,,,https://spb.superjob.ru/vakansii/pekar-51830639.html,86200.0
51836938,"Пекарь (Санкт-Петербург, Левашово, Горское, 157)",75600,96800,rub,"['Туризм, гостиницы, общественное питание', 'Промышленность, производство']","['Рестораны, кафе, столовые, фастфуд', 'Пищевая промышленность']",Санкт-Петербург,[],[],[],,2635306,более 5000,49868.0,Пятёрочка,Не имеет значения,Частичная занятость / Совместительство,Не имеет значения,,,https://spb.superjob.ru/vakansii/pekar-51836938.html,86200.0
50509475,Контролер ОТК,36000,36000,rub,"['Промышленность, производство']","['Контроль качества, сертификация, экспертиза']",Санкт-Петербург,['Волковская'],['Фрунзенско-Приморская'],['violet'],"Санкт-Петербург, улица Салова, 21",4437820,100 — 500,15.0,АВТОАРМАТУРА,От 1 года,Полный рабочий день,Среднее специальное,59.896336,30.367376,https://spb.superjob.ru/vakansii/kontroler-otk-50509475.html,36000.0
48726317,Токарь-универсал,115000,121000,rub,"['Промышленность, производство', 'Рабочий персонал']","['Авиационная промышленность', 'Рабочий персонал, разное', 'Квалифицированный рабочий']",Санкт-Петербург,['Площадь Мужества'],['Кировско-Выборгская'],['red'],"Санкт-Петербург, Политехническая улица, 13-15",2354775,1000 — 5000,1388.0,СПБ ОАО КРАСНЫЙ ОКТЯБРЬ,От 1 года,Полный рабочий день,Не имеет значения,59.996681,30.365957,https://spb.superjob.ru/vakansii/tokar-universal-48726317.html,118000.0
51786352,Продавец в зону готовой еды,63200,89300,rub,"['Промышленность, производство']",['Пищевая промышленность'],Санкт-Петербург,[],[],[],"Санкт-Петербург, Ленинский проспект, 104",280168,более 5000,18163.0,"Магнит, Розничная сеть",Не имеет значения,Сменный график работы,Не имеет значения,59.852623,30.226891,https://spb.superjob.ru/vakansii/prodavec-v-zonu-gotovoj-edy-51786352.html,76250.0
51788626,"Повар кулинарии, Собственное производство в Гипермаркет Магнит",79200,118800,rub,"['Туризм, гостиницы, общественное питание', 'Промышленность, производство']","['Рестораны, кафе, столовые, фастфуд', 'Пищевая промышленность']",Санкт-Петербург,[],[],[],"Санкт-Петербург, Ленинский проспект, 49",280168,более 5000,18163.0,"Магнит, Розничная сеть",Без опыта,Сменный график работы,Не имеет значения,59.863728,30.165688,https://spb.superjob.ru/vakansii/povar-kulinarii-51788626.html,99000.0
51824026,Начальник лаборатории линейно-угловых измерений,118500,140000,rub,"['Промышленность, производство', 'Топ-персонал']","['Контроль качества, сертификация, экспертиза', 'Строительство, проектирование, недвижимость', 'Промышленность, производство, сельское хозяйство']",Санкт-Петербург,[],[],[],"Санкт-Петербург, Политехническая улица, 13-15",2354775,1000 — 5000,1388.0,СПБ ОАО КРАСНЫЙ ОКТЯБРЬ,От 3 лет,Полный рабочий день,Высшее,59.996681,30.365957,https://spb.superjob.ru/vakansii/nachalnik-laboratorii-linejno-uglovyh-izmerenij-51824026.html,129250.0
51847606,Резьбошлифовщик,115000,115000,rub,"['Промышленность, производство', 'Рабочий персонал']","['Другое', 'Рабочий персонал, разное', 'Квалифицированный рабочий']",Санкт-Петербург,['Площадь Мужества'],['Кировско-Выборгская'],['red'],"Санкт-Петербург, Политехническая улица, 13-15",2354775,1000 — 5000,1388.0,СПБ ОАО КРАСНЫЙ ОКТЯБРЬ,От 3 лет,Полный рабочий день,Не имеет значения,59.996681,30.365957,https://spb.superjob.ru/vakansii/rezboshlifovschik-51847606.html,115000.0
51779333,Пекарь,70900,75300,rub,"['Туризм, гостиницы, общественное питание', 'Промышленность, производство']","['Рестораны, кафе, столовые, фастфуд', 'Пищевая промышленность']",Санкт-Петербург,[],[],[],"Санкт-Петербург, Думская, 4А",4311,более 5000,3349.0,Перекресток,Без опыта,Полный рабочий день,Среднее специальное,59.933113,30.328337,https://spb.superjob.ru/vakansii/pekar-51779333.html,73100.0
51779335,Пекарь,72800,77300,rub,"['Туризм, гостиницы, общественное питание', 'Промышленность, производство']","['Рестораны, кафе, столовые, фастфуд', 'Пищевая промышленность']",Санкт-Петербург,[],[],[],"Санкт-Петербург, Новаторов, 11",4311,более 5000,3349.0,Перекресток,Без опыта,Полный рабочий день,Среднее специальное,59.850651,30.267315,https://spb.superjob.ru/vakansii/pekar-51779335.html,75050.0
51779338,Пекарь,71800,75300,rub,"['Туризм, гостиницы, общественное питание', 'Промышленность, производство']","['Рестораны, кафе, столовые, фастфуд', 'Пищевая промышленность']",Санкт-Петербург,[],[],[],"Санкт-Петербург, Пятилеток, 2",4311,более 5000,3349.0,Перекресток,Без опыта,Полный рабочий день,Среднее специальное,59.919582,30.465347,https://spb.superjob.ru/vakansii/pekar-51779338.html,73550.0
51779340,Пекарь,71800,76300,rub,"['Туризм, гостиницы, общественное питание', 'Промышленность, производство']","['Рестораны, кафе, столовые, фастфуд', 'Пищевая промышленность']",Санкт-Петербург,[],[],[],"Санкт-Петербург, Лиговский, 153",4311,более 5000,3349.0,Перекресток,Без опыта,Полный рабочий день,Среднее специальное,59.914616,30.349142,https://spb.superjob.ru/vakansii/pekar-51779340.html,74050.0
51781251,Пекарь,71800,75300,rub,"['Туризм, гостиницы, общественное питание', 'Промышленность, производство']","['Рестораны, кафе, столовые, фастфуд', 'Пищевая промышленность']",Санкт-Петербург,[],[],[],"Санкт-Петербург, Морская, 35",4311,более 5000,3349.0,Перекресток,Без опыта,Полный рабочий день,Среднее специальное,59.959286,30.219694,https://spb.superjob.ru/vakansii/pekar-51781251.html,73550.0
51820683,"Пекарь (Санкт-Петербург, 4-я Советская, 16/10)",83200,106400,rub,"['Туризм, гостиницы, общественное питание', 'Промышленность, производство']","['Рестораны, кафе, столовые, фастфуд', 'Пищевая промышленность']",Санкт-Петербург,[],[],[],,2635306,более 5000,49868.0,Пятёрочка,Не имеет значения,Полный рабочий день,Не имеет значения,,,https://spb.superjob.ru/vakansii/pekar-51820683.html,94800.0
51829573,Пекарь,55000,65000,rub,"['Туризм, гостиницы, общественное питание', 'Промышленность, производство']","['Рестораны, кафе, столовые, фастфуд', 'Пищевая промышленность']",Санкт-Петербург,[],[],[],"Санкт-Петербург, Славянка (поселок Шушары), Полоцкая, 10",4311,более 5000,3349.0,Перекресток,Без опыта,Полный рабочий день,Среднее специальное,59.737934,30.463514,https://spb.superjob.ru/vakansii/pekar-51829573.html,60000.0
51829574,Пекарь,60000,70000,rub,"['Туризм, гостиницы, общественное питание', 'Промышленность, производство']","['Рестораны, кафе, столовые, фастфуд', 'Пищевая промышленность']",Санкт-Петербург,[],[],[],"Санкт-Петербург, Коллонтай, 30",4311,более 5000,3349.0,Перекресток,Без опыта,Полный рабочий день,Среднее специальное,59.924015,30.48291,https://spb.superjob.ru/vakansii/pekar-51829574.html,65000.0
51836062,"Пекарь (Санкт-Петербург, Промышленная, 19)",75600,96800,rub,"['Туризм, гостиницы, общественное питание', 'Промышленность, производство']","['Рестораны, кафе, столовые, фастфуд', 'Пищевая промышленность']",Санкт-Петербург,[],[],[],,2635306,более 5000,49868.0,Пятёрочка,Не имеет значения,Частичная занятость / Совместительство,Не имеет значения,,,https://spb.superjob.ru/vakansii/pekar-51836062.html,86200.0
51841619,Пекарь,71000,75000,rub,"['Туризм, гостиницы, общественное питание', 'Промышленность, производство']","['Рестораны, кафе, столовые, фастфуд', 'Пищевая промышленность']",Санкт-Петербург,[],[],[],"Санкт-Петербург, Комендантский, 24а",4311,более 5000,3349.0,Перекресток,Без опыта,Полный рабочий день,Среднее специальное,60.013355,30.251532,https://spb.superjob.ru/vakansii/pekar-51841619.html,73000.0
51841728,Пекарь,70000,85000,rub,"['Туризм, гостиницы, общественное питание', 'Промышленность, производство']","['Рестораны, кафе, столовые, фастфуд', 'Пищевая промышленность']",Санкт-Петербург,[],[],[],"Санкт-Петербург, Типанова, 21",4311,более 5000,3349.0,Перекресток,Без опыта,Полный рабочий день,Среднее специальное,59.853287,30.340708,https://spb.superjob.ru/vakansii/pekar-51841728.html,77500.0
51841758,Пекарь,71800,85100,rub,"['Туризм, гостиницы, общественное питание', 'Промышленность, производство']","['Рестораны, кафе, столовые, фастфуд', 'Пищевая промышленность']",Санкт-Петербург,[],[],[],"Санкт-Петербург, Марата, 86",4311,более 5000,3349.0,Перекресток,Без опыта,Полный рабочий день,Среднее специальное,59.918892,30.339081,https://spb.superjob.ru/vakansii/pekar-51841758.html,78450.0
51841761,Пекарь,72800,77300,rub,"['Туризм, гостиницы, общественное питание', 'Промышленность, производство']","['Рестораны, кафе, столовые, фастфуд', 'Пищевая промышленность']",Санкт-Петербург,[],[],[],"Санкт-Петербург, Коллонтай, 3",4311,более 5000,3349.0,Перекресток,Без опыта,Полный рабочий день,Среднее специальное,59.912914,30.446878,https://spb.superjob.ru/vakansii/pekar-51841761.html,75050.0
51841767,Пекарь,71000,75000,rub,"['Туризм, гостиницы, общественное питание', 'Промышленность, производство']","['Рестораны, кафе, столовые, фастфуд', 'Пищевая промышленность']",Санкт-Петербург,[],[],[],"Санкт-Петербург, Испытателей, 27",4311,более 5000,3349.0,Перекресток,Без опыта,Полный рабочий день,Среднее специальное,60.006908,30.274778,https://spb.superjob.ru/vakansii/pekar-51841767.html,73000.0
51841863,Пекарь,72800,77300,rub,"['Туризм, гостиницы, общественное питание', 'Промышленность, производство']","['Рестораны, кафе, столовые, фастфуд', 'Пищевая промышленность']",Санкт-Петербург,[],[],[],"Санкт-Петербург, Гражданский, 41",4311,более 5000,3349.0,Перекресток,Без опыта,Полный рабочий день,Среднее специальное,60.011539,30.397812,https://spb.superjob.ru/vakansii/pekar-51841863.html,75050.0
51841955,Пекарь,74700,79300,rub,"['Туризм, гостиницы, общественное питание', 'Промышленность, производство']","['Рестораны, кафе, столовые, фастфуд', 'Пищевая промышленность']",Санкт-Петербург,[],[],[],"Санкт-Петербург, Карбышева, 9",4311,более 5000,3349.0,Перекресток,Без опыта,Полный рабочий день,Среднее специальное,59.993,30.353273,https://spb.superjob.ru/vakansii/pekar-51841955.html,77000.0
51842022,Пекарь,71800,75300,rub,"['Туризм, гостиницы, общественное питание', 'Промышленность, производство']","['Рестораны, кафе, столовые, фастфуд', 'Пищевая промышленность']",Санкт-Петербург,[],[],[],"Санкт-Петербург, Коломяжский, 15",4311,более 5000,3349.0,Перекресток,Без опыта,Полный рабочий день,Среднее специальное,60.000141,30.299833,https://spb.superjob.ru/vakansii/pekar-51842022.html,73550.0
51842039,Пекарь,73700,77300,rub,"['Туризм, гостиницы, общественное питание', 'Промышленность, производство']","['Рестораны, кафе, столовые, фастфуд', 'Пищевая промышленность']",Санкт-Петербург,[],[],[],"Санкт-Петербург, Бухарестская, 89",4311,более 5000,3349.0,Перекресток,Без опыта,Полный рабочий день,Среднее специальное,59.833061,30.414125,https://spb.superjob.ru/vakansii/pekar-51842039.html,75500.0
51842070,Пекарь,65000,73000,rub,"['Туризм, гостиницы, общественное питание', 'Промышленность, производство']","['Рестораны, кафе, столовые, фастфуд', 'Пищевая промышленность']",Санкт-Петербург,[],[],[],"Санкт-Петербург, Долгоозёрная, 14",4311,более 5000,3349.0,Перекресток,Без опыта,Полный рабочий день,Среднее специальное,60.01746,30.246391,https://spb.superjob.ru/vakansii/pekar-51842070.html,69000.0
51848544,Пекарь,72000,77000,rub,"['Туризм, гостиницы, общественное питание', 'Промышленность, производство']","['Рестораны, кафе, столовые, фастфуд', 'Пищевая промышленность']",Санкт-Петербург,[],[],[],"Санкт-Петербург, Уточкина, 4",4311,более 5000,3349.0,Перекресток,Без опыта,Полный рабочий день,Среднее специальное,60.010956,30.261646,https://spb.superjob.ru/vakansii/pekar-51848544.html,74500.0
51848581,Пекарь,71000,76000,rub,"['Туризм, гостиницы, общественное питание', 'Промышленность, производство']","['Рестораны, кафе, столовые, фастфуд', 'Пищевая промышленность']",Санкт-Петербург,[],[],[],"Санкт-Петербург, Просвещения, 81",4311,более 5000,3349.0,Перекресток,Без опыта,Полный рабочий день,Среднее специальное,60.037395,30.406544,https://spb.superjob.ru/vakansii/pekar-51848581.html,73500.0
51848622,Пекарь,73700,78300,rub,"['Туризм, гостиницы, общественное питание', 'Промышленность, производство']","['Рестораны, кафе, столовые, фастфуд', 'Пищевая промышленность']",Санкт-Петербург,[],[],[],"Санкт-Петербург, Пражская, 48/50",4311,более 5000,3349.0,Перекресток,Без опыта,Полный рабочий день,Среднее специальное,59.863327,30.404083,https://spb.superjob.ru/vakansii/pekar-51848622.html,76000.0
51848681,Пекарь,71800,75300,rub,"['Туризм, гостиницы, общественное питание', 'Промышленность, производство']","['Рестораны, кафе, столовые, фастфуд', 'Пищевая промышленность']",Санкт-Петербург,[],[],[],"Санкт-Петербург, Науки, 23",4311,более 5000,3349.0,Перекресток,Без опыта,Полный рабочий день,Среднее специальное,60.010807,30.402124,https://spb.superjob.ru/vakansii/pekar-51848681.html,73550.0
51848716,Пекарь,72800,76300,rub,"['Туризм, гостиницы, общественное питание', 'Промышленность, производство']","['Рестораны, кафе, столовые, фастфуд', 'Пищевая промышленность']",Санкт-Петербург,[],[],[],"Санкт-Петербург, Средний В.О., 39",4311,более 5000,3349.0,Перекресток,Без опыта,Полный рабочий день,Среднее специальное,59.942398,30.275272,https://spb.superjob.ru/vakansii/pekar-51848716.html,74550.0
51848981,Пекарь,70000,85000,rub,"['Туризм, гостиницы, общественное питание', 'Промышленность, производство']","['Рестораны, кафе, столовые, фастфуд', 'Пищевая промышленность']",Санкт-Петербург,[],[],[],"Санкт-Петербург, Энгельса, 33",4311,более 5000,3349.0,Перекресток,Без опыта,Полный рабочий день,Среднее специальное,60.009605,30.326307,https://spb.superjob.ru/vakansii/pekar-51848981.html,77500.0
51851816,"Пекарь (Санкт-Петербург, Маршала Блюхера, 40)",75600,96800,rub,"['Туризм, гостиницы, общественное питание', 'Промышленность, производство']","['Рестораны, кафе, столовые, фастфуд', 'Пищевая промышленность']",Санкт-Петербург,[],[],[],,2635306,более 5000,49868.0,Пятёрочка,Не имеет значения,Частичная занятость / Совместительство,Не имеет значения,,,https://spb.superjob.ru/vakansii/pekar-51851816.html,86200.0
51851870,"Пекарь (Санкт-Петербург, Парголово, Архитектора Белова, 6)",75600,96800,rub,"['Дизайн', 'Туризм, гостиницы, общественное питание', 'Строительство, проектирование, недвижимость', 'Промышленность, производство']","['Архитектура', 'Рестораны, кафе, столовые, фастфуд', 'Архитектура', 'Пищевая промышленность']",Санкт-Петербург,[],[],[],,2635306,более 5000,49868.0,Пятёрочка,Не имеет значения,Частичная занятость / Совместительство,Не имеет значения,,,https://spb.superjob.ru/vakansii/pekar-51851870.html,86200.0
51852139,Пекарь,70900,74300,rub,"['Туризм, гостиницы, общественное питание', 'Промышленность, производство']","['Рестораны, кафе, столовые, фастфуд', 'Пищевая промышленность']",Санкт-Петербург,[],[],[],"Санкт-Петербург, Левашовский, 13",4311,более 5000,3349.0,Перекресток,Без опыта,Полный рабочий день,Среднее специальное,59.967171,30.285324,https://spb.superjob.ru/vakansii/pekar-51852139.html,72600.0
51852150,Пекарь,71800,76300,rub,"['Туризм, гостиницы, общественное питание', 'Промышленность, производство']","['Рестораны, кафе, столовые, фастфуд', 'Пищевая промышленность']",Санкт-Петербург,[],[],[],"Санкт-Петербург, Белы Куна, 3",4311,более 5000,3349.0,Перекресток,Без опыта,Полный рабочий день,Среднее специальное,59.870014,30.379326,https://spb.superjob.ru/vakansii/pekar-51852150.html,74050.0
51858599,Пекарь,70900,74300,rub,"['Туризм, гостиницы, общественное питание', 'Промышленность, производство']","['Рестораны, кафе, столовые, фастфуд', 'Пищевая промышленность']",Санкт-Петербург,[],[],[],"Санкт-Петербург, Тихая, 3",4311,более 5000,3349.0,Перекресток,Без опыта,Полный рабочий день,Среднее специальное,59.861317,30.458242,https://spb.superjob.ru/vakansii/pekar-51858599.html,72600.0
51858612,Пекарь,71000,75000,rub,"['Туризм, гостиницы, общественное питание', 'Промышленность, производство']","['Рестораны, кафе, столовые, фастфуд', 'Пищевая промышленность']",Санкт-Петербург,[],[],[],"Санкт-Петербург, Ленская, 12",4311,более 5000,3349.0,Перекресток,Без опыта,Полный рабочий день,Среднее специальное,59.940529,30.494211,https://spb.superjob.ru/vakansii/pekar-51858612.html,73000.0
51858667,Пекарь,65000,75000,rub,"['Туризм, гостиницы, общественное питание', 'Промышленность, производство']","['Рестораны, кафе, столовые, фастфуд', 'Пищевая промышленность']",Санкт-Петербург,[],[],[],"Санкт-Петербург, Энергетиков, 8",4311,более 5000,3349.0,Перекресток,Без опыта,Полный рабочий день,Среднее специальное,59.937851,30.434643,https://spb.superjob.ru/vakansii/pekar-51858667.html,70000.0
51858739,Пекарь,71800,76300,rub,"['Туризм, гостиницы, общественное питание', 'Промышленность, производство']","['Рестораны, кафе, столовые, фастфуд', 'Пищевая промышленность']",Санкт-Петербург,[],[],[],"Санкт-Петербург, Комендантский, 66",4311,более 5000,3349.0,Перекресток,Без опыта,Полный рабочий день,Среднее специальное,60.04044,30.21974,https://spb.superjob.ru/vakansii/pekar-51858739.html,74050.0
51861749,Пекарь,60000,70000,rub,"['Туризм, гостиницы, общественное питание', 'Промышленность, производство']","['Рестораны, кафе, столовые, фастфуд', 'Пищевая промышленность']",Санкт-Петербург,[],[],[],"Санкт-Петербург, Железноводская, 68",4311,более 5000,3349.0,Перекресток,Без опыта,Полный рабочий день,Среднее специальное,59.949181,30.234346,https://spb.superjob.ru/vakansii/pekar-51861749.html,65000.0
51869231,Пекарь,71800,75300,rub,"['Туризм, гостиницы, общественное питание', 'Промышленность, производство']","['Рестораны, кафе, столовые, фастфуд', 'Пищевая промышленность']",Санкт-Петербург,[],[],[],"Санкт-Петербург, Ленсовета, 101",4311,более 5000,3349.0,Перекресток,Без опыта,Полный рабочий день,Среднее специальное,59.832317,30.348907,https://spb.superjob.ru/vakansii/pekar-51869231.html,73550.0
51808530,"Повар, Собственное производство в Гипермаркет Магнит",79200,118800,rub,"['Туризм, гостиницы, общественное питание', 'Промышленность, производство']","['Рестораны, кафе, столовые, фастфуд', 'Пищевая промышленность']",Санкт-Петербург,[],[],[],"Санкт-Петербург, Ленинский проспект, 49",280168,более 5000,18163.0,"Магнит, Розничная сеть",Без опыта,Сменный график работы,Не имеет значения,59.863728,30.165688,https://spb.superjob.ru/vakansii/povar-51808530.html,99000.0
51844705,Продавец в зону готовой еды,63200,89300,rub,"['Промышленность, производство']",['Пищевая промышленность'],Санкт-Петербург,[],[],[],"Санкт-Петербург, Пионерстроя, 23",280168,более 5000,18163.0,"Магнит, Розничная сеть",Не имеет значения,Сменный график работы,Не имеет значения,59.839851,30.12892,https://spb.superjob.ru/vakansii/prodavec-v-zonu-gotovoj-edy-51844705.html,76250.0
51846808,"Повар, Собственное производство в Гипермаркет Магнит",79200,129600,rub,"['Промышленность, производство']",['Пищевая промышленность'],Санкт-Петербург,[],[],[],"Санкт-Петербург, Кушелевская дорога, 1к1",280168,более 5000,18163.0,"Магнит, Розничная сеть",Без опыта,Сменный график работы,Не имеет значения,59.986694,30.367647,https://spb.superjob.ru/vakansii/povar-51846808.html,104400.0
51852153,Ведущий конструктор по газотурбинным двигателям,114000,133000,rub,"['Строительство, проектирование, недвижимость', 'Промышленность, производство']","['Конструирование', 'Машиностроение, станкостроение', 'Нефтегазовое машиностроение', 'Промышленное оборудование', 'Робототехника']",Санкт-Петербург,['Площадь Мужества'],['Кировско-Выборгская'],['red'],"Санкт-Петербург, Политехническая улица, 13-15",2354775,1000 — 5000,1388.0,СПБ ОАО КРАСНЫЙ ОКТЯБРЬ,От 1 года,Полный рабочий день,Не имеет значения,59.996681,30.365957,https://spb.superjob.ru/vakansii/veduschij-konstruktor-po-gazoturbinnym-dvigatelyam-51852153.html,123500.0
48769039,Пекарь,75600,96800,rub,"['Туризм, гостиницы, общественное питание', 'Промышленность, производство', 'Продажи']","['Рестораны, кафе, столовые, фастфуд', 'Пищевая промышленность', 'Начало карьеры, мало опыта']",Санкт-Петербург,[],[],[],"Санкт-Петербург, Пулковское, 38",2635306,более 5000,49868.0,Пятёрочка,От 1 года,Частичная занятость / Совместительство,Не имеет значения,59.819916,30.32513,https://spb.superjob.ru/vakansii/pekar-48769039.html,86200.0
48776892,Пекарь,75200,96200,rub,"['Туризм, гостиницы, общественное питание', 'Промышленность, производство', 'Продажи']","['Рестораны, кафе, столовые, фастфуд', 'Пищевая промышленность', 'Начало карьеры, мало опыта']",Санкт-Петербург,[],[],[],"Санкт-Петербург, Кораблестроителей, 36/1",2635306,более 5000,49868.0,Пятёрочка,Не имеет значения,Полный рабочий день,Не имеет значения,59.955276,30.218573,https://spb.superjob.ru/vakansii/pekar-48776892.html,85700.0
48836672,Пекарь,75600,96800,rub,"['Туризм, гостиницы, общественное питание', 'Промышленность, производство']","['Рестораны, кафе, столовые, фастфуд', 'Пищевая промышленность']",Санкт-Петербург,[],[],[],"Санкт-Петербург, Щербакова, 11",2635306,более 5000,49868.0,Пятёрочка,Не имеет значения,Частичная занятость / Совместительство,Не имеет значения,60.02861,30.296412,https://spb.superjob.ru/vakansii/pekar-48836672.html,86200.0
49546775,Пекарь,75600,96800,rub,"['Туризм, гостиницы, общественное питание', 'Промышленность, производство', 'Продажи']","['Рестораны, кафе, столовые, фастфуд', 'Пищевая промышленность', 'Начало карьеры, мало опыта']",Санкт-Петербург,[],[],[],"Санкт-Петербург, Фарфоровская, 9",2635306,более 5000,49868.0,Пятёрочка,От 1 года,Частичная занятость / Совместительство,Не имеет значения,59.880276,30.428446,https://spb.superjob.ru/vakansii/pekar-49546775.html,86200.0
50550131,Пекарь,75600,96800,rub,"['Туризм, гостиницы, общественное питание', 'Промышленность, производство', 'Продажи']","['Рестораны, кафе, столовые, фастфуд', 'Пищевая промышленность', 'Начало карьеры, мало опыта']",Санкт-Петербург,[],[],[],"Санкт-Петербург, Ветеранов, 151",2635306,более 5000,49868.0,Пятёрочка,От 1 года,Частичная занятость / Совместительство,Не имеет значения,59.835857,30.132477,https://spb.superjob.ru/vakansii/pekar-50550131.html,86200.0
50918767,"Пекарь (Санкт-Петербург, Художников, 45)",75600,96800,rub,"['Туризм, гостиницы, общественное питание', 'Искусство, культура, развлечения', 'Промышленность, производство']","['Рестораны, кафе, столовые, фастфуд', 'Живопись, графика, скульптура', 'Пищевая промышленность']",Санкт-Петербург,[],[],[],,2635306,более 5000,49868.0,Пятёрочка,Не имеет значения,Частичная занятость / Совместительство,Не имеет значения,,,https://spb.superjob.ru/vakansii/pekar-50918767.html,86200.0
51743612,"Пекарь (Санкт-Петербург, Орджоникидзе, 52)",75600,96800,rub,"['Туризм, гостиницы, общественное питание', 'Промышленность, производство']","['Рестораны, кафе, столовые, фастфуд', 'Пищевая промышленность']",Санкт-Петербург,[],[],[],,2635306,более 5000,49868.0,Пятёрочка,Не имеет значения,Частичная занятость / Совместительство,Не имеет значения,,,https://spb.superjob.ru/vakansii/pekar-51743612.html,86200.0
51755472,"Пекарь (Санкт-Петербург, Среднегаванский, 9)",83200,106400,rub,"['Туризм, гостиницы, общественное питание', 'Промышленность, производство']","['Рестораны, кафе, столовые, фастфуд', 'Пищевая промышленность']",Санкт-Петербург,[],[],[],,2635306,более 5000,49868.0,Пятёрочка,Не имеет значения,Частичная занятость / Совместительство,Не имеет значения,,,https://spb.superjob.ru/vakansii/pekar-51755472.html,94800.0
51755665,Администратор магазина,84400,101200,rub,"['Промышленность, производство']","['Нефтегазовое машиностроение', 'Пищевая промышленность']",Санкт-Петербург,[],[],[],"Санкт-Петербург, Костюшко, 68",2635306,более 5000,49868.0,Пятёрочка,От 1 года,Полный рабочий день,Не имеет значения,59.844959,30.309345,https://spb.superjob.ru/vakansii/administrator-magazina-51755665.html,92800.0
51759214,"Пекарь (Санкт-Петербург, Испытателей, 33)",75600,96800,rub,"['Туризм, гостиницы, общественное питание', 'Промышленность, производство']","['Рестораны, кафе, столовые, фастфуд', 'Пищевая промышленность']",Санкт-Петербург,[],[],[],,2635306,более 5000,49868.0,Пятёрочка,Не имеет значения,Частичная занятость / Совместительство,Не имеет значения,,,https://spb.superjob.ru/vakansii/pekar-51759214.html,86200.0
51764287,"Пекарь (Санкт-Петербург, 2-й Рабфаковский, 22)",75600,96800,rub,"['Туризм, гостиницы, общественное питание', 'Промышленность, производство']","['Рестораны, кафе, столовые, фастфуд', 'Пищевая промышленность']",Санкт-Петербург,[],[],[],,2635306,более 5000,49868.0,Пятёрочка,Не имеет значения,Частичная занятость / Совместительство,Не имеет значения,,,https://spb.superjob.ru/vakansii/pekar-51764287.html,86200.0
51781243,Пекарь,60000,75000,rub,"['Туризм, гостиницы, общественное питание', 'Промышленность, производство']","['Рестораны, кафе, столовые, фастфуд', 'Пищевая промышленность']",Санкт-Петербург,[],[],[],"Санкт-Петербург, Большой В.О., 68",4311,более 5000,3349.0,Перекресток,Без опыта,Полный рабочий день,Среднее специальное,59.932022,30.260191,https://spb.superjob.ru/vakansii/pekar-51781243.html,67500.0
51793224,"Пекарь (Санкт-Петербург, Ударников, 27)",75600,96800,rub,"['Туризм, гостиницы, общественное питание', 'Промышленность, производство']","['Рестораны, кафе, столовые, фастфуд', 'Пищевая промышленность']",Санкт-Петербург,[],[],[],,2635306,более 5000,49868.0,Пятёрочка,Не имеет значения,Частичная занятость / Совместительство,Не имеет значения,,,https://spb.superjob.ru/vakansii/pekar-51793224.html,86200.0
51793329,"Пекарь (Санкт-Петербург, Стародеревенская, 25)",75600,96800,rub,"['Туризм, гостиницы, общественное питание', 'Промышленность, производство']","['Рестораны, кафе, столовые, фастфуд', 'Пищевая промышленность']",Санкт-Петербург,[],[],[],,2635306,более 5000,49868.0,Пятёрочка,Не имеет значения,Частичная занятость / Совместительство,Не имеет значения,,,https://spb.superjob.ru/vakansii/pekar-51793329.html,86200.0
51793427,"Пекарь (Санкт-Петербург, Оптиков, 37)",75600,96800,rub,"['Медицина, фармацевтика, ветеринария', 'Туризм, гостиницы, общественное питание', 'Промышленность, производство']","['Медицинское оборудование', 'Товары медицинского назначения', 'Рестораны, кафе, столовые, фастфуд', 'Пищевая промышленность']",Санкт-Петербург,[],[],[],,2635306,более 5000,49868.0,Пятёрочка,Не имеет значения,Частичная занятость / Совместительство,Не имеет значения,,,https://spb.superjob.ru/vakansii/pekar-51793427.html,86200.0
51793456,"Пекарь (Санкт-Петербург, Белоостровская, 35)",75600,96800,rub,"['Туризм, гостиницы, общественное питание', 'Промышленность, производство']","['Рестораны, кафе, столовые, фастфуд', 'Пищевая промышленность']",Санкт-Петербург,[],[],[],,2635306,более 5000,49868.0,Пятёрочка,Не имеет значения,Частичная занятость / Совместительство,Не имеет значения,,,https://spb.superjob.ru/vakansii/pekar-51793456.html,86200.0
51796698,"Пекарь (Санкт-Петербург, Наличная, 44)",83200,106400,rub,"['Туризм, гостиницы, общественное питание', 'Промышленность, производство']","['Рестораны, кафе, столовые, фастфуд', 'Пищевая промышленность']",Санкт-Петербург,[],[],[],,2635306,более 5000,49868.0,Пятёрочка,Не имеет значения,Частичная занятость / Совместительство,Не имеет значения,,,https://spb.superjob.ru/vakansii/pekar-51796698.html,94800.0
51796770,"Пекарь (Санкт-Петербург, Курская, 28/32)",83200,106400,rub,"['Туризм, гостиницы, общественное питание', 'Промышленность, производство']","['Рестораны, кафе, столовые, фастфуд', 'Пищевая промышленность']",Санкт-Петербург,[],[],[],,2635306,более 5000,49868.0,Пятёрочка,Не имеет значения,Частичная занятость / Совместительство,Не имеет значения,,,https://spb.superjob.ru/vakansii/pekar-51796770.html,94800.0
51796890,"Пекарь (Санкт-Петербург, Сапёрный, 16/36)",75200,96200,rub,"['Туризм, гостиницы, общественное питание', 'Промышленность, производство']","['Рестораны, кафе, столовые, фастфуд', 'Пищевая промышленность']",Санкт-Петербург,[],[],[],,2635306,более 5000,49868.0,Пятёрочка,Не имеет значения,Частичная занятость / Совместительство,Не имеет значения,,,https://spb.superjob.ru/vakansii/pekar-51796890.html,85700.0
51841611,Пекарь,72000,76000,rub,"['Туризм, гостиницы, общественное питание', 'Промышленность, производство']","['Рестораны, кафе, столовые, фастфуд', 'Пищевая промышленность']",Санкт-Петербург,[],[],[],"Санкт-Петербург, Комендантский, 33",4311,более 5000,3349.0,Перекресток,Без опыта,Полный рабочий день,Среднее специальное,60.021576,30.243877,https://spb.superjob.ru/vakansii/pekar-51841611.html,74000.0
51807901,"Пекарь (Санкт-Петербург, Витебский, 41)",75600,96800,rub,"['Туризм, гостиницы, общественное питание', 'Промышленность, производство']","['Рестораны, кафе, столовые, фастфуд', 'Пищевая промышленность']",Санкт-Петербург,[],[],[],,2635306,более 5000,49868.0,Пятёрочка,Не имеет значения,Частичная занятость / Совместительство,Не имеет значения,,,https://spb.superjob.ru/vakansii/pekar-51807901.html,86200.0
51823357,"Пекарь (Санкт-Петербург, Новоизмайловский, 3)",83200,106400,rub,"['Туризм, гостиницы, общественное питание', 'Промышленность, производство']","['Рестораны, кафе, столовые, фастфуд', 'Пищевая промышленность']",Санкт-Петербург,[],[],[],,2635306,более 5000,49868.0,Пятёрочка,Не имеет значения,Частичная занятость / Совместительство,Не имеет значения,,,https://spb.superjob.ru/vakansii/pekar-51823357.html,94800.0
51823458,"Пекарь (Санкт-Петербург, Тимуровская, 8)",75600,96800,rub,"['Туризм, гостиницы, общественное питание', 'Промышленность, производство']","['Рестораны, кафе, столовые, фастфуд', 'Пищевая промышленность']",Санкт-Петербург,[],[],[],,2635306,более 5000,49868.0,Пятёрочка,Не имеет значения,Частичная занятость / Совместительство,Не имеет значения,,,https://spb.superjob.ru/vakansii/pekar-51823458.html,86200.0
51828613,"Пекарь (Санкт-Петербург, Шаврова, 5)",75600,96800,rub,"['Туризм, гостиницы, общественное питание', 'Промышленность, производство']","['Рестораны, кафе, столовые, фастфуд', 'Пищевая промышленность']",Санкт-Петербург,[],[],[],,2635306,более 5000,49868.0,Пятёрочка,Не имеет значения,Частичная занятость / Совместительство,Не имеет значения,,,https://spb.superjob.ru/vakansii/pekar-51828613.html,86200.0
51828683,"Пекарь (Санкт-Петербург, Бухарестская, 23)",75600,96800,rub,"['Туризм, гостиницы, общественное питание', 'Промышленность, производство']","['Рестораны, кафе, столовые, фастфуд', 'Пищевая промышленность']",Санкт-Петербург,[],[],[],,2635306,более 5000,49868.0,Пятёрочка,Не имеет значения,Частичная занятость / Совместительство,Не имеет значения,,,https://spb.superjob.ru/vakansii/pekar-51828683.html,86200.0
51835828,"Пекарь (Санкт-Петербург, Димитрова, 39)",75600,96800,rub,"['Туризм, гостиницы, общественное питание', 'Промышленность, производство']","['Рестораны, кафе, столовые, фастфуд', 'Пищевая промышленность']",Санкт-Петербург,[],[],[],,2635306,более 5000,49868.0,Пятёрочка,Не имеет значения,Частичная занятость / Совместительство,Не имеет значения,,,https://spb.superjob.ru/vakansii/pekar-51835828.html,86200.0
51840071,"Пекарь (Санкт-Петербург, Ленинский, 122)",75600,96800,rub,"['Туризм, гостиницы, общественное питание', 'Промышленность, производство']","['Рестораны, кафе, столовые, фастфуд', 'Пищевая промышленность']",Санкт-Петербург,[],[],[],,2635306,более 5000,49868.0,Пятёрочка,Не имеет значения,Частичная занятость / Совместительство,Не имеет значения,,,https://spb.superjob.ru/vakansii/pekar-51840071.html,86200.0
51840098,"Пекарь (Санкт-Петербург, Замшина, 28)",75600,96800,rub,"['Туризм, гостиницы, общественное питание', 'Промышленность, производство']","['Рестораны, кафе, столовые, фастфуд', 'Пищевая промышленность']",Санкт-Петербург,[],[],[],,2635306,более 5000,49868.0,Пятёрочка,Не имеет значения,Частичная занятость / Совместительство,Не имеет значения,,,https://spb.superjob.ru/vakansii/pekar-51840098.html,86200.0
51846215,"Пекарь (Санкт-Петербург, Народная, 98)",75600,96800,rub,"['Туризм, гостиницы, общественное питание', 'Промышленность, производство']","['Рестораны, кафе, столовые, фастфуд', 'Пищевая промышленность']",Санкт-Петербург,[],[],[],,2635306,более 5000,49868.0,Пятёрочка,Не имеет значения,Частичная занятость / Совместительство,Не имеет значения,,,https://spb.superjob.ru/vakansii/pekar-51846215.html,86200.0
51851339,"Пекарь (Санкт-Петербург, 11-я В. О., 38)",83200,106400,rub,"['Туризм, гостиницы, общественное питание', 'Промышленность, производство']","['Рестораны, кафе, столовые, фастфуд', 'Пищевая промышленность']",Санкт-Петербург,[],[],[],,2635306,более 5000,49868.0,Пятёрочка,Не имеет значения,Частичная занятость / Совместительство,Не имеет значения,,,https://spb.superjob.ru/vakansii/pekar-51851339.html,94800.0
51851358,"Пекарь (Санкт-Петербург, Стачек, 105)",75600,96800,rub,"['Туризм, гостиницы, общественное питание', 'Промышленность, производство']","['Рестораны, кафе, столовые, фастфуд', 'Пищевая промышленность']",Санкт-Петербург,[],[],[],,2635306,более 5000,49868.0,Пятёрочка,Не имеет значения,Частичная занятость / Совместительство,Не имеет значения,,,https://spb.superjob.ru/vakansii/pekar-51851358.html,86200.0
51851411,"Пекарь (Санкт-Петербург, Крыленко, 1)",75600,96800,rub,"['Туризм, гостиницы, общественное питание', 'Промышленность, производство']","['Рестораны, кафе, столовые, фастфуд', 'Пищевая промышленность']",Санкт-Петербург,[],[],[],,2635306,более 5000,49868.0,Пятёрочка,Не имеет значения,Частичная занятость / Совместительство,Не имеет значения,,,https://spb.superjob.ru/vakansii/pekar-51851411.html,86200.0
51851459,"Пекарь (Санкт-Петербург, Ленинский, 156)",75600,96800,rub,"['Туризм, гостиницы, общественное питание', 'Промышленность, производство']","['Рестораны, кафе, столовые, фастфуд', 'Пищевая промышленность']",Санкт-Петербург,[],[],[],,2635306,более 5000,49868.0,Пятёрочка,Не имеет значения,Частичная занятость / Совместительство,Не имеет значения,,,https://spb.superjob.ru/vakansii/pekar-51851459.html,86200.0
51851556,"Пекарь (Санкт-Петербург, Софьи Ковалевской, 3)",75600,96800,rub,"['Туризм, гостиницы, общественное питание', 'Промышленность, производство']","['Рестораны, кафе, столовые, фастфуд', 'Пищевая промышленность']",Санкт-Петербург,[],[],[],,2635306,более 5000,49868.0,Пятёрочка,Не имеет значения,Частичная занятость / Совместительство,Не имеет значения,,,https://spb.superjob.ru/vakansii/pekar-51851556.html,86200.0
51854994,"Пекарь (Санкт-Петербург, Нахимова, 11)",83200,106400,rub,"['Туризм, гостиницы, общественное питание', 'Промышленность, производство']","['Рестораны, кафе, столовые, фастфуд', 'Пищевая промышленность']",Санкт-Петербург,[],[],[],,2635306,более 5000,49868.0,Пятёрочка,Не имеет значения,Частичная занятость / Совместительство,Не имеет значения,,,https://spb.superjob.ru/vakansii/pekar-51854994.html,94800.0
51866289,"Пекарь (Санкт-Петербург, Науки, 2)",75600,96800,rub,"['Туризм, гостиницы, общественное питание', 'Промышленность, производство']","['Рестораны, кафе, столовые, фастфуд', 'Пищевая промышленность']",Санкт-Петербург,[],[],[],,2635306,более 5000,49868.0,Пятёрочка,Не имеет значения,Частичная занятость / Совместительство,Не имеет значения,,,https://spb.superjob.ru/vakansii/pekar-51866289.html,86200.0
51866375,"Пекарь (Санкт-Петербург, Муринская, 65)",75600,96800,rub,"['Туризм, гостиницы, общественное питание', 'Промышленность, производство']","['Рестораны, кафе, столовые, фастфуд', 'Пищевая промышленность']",Санкт-Петербург,[],[],[],,2635306,более 5000,49868.0,Пятёрочка,Не имеет значения,Частичная занятость / Совместительство,Не имеет значения,,,https://spb.superjob.ru/vakansii/pekar-51866375.html,86200.0
51800052,Продавец в зону готовой еды,63200,89300,rub,"['Промышленность, производство']",['Пищевая промышленность'],Санкт-Петербург,[],[],[],"Санкт-Петербург, улица Олеко Дундича, 36к1",280168,более 5000,18163.0,"Магнит, Розничная сеть",Не имеет значения,Сменный график работы,Не имеет значения,59.834473,30.422724,https://spb.superjob.ru/vakansii/prodavec-v-zonu-gotovoj-edy-51800052.html,76250.0
49218484,Пекарь,75600,96800,rub,"['Туризм, гостиницы, общественное питание', 'Промышленность, производство', 'Продажи']","['Рестораны, кафе, столовые, фастфуд', 'Пищевая промышленность', 'Начало карьеры, мало опыта']",Санкт-Петербург,[],[],[],"Санкт-Петербург, Большевиков, 83",2635306,более 5000,49868.0,Пятёрочка,Не имеет значения,Частичная занятость / Совместительство,Не имеет значения,59.872055,30.477205,https://spb.superjob.ru/vakansii/pekar-49218484.html,86200.0
50111287,Пекарь,68300,87400,rub,"['Туризм, гостиницы, общественное питание', 'Промышленность, производство', 'Продажи']","['Рестораны, кафе, столовые, фастфуд', 'Пищевая промышленность', 'Начало карьеры, мало опыта']",Санкт-Петербург,[],[],[],"Санкт-Петербург, Московское, 8",2635306,более 5000,49868.0,Пятёрочка,Без опыта,Полный рабочий день,Не имеет значения,59.839527,30.330206,https://spb.superjob.ru/vakansii/pekar-50111287.html,77850.0
50111302,Пекарь,75600,96800,rub,"['Туризм, гостиницы, общественное питание', 'Промышленность, производство', 'Продажи']","['Рестораны, кафе, столовые, фастфуд', 'Пищевая промышленность', 'Начало карьеры, мало опыта']",Санкт-Петербург,[],[],[],"Санкт-Петербург, Ветеранов, 53/56",2635306,более 5000,49868.0,Пятёрочка,От 1 года,Частичная занятость / Совместительство,Не имеет значения,59.840824,30.23856,https://spb.superjob.ru/vakansii/pekar-50111302.html,86200.0
50740591,Пекарь,83200,106400,rub,"['Туризм, гостиницы, общественное питание', 'Промышленность, производство', 'Продажи']","['Рестораны, кафе, столовые, фастфуд', 'Пищевая промышленность', 'Начало карьеры, мало опыта']",Санкт-Петербург,[],[],[],"Санкт-Петербург, Лиговский, 107",2635306,более 5000,49868.0,Пятёрочка,От 1 года,Частичная занятость / Совместительство,Не имеет значения,59.920532,30.353481,https://spb.superjob.ru/vakansii/pekar-50740591.html,94800.0
50746434,Пекарь,75600,96800,rub,"['Туризм, гостиницы, общественное питание', 'Промышленность, производство']","['Рестораны, кафе, столовые, фастфуд', 'Пищевая промышленность']",Санкт-Петербург,[],[],[],"Санкт-Петербург, Репино, Приморское, 443",2635306,более 5000,49868.0,Пятёрочка,Не имеет значения,Частичная занятость / Совместительство,Не имеет значения,60.164547,29.858437,https://spb.superjob.ru/vakansii/pekar-50746434.html,86200.0
50747610,Продавец-кассир,75600,96800,rub,"['Промышленность, производство']",['Стекольная и фарфоро-фаянсовая промышленность'],Санкт-Петербург,[],[],[],"Санкт-Петербург, Измайловский, 4",2635306,более 5000,49868.0,Пятёрочка,Не имеет значения,Частичная занятость / Совместительство,Не имеет значения,59.915585,30.30834,https://spb.superjob.ru/vakansii/prodavec-kassir-50747610.html,86200.0
50752595,Пекарь,75600,96800,rub,"['Туризм, гостиницы, общественное питание', 'Промышленность, производство', 'Продажи']","['Рестораны, кафе, столовые, фастфуд', 'Пищевая промышленность', 'Начало карьеры, мало опыта']",Санкт-Петербург,[],[],[],"Санкт-Петербург, Дыбенко, 14",2635306,более 5000,49868.0,Пятёрочка,От 1 года,Частичная занятость / Совместительство,Не имеет значения,59.903267,30.465429,https://spb.superjob.ru/vakansii/pekar-50752595.html,86200.0
50879378,"Пекарь (Санкт-Петербург, Героев, 18)",75600,96800,rub,"['Туризм, гостиницы, общественное питание', 'Промышленность, производство']","['Рестораны, кафе, столовые, фастфуд', 'Пищевая промышленность']",Санкт-Петербург,[],[],[],,2635306,более 5000,49868.0,Пятёрочка,Не имеет значения,Частичная занятость / Совместительство,Не имеет значения,,,https://spb.superjob.ru/vakansii/pekar-50879378.html,86200.0
50922247,"Пекарь (Санкт-Петербург, Ленинский, 82)",75600,96800,rub,"['Туризм, гостиницы, общественное питание', 'Промышленность, производство']","['Рестораны, кафе, столовые, фастфуд', 'Пищевая промышленность']",Санкт-Петербург,[],[],[],,2635306,более 5000,49868.0,Пятёрочка,Не имеет значения,Частичная занятость / Совместительство,Не имеет значения,,,https://spb.superjob.ru/vakansii/pekar-50922247.html,86200.0
50941320,"Пекарь (Санкт-Петербург, Сытнинская, 4)",83200,106400,rub,"['Туризм, гостиницы, общественное питание', 'Промышленность, производство']","['Рестораны, кафе, столовые, фастфуд', 'Пищевая промышленность']",Санкт-Петербург,[],[],[],,2635306,более 5000,49868.0,Пятёрочка,Не имеет значения,Частичная занятость / Совместительство,Не имеет значения,,,https://spb.superjob.ru/vakansii/pekar-50941320.html,94800.0
50985712,"Пекарь (Санкт-Петербург, Науки, 28)",75600,96800,rub,"['Туризм, гостиницы, общественное питание', 'Промышленность, производство']","['Рестораны, кафе, столовые, фастфуд', 'Пищевая промышленность']",Санкт-Петербург,[],[],[],,2635306,более 5000,49868.0,Пятёрочка,Не имеет значения,Частичная занятость / Совместительство,Не имеет значения,,,https://spb.superjob.ru/vakansii/pekar-50985712.html,86200.0
50993004,"Пекарь (Санкт-Петербург, Энгельса, 27)",75600,96800,rub,"['Туризм, гостиницы, общественное питание', 'Промышленность, производство']","['Рестораны, кафе, столовые, фастфуд', 'Пищевая промышленность']",Санкт-Петербург,[],[],[],,2635306,более 5000,49868.0,Пятёрочка,Не имеет значения,Частичная занятость / Совместительство,Не имеет значения,,,https://spb.superjob.ru/vakansii/pekar-50993004.html,86200.0
51001628,"Пекарь (Санкт-Петербург, Благодатная, 50)",83200,106400,rub,"['Туризм, гостиницы, общественное питание', 'Промышленность, производство']","['Рестораны, кафе, столовые, фастфуд', 'Пищевая промышленность']",Санкт-Петербург,[],[],[],,2635306,более 5000,49868.0,Пятёрочка,Не имеет значения,Частичная занятость / Совместительство,Не имеет значения,,,https://spb.superjob.ru/vakansii/pekar-51001628.html,94800.0
51082633,"Пекарь (Санкт-Петербург, Грибалёвой, 7)",75200,96200,rub,"['Туризм, гостиницы, общественное питание', 'Промышленность, производство']","['Рестораны, кафе, столовые, фастфуд', 'Пищевая промышленность']",Санкт-Петербург,[],[],[],,2635306,более 5000,49868.0,Пятёрочка,Не имеет значения,Частичная занятость / Совместительство,Не имеет значения,,,https://spb.superjob.ru/vakansii/pekar-51082633.html,85700.0
51220819,"Пекарь (Санкт-Петербург, Среднерогатская, 13)",75600,96800,rub,"['Туризм, гостиницы, общественное питание', 'Промышленность, производство']","['Рестораны, кафе, столовые, фастфуд', 'Пищевая промышленность']",Санкт-Петербург,[],[],[],,2635306,более 5000,49868.0,Пятёрочка,Не имеет значения,Частичная занятость / Совместительство,Не имеет значения,,,https://spb.superjob.ru/vakansii/pekar-51220819.html,86200.0
51652182,"Пекарь (Санкт-Петербург, Дыбенко, 8)",68300,96200,rub,"['Туризм, гостиницы, общественное питание', 'Промышленность, производство']","['Рестораны, кафе, столовые, фастфуд', 'Пищевая промышленность']",Санкт-Петербург,[],[],[],,2635306,более 5000,49868.0,Пятёрочка,Не имеет значения,Частичная занятость / Совместительство,Не имеет значения,,,https://spb.superjob.ru/vakansii/pekar-51652182.html,82250.0
51727938,"Пекарь (Санкт-Петербург, Парашютная, 32)",75600,96800,rub,"['Туризм, гостиницы, общественное питание', 'Промышленность, производство']","['Рестораны, кафе, столовые, фастфуд', 'Пищевая промышленность']",Санкт-Петербург,[],[],[],,2635306,более 5000,49868.0,Пятёрочка,Не имеет значения,Частичная занятость / Совместительство,Не имеет значения,,,https://spb.superjob.ru/vakansii/pekar-51727938.html,86200.0
51745926,"Пекарь (Санкт-Петербург, Взлётная, 7)",75600,96800,rub,"['Туризм, гостиницы, общественное питание', 'Промышленность, производство']","['Рестораны, кафе, столовые, фастфуд', 'Пищевая промышленность']",Санкт-Петербург,[],[],[],,2635306,более 5000,49868.0,Пятёрочка,Не имеет значения,Частичная занятость / Совместительство,Не имеет значения,,,https://spb.superjob.ru/vakansii/pekar-51745926.html,86200.0
51751005,"Пекарь (Санкт-Петербург, Стачек, 59)",75600,96800,rub,"['Туризм, гостиницы, общественное питание', 'Промышленность, производство']","['Рестораны, кафе, столовые, фастфуд', 'Пищевая промышленность']",Санкт-Петербург,[],[],[],,2635306,более 5000,49868.0,Пятёрочка,Не имеет значения,Частичная занятость / Совместительство,Не имеет значения,,,https://spb.superjob.ru/vakansii/pekar-51751005.html,86200.0
51751006,"Пекарь (Санкт-Петербург, Кораблестроителей, 30)",83200,106400,rub,"['Туризм, гостиницы, общественное питание', 'Промышленность, производство']","['Рестораны, кафе, столовые, фастфуд', 'Пищевая промышленность']",Санкт-Петербург,[],[],[],,2635306,более 5000,49868.0,Пятёрочка,Не имеет значения,Частичная занятость / Совместительство,Не имеет значения,,,https://spb.superjob.ru/vakansii/pekar-51751006.html,94800.0
51763077,"Пекарь (Санкт-Петербург, Ворошилова, 3)",75600,96800,rub,"['Туризм, гостиницы, общественное питание', 'Промышленность, производство']","['Рестораны, кафе, столовые, фастфуд', 'Пищевая промышленность']",Санкт-Петербург,[],[],[],,2635306,более 5000,49868.0,Пятёрочка,Не имеет значения,Частичная занятость / Совместительство,Не имеет значения,,,https://spb.superjob.ru/vakansii/pekar-51763077.html,86200.0
51795747,"Пекарь (Санкт-Петербург, Непокорённых, 6)",75600,96800,rub,"['Туризм, гостиницы, общественное питание', 'Промышленность, производство']","['Рестораны, кафе, столовые, фастфуд', 'Пищевая промышленность']",Санкт-Петербург,[],[],[],,2635306,более 5000,49868.0,Пятёрочка,Не имеет значения,Частичная занятость / Совместительство,Не имеет значения,,,https://spb.superjob.ru/vakansii/pekar-51795747.html,86200.0
51796168,"Пекарь (Санкт-Петербург, Науки, 44)",68300,87400,rub,"['Туризм, гостиницы, общественное питание', 'Промышленность, производство']","['Рестораны, кафе, столовые, фастфуд', 'Пищевая промышленность']",Санкт-Петербург,[],[],[],,2635306,более 5000,49868.0,Пятёрочка,Не имеет значения,Частичная занятость / Совместительство,Не имеет значения,,,https://spb.superjob.ru/vakansii/pekar-51796168.html,77850.0
51807686,"Пекарь (Санкт-Петербург, Марата, 46)",83200,106400,rub,"['Туризм, гостиницы, общественное питание', 'Промышленность, производство']","['Рестораны, кафе, столовые, фастфуд', 'Пищевая промышленность']",Санкт-Петербург,[],[],[],,2635306,более 5000,49868.0,Пятёрочка,Не имеет значения,Частичная занятость / Совместительство,Не имеет значения,,,https://spb.superjob.ru/vakansii/pekar-51807686.html,94800.0
51807893,"Пекарь (Санкт-Петербург, Юрия Гагарина, 42)",75600,96800,rub,"['Туризм, гостиницы, общественное питание', 'Промышленность, производство']","['Рестораны, кафе, столовые, фастфуд', 'Пищевая промышленность']",Санкт-Петербург,[],[],[],,2635306,более 5000,49868.0,Пятёрочка,Не имеет значения,Частичная занятость / Совместительство,Не имеет значения,,,https://spb.superjob.ru/vakansii/pekar-51807893.html,86200.0
51820279,"Пекарь (Санкт-Петербург, Пулковское (поселок Шушары), Образцовая, 2)",83200,106400,rub,"['Туризм, гостиницы, общественное питание', 'Промышленность, производство']","['Рестораны, кафе, столовые, фастфуд', 'Пищевая промышленность']",Санкт-Петербург,[],[],[],,2635306,более 5000,49868.0,Пятёрочка,Не имеет значения,Частичная занятость / Совместительство,Не имеет значения,,,https://spb.superjob.ru/vakansii/pekar-51820279.html,94800.0
51820428,"Пекарь (Санкт-Петербург, Новоизмайловский, 28)",75600,96800,rub,"['Туризм, гостиницы, общественное питание', 'Промышленность, производство']","['Рестораны, кафе, столовые, фастфуд', 'Пищевая промышленность']",Санкт-Петербург,[],[],[],,2635306,более 5000,49868.0,Пятёрочка,Не имеет значения,Частичная занятость / Совместительство,Не имеет значения,,,https://spb.superjob.ru/vakansii/pekar-51820428.html,86200.0
51820471,"Пекарь (Санкт-Петербург, Пограничника Гарькавого, 33)",75600,96800,rub,"['Туризм, гостиницы, общественное питание', 'Промышленность, производство']","['Рестораны, кафе, столовые, фастфуд', 'Пищевая промышленность']",Санкт-Петербург,[],[],[],,2635306,более 5000,49868.0,Пятёрочка,Не имеет значения,Частичная занятость / Совместительство,Не имеет значения,,,https://spb.superjob.ru/vakansii/pekar-51820471.html,86200.0
51821617,"Пекарь (Санкт-Петербург, Поликарпова, 1)",75600,96800,rub,"['Туризм, гостиницы, общественное питание', 'Промышленность, производство']","['Рестораны, кафе, столовые, фастфуд', 'Пищевая промышленность']",Санкт-Петербург,[],[],[],,2635306,более 5000,49868.0,Пятёрочка,Не имеет значения,Частичная занятость / Совместительство,Не имеет значения,,,https://spb.superjob.ru/vakansii/pekar-51821617.html,86200.0
51821634,"Пекарь (Санкт-Петербург, Оптиков, 47)",75600,96800,rub,"['Промышленность, производство']",['Пищевая промышленность'],Санкт-Петербург,[],[],[],,2635306,более 5000,49868.0,Пятёрочка,Не имеет значения,Частичная занятость / Совместительство,Не имеет значения,,,https://spb.superjob.ru/vakansii/pekar-51821634.html,86200.0
51823040,"Пекарь (Санкт-Петербург, Малая Каштановая, 8)",75600,96800,rub,"['Туризм, гостиницы, общественное питание', 'Промышленность, производство']","['Рестораны, кафе, столовые, фастфуд', 'Пищевая промышленность']",Санкт-Петербург,[],[],[],,2635306,более 5000,49868.0,Пятёрочка,Не имеет значения,Частичная занятость / Совместительство,Не имеет значения,,,https://spb.superjob.ru/vakansii/pekar-51823040.html,86200.0
51823065,"Пекарь (Санкт-Петербург, Просвещения, 30)",75600,96800,rub,"['Туризм, гостиницы, общественное питание', 'Промышленность, производство']","['Рестораны, кафе, столовые, фастфуд', 'Пищевая промышленность']",Санкт-Петербург,[],[],[],,2635306,более 5000,49868.0,Пятёрочка,Не имеет значения,Частичная занятость / Совместительство,Не имеет значения,,,https://spb.superjob.ru/vakansii/pekar-51823065.html,86200.0
51823145,Пекарь,75600,96800,rub,"['Туризм, гостиницы, общественное питание', 'Промышленность, производство', 'Продажи']","['Рестораны, кафе, столовые, фастфуд', 'Пищевая промышленность', 'Начало карьеры, мало опыта']",Санкт-Петербург,[],[],[],"Санкт-Петербург, Краснопутиловская, 66",2635306,более 5000,49868.0,Пятёрочка,От 1 года,Частичная занятость / Совместительство,Не имеет значения,59.856167,30.298637,https://spb.superjob.ru/vakansii/pekar-51823145.html,86200.0
51841057,"Пекарь (Санкт-Петербург, Косыгина, 31)",75600,96800,rub,"['Туризм, гостиницы, общественное питание', 'Промышленность, производство']","['Рестораны, кафе, столовые, фастфуд', 'Пищевая промышленность']",Санкт-Петербург,[],[],[],,2635306,более 5000,49868.0,Пятёрочка,Не имеет значения,Частичная занятость / Совместительство,Не имеет значения,,,https://spb.superjob.ru/vakansii/pekar-51841057.html,86200.0
51841308,"Пекарь (Санкт-Петербург, Пискарёвский, 147)",75600,96800,rub,"['Туризм, гостиницы, общественное питание', 'Промышленность, производство']","['Рестораны, кафе, столовые, фастфуд', 'Пищевая промышленность']",Санкт-Петербург,[],[],[],,2635306,более 5000,49868.0,Пятёрочка,Не имеет значения,Частичная занятость / Совместительство,Не имеет значения,,,https://spb.superjob.ru/vakansii/pekar-51841308.html,86200.0
51844503,"Пекарь (Санкт-Петербург, Художников, 24)",68300,87400,rub,"['Туризм, гостиницы, общественное питание', 'Искусство, культура, развлечения', 'Промышленность, производство']","['Рестораны, кафе, столовые, фастфуд', 'Живопись, графика, скульптура', 'Пищевая промышленность']",Санкт-Петербург,[],[],[],,2635306,более 5000,49868.0,Пятёрочка,Не имеет значения,Частичная занятость / Совместительство,Не имеет значения,,,https://spb.superjob.ru/vakansii/pekar-51844503.html,77850.0
51866099,"Пекарь (Санкт-Петербург, Рихарда Зорге, 20)",75600,96800,rub,"['Туризм, гостиницы, общественное питание', 'Промышленность, производство']","['Рестораны, кафе, столовые, фастфуд', 'Пищевая промышленность']",Санкт-Петербург,[],[],[],,2635306,более 5000,49868.0,Пятёрочка,Не имеет значения,Частичная занятость / Совместительство,Не имеет значения,,,https://spb.superjob.ru/vakansii/pekar-51866099.html,86200.0
51866128,"Пекарь (Санкт-Петербург, Купчинская, 1/5)",75600,96800,rub,"['Туризм, гостиницы, общественное питание', 'Промышленность, производство']","['Рестораны, кафе, столовые, фастфуд', 'Пищевая промышленность']",Санкт-Петербург,[],[],[],,2635306,более 5000,49868.0,Пятёрочка,Не имеет значения,Частичная занятость / Совместительство,Не имеет значения,,,https://spb.superjob.ru/vakansii/pekar-51866128.html,86200.0
51788010,Продавец в зону готовой еды,63200,90500,rub,"['Промышленность, производство']",['Пищевая промышленность'],Санкт-Петербург,[],[],[],"Санкт-Петербург, Заневский, 35",280168,более 5000,18163.0,"Магнит, Розничная сеть",Не имеет значения,Сменный график работы,Не имеет значения,59.92971,30.420118,https://spb.superjob.ru/vakansii/prodavec-v-zonu-gotovoj-edy-51788010.html,76850.0
48127992,Инженер по релейной защите и автоматике электротехнической лаборатории,109000,118000,rub,"['Промышленность, производство']",['Энергетика'],Санкт-Петербург,[],[],[],"Санкт-Петербург, улица Доблести, 1",397825,100 — 500,12.0,Юго-Западная ТЭЦ,От 1 года,Полный рабочий день,Высшее,59.869804,30.185999,https://spb.superjob.ru/vakansii/inzhener-po-relejnoj-zaschite-i-avtomatike-elektrotehnicheskoj-laboratorii-48127992.html,113500.0
48286813,Пекарь,83200,106400,rub,"['Туризм, гостиницы, общественное питание', 'Промышленность, производство', 'Продажи']","['Рестораны, кафе, столовые, фастфуд', 'Пищевая промышленность', 'Начало карьеры, мало опыта']",Санкт-Петербург,[],[],[],"Санкт-Петербург, Достоевского, 30/23",2635306,более 5000,49868.0,Пятёрочка,От 1 года,Частичная занятость / Совместительство,Не имеет значения,59.92355,30.347839,https://spb.superjob.ru/vakansii/pekar-48286813.html,94800.0
48779292,"Пекарь (Санкт-Петербург, Богатырский, 41)",75600,96800,rub,"['Туризм, гостиницы, общественное питание', 'Промышленность, производство', 'Продажи']","['Рестораны, кафе, столовые, фастфуд', 'Пищевая промышленность', 'Начало карьеры, мало опыта']",Санкт-Петербург,[],[],[],"Санкт-Петербург, Богатырский проспект, 41",2635306,более 5000,49868.0,Пятёрочка,Не имеет значения,Частичная занятость / Совместительство,Не имеет значения,60.003902,30.238792,https://spb.superjob.ru/vakansii/pekar-48779292.html,86200.0
49090688,Пекарь,75600,96800,rub,"['Туризм, гостиницы, общественное питание', 'Промышленность, производство']","['Рестораны, кафе, столовые, фастфуд', 'Пищевая промышленность']",Санкт-Петербург,[],[],[],"Санкт-Петербург, Карпинского, 38",2635306,более 5000,49868.0,Пятёрочка,Не имеет значения,Частичная занятость / Совместительство,Не имеет значения,60.013016,30.429379,https://spb.superjob.ru/vakansii/pekar-49090688.html,86200.0
50222549,Пекарь,75600,96800,rub,"['Туризм, гостиницы, общественное питание', 'Промышленность, производство']","['Рестораны, кафе, столовые, фастфуд', 'Пищевая промышленность']",Санкт-Петербург,[],[],[],"Санкт-Петербург, Белградская, 40",2635306,более 5000,49868.0,Пятёрочка,Не имеет значения,Частичная занятость / Совместительство,Не имеет значения,59.850475,30.368698,https://spb.superjob.ru/vakansii/pekar-50222549.html,86200.0
50236674,Пекарь,68300,87400,rub,"['Туризм, гостиницы, общественное питание', 'Промышленность, производство', 'Продажи']","['Рестораны, кафе, столовые, фастфуд', 'Пищевая промышленность', 'Начало карьеры, мало опыта']",Санкт-Петербург,[],[],[],"Санкт-Петербург, Тельмана, 56/41",2635306,более 5000,49868.0,Пятёрочка,Без опыта,Полный рабочий день,Не имеет значения,59.893059,30.489262,https://spb.superjob.ru/vakansii/pekar-50236674.html,77850.0
50496426,Пекарь,75600,96800,rub,"['Туризм, гостиницы, общественное питание', 'Промышленность, производство', 'Продажи']","['Рестораны, кафе, столовые, фастфуд', 'Пищевая промышленность', 'Начало карьеры, мало опыта']",Санкт-Петербург,[],[],[],"Санкт-Петербург, Наставников, 24",2635306,более 5000,49868.0,Пятёрочка,От 1 года,Частичная занятость / Совместительство,Не имеет значения,59.946342,30.488506,https://spb.superjob.ru/vakansii/pekar-50496426.html,86200.0
50565290,Пекарь,75600,96800,rub,"['Туризм, гостиницы, общественное питание', 'Промышленность, производство', 'Продажи']","['Рестораны, кафе, столовые, фастфуд', 'Пищевая промышленность', 'Начало карьеры, мало опыта']",Санкт-Петербург,[],[],[],"Санкт-Петербург, Тореза, 2/40",2635306,более 5000,49868.0,Пятёрочка,От 1 года,Частичная занятость / Совместительство,Не имеет значения,59.999207,30.361683,https://spb.superjob.ru/vakansii/pekar-50565290.html,86200.0
50567278,Пекарь,75600,96800,rub,"['Туризм, гостиницы, общественное питание', 'Промышленность, производство', 'Продажи']","['Рестораны, кафе, столовые, фастфуд', 'Пищевая промышленность', 'Начало карьеры, мало опыта']",Санкт-Петербург,[],[],[],"Санкт-Петербург, Ветеранов, 110",2635306,более 5000,49868.0,Пятёрочка,От 1 года,Частичная занятость / Совместительство,Не имеет значения,59.832722,30.202097,https://spb.superjob.ru/vakansii/pekar-50567278.html,86200.0
50619639,Пекарь,75600,96800,rub,"['Туризм, гостиницы, общественное питание', 'Промышленность, производство', 'Продажи']","['Рестораны, кафе, столовые, фастфуд', 'Пищевая промышленность', 'Начало карьеры, мало опыта']",Санкт-Петербург,[],[],[],"Санкт-Петербург, Парголово, Тихоокеанская, 1",2635306,более 5000,49868.0,Пятёрочка,От 1 года,Частичная занятость / Совместительство,Не имеет значения,60.074535,30.240841,https://spb.superjob.ru/vakansii/pekar-50619639.html,86200.0
50978558,"Пекарь (Санкт-Петербург, Оптиков, 46)",75600,96800,rub,"['Медицина, фармацевтика, ветеринария', 'Туризм, гостиницы, общественное питание', 'Промышленность, производство']","['Медицинское оборудование', 'Товары медицинского назначения', 'Рестораны, кафе, столовые, фастфуд', 'Пищевая промышленность']",Санкт-Петербург,[],[],[],,2635306,более 5000,49868.0,Пятёрочка,Не имеет значения,Частичная занятость / Совместительство,Не имеет значения,,,https://spb.superjob.ru/vakansii/pekar-50978558.html,86200.0
51672784,Начальник смены ЦТАИ (ТЭЦ-7),110577,110577,rub,"['Промышленность, производство']","['Полиграфическое производство', 'Автомобильная промышленность', 'Металлургия', 'Пищевая промышленность', 'Производство товаров народного потребления']",Санкт-Петербург,"['Приморская', 'Василеостровская', 'Горный институт']","['Невско-Василеостровская', 'Невско-Василеостровская', 'Правобережная']","['green', 'green', 'yellow']","Санкт-Петербург, Кожевенная линия, 33",289082,более 5000,60.0,Территориальная генерирующая компания №1,От 1 года,Полный рабочий день,Не имеет значения,59.923779,30.245953,https://spb.superjob.ru/vakansii/nachalnik-smeny-ctai-51672784.html,110577.0
51672843,Лаборант химического анализа/Аппаратчик ХВО (ТЭЦ-7 / ТЭЦ-21),52200,68730,rub,"['Промышленность, производство']",['Химическая промышленность'],Санкт-Петербург,"['Гражданский Проспект', 'Девяткино', 'Проспект Просвещения', 'Приморская', 'Василеостровская', 'Горный институт']","['Кировско-Выборгская', 'Кировско-Выборгская', 'Московско-Петроградская', 'Невско-Василеостровская', 'Невско-Василеостровская', 'Правобережная']","['red', 'red', 'blue', 'green', 'green', 'yellow']",Санкт-Петербург,289082,более 5000,60.0,Территориальная генерирующая компания №1,Без опыта,Полный рабочий день,Не имеет значения,59.938782,30.315001,https://spb.superjob.ru/vakansii/laborant-himicheskogo-analiza-51672843.html,60465.0
51672925,Электрослесарь по ремонту и обслуживанию автоматики и средств измерений электростанций (ТЭЦ-21),68730,68730,rub,"['Промышленность, производство', 'Услуги, ремонт, сервисное обслуживание']","['Энергетика', 'Автосервис']",Санкт-Петербург,"['Гражданский Проспект', 'Девяткино', 'Проспект Просвещения']","['Кировско-Выборгская', 'Кировско-Выборгская', 'Московско-Петроградская']","['red', 'red', 'blue']",деревня Новое Девяткино,289082,более 5000,60.0,Территориальная генерирующая компания №1,От 1 года,Полный рабочий день,Не имеет значения,60.05732,30.47637,https://spb.superjob.ru/vakansii/elektroslesar-po-remontu-i-obsluzhivaniyu-avtomatiki-i-sredstv-izmerenij-elektrostancij-51672925.html,68730.0
51672942,Инженер РЗА (ТЭЦ-21),67251,67251,rub,"['Промышленность, производство']",['Радиотехническая и электронная промышленность'],Санкт-Петербург,"['Гражданский Проспект', 'Девяткино', 'Проспект Просвещения']","['Кировско-Выборгская', 'Кировско-Выборгская', 'Московско-Петроградская']","['red', 'red', 'blue']",деревня Новое Девяткино,289082,более 5000,60.0,Территориальная генерирующая компания №1,От 1 года,Полный рабочий день,Не имеет значения,60.05732,30.47637,https://spb.superjob.ru/vakansii/inzhener-rza-51672942.html,67251.0
51673022,Техник (ТЭЦ-7),57530,57530,rub,"['Промышленность, производство', 'Услуги, ремонт, сервисное обслуживание', 'Рабочий персонал']","['Промышленное оборудование', 'Промышленное оборудование', 'Квалифицированный рабочий']",Санкт-Петербург,"['Приморская', 'Василеостровская', 'Горный институт']","['Невско-Василеостровская', 'Невско-Василеостровская', 'Правобережная']","['green', 'green', 'yellow']","Санкт-Петербург, Кожевенная линия, 33",289082,более 5000,60.0,Территориальная генерирующая компания №1,От 1 года,Полный рабочий день,Не имеет значения,59.923779,30.245953,https://spb.superjob.ru/vakansii/tehnik-51673022.html,57530.0
51673105,Главный специалист отдела РЗА центральной электротехнической службы,111000,111000,rub,"['Промышленность, производство', 'Строительство, проектирование, недвижимость']","['Атомная энергетика', 'Слаботочные системы и сети']",Санкт-Петербург,['Спортивная'],['Фрунзенско-Приморская'],['violet'],"Санкт-Петербург, проспект Добролюбова, 16к2",289082,более 5000,60.0,Территориальная генерирующая компания №1,От 1 года,Полный рабочий день,Не имеет значения,59.950188,30.294928,https://spb.superjob.ru/vakansii/glavnyj-specialist-otdela-rza-centralnoj-elektrotehnicheskoj-sluzhby-51673105.html,111000.0
51745267,"Пекарь (Санкт-Петербург, Кондратьевский, 62)",75600,96800,rub,"['Туризм, гостиницы, общественное питание', 'Промышленность, производство']","['Рестораны, кафе, столовые, фастфуд', 'Пищевая промышленность']",Санкт-Петербург,[],[],[],,2635306,более 5000,49868.0,Пятёрочка,Не имеет значения,Частичная занятость / Совместительство,Не имеет значения,,,https://spb.superjob.ru/vakansii/pekar-51745267.html,86200.0
51766513,"Пекарь (Санкт-Петербург, Нарвский, 22)",83200,106400,rub,"['Туризм, гостиницы, общественное питание', 'Промышленность, производство']","['Рестораны, кафе, столовые, фастфуд', 'Пищевая промышленность']",Санкт-Петербург,[],[],[],,2635306,более 5000,49868.0,Пятёрочка,Не имеет значения,Частичная занятость / Совместительство,Не имеет значения,,,https://spb.superjob.ru/vakansii/pekar-51766513.html,94800.0
51792231,Менеджер по продажам на мебельное производство,100000,250000,rub,"['Промышленность, производство', 'Продажи']","['Пищевая промышленность', 'Производство стройматериалов', 'Текстиль, одежда, обувь', 'Товары народного потребления', 'Услуги для бизнеса']",Санкт-Петербург,[],[],[],"г Санкт-Петербург, ул Уральская, д 13 литера Е",3797376,менее 50,337.0,JOBCART.RU,От 3 лет,Полный рабочий день,Не имеет значения,59.954292,30.262409,https://spb.superjob.ru/vakansii/menedzher-po-prodazham-na-mebelnoe-proizvodstvo-51792231.html,175000.0
51799894,"Пекарь (Санкт-Петербург, Октябрьская, 44)",75600,96800,rub,"['Туризм, гостиницы, общественное питание', 'Промышленность, производство']","['Рестораны, кафе, столовые, фастфуд', 'Пищевая промышленность']",Санкт-Петербург,[],[],[],,2635306,более 5000,49868.0,Пятёрочка,Не имеет значения,Полный рабочий день,Не имеет значения,,,https://spb.superjob.ru/vakansii/pekar-51799894.html,86200.0
51799900,"Пекарь (Санкт-Петербург, Малодетскосельский, 25/12)",83200,106400,rub,"['Туризм, гостиницы, общественное питание', 'Промышленность, производство']","['Рестораны, кафе, столовые, фастфуд', 'Пищевая промышленность']",Санкт-Петербург,[],[],[],,2635306,более 5000,49868.0,Пятёрочка,Не имеет значения,Частичная занятость / Совместительство,Не имеет значения,,,https://spb.superjob.ru/vakansii/pekar-51799900.html,94800.0
51840971,"Пекарь (Санкт-Петербург, Металлистов, 77)",75600,96800,rub,"['Туризм, гостиницы, общественное питание', 'Промышленность, производство']","['Рестораны, кафе, столовые, фастфуд', 'Пищевая промышленность']",Санкт-Петербург,[],[],[],,2635306,более 5000,49868.0,Пятёрочка,Не имеет значения,Частичная занятость / Совместительство,Не имеет значения,,,https://spb.superjob.ru/vakansii/pekar-51840971.html,86200.0
51843433,Повар-универсал,77000,93000,rub,"['Туризм, гостиницы, общественное питание', 'Промышленность, производство']","['Рестораны, кафе, столовые, фастфуд', 'Пищевая промышленность']",Санкт-Петербург,[],[],[],"г Санкт-Петербург, ул Ивана Зубкова",3797376,менее 50,337.0,JOBCART.RU,От 1 года,Полный рабочий день,Не имеет значения,59.867172,30.253866,https://spb.superjob.ru/vakansii/povar-universal-51843433.html,85000.0
51782877,Продавец в зону готовой еды,63200,90500,rub,"['Строительство, проектирование, недвижимость', 'Промышленность, производство', 'Топ-персонал']","['Управление недвижимостью', 'Пищевая промышленность', 'Промышленность, производство, сельское хозяйство']",Санкт-Петербург,[],[],[],"Санкт-Петербург, Рыбацкий проспект, 17к1",280168,более 5000,18163.0,"Магнит, Розничная сеть",Не имеет значения,Сменный график работы,Не имеет значения,59.841869,30.496061,https://spb.superjob.ru/vakansii/prodavec-v-zonu-gotovoj-edy-51782877.html,76850.0
51846066,Продавец в зону готовой еды,63200,89300,rub,"['Промышленность, производство']",['Пищевая промышленность'],Санкт-Петербург,[],[],[],"Санкт-Петербург, проспект Луначарского, 11к1",280168,более 5000,18163.0,"Магнит, Розничная сеть",Не имеет значения,Сменный график работы,Не имеет значения,60.042877,30.329245,https://spb.superjob.ru/vakansii/prodavec-v-zonu-gotovoj-edy-51846066.html,76250.0
51668297,"Плотник (ТЭЦ-21, ЦТЭЦ)",54000,65300,rub,"['Строительство, проектирование, недвижимость', 'Промышленность, производство', 'Рабочий персонал']","['Строительно-монтажные работы', 'Мебельное производство', 'Рабочий персонал, разное', 'Квалифицированный рабочий']",Санкт-Петербург,"['Технологический институт 1', 'Площадь Восстания', 'Гражданский Проспект', 'Девяткино', 'Фрунзенская', 'Технологический институт 2', 'Проспект Просвещения', 'Площадь Александра Невского 1', 'Площадь Александра Невского 2']","['Кировско-Выборгская', 'Кировско-Выборгская', 'Кировско-Выборгская', 'Кировско-Выборгская', 'Московско-Петроградская', 'Московско-Петроградская', 'Московско-Петроградская', 'Невско-Василеостровская', 'Правобережная']","['red', 'red', 'red', 'red', 'blue', 'blue', 'blue', 'green', 'yellow']",Санкт-Петербург,289082,более 5000,60.0,Территориальная генерирующая компания №1,От 1 года,Полный рабочий день,Не имеет значения,59.938786,30.314997,https://spb.superjob.ru/vakansii/plotnik-51668297.html,59650.0
51673064,Начальник лаборатории АСУ (ТЭЦ-21),89400,89400,rub,"['Промышленность, производство', 'Топ-персонал']","['Контроль качества, сертификация, экспертиза', 'Строительство, проектирование, недвижимость', 'Промышленность, производство, сельское хозяйство']",Санкт-Петербург,"['Гражданский Проспект', 'Девяткино', 'Проспект Просвещения']","['Кировско-Выборгская', 'Кировско-Выборгская', 'Московско-Петроградская']","['red', 'red', 'blue']",деревня Новое Девяткино,289082,более 5000,60.0,Территориальная генерирующая компания №1,От 1 года,Полный рабочий день,Не имеет значения,60.05732,30.47637,https://spb.superjob.ru/vakansii/nachalnik-laboratorii-asu-51673064.html,89400.0
33896279,"Машинист крана (козловой, мостовой кран)",85000,110000,rub,"['Строительство, проектирование, недвижимость', 'Промышленность, производство', 'Рабочий персонал']","['Строительно-монтажные работы', 'Производство стройматериалов', 'Квалифицированный рабочий']",Санкт-Петербург,['Рыбацкое'],['Невско-Василеостровская'],['green'],"Санкт-Петербург, Тепловозная улица",273216,100 — 500,5.0,СиБ-центр,От 1 года,Полный рабочий день,Не имеет значения,59.828739,30.510344,https://spb.superjob.ru/vakansii/mashinist-krana-33896279.html,97500.0
50245276,Столяр,40000,130000,rub,"['Промышленность, производство', 'Рабочий персонал', 'Строительство, проектирование, недвижимость']","['Мебельное производство', 'Квалифицированный рабочий', 'Строительство деревянных домов и конструкций']",Санкт-Петербург,[],[],[],,291920,более 5000,154.0,ФГБОУ ВО Санкт-Петербургский государственный университет,От 1 года,Полный рабочий день,Среднее специальное,,,https://spb.superjob.ru/vakansii/stolyar-50245276.html,85000.0
51773220,Техник технической поддержки УСИТ СПбГУ,70000,80000,rub,"['Промышленность, производство', 'Услуги, ремонт, сервисное обслуживание', 'Рабочий персонал']","['Промышленное оборудование', 'Промышленное оборудование', 'Квалифицированный рабочий']",Санкт-Петербург,['Василеостровская'],['Невско-Василеостровская'],['green'],"Санкт-Петербург, 22-я линия Васильевского острова",291920,более 5000,154.0,ФГБОУ ВО Санкт-Петербургский государственный университет,От 1 года,Полный рабочий день,Среднее специальное,59.933014,30.263407,https://spb.superjob.ru/vakansii/tehnik-tehnicheskoj-podderzhki-usit-spbgu-51773220.html,75000.0
51836002,Инженер-конструктор машиностроения,130000,150000,rub,"['Строительство, проектирование, недвижимость', 'Промышленность, производство']","['Конструирование', 'Машиностроение, станкостроение']",Санкт-Петербург,['Площадь Александра Невского 2'],['Правобережная'],['yellow'],"Санкт-Петербург, проспект Бакунина, д. 29",4353589,менее 50,340.0,Jobers,От 1 года,Полный рабочий день,Высшее,59.930386,30.384813,https://spb.superjob.ru/vakansii/inzhener-konstruktor-mashinostroeniya-51836002.html,140000.0
51713115,Дежурный техник,5300,5300,rub,"['Административная работа, секретариат, АХО', 'Строительство, проектирование, недвижимость']","['АХО', 'Эксплуатация зданий']",Санкт-Петербург,['Крестовский остров'],['Фрунзенско-Приморская'],['violet'],"Санкт-Петербург, Крестовский проспект, 4",3494791,500 — 1000,0.0,Управление комфортом,От 1 года,Сменный график работы,Среднее специальное,59.969784,30.274616,https://spb.superjob.ru/vakansii/dezhurnyj-tehnik-51713115.html,5300.0
51697733,Специалист по обслуживанию зданий,52200,60900,rub,"['Строительство, проектирование, недвижимость', 'Рабочий персонал']","['Отопление, вентиляция и кондиционирование', 'Водоснабжение, канализация', 'Эксплуатация зданий', 'Газоснабжение', 'Рабочий персонал, разное']",Санкт-Петербург,"['Электросила', 'Московские Ворота', 'Волковская', 'Бухарестская']","['Московско-Петроградская', 'Московско-Петроградская', 'Фрунзенско-Приморская', 'Фрунзенско-Приморская']","['blue', 'blue', 'violet', 'violet']","Санкт-Петербург, Иркутская улица, 2с2",11714,100 — 500,68.0,Филиал ФКУ «Налог-Сервис» ФНС России по ЦОД в г. Москве,Без опыта,Полный рабочий день,Не имеет значения,59.885101,30.335541,https://spb.superjob.ru/vakansii/specialist-po-obsluzhivaniyu-zdanij-51697733.html,56550.0
51738020,Главный специалист отдела подготовки технических заданий,77500,98400,rub,"['Строительство, проектирование, недвижимость']","['Управление строительством, девелопмент']",Санкт-Петербург,['Московская'],['Московско-Петроградская'],['blue'],"Санкт-Петербург, 5 Предпортовый проезд, д.4, к.3",627236,500 — 1000,0.0,"СПб ГКУ ""Городской мониторинговый центр""",От 3 лет,Полный рабочий день,Не имеет значения,,,https://spb.superjob.ru/vakansii/glavnyj-specialist-otdela-podgotovki-tehnicheskih-zadanij-51738020.html,87950.0
51782105,Главный специалист службы эксплуатации тепломеханического оборудования,98290,98290,rub,"['Административная работа, секретариат, АХО', 'Строительство, проектирование, недвижимость']","['АХО', 'Эксплуатация зданий']",Санкт-Петербург,[],[],[],"Санкт-Петербург, проспект Добролюбова, 16к2",289082,более 5000,60.0,Территориальная генерирующая компания №1,От 6 лет,Полный рабочий день,Не имеет значения,59.950188,30.294928,https://spb.superjob.ru/vakansii/glavnyj-specialist-sluzhby-ekspluatacii-teplomehanicheskogo-oborudovaniya-51782105.html,98290.0
51782491,Инженер-техник по обслуживанию здания,75000,92000,rub,"['Административная работа, секретариат, АХО', 'Строительство, проектирование, недвижимость']","['АХО', 'Эксплуатация зданий']",Санкт-Петербург,['Парнас'],['Московско-Петроградская'],['blue'],"Посёлок Парголово, улица Фёдора Абрамова, 16к3",3930777,100 — 500,2.0,ГБОУ СОШ № 469 Выборгского района Санкт-Петербурга,От 1 года,Полный рабочий день,Высшее,60.078705,30.33997,https://spb.superjob.ru/vakansii/inzhener-tehnik-po-obsluzhivaniyu-zdaniya-51782491.html,83500.0
51801228,Слесарь-сантехник,60000,65000,rub,"['Строительство, проектирование, недвижимость', 'Рабочий персонал']","['Водоснабжение, канализация', 'Рабочий персонал, разное', 'Квалифицированный рабочий']",Санкт-Петербург,['Балтийская'],['Кировско-Выборгская'],['red'],"Санкт-Петербург, улица Шкапина, д.30",298376,100 — 500,5.0,СПб ГБУЗ МИАЦ,От 1 года,Полный рабочий день,Не имеет значения,,,https://spb.superjob.ru/vakansii/slesar-santehnik-51801228.html,62500.0
51847172,"Продавец-кассир (Санкт-Петербург, Курляндская, 8)",75600,96800,rub,"['Искусство, культура, развлечения', 'Продажи', 'Строительство, проектирование, недвижимость']","['Музей, выставочный зал', 'Агентства недвижимости, оценка недвижимости', 'Отопление, вентиляция и кондиционирование']",Санкт-Петербург,[],[],[],,2635306,более 5000,49868.0,Пятёрочка,Не имеет значения,Частичная занятость / Совместительство,Не имеет значения,,,https://spb.superjob.ru/vakansii/prodavec-kassir-51847172.html,86200.0
51849844,Рабочий по комплексному обслуживанию и ремонту здания,60000,60000,rub,"['Строительство, проектирование, недвижимость', 'Рабочий персонал']","['Эксплуатация зданий', 'Рабочий персонал, разное']",Санкт-Петербург,"['Ладожская', 'Новочеркасская']","['Правобережная', 'Правобережная']","['yellow', 'yellow']","ул. Маршала Тухачевского, д.17А",4349581,100 — 500,0.0,ГБОУ СОШ № 188 Красногвардейского района Санкт-Петербурга,От 3 лет,Полный рабочий день,Не имеет значения,,,https://spb.superjob.ru/vakansii/rabochij-po-kompleksnomu-obsluzhivaniyu-i-remontu-zdaniya-51849844.html,60000.0
46333761,"Старшина, плотник, разнорабочий, инспектор тыла, инженер",50000,80000,rub,"['Строительство, проектирование, недвижимость', 'Рабочий персонал']","['Строительно-монтажные работы', 'Технический надзор, строительная экспертиза / ПТО', 'Управление строительством, девелопмент', 'Рабочий персонал, разное']",Санкт-Петербург,"['Площадь Ленина', 'Выборгская', 'Лесная']","['Кировско-Выборгская', 'Кировско-Выборгская', 'Кировско-Выборгская']","['red', 'red', 'red']","Санкт-Петербург, Минеральная улица, 3-5",3117918,500 — 1000,3.0,УМВД России по Калининскому району г. Санкт-Петербурга,Без опыта,Полный рабочий день,Среднее специальное,59.96653,30.381435,https://spb.superjob.ru/vakansii/starshina-46333761.html,65000.0
50726211,Электромонтажник,90000,110000,rub,"['Строительство, проектирование, недвижимость', 'Рабочий персонал']","['Эксплуатация зданий', 'Электроснабжение', 'Квалифицированный рабочий']",Санкт-Петербург,"['Площадь Александра Невского 1', 'Площадь Александра Невского 2']","['Невско-Василеостровская', 'Правобережная']","['green', 'yellow']","Санкт-Петербург, улица Профессора Качалова, 7",35359,менее 50,1375.0,ВЕРТЕК,От 1 года,Полный рабочий день,Не имеет значения,59.914288,30.396303,https://spb.superjob.ru/vakansii/elektromontazhnik-50726211.html,100000.0
50988868,Электромонтер,54000,54000,rub,"['Строительство, проектирование, недвижимость', 'Рабочий персонал']","['Эксплуатация зданий', 'Электроснабжение', 'Слаботочные системы и сети', 'Рабочий персонал, разное', 'Квалифицированный рабочий']",Санкт-Петербург,[],[],[],"Ленинградская область, Всеволожск, Колтушское шоссе, 20",2187039,1000 — 5000,1563.0,Всеволожская КМБ,От 1 года,Полный рабочий день,Не имеет значения,60.037704,30.631096,https://spb.superjob.ru/vakansii/elektromonter-50988868.html,54000.0
51079858,Рабочий по комплексному обслуживанию и ремонту зданий,53350,55000,rub,"['Строительство, проектирование, недвижимость', 'Рабочий персонал']","['Эксплуатация зданий', 'Рабочий персонал, разное']",Санкт-Петербург,[],[],[],"Санкт-Петербург, 2-й Верхний переулок, 10",447702,менее 50,1365.0,"Производственно-складской комплекс ""ТЕХНОТРАНС""",От 1 года,Полный рабочий день,Не имеет значения,60.066593,30.374914,https://spb.superjob.ru/vakansii/rabochij-po-kompleksnomu-obsluzhivaniyu-i-remontu-zdanij-51079858.html,54175.0
51707483,Оператор котельной,55000,75000,rub,"['Строительство, проектирование, недвижимость', 'Рабочий персонал']","['Отопление, вентиляция и кондиционирование', 'Рабочий персонал, разное']",Санкт-Петербург,[],[],[],,2082628,более 5000,2.0,"ГУП ""Топливно-энергетический комплекс СПб""",Без опыта,Полный рабочий день,Не имеет значения,,,https://spb.superjob.ru/vakansii/operator-kotelnoj-51707483.html,65000.0
51737194,Контролёр на контрольно пропускном пункте,45000,55000,rub,"['Строительство, проектирование, недвижимость']","['Эксплуатация зданий', 'Электроснабжение']",Санкт-Петербург,['Выборгская'],['Кировско-Выборгская'],['red'],"Санкт-Петербург, Большой Сампсониевский проспект, 64",794796,500 — 1000,32.0,НПО Компрессор,От 1 года,Полный рабочий день,Не имеет значения,59.976425,30.338093,https://spb.superjob.ru/vakansii/kontroljor-na-kontrolno-propusknom-punkte-51737194.html,50000.0
51782106,Инженер по организации эксплуатации и ремонту зданий и сооружений,100000,100000,rub,"['Строительство, проектирование, недвижимость']",['Эксплуатация зданий'],Санкт-Петербург,[],[],[],"Санкт-Петербург, Пискарёвский проспект, 25",2175568,100 — 500,6.0,Комплексный центр социального обслуживания населения,От 1 года,Полный рабочий день,Не имеет значения,59.969872,30.413074,https://spb.superjob.ru/vakansii/inzhener-po-organizacii-ekspluatacii-i-remontu-zdanij-i-sooruzhenij-51782106.html,100000.0
51782580,Главный теплотехник,80000,100000,rub,"['Строительство, проектирование, недвижимость']","['Отопление, вентиляция и кондиционирование']",Санкт-Петербург,[],[],[],"Санкт-Петербург, переулок Челиева, 13к3Т",4791977,менее 50,0.0,АТЛАНТИЧЕСКИЙ АЛЬЯНС,От 3 лет,Полный рабочий день,Высшее,59.888184,30.478346,https://spb.superjob.ru/vakansii/glavnyj-teplotehnik-51782580.html,90000.0
51833917,Распределитель работ (Египет),100000,100000,rub,"['Строительство, проектирование, недвижимость']",['Строительно-монтажные работы'],Санкт-Петербург,[],[],[],,970633,более 5000,2342.0,Трест Росспецэнергомонтаж,От 1 года,Полный рабочий день,Не имеет значения,,,https://spb.superjob.ru/vakansii/raspredelitel-rabot-51833917.html,100000.0
51849938,Электромонтёр,60000,70000,rub,"['Строительство, проектирование, недвижимость', 'Рабочий персонал']","['Эксплуатация зданий', 'Электроснабжение', 'Слаботочные системы и сети', 'Рабочий персонал, разное', 'Квалифицированный рабочий']",Санкт-Петербург,"['Рыбацкое', 'Обухово', 'Пролетарская']","['Невско-Василеостровская', 'Невско-Василеостровская', 'Невско-Василеостровская']","['green', 'green', 'green']","Санкт-Петербург, территория Мурзинка, Прогонная улица, 7М",2625662,100 — 500,10.0,Академия машиностроения имени Ж. Я. Котина,От 3 лет,Полный рабочий день,Не имеет значения,59.850628,30.473801,https://spb.superjob.ru/vakansii/elektromontjor-51849938.html,65000.0
51859808,Продавец в зону готовой еды,66700,104700,rub,"['Бухгалтерия, финансы, аудит', 'Строительство, проектирование, недвижимость']","['Аудит, ревизия, инспектирование', 'Технический надзор, строительная экспертиза / ПТО']",Санкт-Петербург,[],[],[],"Санкт-Петербург, Подольская, 23",280168,более 5000,18163.0,"Магнит, Розничная сеть",Не имеет значения,Сменный график работы,Не имеет значения,59.915031,30.324923,https://spb.superjob.ru/vakansii/prodavec-v-zonu-gotovoj-edy-51859808.html,85700.0
51870314,Инженер-конструктор 1 категории,100000,150000,rub,"['Строительство, проектирование, недвижимость']",['Конструирование'],Санкт-Петербург,['Электросила'],['Московско-Петроградская'],['blue'],"г.Санкт-Петербург, вн.тер.г. муниципальный округ Московская Застава, ул. Благодатная, д. 10, к. 3 стр. 1",197674,50 — 100,2.0,Флаг Альфа,От 3 лет,Полный рабочий день,Высшее,,,https://spb.superjob.ru/vakansii/inzhener-konstruktor-1-kategorii-51870314.html,125000.0
51673016,Электрослесарь по обслуживанию автоматики и средств измерений электростанции 7 разряда ТЭЦ-14,90480,90480,rub,"['Строительство, проектирование, недвижимость', 'Рабочий персонал']","['Электроснабжение', 'Рабочий персонал, разное', 'Квалифицированный рабочий']",Санкт-Петербург,"['Автово', 'Кировский завод']","['Кировско-Выборгская', 'Кировско-Выборгская']","['red', 'red']","Санкт-Петербург, Корабельная улица, 4с4",289082,более 5000,60.0,Территориальная генерирующая компания №1,От 1 года,Полный рабочий день,Среднее специальное,59.86879,30.242151,https://spb.superjob.ru/vakansii/elektroslesar-po-obsluzhivaniyu-avtomatiki-i-sredstv-izmerenij-elektrostancii-7-razryada-tec-14-51673016.html,90480.0
51694729,Главный специалист сектора выдачи и контроля технических условий,80000,100000,rub,"['Строительство, проектирование, недвижимость']","['Строительно-монтажные работы', 'Слаботочные системы и сети']",Санкт-Петербург,[],[],[],"Санкт-Петербург, 5-й Предпортовый проезд, 4к3",627236,500 — 1000,0.0,"СПб ГКУ ""Городской мониторинговый центр""",От 3 лет,Полный рабочий день,Высшее,59.839256,30.31488,https://spb.superjob.ru/vakansii/glavnyj-specialist-sektora-vydachi-i-kontrolya-tehnicheskih-uslovij-51694729.html,90000.0
51713112,Дежурный техник,5300,5300,rub,"['Административная работа, секретариат, АХО', 'Строительство, проектирование, недвижимость']","['АХО', 'Эксплуатация зданий']",Санкт-Петербург,"['Петроградская', 'Чкаловская']","['Московско-Петроградская', 'Фрунзенско-Приморская']","['blue', 'violet']","Санкт-Петербург, Барочная улица, 6",3494791,500 — 1000,0.0,Управление комфортом,От 1 года,Сменный график работы,Среднее специальное,59.965649,30.285793,https://spb.superjob.ru/vakansii/dezhurnyj-tehnik-51713112.html,5300.0
51849651,Строитель-универсал,150000,250000,rub,"['Строительство, проектирование, недвижимость', 'Рабочий персонал']","['Строительно-монтажные работы', 'Рабочий персонал, разное', 'Квалифицированный рабочий']",Санкт-Петербург,[],[],[],,3797376,менее 50,337.0,JOBCART.RU,От 1 года,Полный рабочий день,Не имеет значения,,,https://spb.superjob.ru/vakansii/stroitel-universal-51849651.html,200000.0
11306311,Инженер-Проектировщик / Инженер-электрик,120000,150000,rub,"['Строительство, проектирование, недвижимость']","['Проектирование', 'Электроснабжение']",Санкт-Петербург,"['Площадь Александра Невского 1', 'Площадь Александра Невского 2']","['Невско-Василеостровская', 'Правобережная']","['green', 'yellow']","Санкт-Петербург, улица Профессора Качалова, 7",35359,менее 50,1375.0,ВЕРТЕК,От 3 лет,Полный рабочий день,Высшее,59.91428,30.396284,https://spb.superjob.ru/vakansii/inzhener-proektirovschik-11306311.html,135000.0
45348416,Ведущий инженер-проектировщик систем электроснабжения,110000,150000,rub,"['Строительство, проектирование, недвижимость']","['Проектирование', 'Электроснабжение']",Санкт-Петербург,[],[],[],"Санкт-Петербург, Дунайский проспект, 13к2",3667262,менее 50,0.0,СП -Инновация,От 1 года,Полный рабочий день,Не имеет значения,59.829147,30.337194,https://spb.superjob.ru/vakansii/veduschij-inzhener-proektirovschik-sistem-elektrosnabzheniya-45348416.html,130000.0
31720282,Рабочий по комплексному обслуживанию и ремонту здания,50000,80000,rub,"['Строительство, проектирование, недвижимость']","['Благоустройство территорий', 'Отопление, вентиляция и кондиционирование', 'ЖКХ']",Санкт-Петербург,[],[],[],"Санкт-Петербург, Большой проспект Петроградской стороны, 29",3548482,100 — 500,1.0,ГБНОУ «Академия технического творчества и цифровых технологий» Санкт-Петербурга,От 3 лет,Полный рабочий день,Не имеет значения,59.957912,30.29977,https://spb.superjob.ru/vakansii/rabochij-po-kompleksnomu-obsluzhivaniyu-i-remontu-zdaniya-31720282.html,65000.0
47919621,Монтажник наружных трубопроводов,80000,120000,rub,"['Строительство, проектирование, недвижимость', 'Рабочий персонал']","['Водоснабжение, канализация', 'Строительно-монтажные работы', 'Трубопроводы', 'Квалифицированный рабочий']",Санкт-Петербург,[],[],[],"Санкт-Петербург, Ситцевая улица",4543440,менее 50,1.0,ПРОФСЕТИ,От 1 года,Полный рабочий день,Не имеет значения,59.998386,30.244783,https://spb.superjob.ru/vakansii/montazhnik-naruzhnyh-truboprovodov-47919621.html,100000.0
50219983,Рабочий по комплексному обслуживанию и ремонту зданий,75000,82000,rub,"['Строительство, проектирование, недвижимость', 'Рабочий персонал']","['ЖКХ', 'Строительно-монтажные работы', 'Эксплуатация зданий', 'Другое', 'Рабочий персонал, разное']",Санкт-Петербург,[],[],[],,3930777,100 — 500,2.0,ГБОУ СОШ № 469 Выборгского района Санкт-Петербурга,От 6 лет,Полный рабочий день,Не имеет значения,,,https://spb.superjob.ru/vakansii/rabochij-po-kompleksnomu-obsluzhivaniyu-i-remontu-zdanij-50219983.html,78500.0
51717581,Монтажник слаботочных систем ОПС,70000,100000,rub,"['Рабочий персонал', 'Строительство, проектирование, недвижимость']","['Рабочий персонал, разное', 'Квалифицированный рабочий', 'Слаботочные системы и сети']",Санкт-Петербург,[],[],[],"Санкт-Петербург, Заставская улица, 22к2",2284991,менее 50,1.0,СПБ ГО ВДПО,От 1 года,Полный рабочий день,Не имеет значения,59.888573,30.327681,https://spb.superjob.ru/vakansii/montazhnik-slabotochnyh-sistem-ops-51717581.html,85000.0
51718730,Слесарь-электрик по ремонту электрооборудования,88000,88000,rub,"['Строительство, проектирование, недвижимость', 'Рабочий персонал']","['Строительно-монтажные работы', 'Эксплуатация зданий', 'Квалифицированный рабочий']",Санкт-Петербург,[],[],[],"Санкт-Петербург, Старообрядческая улица, 26",2466656,более 5000,6387.0,Российские железные дороги,От 1 года,Полный рабочий день,Среднее специальное,59.887066,30.296707,https://spb.superjob.ru/vakansii/slesar-elektrik-po-remontu-elektrooborudovaniya-51718730.html,88000.0
51780526,Машинист крана (гусеничного и пневмоколесного),230000,240000,rub,"['Строительство, проектирование, недвижимость', 'Рабочий персонал']","['Благоустройство территорий', 'Строительно-монтажные работы', 'Квалифицированный рабочий']",Санкт-Петербург,[],[],[],,2837310,более 5000,574.0,СтройТрансНефтеГаз,От 1 года,Полный рабочий день,Не имеет значения,,,https://spb.superjob.ru/vakansii/mashinist-krana-51780526.html,235000.0
51839411,Продавец в зону готовой еды,63200,89300,rub,"['Строительство, проектирование, недвижимость']",['Подводно-технические работы'],Санкт-Петербург,[],[],[],"Санкт-Петербург, Народная, 15",280168,более 5000,18163.0,"Магнит, Розничная сеть",Не имеет значения,Сменный график работы,Не имеет значения,59.879814,30.463606,https://spb.superjob.ru/vakansii/prodavec-v-zonu-gotovoj-edy-51839411.html,76250.0
51847916,Электромонтер,84300,170000,rub,"['Строительство, проектирование, недвижимость', 'Рабочий персонал']","['Эксплуатация зданий', 'Электроснабжение', 'Слаботочные системы и сети', 'Рабочий персонал, разное', 'Квалифицированный рабочий']",Санкт-Петербург,[],[],[],,4156139,менее 50,51.0,"ФСК ""Мостоотряд-47""",От 1 года,Работа вахтовым методом,Не имеет значения,,,https://spb.superjob.ru/vakansii/elektromonter-51847916.html,127150.0
51673656,Электромонтер,50000,70000,rub,"['Строительство, проектирование, недвижимость', 'Рабочий персонал']","['Эксплуатация зданий', 'Электроснабжение', 'Слаботочные системы и сети', 'Рабочий персонал, разное', 'Квалифицированный рабочий']",Санкт-Петербург,[],[],[],"Санкт-Петербург, набережная канала Грибоедова, 30-32",4763170,1000 — 5000,29.0,СПбГЭУ,От 3 лет,Полный рабочий день,Не имеет значения,59.931915,30.32593,https://spb.superjob.ru/vakansii/elektromonter-51673656.html,60000.0
51673221,Инженер электротехнической лаборатории ТЭЦ-14,72453,83682,rub,"['Строительство, проектирование, недвижимость']","['Строительно-монтажные работы', 'Электроснабжение', 'Слаботочные системы и сети']",Санкт-Петербург,[],[],[],"Санкт-Петербург, Корабельная улица, 4с4",289082,более 5000,60.0,Территориальная генерирующая компания №1,От 1 года,Полный рабочий день,Высшее,59.86879,30.242151,https://spb.superjob.ru/vakansii/inzhener-elektrotehnicheskoj-laboratorii-tec-14-51673221.html,78067.5
51846465,"Старший продавец-кассир (Санкт-Петербург, Дальневосточный, 30)",77700,109600,rub,"['Продажи', 'Строительство, проектирование, недвижимость']","['Агентства недвижимости, оценка недвижимости', 'Отопление, вентиляция и кондиционирование']",Санкт-Петербург,[],[],[],,2635306,более 5000,49868.0,Пятёрочка,От 1 года,Полный рабочий день,Не имеет значения,,,https://spb.superjob.ru/vakansii/starshij-prodavec-kassir-51846465.html,93650.0
51849617,Электромеханик по лифтам,130000,180000,rub,"['Строительство, проектирование, недвижимость']",['Эксплуатация зданий'],Санкт-Петербург,[],[],[],,3797376,менее 50,337.0,JOBCART.RU,От 1 года,Полный рабочий день,Не имеет значения,,,https://spb.superjob.ru/vakansii/elektromehanik-po-liftam-51849617.html,155000.0
46673348,Монтажник металлических дверей,70000,120000,rub,"['Строительство, проектирование, недвижимость', 'Рабочий персонал']","['Строительно-монтажные работы', 'Рабочий персонал, разное']",Санкт-Петербург,[],[],[],"Санкт-Петербург, территория Лахта",4487282,менее 50,1.0,ДВК СПБ,От 1 года,Полный рабочий день,Не имеет значения,59.992111,30.158133,https://spb.superjob.ru/vakansii/montazhnik-metallicheskih-dverej-46673348.html,95000.0
50301433,Ведущий сметчик,120000,120000,rub,"['Строительство, проектирование, недвижимость']",['Сметное дело'],Санкт-Петербург,[],[],[],"Санкт-Петербург, проспект Ударников, 39к1",3726622,100 — 500,20.0,Жилкомсервис № 2 Красногвардейского района,От 3 лет,Полный рабочий день,Высшее,59.954281,30.485218,https://spb.superjob.ru/vakansii/veduschij-smetchik-50301433.html,120000.0
50864222,Электромонтер,77000,77000,rub,"['Строительство, проектирование, недвижимость', 'Рабочий персонал']","['Эксплуатация зданий', 'Электроснабжение', 'Слаботочные системы и сети', 'Рабочий персонал, разное', 'Квалифицированный рабочий']",Санкт-Петербург,"['Петроградская', 'Чкаловская', 'Крестовский остров']","['Московско-Петроградская', 'Фрунзенско-Приморская', 'Фрунзенско-Приморская']","['blue', 'violet', 'violet']","Санкт-Петербург, Барочная улица, 6",3494791,500 — 1000,0.0,Управление комфортом,От 1 года,Полный рабочий день,Среднее специальное,59.965649,30.285793,https://spb.superjob.ru/vakansii/elektromonter-50864222.html,77000.0
51131504,Администратор в отдел по связям с общественностью,65000,75000,rub,"['Бухгалтерия, финансы, аудит', 'Строительство, проектирование, недвижимость']","['Электронный документооборот', 'Сметное дело']",Санкт-Петербург,[],[],[],"Санкт-Петербург, набережная реки Фонтанки, 154",291920,более 5000,154.0,ФГБОУ ВО Санкт-Петербургский государственный университет,От 3 лет,Полный рабочий день,Не имеет значения,59.915764,30.282551,https://spb.superjob.ru/vakansii/administrator-v-otdel-po-svyazyam-s-obschestvennostyu-51131504.html,70000.0
47565600,Техник-сантехник,75000,75000,rub,"['Строительство, проектирование, недвижимость', 'Рабочий персонал']","['Водоснабжение, канализация', 'ЖКХ', 'Эксплуатация зданий', 'Рабочий персонал, разное']",Санкт-Петербург,"['Площадь Александра Невского 1', 'Новочеркасская', 'Площадь Александра Невского 2']","['Невско-Василеостровская', 'Правобережная', 'Правобережная']","['green', 'yellow', 'yellow']","Санкт-Петербург, Малоохтинский проспект, 64В",700563,50 — 100,1.0,"""УК ""Малая Охта""",От 3 лет,Полный рабочий день,Среднее специальное,59.932163,30.403156,https://spb.superjob.ru/vakansii/tehnik-santehnik-47565600.html,75000.0
51706751,Арматурщик/бетонщик,180000,220000,rub,"['Строительство, проектирование, недвижимость', 'Рабочий персонал']","['Строительно-монтажные работы', 'Рабочий персонал, разное', 'Квалифицированный рабочий']",Санкт-Петербург,[],[],[],,970633,более 5000,2342.0,Трест Росспецэнергомонтаж,От 1 года,Полный рабочий день,Не имеет значения,,,https://spb.superjob.ru/vakansii/armaturschik-51706751.html,200000.0
51827052,Слесарь-сантехник (ул. Русановская),90000,90000,rub,"['Строительство, проектирование, недвижимость', 'Рабочий персонал']","['Водоснабжение, канализация', 'Рабочий персонал, разное', 'Квалифицированный рабочий']",Санкт-Петербург,"['Рыбацкое', 'Обухово', 'Пролетарская', 'Ломоносовская']","['Невско-Василеостровская', 'Невско-Василеостровская', 'Невско-Василеостровская', 'Невско-Василеостровская']","['green', 'green', 'green', 'green']","Санкт-Петербург, Русановская улица, 28",124076,500 — 1000,4.0,ЦДС,От 1 года,Полный рабочий день,Не имеет значения,59.864094,30.517368,https://spb.superjob.ru/vakansii/slesar-santehnik-51827052.html,90000.0
51845552,Уборщик производственных помещений,31252,31252,rub,"['Строительство, проектирование, недвижимость']","['Благоустройство территорий', 'Конструирование', 'Эксплуатация зданий']",Санкт-Петербург,[],[],[],"Санкт-Петербург, Межевой канал, 5",334121,100 — 500,2.0,Экологический флот,Без опыта,Частичная занятость / Совместительство,Не имеет значения,59.911213,30.25074,https://spb.superjob.ru/vakansii/uborschik-proizvodstvennyh-pomeschenij-51845552.html,31252.0
51845700,Дежурный электромонтер (1/3),75000,88000,rub,"['Строительство, проектирование, недвижимость']","['Эксплуатация зданий', 'Электроснабжение']",Санкт-Петербург,[],[],[],"Санкт-Петербург, улица Коли Томчака, 25Ж",218779,500 — 1000,3.0,Завод Радиоприбор,От 3 лет,Полный рабочий день,Не имеет значения,59.884361,30.324879,https://spb.superjob.ru/vakansii/dezhurnyj-elektromonter-51845700.html,81500.0
51846948,Директор магазина Магнит,92400,134700,rub,"['Продажи', 'Строительство, проектирование, недвижимость']","['Агентства недвижимости, оценка недвижимости', 'Управление недвижимостью']",Санкт-Петербург,[],[],[],"Санкт-Петербург, Крузенштерна, 2",280168,более 5000,18163.0,"Магнит, Розничная сеть",От 1 года,Полный рабочий день,Не имеет значения,59.93079,30.203112,https://spb.superjob.ru/vakansii/direktor-magazina-magnit-51846948.html,113550.0
51847196,Монтажник строительных лисов и подмостей (СЛиП),140000,160000,rub,"['Строительство, проектирование, недвижимость', 'Рабочий персонал']","['Строительно-монтажные работы', 'Рабочий персонал, разное', 'Квалифицированный рабочий']",Санкт-Петербург,[],[],[],,2837310,более 5000,574.0,СтройТрансНефтеГаз,Без опыта,Полный рабочий день,Не имеет значения,,,https://spb.superjob.ru/vakansii/montazhnik-stroitelnyh-lisov-i-podmostej-51847196.html,150000.0
51847759,Инженер ПТО / Ведущий инженер ПТО,180000,205000,rub,"['Строительство, проектирование, недвижимость']","['Технический надзор, строительная экспертиза / ПТО']",Санкт-Петербург,[],[],[],,509989,1000 — 5000,127.0,Ленгазспецстрой,От 1 года,Полный рабочий день,Среднее специальное,,,https://spb.superjob.ru/vakansii/inzhener-pto-51847759.html,192500.0
51847914,Монтажник ЖБК,88000,170000,rub,"['Строительство, проектирование, недвижимость', 'Рабочий персонал']","['Строительно-монтажные работы', 'Рабочий персонал, разное', 'Квалифицированный рабочий']",Санкт-Петербург,[],[],[],,4156139,менее 50,51.0,"ФСК ""Мостоотряд-47""",От 1 года,Полный рабочий день,Не имеет значения,,,https://spb.superjob.ru/vakansii/montazhnik-zhbk-51847914.html,129000.0
47869139,Мастер по текущему ремонту (Плотник),65000,65000,rub,"['Рабочий персонал', 'Строительство, проектирование, недвижимость']","['Рабочий персонал, разное', 'Квалифицированный рабочий', 'Отделочные работы']",Санкт-Петербург,"['Петроградская', 'Чёрная Речка', 'Чкаловская', 'Старая Деревня']","['Московско-Петроградская', 'Московско-Петроградская', 'Фрунзенско-Приморская', 'Фрунзенско-Приморская']","['blue', 'blue', 'violet', 'violet']","Санкт-Петербург, Малая Разночинная улица, 10",3494791,500 — 1000,0.0,Управление комфортом,От 1 года,Полный рабочий день,Не имеет значения,59.958511,30.2897,https://spb.superjob.ru/vakansii/master-po-tekuschemu-remontu-47869139.html,65000.0
51676511,Электромонтер по обслуживанию электрооборудования ТЭЦ-14,74124,74124,rub,"['Строительство, проектирование, недвижимость']",['Электроснабжение'],Санкт-Петербург,"['Автово', 'Кировский завод']","['Кировско-Выборгская', 'Кировско-Выборгская']","['red', 'red']","Санкт-Петербург, Корабельная улица, 4с4",289082,более 5000,60.0,Территориальная генерирующая компания №1,Без опыта,Полный рабочий день,Не имеет значения,59.86879,30.242151,https://spb.superjob.ru/vakansii/elektromonter-po-obsluzhivaniyu-elektrooborudovaniya-tec-14-51676511.html,74124.0
51799276,Отделочник-универсал,120000,300000,rub,"['Рабочий персонал', 'Строительство, проектирование, недвижимость']","['Рабочий персонал, разное', 'Квалифицированный рабочий', 'Отделочные работы']",Санкт-Петербург,[],[],[],"Ленинградская обл, Кингисеппский р-н, тер Морской торговый порт Усть-Луга Южный район, Строительная база Усть-Луга внутриплощадочный пр-д",3797376,менее 50,337.0,JOBCART.RU,От 1 года,Полный рабочий день,Не имеет значения,59.410568,28.704184,https://spb.superjob.ru/vakansii/otdelochnik-universal-51799276.html,210000.0
27387917,Техник по эксплуатации зданий / Слесарь-ремонтник,86000,86000,rub,"['Строительство, проектирование, недвижимость', 'Услуги, ремонт, сервисное обслуживание', 'Рабочий персонал']","['Строительно-монтажные работы', 'Эксплуатация зданий', 'Торговое, складское, холодильное оборудование', 'Рабочий персонал, разное', 'Квалифицированный рабочий']",Санкт-Петербург,"['Купчино', 'Звёздная', 'Шушары']","['Московско-Петроградская', 'Московско-Петроградская', 'Фрунзенско-Приморская']","['blue', 'blue', 'violet']","Санкт-Петербург, Пушкинский район, посёлок Шушары, Пулковское шоссе, 56к4",664223,50 — 100,1.0,Техно-Ресурс,От 1 года,Полный рабочий день,Среднее специальное,59.798481,30.331669,https://spb.superjob.ru/vakansii/tehnik-po-ekspluatacii-zdanij-27387917.html,86000.0
27594890,Плотник,60000,60000,rub,"['Строительство, проектирование, недвижимость']",['Строительно-монтажные работы'],Санкт-Петербург,[],[],[],Санкт-Петербург,777442,1000 — 5000,4.0,ФПГ Росстро,От 1 года,Полный рабочий день,Не имеет значения,59.938786,30.314997,https://spb.superjob.ru/vakansii/plotnik-27594890.html,60000.0
41654966,Инженер-проектировщик слаботочных систем,110000,110000,rub,"['Строительство, проектирование, недвижимость']","['Проектирование', 'Слаботочные системы и сети']",Санкт-Петербург,['Московские Ворота'],['Московско-Петроградская'],['blue'],"Санкт-Петербург, Московский проспект, 79А",3304849,менее 50,2.0,Стандарт безопасности,От 1 года,Полный рабочий день,Высшее,59.899155,30.317251,https://spb.superjob.ru/vakansii/inzhener-proektirovschik-slabotochnyh-sistem-41654966.html,110000.0
50673532,Мастер по эксплуатации,60000,70000,rub,"['Строительство, проектирование, недвижимость', 'Рабочий персонал']","['Строительно-монтажные работы', 'Эксплуатация зданий', 'Другое', 'Рабочий персонал, разное']",Санкт-Петербург,[],[],[],"Санкт-Петербург, Выборгский район",4897819,менее 50,2.0,ЖКС №2 Выборгского района,От 1 года,Полный рабочий день,Не имеет значения,60.03223,30.330376,https://spb.superjob.ru/vakansii/master-po-ekspluatacii-50673532.html,65000.0
51541766,Инженер по эксплуатации сетей ВиК,100000,150000,rub,"['Строительство, проектирование, недвижимость']","['ЖКХ', 'Строительно-монтажные работы', 'Эксплуатация зданий', 'Другое']",Санкт-Петербург,[],[],[],"Санкт-Петербург, улица Академика Павлова, 14А",4814256,менее 50,0.0,АГЕНТСТВО ШУШАРЫ,От 3 лет,Полный рабочий день,Среднее специальное,59.97633,30.309328,https://spb.superjob.ru/vakansii/inzhener-po-ekspluatacii-setej-vik-51541766.html,125000.0
51558138,Инженер-проектировщик,68250,181125,rub,"['Строительство, проектирование, недвижимость']",['Проектирование'],Санкт-Петербург,[],[],[],"Санкт-Петербург, 2-й Муринский проспект, 36",419014,менее 50,2.0,ЗВСК ИНВЕСТ,Без опыта,Полный рабочий день,Высшее,59.999557,30.359158,https://spb.superjob.ru/vakansii/inzhener-proektirovschik-51558138.html,124687.5
51732092,Рабочий по комплексному обслуживанию и ремонту зданий,80000,85000,rub,"['Строительство, проектирование, недвижимость', 'Рабочий персонал']","['Эксплуатация зданий', 'Рабочий персонал, разное']",Санкт-Петербург,[],[],[],"Санкт-Петербург, проспект Энгельса, 27ВМ",2736003,500 — 1000,4.0,С. Е. Д.-СПб,От 3 лет,Полный рабочий день,Не имеет значения,60.010479,30.340519,https://spb.superjob.ru/vakansii/rabochij-po-kompleksnomu-obsluzhivaniyu-i-remontu-zdanij-51732092.html,82500.0
51757734,Главный специалист отдела проектирования Управления строительства и проектирования,81800,105200,rub,"['Строительство, проектирование, недвижимость']","['Подводно-технические работы', 'Проектирование', 'Сметное дело']",Санкт-Петербург,"['Московские Ворота', 'Фрунзенская']","['Московско-Петроградская', 'Московско-Петроградская']","['blue', 'blue']","Санкт-Петербург, Московский проспект, 83",4859700,1000 — 5000,27.0,"СПб ГКУ ""Организатор перевозок""",От 1 года,Полный рабочий день,Не имеет значения,59.89753,30.318419,https://spb.superjob.ru/vakansii/glavnyj-specialist-otdela-proektirovaniya-upravleniya-stroitelstva-i-proektirovaniya-51757734.html,93500.0
51796410,Электросварщик / ВАХТА,230000,300000,rub,"['Строительство, проектирование, недвижимость', 'Рабочий персонал']","['Строительно-монтажные работы', 'Квалифицированный рабочий']",Санкт-Петербург,[],[],[],,2837310,более 5000,574.0,СтройТрансНефтеГаз,От 1 года,Полный рабочий день,Не имеет значения,,,https://spb.superjob.ru/vakansii/elektrosvarschik-51796410.html,265000.0
51801635,Конструктор машиностроение,80000,90000,rub,"['Строительство, проектирование, недвижимость']",['Конструирование'],Санкт-Петербург,['Выборгская'],['Кировско-Выборгская'],['red'],"Санкт-Петербург, Большой Сампсониевский проспект, 64",794796,500 — 1000,32.0,НПО Компрессор,От 1 года,Полный рабочий день,Не имеет значения,59.976425,30.338093,https://spb.superjob.ru/vakansii/konstruktor-mashinostroenie-51801635.html,85000.0
51846037,Арматурщик с проживанием и питанием,83000,166000,rub,"['Строительство, проектирование, недвижимость']","['Транспортные системы (мосты, дороги, тоннели)']",Санкт-Петербург,[],[],[],,4156139,менее 50,51.0,"ФСК ""Мостоотряд-47""",От 1 года,Полный рабочий день,Не имеет значения,,,https://spb.superjob.ru/vakansii/armaturschik-s-prozhivaniem-i-pitaniem-51846037.html,124500.0
51846841,Продавец магазина Магнит,63200,89300,rub,"['Продажи', 'Строительство, проектирование, недвижимость']","['Агентства недвижимости, оценка недвижимости', 'Управление недвижимостью', 'Управление строительством, девелопмент']",Санкт-Петербург,[],[],[],"Санкт-Петербург, Дачный, 5",280168,более 5000,18163.0,"Магнит, Розничная сеть",Не имеет значения,Полный рабочий день,Не имеет значения,59.848026,30.241793,https://spb.superjob.ru/vakansii/prodavec-magazina-magnit-51846841.html,76250.0
51848103,Инженер ПТО / Ведущий инженер ПТО,180000,205000,rub,"['Строительство, проектирование, недвижимость']","['Проектирование', 'Сметное дело', 'Строительно-монтажные работы', 'Технический надзор, строительная экспертиза / ПТО']",Санкт-Петербург,[],[],[],"Жигаловский муниципальный округ, вахтовый посёлок Нючакан",509989,1000 — 5000,127.0,Ленгазспецстрой,От 1 года,Работа вахтовым методом,Высшее,55.412773,106.242165,https://spb.superjob.ru/vakansii/inzhener-pto-51848103.html,192500.0
51862523,Ведущий специалист Отдела координации и сопровождения грантов и научных премий (УНИ),71055,76055,rub,"['Строительство, проектирование, недвижимость']","['Экологическое сопровождение проектов', 'Управление проектами (ГИП)']",Санкт-Петербург,[],[],[],"Санкт-Петербург, Университетская набережная, 7-9-11В",291920,более 5000,154.0,ФГБОУ ВО Санкт-Петербургский государственный университет,От 1 года,Полный рабочий день,Высшее,59.939781,30.299456,https://spb.superjob.ru/vakansii/veduschij-specialist-otdela-koordinacii-i-soprovozhdeniya-grantov-i-nauchnyh-premij-51862523.html,73555.0
51863270,Монтажник бассейного оборудования,100000,200000,rub,"['Строительство, проектирование, недвижимость', 'Рабочий персонал']","['Строительно-монтажные работы', 'Рабочий персонал, разное', 'Квалифицированный рабочий']",Санкт-Петербург,"['Чёрная Речка', 'Старая Деревня', 'Комендантский проспект']","['Московско-Петроградская', 'Фрунзенско-Приморская', 'Фрунзенско-Приморская']","['blue', 'violet', 'violet']","Санкт-Петербург, Торфяная дорога, д. 7Ф",4353589,менее 50,340.0,Jobers,От 1 года,Полный рабочий день,Не имеет значения,59.990826,30.260101,https://spb.superjob.ru/vakansii/montazhnik-bassejnogo-oborudovaniya-51863270.html,150000.0
25177967,Дворник,35000,40000,rub,"['Строительство, проектирование, недвижимость', 'Рабочий персонал']","['Благоустройство территорий', 'Рабочий персонал, разное']",Санкт-Петербург,['Международная'],['Фрунзенско-Приморская'],['violet'],"Санкт-Петербург, Пражская улица, 7к4",764653,менее 50,4.0,ГОУ СОШ №236 Фрунзенского района Санкт-Петербурга,Без опыта,Полный рабочий день,Среднее,59.876858,30.380152,https://spb.superjob.ru/vakansii/dvornik-25177967.html,37500.0
27594898,Маляр-штукатур,60000,60000,rub,"['Строительство, проектирование, недвижимость']","['Благоустройство территорий', 'ЖКХ', 'Строительно-монтажные работы', 'Эксплуатация зданий', 'Другое']",Санкт-Петербург,[],[],[],,777442,1000 — 5000,4.0,ФПГ Росстро,От 1 года,Полный рабочий день,Не имеет значения,,,https://spb.superjob.ru/vakansii/malyar-shtukatur-27594898.html,60000.0
51315564,Рабочий по комплексному обслуживанию здания,50000,70000,rub,"['Административная работа, секретариат, АХО', 'Строительство, проектирование, недвижимость', 'Рабочий персонал']","['АХО', 'Эксплуатация зданий', 'Рабочий персонал, разное']",Санкт-Петербург,[],[],[],"Санкт-Петербург, Большая аллея, 22И",2756555,50 — 100,8.0,Санкт-Петербургский морской рыбопромышленный колледж,От 1 года,Полный рабочий день,Не имеет значения,59.979877,30.280331,https://spb.superjob.ru/vakansii/rabochij-po-kompleksnomu-obsluzhivaniyu-zdaniya-51315564.html,60000.0
51672810,Маляр (ТЭЦ-7 / ТЭЦ-14 / ТЭЦ-21 / ТЭЦ-22 / ЦТЭЦ),65250,65250,rub,"['Строительство, проектирование, недвижимость', 'Рабочий персонал']","['Строительно-монтажные работы', 'Рабочий персонал, разное', 'Квалифицированный рабочий']",Санкт-Петербург,"['Технологический институт 1', 'Площадь Восстания', 'Гражданский Проспект', 'Купчино', 'Фрунзенская', 'Проспект Просвещения', 'Площадь Александра Невского 1', 'Приморская', 'Шушары', 'Горный институт']","['Кировско-Выборгская', 'Кировско-Выборгская', 'Кировско-Выборгская', 'Московско-Петроградская', 'Московско-Петроградская', 'Московско-Петроградская', 'Невско-Василеостровская', 'Невско-Василеостровская', 'Фрунзенско-Приморская', 'Правобережная']","['red', 'red', 'red', 'blue', 'blue', 'blue', 'green', 'green', 'violet', 'yellow']",Санкт-Петербург,289082,более 5000,60.0,Территориальная генерирующая компания №1,От 1 года,Полный рабочий день,Не имеет значения,59.938786,30.314997,https://spb.superjob.ru/vakansii/malyar-51672810.html,65250.0
51691112,"Сборщик заказов (Санкт-Петербург, Парголово, Архитектора Белова, 6)",63000,90600,rub,"['Строительство, проектирование, недвижимость']","['Подводно-технические работы', 'Другое']",Санкт-Петербург,[],[],[],,2635306,более 5000,49868.0,Пятёрочка,Не имеет значения,Полный рабочий день,Не имеет значения,,,https://spb.superjob.ru/vakansii/sborschik-zakazov-51691112.html,76800.0
45860036,Рабочий по текущему обслуживанию здания,26000,35000,rub,"['Административная работа, секретариат, АХО', 'Строительство, проектирование, недвижимость', 'Рабочий персонал']","['АХО', 'Эксплуатация зданий', 'Рабочий персонал, разное']",Санкт-Петербург,"['Обухово', 'Пролетарская']","['Невско-Василеостровская', 'Невско-Василеостровская']","['green', 'green']","Санкт-Петербург, 2-й Рабфаковский переулок, 1к4",4320571,менее 50,4.0,ГБОУ СОШ №527 Невского района Санкт-Петербурга,Без опыта,Полный рабочий день,Не имеет значения,59.854488,30.467369,https://spb.superjob.ru/vakansii/rabochij-po-tekuschemu-obsluzhivaniyu-zdaniya-45860036.html,30500.0
50324249,Слесарь-сантехник,100000,120000,rub,"['Строительство, проектирование, недвижимость', 'Рабочий персонал']","['Водоснабжение, канализация', 'Рабочий персонал, разное', 'Квалифицированный рабочий']",Санкт-Петербург,"['Нарвская', 'Балтийская']","['Кировско-Выборгская', 'Кировско-Выборгская']","['red', 'red']","Санкт-Петербург, Курляндская улица, 19-21",4576876,50 — 100,0.0,УК СТИЛЬ ЭКСПЛУАТАЦИЯ,Без опыта,Полный рабочий день,Среднее специальное,59.911934,30.281813,https://spb.superjob.ru/vakansii/slesar-santehnik-50324249.html,110000.0
50515145,Бригадир/Кладовщик (в ночь),90000,105000,rub,"['Транспорт, логистика, ВЭД', 'Строительство, проектирование, недвижимость', 'Рабочий персонал']","['Складское хозяйство', 'Строительно-монтажные работы', 'Эксплуатация зданий', 'Квалифицированный рабочий']",Санкт-Петербург,[],[],[],"Санкт-Петербург, Кубинская улица, 84В",53974,100 — 500,2.0,Петербалт,От 1 года,Сменный график работы,Не имеет значения,59.840218,30.306255,https://spb.superjob.ru/vakansii/brigadir-50515145.html,97500.0
50007867,Мастер участка / Начальник участка,80000,95000,rub,"['Строительство, проектирование, недвижимость', 'Услуги, ремонт, сервисное обслуживание']","['Благоустройство территорий', 'ЖКХ', 'Эксплуатация зданий', 'Клининг']",Санкт-Петербург,"['Горьковская', 'Петроградская', 'Спортивная', 'Чкаловская']","['Московско-Петроградская', 'Московско-Петроградская', 'Фрунзенско-Приморская', 'Фрунзенско-Приморская']","['blue', 'blue', 'violet', 'violet']",,2015778,50 — 100,4.0,ГКУ Жилищное агентство Петроградского района,От 3 лет,Полный рабочий день,Среднее специальное,,,https://spb.superjob.ru/vakansii/master-uchastka-50007867.html,87500.0
50673172,Слесарь-сантехник,60000,70000,rub,"['Строительство, проектирование, недвижимость', 'Рабочий персонал']","['Водоснабжение, канализация', 'Рабочий персонал, разное', 'Квалифицированный рабочий']",Санкт-Петербург,[],[],[],"Санкт-Петербург, Выборгский район",4897819,менее 50,2.0,ЖКС №2 Выборгского района,Без опыта,Сменный график работы,Среднее специальное,60.03223,30.330376,https://spb.superjob.ru/vakansii/slesar-santehnik-50673172.html,65000.0
47880595,Дежурный техник в аварийную службу,9000,9000,rub,"['Строительство, проектирование, недвижимость', 'Рабочий персонал']","['ЖКХ', 'Эксплуатация зданий', 'Электроснабжение', 'Слаботочные системы и сети', 'Квалифицированный рабочий']",Санкт-Петербург,[],[],[],Санкт-Петербург,3494791,500 — 1000,0.0,Управление комфортом,От 1 года,Сменный график работы,Среднее специальное,59.938786,30.314997,https://spb.superjob.ru/vakansii/dezhurnyj-tehnik-v-avarijnuyu-sluzhbu-47880595.html,9000.0
51653854,Монтажник строительных лесов и подмостей,140000,160000,rub,"['Строительство, проектирование, недвижимость', 'Рабочий персонал']","['Строительно-монтажные работы', 'Рабочий персонал, разное', 'Квалифицированный рабочий']",Санкт-Петербург,[],[],[],,2837310,более 5000,574.0,СтройТрансНефтеГаз,Без опыта,Полный рабочий день,Не имеет значения,,,https://spb.superjob.ru/vakansii/montazhnik-stroitelnyh-lesov-i-podmostej-51653854.html,150000.0
51757817,Главный специалист-сметчик отдела строительства Управления строительства и проектирования,100000,100000,rub,"['Строительство, проектирование, недвижимость']","['Сметное дело', 'Строительно-монтажные работы', 'Управление проектами (ГИП)']",Санкт-Петербург,"['Московские Ворота', 'Фрунзенская']","['Московско-Петроградская', 'Московско-Петроградская']","['blue', 'blue']","Санкт-Петербург, Московский проспект, 83",4859700,1000 — 5000,27.0,"СПб ГКУ ""Организатор перевозок""",От 1 года,Полный рабочий день,Высшее,59.89753,30.318419,https://spb.superjob.ru/vakansii/glavnyj-specialist-smetchik-otdela-stroitelstva-upravleniya-stroitelstva-i-proektirovaniya-51757817.html,100000.0
51792742,Наладчик КИП и А,70000,150000,rub,"['Строительство, проектирование, недвижимость']","['Отопление, вентиляция и кондиционирование']",Санкт-Петербург,"['Площадь Ленина', 'Выборгская', 'Лесная']","['Кировско-Выборгская', 'Кировско-Выборгская', 'Кировско-Выборгская']","['red', 'red', 'red']","Санкт-Петербург, Полюстровский проспект",4353589,менее 50,340.0,Jobers,От 1 года,Полный рабочий день,Среднее специальное,59.973408,30.378885,https://spb.superjob.ru/vakansii/naladchik-kip-i-a-51792742.html,110000.0
51846824,Продавец магазина Магнит,66700,95200,rub,"['Строительство, проектирование, недвижимость']","['ЖКХ', 'Строительно-монтажные работы', 'Управление недвижимостью']",Санкт-Петербург,[],[],[],"Санкт-Петербург, проспект Крузенштерна, 4",280168,более 5000,18163.0,"Магнит, Розничная сеть",Не имеет значения,Полный рабочий день,Не имеет значения,59.932636,30.197704,https://spb.superjob.ru/vakansii/prodavec-magazina-magnit-51846824.html,80950.0
51849979,Рабочий по комплексному обслуживанию здания (плиточные работы),102000,102000,rub,"['Административная работа, секретариат, АХО', 'Строительство, проектирование, недвижимость', 'Рабочий персонал']","['АХО', 'Эксплуатация зданий', 'Рабочий персонал, разное']",Санкт-Петербург,"['Проспект Просвещения', 'Парнас']","['Московско-Петроградская', 'Московско-Петроградская']","['blue', 'blue']","посёлок Парголово, Михайловская дорога, 14к1",124076,500 — 1000,4.0,ЦДС,От 1 года,Полный рабочий день,Не имеет значения,,,https://spb.superjob.ru/vakansii/rabochij-po-kompleksnomu-obsluzhivaniyu-zdaniya-51849979.html,102000.0
51852404,Электромонтер ОВБ,70000,95000,rub,"['Строительство, проектирование, недвижимость', 'Рабочий персонал']","['Электроснабжение', 'Квалифицированный рабочий']",Санкт-Петербург,"['Академическая', 'Гражданский Проспект']","['Кировско-Выборгская', 'Кировско-Выборгская']","['red', 'red']",,2113874,менее 50,1.0,Ленсеть,От 1 года,Полный рабочий день,Не имеет значения,,,https://spb.superjob.ru/vakansii/elektromonter-ovb-51852404.html,82500.0
51863009,Монтажник на отделочные работы,130000,140000,rub,"['Строительство, проектирование, недвижимость']","['Строительно-монтажные работы', 'Отделочные работы']",Санкт-Петербург,[],[],[],,509989,1000 — 5000,127.0,Ленгазспецстрой,От 1 года,Полный рабочий день,Не имеет значения,,,https://spb.superjob.ru/vakansii/montazhnik-na-otdelochnye-raboty-51863009.html,135000.0
51672889,Электромонтер по ремонту / обслуживанию оборудования (ЦТЭЦ / ТЭЦ-22 / ТЭЦ-15),72000,87000,rub,"['Строительство, проектирование, недвижимость', 'Рабочий персонал']","['Электроснабжение', 'Квалифицированный рабочий']",Санкт-Петербург,[],[],[],,289082,более 5000,60.0,Территориальная генерирующая компания №1,Без опыта,Полный рабочий день,Не имеет значения,,,https://spb.superjob.ru/vakansii/elektromonter-po-remontu-51672889.html,79500.0
51852478,Инженер ПТО,85000,87000,rub,"['Строительство, проектирование, недвижимость']","['Технический надзор, строительная экспертиза / ПТО']",Санкт-Петербург,"['Гражданский Проспект', 'Проспект Просвещения']","['Кировско-Выборгская', 'Московско-Петроградская']","['red', 'blue']",пр. Просвещения д. 53 корп.1,4961478,менее 50,1.0,Крист-Ал,От 1 года,Полный рабочий день,Не имеет значения,,,https://spb.superjob.ru/vakansii/inzhener-pto-51852478.html,86000.0
51837511,Мастер по сдаче квартир,134000,139000,rub,"['Строительство, проектирование, недвижимость']","['Сметное дело', 'Строительно-монтажные работы', 'Технический надзор, строительная экспертиза / ПТО']",Санкт-Петербург,[],[],[],"Санкт-Петербург, Партизанская улица, 5Б",9746,более 5000,1386.0,Группа ЛСР,Без опыта,Полный рабочий день,Не имеет значения,59.943367,30.425858,https://spb.superjob.ru/vakansii/master-po-sdache-kvartir-51837511.html,136500.0
31991194,Кладовщик-грузчик,65000,75000,rub,"['Транспорт, логистика, ВЭД', 'Строительство, проектирование, недвижимость']","['Складское хозяйство', 'Строительно-монтажные работы']",Санкт-Петербург,[],[],[],"Ленинградская область, Всеволожский район, Мурино",3392551,менее 50,2.0,ПетроПромАльянс,От 1 года,Полный рабочий день,Не имеет значения,60.051285,30.438578,https://spb.superjob.ru/vakansii/kladovschik-gruzchik-31991194.html,70000.0
43221813,Электрик,65000,65000,rub,"['Административная работа, секретариат, АХО', 'Строительство, проектирование, недвижимость', 'Рабочий персонал']","['АХО', 'Строительно-монтажные работы', 'Электроснабжение', 'Квалифицированный рабочий']",Санкт-Петербург,['Горьковская'],['Московско-Петроградская'],['blue'],"Санкт-Петербург, Троицкая площадь Петроградской стороны, 3",777442,1000 — 5000,4.0,ФПГ Росстро,От 1 года,Полный рабочий день,Среднее специальное,59.953407,30.327385,https://spb.superjob.ru/vakansii/elektrik-43221813.html,65000.0
47856584,Инженер по договорной работе,108296,108296,rub,"['Строительство, проектирование, недвижимость', 'Закупки, снабжение']","['Водоснабжение, канализация', 'Управление строительством, девелопмент', 'Газоснабжение', 'Госзакупки']",Санкт-Петербург,"['Удельная', 'Озерки', 'Проспект Просвещения']","['Московско-Петроградская', 'Московско-Петроградская', 'Московско-Петроградская']","['blue', 'blue', 'blue']",Санкт-Петербург,758301,50 — 100,1.0,"""Особая экономическая зона ""Санкт-Петербург""",От 3 лет,Полный рабочий день,Высшее,59.938786,30.314997,https://spb.superjob.ru/vakansii/inzhener-po-dogovornoj-rabote-47856584.html,108296.0
50814233,Слесарь-сантехник,100000,100000,rub,"['Строительство, проектирование, недвижимость', 'Рабочий персонал']","['Водоснабжение, канализация', 'Рабочий персонал, разное', 'Квалифицированный рабочий']",Санкт-Петербург,"['Купчино', 'Московская']","['Московско-Петроградская', 'Московско-Петроградская']","['blue', 'blue']","Пушкин, Парковая улица, 64-68",3404634,500 — 1000,31.0,"ФГБУ ""НМИЦ детской травматологии и ортопедии имени Г. И. Турнера"" Минздрава России",От 1 года,Полный рабочий день,Не имеет значения,,,https://spb.superjob.ru/vakansii/slesar-santehnik-50814233.html,100000.0
51034578,Ведущий специалист по договорной работе,65000,75000,rub,"['Бухгалтерия, финансы, аудит', 'Строительство, проектирование, недвижимость', 'Закупки, снабжение']","['Бюджетирование и планирование', 'Экономический анализ', 'ЖКХ', 'Госзакупки']",Санкт-Петербург,"['Горьковская', 'Петроградская', 'Спортивная', 'Чкаловская']","['Московско-Петроградская', 'Московско-Петроградская', 'Фрунзенско-Приморская', 'Фрунзенско-Приморская']","['blue', 'blue', 'violet', 'violet']","Санкт-Петербург, Большая Монетная улица, 11",2015778,50 — 100,4.0,ГКУ Жилищное агентство Петроградского района,От 1 года,Полный рабочий день,Не имеет значения,59.961018,30.315823,https://spb.superjob.ru/vakansii/veduschij-specialist-po-dogovornoj-rabote-51034578.html,70000.0
51725195,"Техник (БЦ Московский, 212) сотрудник АХО",60000,70000,rub,"['Административная работа, секретариат, АХО', 'Строительство, проектирование, недвижимость', 'Рабочий персонал']","['АХО', 'Отопление, вентиляция и кондиционирование', 'Эксплуатация зданий', 'Отделочные работы', 'Квалифицированный рабочий']",Санкт-Петербург,['Московская'],['Московско-Петроградская'],['blue'],"Санкт-Петербург, Московский проспект, 212",13775,1000 — 5000,21.0,Setl Group,Без опыта,Полный рабочий день,Среднее специальное,59.852119,30.32725,https://spb.superjob.ru/vakansii/tehnik-51725195.html,65000.0
51715919,Электросварщик СК (металлоконструкции),165000,210000,rub,"['Строительство, проектирование, недвижимость', 'Рабочий персонал']","['Строительно-монтажные работы', 'Квалифицированный рабочий']",Санкт-Петербург,[],[],[],,2837310,более 5000,574.0,СтройТрансНефтеГаз,От 1 года,Полный рабочий день,Не имеет значения,,,https://spb.superjob.ru/vakansii/elektrosvarschik-sk-51715919.html,187500.0
51753530,Маляр-штукатур,99000,99000,rub,"['Строительство, проектирование, недвижимость', 'Рабочий персонал']","['Строительно-монтажные работы', 'Отделочные работы', 'Рабочий персонал, разное']",Санкт-Петербург,[],[],[],Санкт-Петербург,2092021,500 — 1000,3.0,ЛСР. СЕРВИС,От 1 года,Полный рабочий день,Не имеет значения,59.938786,30.314997,https://spb.superjob.ru/vakansii/malyar-shtukatur-51753530.html,99000.0
51765799,Маляр 4 разряда,55000,58000,rub,"['Строительство, проектирование, недвижимость', 'Рабочий персонал']","['Строительно-монтажные работы', 'Рабочий персонал, разное', 'Квалифицированный рабочий']",Санкт-Петербург,[],[],[],"Санкт-Петербург, улица Дыбенко, 35",441150,более 5000,126.0,"СПб ГУП ""Горэлектротранс""",Без опыта,Полный рабочий день,Не имеет значения,59.909008,30.495422,https://spb.superjob.ru/vakansii/malyar-4-razryada-51765799.html,56500.0
51794367,Специалист по обслуживанию систем вентиляции и кондиционирования,90000,120000,rub,"['Строительство, проектирование, недвижимость', 'Услуги, ремонт, сервисное обслуживание', 'Рабочий персонал']","['Отопление, вентиляция и кондиционирование', 'Другое', 'Квалифицированный рабочий']",Санкт-Петербург,[],[],[],"Санкт-Петербург, Петродворцовый район",4958529,менее 50,1.0,ТРАСТ,От 1 года,Полный рабочий день,Не имеет значения,59.877796,29.866827,https://spb.superjob.ru/vakansii/specialist-po-obsluzhivaniyu-sistem-ventilyacii-i-kondicionirovaniya-51794367.html,105000.0
51846007,Электрогазосварщик,88000,190000,rub,"['Бухгалтерия, финансы, аудит', 'Строительство, проектирование, недвижимость']","['Бухгалтерский учет', 'Строительно-монтажные работы']",Санкт-Петербург,[],[],[],,4156139,менее 50,51.0,"ФСК ""Мостоотряд-47""",От 1 года,Работа вахтовым методом,Не имеет значения,,,https://spb.superjob.ru/vakansii/elektrogazosvarschik-51846007.html,139000.0
51846817,Продавец кафе/прилавков в Гипермаркет,70000,105000,rub,"['Строительство, проектирование, недвижимость', 'Топ-персонал']","['Благоустройство территорий', 'Туризм, гостиницы, общественное питание']",Санкт-Петербург,[],[],[],"Санкт-Петербург, Ленинский проспект, 49",280168,более 5000,18163.0,"Магнит, Розничная сеть",Без опыта,Полный рабочий день,Не имеет значения,59.863728,30.165688,https://spb.superjob.ru/vakansii/prodavec-kafe-51846817.html,87500.0
51862920,Каменщик-отделочник,140000,150000,rub,"['Строительство, проектирование, недвижимость', 'Рабочий персонал']","['Строительно-монтажные работы', 'Отделочные работы', 'Рабочий персонал, разное', 'Квалифицированный рабочий']",Санкт-Петербург,[],[],[],,509989,1000 — 5000,127.0,Ленгазспецстрой,От 1 года,Полный рабочий день,Не имеет значения,,,https://spb.superjob.ru/vakansii/kamenschik-otdelochnik-51862920.html,145000.0
51672926,Электрогазосварщик (ТЭЦ-15 / ЦТЭЦ),85340,96657,rub,"['Строительство, проектирование, недвижимость', 'Рабочий персонал']","['Благоустройство территорий', 'Строительно-монтажные работы', 'Квалифицированный рабочий']",Санкт-Петербург,[],[],[],,289082,более 5000,60.0,Территориальная генерирующая компания №1,От 1 года,Полный рабочий день,Не имеет значения,,,https://spb.superjob.ru/vakansii/elektrogazosvarschik-51672926.html,90998.5
51673124,"Электрослесарь по ремонту / Обслуживанию автоматики и средств измерений (ТЭЦ-15, ЦТЭЦ, ТЭЦ-22)",73500,89175,rub,"['Строительство, проектирование, недвижимость', 'Рабочий персонал']","['Электроснабжение', 'Рабочий персонал, разное', 'Квалифицированный рабочий']",Санкт-Петербург,[],[],[],,289082,более 5000,60.0,Территориальная генерирующая компания №1,От 1 года,Сменный график работы,Не имеет значения,,,https://spb.superjob.ru/vakansii/elektroslesar-po-remontu-51673124.html,81337.5
51673137,"Электромонтер по ремонту аппаратуры, релейной защиты и автоматики ЦТЭЦ",66294,66294,rub,"['Строительство, проектирование, недвижимость', 'Рабочий персонал']","['Электроснабжение', 'Слаботочные системы и сети', 'Рабочий персонал, разное', 'Квалифицированный рабочий']",Санкт-Петербург,"['Фрунзенская', 'Технологический институт 2']","['Московско-Петроградская', 'Московско-Петроградская']","['blue', 'blue']","Санкт-Петербург, набережная Обводного канала, 76",289082,более 5000,60.0,Территориальная генерирующая компания №1,Без опыта,Полный рабочий день,Среднее специальное,59.910221,30.326487,https://spb.superjob.ru/vakansii/elektromonter-po-remontu-apparatury-51673137.html,66294.0
51845995,Инженер ПТО,80000,150000,rub,"['Строительство, проектирование, недвижимость']","['Технический надзор, строительная экспертиза / ПТО']",Санкт-Петербург,[],[],[],"г Санкт-Петербург, ул Новосёлов, д 8а",3797376,менее 50,337.0,JOBCART.RU,От 1 года,Полный рабочий день,Не имеет значения,59.883747,30.46126,https://spb.superjob.ru/vakansii/inzhener-pto-51845995.html,115000.0
51725147,Электромонтёр (строительная площадка),104000,138000,rub,"['Строительство, проектирование, недвижимость', 'Рабочий персонал']","['Эксплуатация зданий', 'Электроснабжение', 'Слаботочные системы и сети', 'Рабочий персонал, разное', 'Квалифицированный рабочий']",Санкт-Петербург,"['Рыбацкое', 'Пролетарская']","['Невско-Василеостровская', 'Невско-Василеостровская']","['green', 'green']","Ленинградская область, Всеволожский район, Свердловское городское поселение, деревня Новосаратовка, ЖК Город Звёзд",13775,1000 — 5000,21.0,Setl Group,От 1 года,Полный рабочий день,Среднее специальное,59.854046,30.549034,https://spb.superjob.ru/vakansii/elektromontjor-51725147.html,121000.0
51782548,Слесарь-сантехник,78800,94500,rub,"['Строительство, проектирование, недвижимость', 'Рабочий персонал']","['Водоснабжение, канализация', 'Рабочий персонал, разное', 'Квалифицированный рабочий']",Санкт-Петербург,['Горьковская'],['Московско-Петроградская'],['blue'],"Санкт-Петербург, Большая Посадская улица, 24/2С",441150,более 5000,126.0,"СПб ГУП ""Горэлектротранс""",От 1 года,Полный рабочий день,Не имеет значения,59.961105,30.327259,https://spb.superjob.ru/vakansii/slesar-santehnik-51782548.html,86650.0
51788136,Электромонтер контактной сети 4-6 разряда,90700,102000,rub,"['Строительство, проектирование, недвижимость', 'Рабочий персонал']","['Электроснабжение', 'Квалифицированный рабочий']",Санкт-Петербург,[],[],[],"Санкт-Петербург, Автовская улица, 33",441150,более 5000,126.0,"СПб ГУП ""Горэлектротранс""",От 1 года,Полный рабочий день,Не имеет значения,59.876266,30.279144,https://spb.superjob.ru/vakansii/elektromonter-kontaktnoj-seti-4-6-razryada-51788136.html,96350.0
51846800,Работник торгового зала в Гипермаркет Магнит,65400,94100,rub,"['Строительство, проектирование, недвижимость']","['Управление недвижимостью', 'Другое']",Санкт-Петербург,[],[],[],"Санкт-Петербург, Кушелевская дорога, 1к1",280168,более 5000,18163.0,"Магнит, Розничная сеть",Не имеет значения,Сменный график работы,Не имеет значения,59.986694,30.367647,https://spb.superjob.ru/vakansii/rabotnik-torgovogo-zala-v-gipermarket-magnit-51846800.html,79750.0
51846804,Продавец магазина Магнит,66700,95200,rub,"['Строительство, проектирование, недвижимость']","['Водоснабжение, канализация', 'Строительно-монтажные работы']",Санкт-Петербург,[],[],[],"Санкт-Петербург, Миклухо-Маклая, 1",280168,более 5000,18163.0,"Магнит, Розничная сеть",Не имеет значения,Полный рабочий день,Не имеет значения,59.929867,30.201405,https://spb.superjob.ru/vakansii/prodavec-magazina-magnit-51846804.html,80950.0
51846812,Продавец магазина Магнит,63200,90500,rub,"['Строительство, проектирование, недвижимость']","['Конструирование', 'Сметное дело', 'Технический надзор, строительная экспертиза / ПТО']",Санкт-Петербург,[],[],[],"Санкт-Петербург, Будапештская улица, 97к2",280168,более 5000,18163.0,"Магнит, Розничная сеть",Не имеет значения,Полный рабочий день,Не имеет значения,59.828609,30.406033,https://spb.superjob.ru/vakansii/prodavec-magazina-magnit-51846812.html,76850.0
51846819,Продавец магазина Магнит,63200,90500,rub,"['Продажи', 'Строительство, проектирование, недвижимость']","['Агентства недвижимости, оценка недвижимости', 'Управление недвижимостью', 'Управление строительством, девелопмент']",Санкт-Петербург,[],[],[],"Санкт-Петербург, Софийская, 29",280168,более 5000,18163.0,"Магнит, Розничная сеть",Не имеет значения,Полный рабочий день,Не имеет значения,59.87923,30.394354,https://spb.superjob.ru/vakansii/prodavec-magazina-magnit-51846819.html,76850.0
51673708,Маляр,50000,80000,rub,"['Строительство, проектирование, недвижимость', 'Рабочий персонал']","['Строительно-монтажные работы', 'Отделочные работы', 'Рабочий персонал, разное', 'Квалифицированный рабочий']",Санкт-Петербург,[],[],[],"Санкт-Петербург, набережная канала Грибоедова, 30-32",4763170,1000 — 5000,29.0,СПбГЭУ,От 1 года,Полный рабочий день,Не имеет значения,59.931915,30.32593,https://spb.superjob.ru/vakansii/malyar-51673708.html,65000.0
51673692,Плиточник,50000,100000,rub,"['Строительство, проектирование, недвижимость', 'Рабочий персонал']","['Строительно-монтажные работы', 'Отделочные работы', 'Рабочий персонал, разное', 'Квалифицированный рабочий']",Санкт-Петербург,[],[],[],"Санкт-Петербург, набережная канала Грибоедова, 30-32",4763170,1000 — 5000,29.0,СПбГЭУ,От 1 года,Полный рабочий день,Не имеет значения,59.931915,30.32593,https://spb.superjob.ru/vakansii/plitochnik-51673692.html,75000.0
51672894,Слесарь-сантехник,62500,74400,rub,"['Строительство, проектирование, недвижимость', 'Рабочий персонал']","['Водоснабжение, канализация', 'Рабочий персонал, разное', 'Квалифицированный рабочий']",Санкт-Петербург,"['Кировский завод', 'Площадь Ленина', 'Гражданский Проспект', 'Фрунзенская', 'Проспект Просвещения', 'Приморская', 'Обводный канал']","['Кировско-Выборгская', 'Кировско-Выборгская', 'Кировско-Выборгская', 'Московско-Петроградская', 'Московско-Петроградская', 'Невско-Василеостровская', 'Фрунзенско-Приморская']","['red', 'red', 'red', 'blue', 'blue', 'green', 'violet']",,289082,более 5000,60.0,Территориальная генерирующая компания №1,От 1 года,Полный рабочий день,Не имеет значения,,,https://spb.superjob.ru/vakansii/slesar-santehnik-51672894.html,68450.0
51673006,Электромонтер по ремонту/обслуживанию электрооборудования (ТЭЦ-7/ТЭЦ-21),60030,83520,rub,"['Строительство, проектирование, недвижимость', 'Рабочий персонал']","['Электроснабжение', 'Квалифицированный рабочий']",Санкт-Петербург,"['Гражданский Проспект', 'Девяткино', 'Проспект Просвещения', 'Приморская', 'Василеостровская', 'Горный институт']","['Кировско-Выборгская', 'Кировско-Выборгская', 'Московско-Петроградская', 'Невско-Василеостровская', 'Невско-Василеостровская', 'Правобережная']","['red', 'red', 'blue', 'green', 'green', 'yellow']",Санкт-Петербург,289082,более 5000,60.0,Территориальная генерирующая компания №1,От 1 года,Полный рабочий день,Не имеет значения,59.938786,30.314997,https://spb.superjob.ru/vakansii/elektromonter-po-remontu-51673006.html,71775.0
51673020,Электромонтер по ремонту/обслуживанию электрооборудования (ТЭЦ-5 / ТЭЦ-17),65859,87870,rub,"['Строительство, проектирование, недвижимость', 'Рабочий персонал']","['Электроснабжение', 'Квалифицированный рабочий']",Санкт-Петербург,"['Площадь Ленина', 'Выборгская', 'Ломоносовская', 'Улица Дыбенко']","['Кировско-Выборгская', 'Кировско-Выборгская', 'Невско-Василеостровская', 'Правобережная']","['red', 'red', 'green', 'yellow']",,289082,более 5000,60.0,Территориальная генерирующая компания №1,От 1 года,Полный рабочий день,Не имеет значения,,,https://spb.superjob.ru/vakansii/elektromonter-po-remontu-51673020.html,76864.5
51673036,Электрослесарь по ремонту / обслуживанию автоматики и средств измерений (ТЭЦ-5/ТЭЦ-17),60117,90480,rub,"['Строительство, проектирование, недвижимость', 'Рабочий персонал']","['Электроснабжение', 'Квалифицированный рабочий']",Санкт-Петербург,"['Площадь Ленина', 'Выборгская', 'Ломоносовская', 'Улица Дыбенко']","['Кировско-Выборгская', 'Кировско-Выборгская', 'Невско-Василеостровская', 'Правобережная']","['red', 'red', 'green', 'yellow']",,289082,более 5000,60.0,Территориальная генерирующая компания №1,От 1 года,Полный рабочий день,Не имеет значения,,,https://spb.superjob.ru/vakansii/elektroslesar-po-remontu-51673036.html,75298.5
51673657,Электрогазосварщик (ТЭЦ-5),82389,82389,rub,"['Строительство, проектирование, недвижимость', 'Рабочий персонал']","['Благоустройство территорий', 'Строительно-монтажные работы', 'Квалифицированный рабочий']",Санкт-Петербург,"['Ломоносовская', 'Улица Дыбенко']","['Невско-Василеостровская', 'Правобережная']","['green', 'yellow']",,289082,более 5000,60.0,Территориальная генерирующая компания №1,От 1 года,Полный рабочий день,Не имеет значения,,,https://spb.superjob.ru/vakansii/elektrogazosvarschik-51673657.html,82389.0
51726408,Ведущий специалист ПТО в Египет,165000,165000,rub,"['Строительство, проектирование, недвижимость']","['Технический надзор, строительная экспертиза / ПТО']",Санкт-Петербург,[],[],[],город Эль-Дабаа,970633,более 5000,2342.0,Трест Росспецэнергомонтаж,От 3 лет,Полный рабочий день,Не имеет значения,31.027443,28.438936,https://spb.superjob.ru/vakansii/veduschij-specialist-pto-v-egipet-51726408.html,165000.0
51469826,Слесарь-сантехник РЭО,50000,70000,rub,"['Строительство, проектирование, недвижимость', 'Рабочий персонал']","['Водоснабжение, канализация', 'Рабочий персонал, разное', 'Квалифицированный рабочий']",Санкт-Петербург,[],[],[],,291920,более 5000,154.0,ФГБОУ ВО Санкт-Петербургский государственный университет,От 3 лет,Полный рабочий день,Не имеет значения,,,https://spb.superjob.ru/vakansii/slesar-santehnik-reo-51469826.html,60000.0
51540101,Специалист по работе с собственниками жилья,65000,65000,rub,"['Строительство, проектирование, недвижимость']",['ЖКХ'],Санкт-Петербург,[],[],[],"Санкт-Петербург, проспект Ударников, 39к1",3726622,100 — 500,20.0,Жилкомсервис № 2 Красногвардейского района,От 1 года,Полный рабочий день,Высшее,59.954281,30.485218,https://spb.superjob.ru/vakansii/specialist-po-rabote-s-sobstvennikami-zhilya-51540101.html,65000.0
51638500,Главный инженер по эксплуатации,130000,195000,rub,"['Строительство, проектирование, недвижимость']",['Эксплуатация зданий'],Санкт-Петербург,[],[],[],"Санкт-Петербург, проспект Ударников, 39к1",3726622,100 — 500,20.0,Жилкомсервис № 2 Красногвардейского района,От 3 лет,Полный рабочий день,Высшее,59.954281,30.485218,https://spb.superjob.ru/vakansii/glavnyj-inzhener-po-ekspluatacii-51638500.html,162500.0
51715869,Электросварщик АиПАМ (CRC-Evans),252000,273000,rub,"['Строительство, проектирование, недвижимость', 'Рабочий персонал']","['Строительно-монтажные работы', 'Квалифицированный рабочий']",Санкт-Петербург,[],[],[],,2837310,более 5000,574.0,СтройТрансНефтеГаз,От 1 года,Полный рабочий день,Не имеет значения,,,https://spb.superjob.ru/vakansii/elektrosvarschik-aipam-51715869.html,262500.0
51726436,Ведущий инженер-сметчик (Египет),140000,160000,rub,"['Строительство, проектирование, недвижимость']","['Строительно-монтажные работы', 'Технический надзор, строительная экспертиза / ПТО']",Санкт-Петербург,[],[],[],,970633,более 5000,2342.0,Трест Росспецэнергомонтаж,От 3 лет,Полный рабочий день,Высшее,,,https://spb.superjob.ru/vakansii/veduschij-inzhener-smetchik-51726436.html,150000.0
51783895,Старший инженер по эксплуатации офисов,123500,123500,rub,"['Строительство, проектирование, недвижимость']",['Эксплуатация зданий'],Санкт-Петербург,['Спортивная'],['Фрунзенско-Приморская'],['violet'],"Санкт-Петербург, проспект Добролюбова, 16к2",289082,более 5000,60.0,Территориальная генерирующая компания №1,От 3 лет,Полный рабочий день,Не имеет значения,59.950188,30.294928,https://spb.superjob.ru/vakansii/starshij-inzhener-po-ekspluatacii-ofisov-51783895.html,123500.0
51808321,Инженер ПТО/Ведущий инженер ПТО,180000,205000,rub,"['Строительство, проектирование, недвижимость']","['Технический надзор, строительная экспертиза / ПТО']",Санкт-Петербург,[],[],[],,509989,1000 — 5000,127.0,Ленгазспецстрой,От 1 года,Полный рабочий день,Не имеет значения,,,https://spb.superjob.ru/vakansii/inzhener-pto-51808321.html,192500.0
51844073,Арматурщик,83000,166000,rub,"['Строительство, проектирование, недвижимость', 'Услуги, ремонт, сервисное обслуживание', 'Рабочий персонал']","['Строительно-монтажные работы', 'Автосервис', 'Рабочий персонал, разное', 'Квалифицированный рабочий']",Санкт-Петербург,[],[],[],,4156139,менее 50,51.0,"ФСК ""Мостоотряд-47""",От 1 года,Полный рабочий день,Не имеет значения,,,https://spb.superjob.ru/vakansii/armaturschik-51844073.html,124500.0
51845681,Монтажник,88000,170000,rub,"['Строительство, проектирование, недвижимость', 'Рабочий персонал']","['Строительно-монтажные работы', 'Рабочий персонал, разное', 'Квалифицированный рабочий']",Санкт-Петербург,[],[],[],,4156139,менее 50,51.0,"ФСК ""Мостоотряд-47""",От 1 года,Полный рабочий день,Не имеет значения,,,https://spb.superjob.ru/vakansii/montazhnik-51845681.html,129000.0
51861778,Электромонтажник,160000,175000,rub,"['Строительство, проектирование, недвижимость', 'Рабочий персонал']","['Эксплуатация зданий', 'Электроснабжение', 'Квалифицированный рабочий']",Санкт-Петербург,[],[],[],,509989,1000 — 5000,127.0,Ленгазспецстрой,От 1 года,Полный рабочий день,Не имеет значения,,,https://spb.superjob.ru/vakansii/elektromontazhnik-51861778.html,167500.0
45764159,Дворник,65000,70000,rub,"['Строительство, проектирование, недвижимость', 'Услуги, ремонт, сервисное обслуживание', 'Рабочий персонал']","['ЖКХ', 'Другое', 'Клининг', 'Рабочий персонал, разное']",Санкт-Петербург,"['Горьковская', 'Петроградская', 'Спортивная', 'Чкаловская']","['Московско-Петроградская', 'Московско-Петроградская', 'Фрунзенско-Приморская', 'Фрунзенско-Приморская']","['blue', 'blue', 'violet', 'violet']","Санкт-Петербург, Большая Монетная улица, 11",2015778,50 — 100,4.0,ГКУ Жилищное агентство Петроградского района,Без опыта,Полный рабочий день,Не имеет значения,59.961018,30.315823,https://spb.superjob.ru/vakansii/dvornik-45764159.html,67500.0
30756535,"Прораб (вентилируемые фасады, витражи)",110000,140000,rub,"['Строительство, проектирование, недвижимость', 'Топ-персонал']","['Строительно-монтажные работы', 'Строительство, проектирование, недвижимость']",Санкт-Петербург,[],[],[],Санкт-Петербург,3392551,менее 50,2.0,ПетроПромАльянс,От 1 года,Полный рабочий день,Не имеет значения,59.938786,30.314997,https://spb.superjob.ru/vakansii/prorab-30756535.html,125000.0
51697741,Начальник Отдела спортивного обеспечения,69888,69888,rub,"['Строительство, проектирование, недвижимость']","['Подводно-технические работы', 'Другое', 'Разработка генерального плана']",Санкт-Петербург,[],[],[],"Санкт-Петербург, Университетская набережная, 7-9-11В",291920,более 5000,154.0,ФГБОУ ВО Санкт-Петербургский государственный университет,От 3 лет,Полный рабочий день,Высшее,59.939781,30.299456,https://spb.superjob.ru/vakansii/nachalnik-otdela-sportivnogo-obespecheniya-51697741.html,69888.0
51850415,Электромонтер контактной сети,84300,180000,rub,"['Строительство, проектирование, недвижимость', 'Рабочий персонал']","['Электроснабжение', 'Квалифицированный рабочий']",Санкт-Петербург,[],[],[],,4156139,менее 50,51.0,"ФСК ""Мостоотряд-47""",От 1 года,Полный рабочий день,Не имеет значения,,,https://spb.superjob.ru/vakansii/elektromonter-kontaktnoj-seti-51850415.html,132150.0
49011597,Пекарь,75600,96800,rub,"['Услуги, ремонт, сервисное обслуживание', 'Топ-персонал']","['Химчистки, прачечные', 'Промышленность, производство, сельское хозяйство']",Санкт-Петербург,[],[],[],"Санкт-Петербург, Среднеохтинский, 4",2635306,более 5000,49868.0,Пятёрочка,Не имеет значения,Частичная занятость / Совместительство,Не имеет значения,59.947071,30.413847,https://spb.superjob.ru/vakansii/pekar-49011597.html,86200.0
51166301,Мастер по текущему ремонту (плотник),65000,65000,rub,"['Услуги, ремонт, сервисное обслуживание']","['Автосервис', 'Металлоремонт', 'Телекоммуникационное оборудование и сети', 'Торговое, складское, холодильное оборудование', 'Бытовая техника']",Санкт-Петербург,['Комендантский проспект'],['Фрунзенско-Приморская'],['violet'],"Санкт-Петербург, Комендантский проспект, 60к1",3494791,500 — 1000,0.0,Управление комфортом,От 1 года,Полный рабочий день,Не имеет значения,60.035496,30.225039,https://spb.superjob.ru/vakansii/master-po-tekuschemu-remontu-51166301.html,65000.0
51868719,Уборщик/Уборщица производственных помещений,15000,30000,rub,"['Услуги, ремонт, сервисное обслуживание', 'Рабочий персонал']","['Клининг', 'Рабочий персонал, разное']",Санкт-Петербург,['Комендантский проспект'],['Фрунзенско-Приморская'],['violet'],"Санкт-Петербург, Парашютная улица, 43 c1",0,,,,Без опыта,Частичная занятость / Совместительство,Не имеет значения,60.024391,30.261995,https://spb.superjob.ru/vakansii/uborschik-51868719.html,22500.0
49717304,Электромонтер по обслуживанию и ремонту электрооборудования (Новосаратовка),84000,84000,rub,"['Услуги, ремонт, сервисное обслуживание']","['Телекоммуникационное оборудование и сети', 'Промышленное оборудование']",Санкт-Петербург,"['Обухово', 'Ломоносовская', 'Улица Дыбенко']","['Невско-Василеостровская', 'Невско-Василеостровская', 'Правобережная']","['green', 'green', 'yellow']","Ленинградская область, Всеволожский район, Свердловское городское поселение, деревня Новосаратовка, переулок Романтиков",124076,500 — 1000,4.0,ЦДС,От 1 года,Полный рабочий день,Не имеет значения,59.843464,30.531796,https://spb.superjob.ru/vakansii/elektromonter-po-obsluzhivaniyu-i-remontu-elektrooborudovaniya-49717304.html,84000.0
50778143,Уборщик территории (дворник),50000,50000,rub,"['Услуги, ремонт, сервисное обслуживание', 'Рабочий персонал']","['Клининг', 'Рабочий персонал, разное']",Санкт-Петербург,['Автово'],['Кировско-Выборгская'],['red'],"Санкт-Петербург, Кронштадтская улица, 15",3013834,менее 50,4.0,"СПБ ГБПОУ Колледж судостроения, информационных и прикладных технологий",Без опыта,Полный рабочий день,Не имеет значения,59.86697,30.256256,https://spb.superjob.ru/vakansii/uborschik-territorii-50778143.html,50000.0
50761181,Мойщик / Мойщица,88400,93600,rub,"['Услуги, ремонт, сервисное обслуживание', 'Рабочий персонал']","['Клининг', 'Рабочий персонал, разное']",Санкт-Петербург,[],[],[],Санкт-Петербург,166099,100 — 500,239.0,ГК АКМЭ,Без опыта,Полный рабочий день,Не имеет значения,59.938786,30.314997,https://spb.superjob.ru/vakansii/mojschik-50761181.html,91000.0
51617695,Слесарь по ремонту котельного оборудования,80000,85000,rub,"['Услуги, ремонт, сервисное обслуживание', 'Рабочий персонал']","['Промышленное оборудование', 'Рабочий персонал, разное', 'Квалифицированный рабочий']",Санкт-Петербург,['Выборгская'],['Кировско-Выборгская'],['red'],"Санкт-Петербург, Большой Сампсониевский проспект, 64",794796,500 — 1000,32.0,НПО Компрессор,От 1 года,Полный рабочий день,Не имеет значения,59.976425,30.338093,https://spb.superjob.ru/vakansii/slesar-po-remontu-kotelnogo-oborudovaniya-51617695.html,82500.0
51688202,Водитель в частную школу,65000,70000,rub,"['Услуги, ремонт, сервисное обслуживание']",['Автосервис'],Санкт-Петербург,[],[],[],"Санкт-Петербург, Гагаринская улица, 5",4554346,менее 50,0.0,"ЧОУ ГХШ ""МИРТ""",От 3 лет,Полный рабочий день,Не имеет значения,59.947559,30.34173,https://spb.superjob.ru/vakansii/voditel-v-chastnuyu-shkolu-51688202.html,67500.0
51680407,Уборщик служебных помещений,45000,55000,rub,"['Медицина, фармацевтика, ветеринария', 'Услуги, ремонт, сервисное обслуживание', 'Рабочий персонал']","['Другое', 'Клининг', 'Начало карьеры, мало опыта', 'Рабочий персонал, разное']",Санкт-Петербург,[],[],[],"Санкт-Петербург, набережная реки Фонтанки, 148",202965,100 — 500,14.0,Санкт-Петербургский гериатрический медико-социальный центр,Без опыта,Полный рабочий день,Не имеет значения,59.915565,30.286367,https://spb.superjob.ru/vakansii/uborschik-sluzhebnyh-pomeschenij-51680407.html,50000.0
51747171,Слесарь ремонтник 2/2,88942,179500,rub,"['Услуги, ремонт, сервисное обслуживание', 'Рабочий персонал']","['Промышленное оборудование', 'Рабочий персонал, разное', 'Квалифицированный рабочий']",Санкт-Петербург,[],[],[],"Санкт-Петербург, проспект Стачек, 47БШ",22810,500 — 1000,5.0,Металлсервис,От 1 года,Полный рабочий день,Не имеет значения,59.882687,30.261358,https://spb.superjob.ru/vakansii/slesar-remontnik-2-51747171.html,134221.0
51778407,Слесарь-ремонтник,50000,70000,rub,"['Услуги, ремонт, сервисное обслуживание', 'Рабочий персонал']","['Промышленное оборудование', 'Рабочий персонал, разное', 'Квалифицированный рабочий']",Санкт-Петербург,[],[],[],"Санкт-Петербург, улица Оптиков, 6",2082628,более 5000,2.0,"ГУП ""Топливно-энергетический комплекс СПб""",Без опыта,Полный рабочий день,Не имеет значения,59.994579,30.242737,https://spb.superjob.ru/vakansii/slesar-remontnik-51778407.html,60000.0
51833830,Электромонтер по ремонту и обслуживанию электрооборудования,180000,196000,rub,"['Услуги, ремонт, сервисное обслуживание']","['Телекоммуникационное оборудование и сети', 'Промышленное оборудование']",Санкт-Петербург,[],[],[],,4407559,менее 50,21.0,ГСП-6,От 1 года,Полный рабочий день,Не имеет значения,,,https://spb.superjob.ru/vakansii/elektromonter-po-remontu-i-obsluzhivaniyu-elektrooborudovaniya-51833830.html,188000.0
51859282,Приемщик в Гипермаркет Магнит,60650,94200,rub,"['Транспорт, логистика, ВЭД', 'Услуги, ремонт, сервисное обслуживание']","['Складское хозяйство', 'Автосервис']",Санкт-Петербург,[],[],[],"Санкт-Петербург, Ленинский проспект, 49",280168,более 5000,18163.0,"Магнит, Розничная сеть",Не имеет значения,Сменный график работы,Не имеет значения,59.863728,30.165688,https://spb.superjob.ru/vakansii/priemschik-v-gipermarket-magnit-51859282.html,77425.0
51783628,Санитарка / Санитар / Уборщица,55000,55000,rub,"['Медицина, фармацевтика, ветеринария', 'Услуги, ремонт, сервисное обслуживание', 'Рабочий персонал']","['Другое', 'Клининг', 'Рабочий персонал, разное']",Санкт-Петербург,[],[],[],"Санкт-Петербург, Кузнецовская улица, 25",3586161,менее 50,1.0,КардиоКлиника,Без опыта,Полный рабочий день,Не имеет значения,59.871391,30.332603,https://spb.superjob.ru/vakansii/sanitarka-51783628.html,55000.0
51868708,Уборщица в ДОЛ Маяк,30000,37600,rub,"['Услуги, ремонт, сервисное обслуживание']",['Клининг'],Санкт-Петербург,[],[],[],"Псков, Зональное шоссе, 30",2466656,более 5000,6387.0,Российские железные дороги,Без опыта,Частичная занятость / Совместительство,Не имеет значения,,,https://spb.superjob.ru/vakansii/uborschica-v-dol-mayak-51868708.html,33800.0
51868912,Уборщица помещений,35000,35000,rub,"['Услуги, ремонт, сервисное обслуживание']",['Клининг'],Санкт-Петербург,"['Василеостровская', 'Горный институт']","['Невско-Василеостровская', 'Правобережная']","['green', 'yellow']","Санкт-Петербург, набережная Лейтенанта Шмидта, 27/2",4962408,менее 50,1.0,Гимназия святого преподобного Амвросия Оптинского,От 1 года,Частичная занятость / Совместительство,Не имеет значения,59.933231,30.275183,https://spb.superjob.ru/vakansii/uborschica-pomeschenij-51868912.html,35000.0
51869565,Уборщица,40000,40000,rub,"['Услуги, ремонт, сервисное обслуживание']",['Клининг'],Санкт-Петербург,['Петроградская'],['Московско-Петроградская'],['blue'],"Санкт-Петербург, улица Чапыгина, 6",2291725,менее 50,3.0,СРМ ПРОМАЛЬП,Без опыта,Полный рабочий день,Не имеет значения,59.973812,30.308861,https://spb.superjob.ru/vakansii/uborschica-51869565.html,40000.0
51863377,Директор центра социально-психологической поддержки,55000,65000,rub,"['Кадры, управление персоналом', 'Топ-персонал', 'Услуги, ремонт, сервисное обслуживание']","['Кадровый учет, делопроизводство, кадровое администрирование', 'Другое', 'Кадры, управление персоналом', 'Психологическое консультирование']",Санкт-Петербург,[],[],[],,4763170,1000 — 5000,29.0,СПбГЭУ,От 3 лет,Полный рабочий день,Не имеет значения,,,https://spb.superjob.ru/vakansii/direktor-centra-socialno-psihologicheskoj-podderzhki-51863377.html,60000.0
50747622,Продавец-кассир,69300,88700,rub,"['Услуги, ремонт, сервисное обслуживание']",['Обувь'],Санкт-Петербург,[],[],[],"Санкт-Петербург, Ветеранов, 16",2635306,более 5000,49868.0,Пятёрочка,Не имеет значения,Частичная занятость / Совместительство,Не имеет значения,59.845596,30.254118,https://spb.superjob.ru/vakansii/prodavec-kassir-50747622.html,79000.0
51672940,"Слесарь по ремонту парогазотурбинного оборудования (ТЭЦ-5, ТЭЦ-14, ТЭЦ-22, ЦТЭЦ)",65337,84999,rub,"['Услуги, ремонт, сервисное обслуживание', 'Рабочий персонал']","['Промышленное оборудование', 'Квалифицированный рабочий']",Санкт-Петербург,"['Автово', 'Кировский завод', 'Купчино', 'Обухово', 'Ломоносовская', 'Площадь Александра Невского 1', 'Улица Дыбенко', 'Обводный канал']","['Кировско-Выборгская', 'Кировско-Выборгская', 'Московско-Петроградская', 'Невско-Василеостровская', 'Невско-Василеостровская', 'Невско-Василеостровская', 'Правобережная', 'Фрунзенско-Приморская']","['red', 'red', 'blue', 'green', 'green', 'green', 'yellow', 'violet']",,289082,более 5000,60.0,Территориальная генерирующая компания №1,Без опыта,Полный рабочий день,Не имеет значения,,,https://spb.superjob.ru/vakansii/slesar-po-remontu-parogazoturbinnogo-oborudovaniya-51672940.html,75168.0
10513355,Уборщик клинических подразделений,40000,60000,rub,"['Медицина, фармацевтика, ветеринария', 'Услуги, ремонт, сервисное обслуживание', 'Рабочий персонал']","['Больницы, поликлиники, диагностические центры, лаборатории', 'Клининг', 'Рабочий персонал, разное']",Санкт-Петербург,"['Площадь Восстания', 'Площадь Мужества', 'Удельная']","['Кировско-Выборгская', 'Кировско-Выборгская', 'Московско-Петроградская']","['red', 'red', 'blue']","Санкт-Петербург, улица Аккуратова, 2",121709,более 5000,19.0,"ФГБУ ""Национальный медицинский исследовательский центр им. В. А. Алмазова"" Минздрава России",Без опыта,Полный рабочий день,Не имеет значения,60.015362,30.301584,https://spb.superjob.ru/vakansii/uborschik-klinicheskih-podrazdelenij-10513355.html,50000.0
11102788,Слесарь-ремонтник,120000,130000,rub,"['Услуги, ремонт, сервисное обслуживание', 'Рабочий персонал']","['Промышленное оборудование', 'Рабочий персонал, разное', 'Квалифицированный рабочий']",Санкт-Петербург,['Девяткино'],['Кировско-Выборгская'],['red'],"Ленинградская область, Всеволожский район, деревня Новое Девяткино, улица Турбостроителей",441806,менее 50,3.0,ЗАВОД ЭНЕРГОПРОМ,От 3 лет,Полный рабочий день,Среднее,60.067196,30.487598,https://spb.superjob.ru/vakansii/slesar-remontnik-11102788.html,125000.0
40387141,Уборщик служебных помещений,31250,34250,rub,"['Услуги, ремонт, сервисное обслуживание', 'Рабочий персонал']","['Клининг', 'Рабочий персонал, разное']",Санкт-Петербург,"['Невский Проспект', 'Гостиный Двор']","['Московско-Петроградская', 'Невско-Василеостровская']","['blue', 'green']","Санкт-Петербург, набережная реки Фонтанки, 32/1",3529791,менее 50,0.0,"ГБУДО ДДТ ""Фонтанка-32""",Без опыта,Частичная занятость / Совместительство,Не имеет значения,59.937649,30.344372,https://spb.superjob.ru/vakansii/uborschik-sluzhebnyh-pomeschenij-40387141.html,32750.0
31078839,Уборщица служебных помещений детской сети,25000,45000,rub,"['Услуги, ремонт, сервисное обслуживание', 'Рабочий персонал']","['Клининг', 'Рабочий персонал, разное']",Санкт-Петербург,"['Достоевская', 'Звенигородская']","['Правобережная', 'Фрунзенско-Приморская']","['yellow', 'violet']","Санкт-Петербург, Загородный проспект, 29",2643281,более 5000,10.0,"СПб ГБУЗ ""Поликлиника №37""",Без опыта,Полный рабочий день,Среднее,59.923874,30.336187,https://spb.superjob.ru/vakansii/uborschica-sluzhebnyh-pomeschenij-detskoj-seti-31078839.html,35000.0
47669032,Автомойщик-детейлер,80000,100000,rub,"['Услуги, ремонт, сервисное обслуживание', 'Рабочий персонал']","['Автосервис', 'Рабочий персонал, разное']",Санкт-Петербург,[],[],[],"Санкт-Петербург, проспект Елизарова, 34Б",845719,менее 50,1.0,Дилижанс,От 1 года,Сменный график работы,Не имеет значения,59.892838,30.40764,https://spb.superjob.ru/vakansii/avtomojschik-detejler-47669032.html,90000.0
50515245,Уборщик / Уборщица,88400,93600,rub,"['Услуги, ремонт, сервисное обслуживание', 'Рабочий персонал']","['Клининг', 'Рабочий персонал, разное']",Санкт-Петербург,"['Рыбацкое', 'Обухово', 'Пролетарская', 'Ломоносовская', 'Улица Дыбенко', 'Проспект Большевиков', 'Ладожская', 'Новочеркасская', 'Площадь Александра Невского 2', 'Елизаровская']","['Невско-Василеостровская', 'Невско-Василеостровская', 'Невско-Василеостровская', 'Невско-Василеостровская', 'Правобережная', 'Правобережная', 'Правобережная', 'Правобережная', 'Правобережная', 'Невско-Василеостровская']","['green', 'green', 'green', 'green', 'yellow', 'yellow', 'yellow', 'yellow', 'yellow', 'green']",Санкт-Петербург,166099,100 — 500,239.0,ГК АКМЭ,Без опыта,Полный рабочий день,Не имеет значения,59.938786,30.314997,https://spb.superjob.ru/vakansii/uborschik-50515245.html,91000.0
50858750,Уборщик служебных помещений,31250,31250,rub,"['Услуги, ремонт, сервисное обслуживание', 'Рабочий персонал']","['Клининг', 'Рабочий персонал, разное']",Санкт-Петербург,[],[],[],"Санкт-Петербург, Автовская улица, 18",2583096,менее 50,2.0,"СПб ГБУЗ ""Врачебно-физкультурный диспансер №3"" (межрайонный)",Без опыта,Полный рабочий день,Не имеет значения,59.869396,30.270073,https://spb.superjob.ru/vakansii/uborschik-sluzhebnyh-pomeschenij-50858750.html,31250.0
51012541,Уборщик производственных и служебных помещений,32000,40000,rub,"['Услуги, ремонт, сервисное обслуживание', 'Рабочий персонал']","['Клининг', 'Рабочий персонал, разное']",Санкт-Петербург,['Ломоносовская'],['Невско-Василеостровская'],['green'],"Санкт-Петербург, Ивановская улица, 11",3696070,менее 50,2.0,Государственное бюджетное учреждение дополнительного образования Центр детского (юношеского) технического творчества Старт+,Без опыта,Полный рабочий день,Не имеет значения,59.87569,30.44235,https://spb.superjob.ru/vakansii/uborschik-proizvodstvennyh-i-sluzhebnyh-pomeschenij-51012541.html,36000.0
50301360,Электромеханик лифтовой аварийной службы,48000,57600,rub,"['Услуги, ремонт, сервисное обслуживание', 'Рабочий персонал']","['Промышленное оборудование', 'Рабочий персонал, разное', 'Квалифицированный рабочий']",Санкт-Петербург,[],[],[],"Санкт-Петербург, Петроградский район",2640821,менее 50,2.0,"Лифтовая компания ""Партнер и К""",От 1 года,Сменный график работы,Среднее специальное,59.964981,30.289089,https://spb.superjob.ru/vakansii/elektromehanik-liftovoj-avarijnoj-sluzhby-50301360.html,52800.0
51707265,Слесарь-ремонтник,60000,62000,rub,"['Услуги, ремонт, сервисное обслуживание', 'Рабочий персонал']","['Промышленное оборудование', 'Рабочий персонал, разное', 'Квалифицированный рабочий']",Санкт-Петербург,[],[],[],"Санкт-Петербург, 3-й Рыбацкий проезд, 9",2466656,более 5000,6387.0,Российские железные дороги,Без опыта,Полный рабочий день,Среднее,59.82666,30.499708,https://spb.superjob.ru/vakansii/slesar-remontnik-51707265.html,61000.0
51741814,Электромонтер по ремонту и обслуживанию электрооборудования,102354,198000,rub,"['Услуги, ремонт, сервисное обслуживание']","['Телекоммуникационное оборудование и сети', 'Промышленное оборудование']",Санкт-Петербург,[],[],[],"Санкт-Петербург, проспект Стачек, 47БШ",22810,500 — 1000,5.0,Металлсервис,От 1 года,Полный рабочий день,Среднее специальное,59.882687,30.261358,https://spb.superjob.ru/vakansii/elektromonter-po-remontu-i-obsluzhivaniyu-elektrooborudovaniya-51741814.html,150177.0
51839197,Приемщик в Гипермаркет Магнит,65400,94100,rub,"['Транспорт, логистика, ВЭД', 'Услуги, ремонт, сервисное обслуживание']","['Складское хозяйство', 'Автосервис']",Санкт-Петербург,[],[],[],"Санкт-Петербург, Кушелевская дорога, 1к1",280168,более 5000,18163.0,"Магнит, Розничная сеть",Не имеет значения,Сменный график работы,Не имеет значения,59.986694,30.367647,https://spb.superjob.ru/vakansii/priemschik-v-gipermarket-magnit-51839197.html,79750.0
51845591,Мойщик посуды,31250,35000,rub,"['Туризм, гостиницы, общественное питание', 'Услуги, ремонт, сервисное обслуживание', 'Рабочий персонал']","['Рестораны, кафе, столовые, фастфуд', 'Клининг', 'Рабочий персонал, разное']",Санкт-Петербург,['Проспект Ветеранов'],['Кировско-Выборгская'],['red'],"Санкт-Петербург, улица Пограничника Гарькавого, 44к2",2714725,50 — 100,2.0,ГБДОУ ДС № 34 СПб,Без опыта,Полный рабочий день,Не имеет значения,59.828926,30.149572,https://spb.superjob.ru/vakansii/mojschik-posudy-51845591.html,33125.0
31295604,Автомаляр-жестянщик,120000,200000,rub,"['Услуги, ремонт, сервисное обслуживание', 'Рабочий персонал']","['Автосервис', 'Рабочий персонал, разное', 'Квалифицированный рабочий']",Санкт-Петербург,['Ладожская'],['Правобережная'],['yellow'],Санкт-Петербург,3493841,менее 50,1.0,LocalFarbe,От 6 лет,Полный рабочий день,Не имеет значения,59.938786,30.314997,https://spb.superjob.ru/vakansii/avtomalyar-zhestyanschik-31295604.html,160000.0
30208518,Ученик-механик по обслуживанию кофейного оборудования,45000,70000,rub,"['Услуги, ремонт, сервисное обслуживание', 'Рабочий персонал']","['Торговое, складское, холодильное оборудование', 'Начало карьеры, мало опыта', 'Рабочий персонал, разное', 'Квалифицированный рабочий']",Санкт-Петербург,[],[],[],"Санкт-Петербург, Новочеркасский проспект, 1",2766344,менее 50,0.0,Кофейный Магнат,Без опыта,Полный рабочий день,Не имеет значения,59.94051,30.408026,https://spb.superjob.ru/vakansii/uchenik-mehanik-po-obsluzhivaniyu-kofejnogo-oborudovaniya-30208518.html,57500.0
46303165,Медицинский лабораторный техник,45000,45000,rub,"['Медицина, фармацевтика, ветеринария', 'Услуги, ремонт, сервисное обслуживание']","['Средний и младший медицинский персонал', 'Медицинская техника']",Санкт-Петербург,[],[],[],"Ленинградская область, Всеволожск, Колтушское шоссе, 20",2187039,1000 — 5000,1563.0,Всеволожская КМБ,Без опыта,Полный рабочий день,Среднее специальное,60.037704,30.631096,https://spb.superjob.ru/vakansii/medicinskij-laboratornyj-tehnik-46303165.html,45000.0
50326198,Уборщик / Уборщица,88400,93600,rub,"['Услуги, ремонт, сервисное обслуживание', 'Рабочий персонал']","['Клининг', 'Рабочий персонал, разное']",Санкт-Петербург,"['Рыбацкое', 'Обухово', 'Пролетарская', 'Ломоносовская', 'Улица Дыбенко', 'Проспект Большевиков', 'Ладожская', 'Новочеркасская', 'Площадь Александра Невского 2', 'Лиговский проспект']","['Невско-Василеостровская', 'Невско-Василеостровская', 'Невско-Василеостровская', 'Невско-Василеостровская', 'Правобережная', 'Правобережная', 'Правобережная', 'Правобережная', 'Правобережная', 'Правобережная']","['green', 'green', 'green', 'green', 'yellow', 'yellow', 'yellow', 'yellow', 'yellow', 'yellow']",Санкт-Петербург,166099,100 — 500,239.0,ГК АКМЭ,Без опыта,Полный рабочий день,Не имеет значения,59.938786,30.314997,https://spb.superjob.ru/vakansii/uborschik-50326198.html,91000.0
48203246,Оператор уборки/паркинга,50000,100000,rub,"['Услуги, ремонт, сервисное обслуживание']",['Клининг'],Санкт-Петербург,"['Лесная', 'Чёрная Речка']","['Кировско-Выборгская', 'Московско-Петроградская']","['red', 'blue']",,4542764,менее 50,1.0,ЕС-СЕРВИС,Без опыта,Сменный график работы,Не имеет значения,,,https://spb.superjob.ru/vakansii/operator-uborki-48203246.html,75000.0
51539554,Слесарь по ремонту технологического оборудования (КИПиА),71000,71000,rub,"['Услуги, ремонт, сервисное обслуживание', 'Рабочий персонал']","['Промышленное оборудование', 'Рабочий персонал, разное', 'Квалифицированный рабочий']",Санкт-Петербург,"['Площадь Ленина', 'Выборгская', 'Лесная']","['Кировско-Выборгская', 'Кировско-Выборгская', 'Кировско-Выборгская']","['red', 'red', 'red']","Санкт-Петербург, Полюстровский проспект, 32",959533,100 — 500,4.0,Пластполимер,От 1 года,Полный рабочий день,Не имеет значения,59.968369,30.388235,https://spb.superjob.ru/vakansii/slesar-po-remontu-tehnologicheskogo-oborudovaniya-51539554.html,71000.0
51611505,Уборщик служебных помещений,30000,30000,rub,"['Услуги, ремонт, сервисное обслуживание']",['Клининг'],Санкт-Петербург,[],[],[],"Санкт-Петербург, Кондратьевский проспект, 63к1",2885497,100 — 500,3.0,"СПб ГБУ ПМЦ ""Калининский""",Без опыта,Частичная занятость / Совместительство,Не имеет значения,59.97567,30.393051,https://spb.superjob.ru/vakansii/uborschik-sluzhebnyh-pomeschenij-51611505.html,30000.0
51198209,Специалист службы связи УСИТ,55000,55000,rub,"['Услуги, ремонт, сервисное обслуживание']",['Телекоммуникационное оборудование и сети'],Санкт-Петербург,[],[],[],"Санкт-Петербург, Университетская набережная, 7-9-11В",291920,более 5000,154.0,ФГБОУ ВО Санкт-Петербургский государственный университет,От 1 года,Полный рабочий день,Среднее специальное,59.939781,30.299456,https://spb.superjob.ru/vakansii/specialist-sluzhby-svyazi-usit-51198209.html,55000.0
30377826,Инженер отделения инженерно-технического обеспечения,65000,70000,rub,"['Безопасность, службы охраны', 'Услуги, ремонт, сервисное обслуживание']","['Видеонаблюдение', 'Другое']",Санкт-Петербург,['Площадь Ленина'],['Кировско-Выборгская'],['red'],,3141759,менее 50,2.0,Следственный изолятор № 4,Без опыта,Полный рабочий день,Высшее,,,https://spb.superjob.ru/vakansii/inzhener-otdeleniya-inzhenerno-tehnicheskogo-obespecheniya-30377826.html,67500.0
51718791,Аккумуляторщик,88000,88000,rub,"['Услуги, ремонт, сервисное обслуживание', 'Рабочий персонал']","['Автосервис', 'Рабочий персонал, разное', 'Квалифицированный рабочий']",Санкт-Петербург,[],[],[],"Санкт-Петербург, Старообрядческая улица, 26",2466656,более 5000,6387.0,Российские железные дороги,От 1 года,Полный рабочий день,Среднее,59.887066,30.296707,https://spb.superjob.ru/vakansii/akkumulyatorschik-51718791.html,88000.0
51756832,Дворник,47000,47000,rub,"['Услуги, ремонт, сервисное обслуживание', 'Рабочий персонал']","['Клининг', 'Рабочий персонал, разное']",Санкт-Петербург,"['Улица Дыбенко', 'Проспект Большевиков', 'Ладожская']","['Правобережная', 'Правобережная', 'Правобережная']","['yellow', 'yellow', 'yellow']","Санкт-Петербург, Белорусская улица, 15",4859700,1000 — 5000,27.0,"СПб ГКУ ""Организатор перевозок""",Без опыта,Полный рабочий день,Не имеет значения,59.941433,30.502951,https://spb.superjob.ru/vakansii/dvornik-51756832.html,47000.0
51673605,Дворник,45000,60000,rub,"['Услуги, ремонт, сервисное обслуживание', 'Рабочий персонал']","['Клининг', 'Другое', 'Рабочий персонал, разное']",Санкт-Петербург,[],[],[],"Санкт-Петербург, набережная канала Грибоедова, 30-32",4763170,1000 — 5000,29.0,СПбГЭУ,Без опыта,Полный рабочий день,Не имеет значения,59.931915,30.32593,https://spb.superjob.ru/vakansii/dvornik-51673605.html,52500.0
32295012,Педагог-психолог,48000,60000,rub,"['Услуги, ремонт, сервисное обслуживание']",['Психологическое консультирование'],Санкт-Петербург,['Проспект Большевиков'],['Правобережная'],['yellow'],"Санкт-Петербург, проспект Пятилеток, 14к3",2306752,50 — 100,7.0,ГБДОУ детский сад № 33 комбинированного вида Невского района Санкт-Петербурга,От 1 года,Полный рабочий день,Среднее специальное,59.922577,30.450983,https://spb.superjob.ru/vakansii/pedagog-psiholog-32295012.html,54000.0
45859336,Уборщик служебных помещений,30000,35000,rub,"['Услуги, ремонт, сервисное обслуживание', 'Рабочий персонал']","['Клининг', 'Рабочий персонал, разное']",Санкт-Петербург,"['Обухово', 'Пролетарская']","['Невско-Василеостровская', 'Невско-Василеостровская']","['green', 'green']","Санкт-Петербург, 2-й Рабфаковский переулок, 1к4",4320571,менее 50,4.0,ГБОУ СОШ №527 Невского района Санкт-Петербурга,Без опыта,Полный рабочий день,Не имеет значения,59.854488,30.467369,https://spb.superjob.ru/vakansii/uborschik-sluzhebnyh-pomeschenij-45859336.html,32500.0
51765793,Уборщик производственных помещений,42000,45000,rub,"['Услуги, ремонт, сервисное обслуживание', 'Рабочий персонал']","['Клининг', 'Рабочий персонал, разное']",Санкт-Петербург,[],[],[],,441150,более 5000,126.0,"СПб ГУП ""Горэлектротранс""",Без опыта,Полный рабочий день,Не имеет значения,,,https://spb.superjob.ru/vakansii/uborschik-proizvodstvennyh-pomeschenij-51765793.html,43500.0
51782498,Уборщик помещений,37740,45740,rub,"['Услуги, ремонт, сервисное обслуживание']",['Клининг'],Санкт-Петербург,['Горьковская'],['Московско-Петроградская'],['blue'],"Санкт-Петербург, Большая Посадская улица, 24/2С",441150,более 5000,126.0,"СПб ГУП ""Горэлектротранс""",Без опыта,Полный рабочий день,Не имеет значения,59.961105,30.327259,https://spb.superjob.ru/vakansii/uborschik-pomeschenij-51782498.html,41740.0
51782523,Мойщик-уборщик подвижного состава,42600,45000,rub,"['Туризм, гостиницы, общественное питание', 'Услуги, ремонт, сервисное обслуживание', 'Рабочий персонал']","['Рестораны, кафе, столовые, фастфуд', 'Клининг', 'Рабочий персонал, разное']",Санкт-Петербург,['Горьковская'],['Московско-Петроградская'],['blue'],"Санкт-Петербург, Большая Посадская улица, 24/2С",441150,более 5000,126.0,"СПб ГУП ""Горэлектротранс""",Без опыта,Полный рабочий день,Не имеет значения,59.961105,30.327259,https://spb.superjob.ru/vakansii/mojschik-uborschik-podvizhnogo-sostava-51782523.html,43800.0
51791551,"Электромонтер по ремонту и обслуживанию электрооборудования 4, 6 разряда",84400,94800,rub,"['Услуги, ремонт, сервисное обслуживание']","['Телекоммуникационное оборудование и сети', 'Промышленное оборудование']",Санкт-Петербург,[],[],[],"Санкт-Петербург, Можайская улица, 19",441150,более 5000,126.0,"СПб ГУП ""Горэлектротранс""",От 1 года,Полный рабочий день,Не имеет значения,59.915676,30.327511,https://spb.superjob.ru/vakansii/elektromonter-po-remontu-i-obsluzhivaniyu-elektrooborudovaniya-4-51791551.html,89600.0
51799261,Мойщик-уборщик подвижного состава,55000,70000,rub,"['Туризм, гостиницы, общественное питание', 'Услуги, ремонт, сервисное обслуживание', 'Рабочий персонал']","['Рестораны, кафе, столовые, фастфуд', 'Клининг', 'Рабочий персонал, разное']",Санкт-Петербург,"['Лесная', 'Площадь Мужества', 'Чёрная Речка', 'Пионерская']","['Кировско-Выборгская', 'Кировско-Выборгская', 'Московско-Петроградская', 'Московско-Петроградская']","['red', 'red', 'blue', 'blue']","Санкт-Петербург, Сердобольская улица, 2ГИ",441150,более 5000,126.0,"СПб ГУП ""Горэлектротранс""",Без опыта,Полный рабочий день,Не имеет значения,59.993687,30.327763,https://spb.superjob.ru/vakansii/mojschik-uborschik-podvizhnogo-sostava-51799261.html,62500.0
51852227,Главный механик,110470,132560,rub,"['Услуги, ремонт, сервисное обслуживание', 'Топ-персонал']","['Автосервис', 'Промышленное оборудование', 'Промышленность, производство, сельское хозяйство', 'Услуги, ремонт, сервисное обслуживание']",Санкт-Петербург,[],[],[],"Санкт-Петербург, Лесной проспект, 28",441150,более 5000,126.0,"СПб ГУП ""Горэлектротранс""",От 3 лет,Полный рабочий день,Не имеет значения,59.969498,30.348711,https://spb.superjob.ru/vakansii/glavnyj-mehanik-51852227.html,121515.0
51673567,Подсобный рабочий,45000,60000,rub,"['Транспорт, логистика, ВЭД', 'Услуги, ремонт, сервисное обслуживание', 'Рабочий персонал']","['Складское хозяйство', 'Другое', 'Рабочий персонал, разное']",Санкт-Петербург,[],[],[],"Санкт-Петербург, набережная канала Грибоедова, 30-32",4763170,1000 — 5000,29.0,СПбГЭУ,Без опыта,Полный рабочий день,Не имеет значения,59.931915,30.32593,https://spb.superjob.ru/vakansii/podsobnyj-rabochij-51673567.html,52500.0
51672818,"Слесарь по ремонту парогазотурбинного оборудования (ТЭЦ-7, ТЭЦ-15, ТЭЦ-17, ТЭЦ-21)",65337,84999,rub,"['Услуги, ремонт, сервисное обслуживание', 'Рабочий персонал']","['Промышленное оборудование', 'Квалифицированный рабочий']",Санкт-Петербург,"['Ленинский проспект', 'Кировский завод', 'Площадь Ленина', 'Выборгская', 'Гражданский Проспект', 'Девяткино', 'Проспект Просвещения', 'Приморская', 'Василеостровская', 'Горный институт']","['Кировско-Выборгская', 'Кировско-Выборгская', 'Кировско-Выборгская', 'Кировско-Выборгская', 'Кировско-Выборгская', 'Кировско-Выборгская', 'Московско-Петроградская', 'Невско-Василеостровская', 'Невско-Василеостровская', 'Правобережная']","['red', 'red', 'red', 'red', 'red', 'red', 'blue', 'green', 'green', 'yellow']",Санкт-Петербург,289082,более 5000,60.0,Территориальная генерирующая компания №1,От 1 года,Полный рабочий день,Не имеет значения,59.938782,30.315001,https://spb.superjob.ru/vakansii/slesar-po-remontu-parogazoturbinnogo-oborudovaniya-51672818.html,75168.0
51673525,Уборщик служебных помещений,50000,50000,rub,"['Услуги, ремонт, сервисное обслуживание', 'Рабочий персонал']","['Клининг', 'Рабочий персонал, разное']",Санкт-Петербург,[],[],[],"Санкт-Петербург, набережная канала Грибоедова, 30-32",4763170,1000 — 5000,29.0,СПбГЭУ,Без опыта,Полный рабочий день,Не имеет значения,59.931915,30.32593,https://spb.superjob.ru/vakansii/uborschik-sluzhebnyh-pomeschenij-51673525.html,50000.0
51846559,Агент по продажам домашнего интернета (подработка),45000,90000,rub,"['IT, Интернет, связь, телеком']","['Web-верстка', 'Передача данных и доступ в интернет']",Екатеринбург,[],[],[],"Екатеринбург,ул Степана Разина",38260,более 5000,779.0,Билайн,Без опыта,Частичная занятость / Совместительство,Не имеет значения,56.814163,60.611057,https://ekaterinburg.superjob.ru/vakansii/agent-po-prodazham-domashnego-interneta-51846559.html,67500.0
51846956,Директор магазина Магнит,100000,115000,rub,"['IT, Интернет, связь, телеком']",['Инжиниринг'],Екатеринбург,[],[],[],"Екатеринбург, Сулимова, 46",280168,более 5000,18163.0,"Магнит, Розничная сеть",От 1 года,Полный рабочий день,Не имеет значения,56.862633,60.63409,https://ekaterinburg.superjob.ru/vakansii/direktor-magazina-magnit-51846956.html,107500.0
46919893,Повар-универсал,45000,45000,rub,"['Туризм, гостиницы, общественное питание', 'Промышленность, производство']","['Рестораны, кафе, столовые, фастфуд', 'Пищевая промышленность']",Екатеринбург,"['Геологическая', 'Чкаловская', 'Ботаническая']","['Первая линия', 'Первая линия', 'Первая линия']","['green', 'green', 'green']",,4499501,менее 50,0.0,Французский пекарь,От 1 года,Полный рабочий день,Не имеет значения,,,https://ekaterinburg.superjob.ru/vakansii/povar-universal-46919893.html,45000.0
48532477,Пекарь,53400,72000,rub,"['Туризм, гостиницы, общественное питание', 'Промышленность, производство', 'Продажи']","['Рестораны, кафе, столовые, фастфуд', 'Пищевая промышленность', 'Начало карьеры, мало опыта']",Екатеринбург,[],[],[],"Екатеринбург, Антона Валека, 15",2635306,более 5000,49868.0,Пятёрочка,От 1 года,Частичная занятость / Совместительство,Не имеет значения,56.838783,60.591274,https://ekaterinburg.superjob.ru/vakansii/pekar-48532477.html,62700.0
50955223,"Пекарь (Екатеринбург, Космонавтов, 7б)",53400,72000,rub,"['Туризм, гостиницы, общественное питание', 'Промышленность, производство']","['Рестораны, кафе, столовые, фастфуд', 'Пищевая промышленность']",Екатеринбург,[],[],[],,2635306,более 5000,49868.0,Пятёрочка,Не имеет значения,Частичная занятость / Совместительство,Не имеет значения,,,https://ekaterinburg.superjob.ru/vakansii/pekar-50955223.html,62700.0
51725109,Главный специалист календарно-сетевого планирования (в Египет),185000,200000,rub,"['Строительство, проектирование, недвижимость', 'Промышленность, производство']","['Управление строительством, девелопмент', 'Управление проектами (ГИП)', 'Атомная энергетика']",Екатеринбург,[],[],[],город Эль-Дабаа,970633,более 5000,2342.0,Трест Росспецэнергомонтаж,От 3 лет,Полный рабочий день,Не имеет значения,31.027443,28.438936,https://ekaterinburg.superjob.ru/vakansii/glavnyj-specialist-kalendarno-setevogo-planirovaniya-51725109.html,192500.0
51743346,"Пекарь (Екатеринбург, Блюхера, 40)",44200,59700,rub,"['Туризм, гостиницы, общественное питание', 'Промышленность, производство']","['Рестораны, кафе, столовые, фастфуд', 'Пищевая промышленность']",Екатеринбург,[],[],[],,2635306,более 5000,49868.0,Пятёрочка,Не имеет значения,Частичная занятость / Совместительство,Не имеет значения,,,https://ekaterinburg.superjob.ru/vakansii/pekar-51743346.html,51950.0
51790341,"Пекарь (Екатеринбург, Авиаторов, 1)",53400,72000,rub,"['Туризм, гостиницы, общественное питание', 'Промышленность, производство']","['Рестораны, кафе, столовые, фастфуд', 'Пищевая промышленность']",Екатеринбург,[],[],[],,2635306,более 5000,49868.0,Пятёрочка,Не имеет значения,Частичная занятость / Совместительство,Не имеет значения,,,https://ekaterinburg.superjob.ru/vakansii/pekar-51790341.html,62700.0
51790351,"Пекарь (Екатеринбург, Фрунзе, 98)",53400,72000,rub,"['Туризм, гостиницы, общественное питание', 'Промышленность, производство']","['Рестораны, кафе, столовые, фастфуд', 'Пищевая промышленность']",Екатеринбург,[],[],[],,2635306,более 5000,49868.0,Пятёрочка,Не имеет значения,Частичная занятость / Совместительство,Не имеет значения,,,https://ekaterinburg.superjob.ru/vakansii/pekar-51790351.html,62700.0
51790726,"Пекарь (Екатеринбург, Абрикосовая, 2)",53400,72000,rub,"['Туризм, гостиницы, общественное питание', 'Промышленность, производство']","['Рестораны, кафе, столовые, фастфуд', 'Пищевая промышленность']",Екатеринбург,[],[],[],,2635306,более 5000,49868.0,Пятёрочка,Не имеет значения,Частичная занятость / Совместительство,Не имеет значения,,,https://ekaterinburg.superjob.ru/vakansii/pekar-51790726.html,62700.0
51790732,"Пекарь (Екатеринбург, Машинная, 1б/3)",53400,72000,rub,"['Туризм, гостиницы, общественное питание', 'Промышленность, производство']","['Рестораны, кафе, столовые, фастфуд', 'Пищевая промышленность']",Екатеринбург,[],[],[],,2635306,более 5000,49868.0,Пятёрочка,Не имеет значения,Частичная занятость / Совместительство,Не имеет значения,,,https://ekaterinburg.superjob.ru/vakansii/pekar-51790732.html,62700.0
51791180,"Пекарь (Екатеринбург, Баумана, 48)",53400,72000,rub,"['Туризм, гостиницы, общественное питание', 'Промышленность, производство']","['Рестораны, кафе, столовые, фастфуд', 'Пищевая промышленность']",Екатеринбург,[],[],[],,2635306,более 5000,49868.0,Пятёрочка,Не имеет значения,Частичная занятость / Совместительство,Не имеет значения,,,https://ekaterinburg.superjob.ru/vakansii/pekar-51791180.html,62700.0
51791233,"Пекарь (Екатеринбург, Пархоменко, 39)",53400,72000,rub,"['Туризм, гостиницы, общественное питание', 'Промышленность, производство']","['Рестораны, кафе, столовые, фастфуд', 'Пищевая промышленность']",Екатеринбург,[],[],[],,2635306,более 5000,49868.0,Пятёрочка,Не имеет значения,Частичная занятость / Совместительство,Не имеет значения,,,https://ekaterinburg.superjob.ru/vakansii/pekar-51791233.html,62700.0
51792093,"Пекарь (Екатеринбург, Владимира Высоцкого, 6Б)",53400,72000,rub,"['Туризм, гостиницы, общественное питание', 'Промышленность, производство']","['Рестораны, кафе, столовые, фастфуд', 'Пищевая промышленность']",Екатеринбург,[],[],[],,2635306,более 5000,49868.0,Пятёрочка,Не имеет значения,Частичная занятость / Совместительство,Не имеет значения,,,https://ekaterinburg.superjob.ru/vakansii/pekar-51792093.html,62700.0
51792143,"Пекарь (Екатеринбург, Репина, 77)",53400,72000,rub,"['Туризм, гостиницы, общественное питание', 'Промышленность, производство']","['Рестораны, кафе, столовые, фастфуд', 'Пищевая промышленность']",Екатеринбург,[],[],[],,2635306,более 5000,49868.0,Пятёрочка,Не имеет значения,Частичная занятость / Совместительство,Не имеет значения,,,https://ekaterinburg.superjob.ru/vakansii/pekar-51792143.html,62700.0
51792440,"Пекарь (Екатеринбург, Токарей, 68)",53400,72000,rub,"['Туризм, гостиницы, общественное питание', 'Промышленность, производство', 'Рабочий персонал']","['Рестораны, кафе, столовые, фастфуд', 'Пищевая промышленность', 'Рабочий персонал, разное', 'Квалифицированный рабочий']",Екатеринбург,[],[],[],,2635306,более 5000,49868.0,Пятёрочка,Не имеет значения,Частичная занятость / Совместительство,Не имеет значения,,,https://ekaterinburg.superjob.ru/vakansii/pekar-51792440.html,62700.0
51827382,"Пекарь (Екатеринбург, Монтерская, 8/2)",53400,72000,rub,"['Туризм, гостиницы, общественное питание', 'Промышленность, производство']","['Рестораны, кафе, столовые, фастфуд', 'Пищевая промышленность']",Екатеринбург,[],[],[],,2635306,более 5000,49868.0,Пятёрочка,Не имеет значения,Частичная занятость / Совместительство,Не имеет значения,,,https://ekaterinburg.superjob.ru/vakansii/pekar-51827382.html,62700.0
51845218,Пекарь,56000,59000,rub,"['Туризм, гостиницы, общественное питание', 'Промышленность, производство']","['Рестораны, кафе, столовые, фастфуд', 'Пищевая промышленность']",Екатеринбург,[],[],[],"Екатеринбург, Блюхера, 39",4311,более 5000,3349.0,Перекресток,Без опыта,Полный рабочий день,Среднее специальное,56.852383,60.640587,https://ekaterinburg.superjob.ru/vakansii/pekar-51845218.html,57500.0
51845787,"Пекарь (Екатеринбург, Юмашева, 5)",53400,72000,rub,"['Туризм, гостиницы, общественное питание', 'Промышленность, производство']","['Рестораны, кафе, столовые, фастфуд', 'Пищевая промышленность']",Екатеринбург,[],[],[],,2635306,более 5000,49868.0,Пятёрочка,Не имеет значения,Частичная занятость / Совместительство,Не имеет значения,,,https://ekaterinburg.superjob.ru/vakansii/pekar-51845787.html,62700.0
51853589,"Пекарь (Екатеринбург, Вдохновения, 4)",53400,72000,rub,"['Туризм, гостиницы, общественное питание', 'Промышленность, производство']","['Рестораны, кафе, столовые, фастфуд', 'Пищевая промышленность']",Екатеринбург,[],[],[],,2635306,более 5000,49868.0,Пятёрочка,Не имеет значения,Частичная занятость / Совместительство,Не имеет значения,,,https://ekaterinburg.superjob.ru/vakansii/pekar-51853589.html,62700.0
48756223,Инженер-конструктор гидравлик,80000,160000,rub,"['Строительство, проектирование, недвижимость', 'Промышленность, производство']","['Конструирование', 'Авиационная промышленность', 'Машиностроение, станкостроение', 'Промышленное оборудование', 'Энергомашиностроение']",Екатеринбург,[],[],[],,4579263,100 — 500,3.0,ТЕХПРОМ,От 3 лет,Полный рабочий день,Высшее,,,https://ekaterinburg.superjob.ru/vakansii/inzhener-konstruktor-gidravlik-48756223.html,120000.0
51264197,"Инженер КИПиА, вахта 60/60",400000,400000,rub,"['Промышленность, производство']","['Приборостроение', 'Промышленное оборудование', 'Радиотехническая и электронная промышленность', 'Энергетика']",Екатеринбург,[],[],[],,4744563,1000 — 5000,4189.0,АКС,От 3 лет,Работа вахтовым методом,Не имеет значения,,,https://ekaterinburg.superjob.ru/vakansii/inzhener-kipia-51264197.html,400000.0
51781185,Технолог общественного питания,69800,76600,rub,"['Туризм, гостиницы, общественное питание', 'Промышленность, производство']","['Рестораны, кафе, столовые, фастфуд', 'Пищевая промышленность']",Екатеринбург,[],[],[],"Россия, г Екатеринбург, ул Металлургов, д 87",154882,более 5000,605.0,Ашан,Без опыта,Полный рабочий день,Не имеет значения,56.823635,60.505405,https://ekaterinburg.superjob.ru/vakansii/tehnolog-obschestvennogo-pitaniya-51781185.html,73200.0
51782681,Электромонтажник-наладчик,80000,110000,rub,"['Строительство, проектирование, недвижимость', 'Промышленность, производство', 'Рабочий персонал']","['Электроснабжение', 'Слаботочные системы и сети', 'Энергетика', 'Рабочий персонал, разное', 'Квалифицированный рабочий']",Екатеринбург,[],[],[],,4595880,более 5000,68.0,Инжиниринговый холдинг «эВ-групп»,От 1 года,Полный рабочий день,Среднее специальное,,,https://ekaterinburg.superjob.ru/vakansii/elektromontazhnik-naladchik-51782681.html,95000.0
51833534,Инженер-механик,63000,65000,rub,"['Промышленность, производство']","['Авиационная промышленность', 'Автомобильная промышленность', 'Железнодорожное машиностроение', 'Машиностроение, станкостроение', 'Нефтегазовое машиностроение']",Екатеринбург,[],[],[],"Свердловская область, Екатеринбург",938739,более 5000,34.0,Горно-металлургический комплекс,От 1 года,Полный рабочий день,Высшее,56.838013,60.597473,https://ekaterinburg.superjob.ru/vakansii/inzhener-mehanik-51833534.html,64000.0
51836005,Инженер-конструктор машиностроения,130000,150000,rub,"['Строительство, проектирование, недвижимость', 'Промышленность, производство']","['Конструирование', 'Машиностроение, станкостроение']",Екатеринбург,[],[],[],"Екатеринбург, проспект Ленина",4353589,менее 50,340.0,Jobers,От 1 года,Полный рабочий день,Высшее,56.839535,60.612438,https://ekaterinburg.superjob.ru/vakansii/inzhener-konstruktor-mashinostroeniya-51836005.html,140000.0
51840625,Продавец в зону готовой еды,39500,59500,rub,"['Промышленность, производство']","['Пищевая промышленность', 'Производство товаров народного потребления']",Екатеринбург,[],[],[],"Екатеринбург, Шувакиш, Зеленая, 3д",280168,более 5000,18163.0,"Магнит, Розничная сеть",Не имеет значения,Сменный график работы,Не имеет значения,56.921871,60.482643,https://ekaterinburg.superjob.ru/vakansii/prodavec-v-zonu-gotovoj-edy-51840625.html,49500.0
51850555,Инженер по промышленной безопасности,100000,150000,rub,"['Кадры, управление персоналом', 'Промышленность, производство']","['Охрана труда', 'Промышленная безопасность']",Екатеринбург,[],[],[],,3940185,1000 — 5000,72.0,ЦЭНКИ,От 3 лет,Полный рабочий день,Высшее,,,https://ekaterinburg.superjob.ru/vakansii/inzhener-po-promyshlennoj-bezopasnosti-51850555.html,125000.0
51864372,"Повар кулинарии, Собственное производство в Гипермаркет Магнит",48600,72800,rub,"['Туризм, гостиницы, общественное питание', 'Промышленность, производство']","['Рестораны, кафе, столовые, фастфуд', 'Пищевая промышленность']",Екатеринбург,[],[],[],"Екатеринбург, 2-я Новосибирская улица, 8",280168,более 5000,18163.0,"Магнит, Розничная сеть",Без опыта,Сменный график работы,Не имеет значения,56.760204,60.587486,https://ekaterinburg.superjob.ru/vakansii/povar-kulinarii-51864372.html,60700.0
51864414,"Формовщик-кондитер, Пекарня в Гипермаркет Магнит",42600,63900,rub,"['Туризм, гостиницы, общественное питание', 'Промышленность, производство']","['Рестораны, кафе, столовые, фастфуд', 'Машиностроение, станкостроение', 'Приборостроение', 'Производство металлических изделий и заготовок']",Екатеринбург,[],[],[],"Екатеринбург, Кирова, 33",280168,более 5000,18163.0,"Магнит, Розничная сеть",Без опыта,Сменный график работы,Не имеет значения,56.839062,60.560402,https://ekaterinburg.superjob.ru/vakansii/formovschik-konditer-51864414.html,53250.0
51864554,Продавец в зону готовой еды,39500,59500,rub,"['Промышленность, производство']",['Пищевая промышленность'],Екатеринбург,[],[],[],"Екатеринбург, , 18",280168,более 5000,18163.0,"Магнит, Розничная сеть",Не имеет значения,Сменный график работы,Не имеет значения,56.807304,60.409737,https://ekaterinburg.superjob.ru/vakansii/prodavec-v-zonu-gotovoj-edy-51864554.html,49500.0
48264094,Пекарь,53400,72000,rub,"['Туризм, гостиницы, общественное питание', 'Промышленность, производство', 'Продажи']","['Рестораны, кафе, столовые, фастфуд', 'Пищевая промышленность', 'Начало карьеры, мало опыта']",Екатеринбург,[],[],[],"Екатеринбург, Полимерный, 11",2635306,более 5000,49868.0,Пятёрочка,От 1 года,Частичная занятость / Совместительство,Не имеет значения,56.866493,60.604858,https://ekaterinburg.superjob.ru/vakansii/pekar-48264094.html,62700.0
48264908,Пекарь,53400,72000,rub,"['Туризм, гостиницы, общественное питание', 'Промышленность, производство', 'Продажи']","['Рестораны, кафе, столовые, фастфуд', 'Пищевая промышленность', 'Начало карьеры, мало опыта']",Екатеринбург,[],[],[],"Екатеринбург, Минометчиков, 62",2635306,более 5000,49868.0,Пятёрочка,От 1 года,Частичная занятость / Совместительство,Не имеет значения,56.871063,60.518963,https://ekaterinburg.superjob.ru/vakansii/pekar-48264908.html,62700.0
48264912,Пекарь,53400,72000,rub,"['Туризм, гостиницы, общественное питание', 'Промышленность, производство', 'Продажи']","['Рестораны, кафе, столовые, фастфуд', 'Пищевая промышленность', 'Начало карьеры, мало опыта']",Екатеринбург,[],[],[],"Екатеринбург, Некрасова, 14",2635306,более 5000,49868.0,Пятёрочка,От 1 года,Частичная занятость / Совместительство,Не имеет значения,56.850964,60.588921,https://ekaterinburg.superjob.ru/vakansii/pekar-48264912.html,62700.0
48268251,Пекарь,53400,72000,rub,"['Туризм, гостиницы, общественное питание', 'Промышленность, производство', 'Продажи']","['Рестораны, кафе, столовые, фастфуд', 'Пищевая промышленность', 'Начало карьеры, мало опыта']",Екатеринбург,[],[],[],"Екатеринбург, Восточная, 160",2635306,более 5000,49868.0,Пятёрочка,От 1 года,Частичная занятость / Совместительство,Не имеет значения,56.829262,60.635948,https://ekaterinburg.superjob.ru/vakansii/pekar-48268251.html,62700.0
48767211,Пекарь,53400,72000,rub,"['Туризм, гостиницы, общественное питание', 'Промышленность, производство', 'Продажи']","['Рестораны, кафе, столовые, фастфуд', 'Пищевая промышленность', 'Начало карьеры, мало опыта']",Екатеринбург,[],[],[],"Екатеринбург, Крестинского, 4",2635306,более 5000,49868.0,Пятёрочка,От 1 года,Частичная занятость / Совместительство,Не имеет значения,56.792259,60.60936,https://ekaterinburg.superjob.ru/vakansii/pekar-48767211.html,62700.0
48771468,Пекарь,53400,72000,rub,"['Туризм, гостиницы, общественное питание', 'Промышленность, производство', 'Продажи']","['Рестораны, кафе, столовые, фастфуд', 'Пищевая промышленность', 'Начало карьеры, мало опыта']",Екатеринбург,[],[],[],"Екатеринбург, 40-летия Комсомола, 32В",2635306,более 5000,49868.0,Пятёрочка,От 1 года,Частичная занятость / Совместительство,Не имеет значения,56.826267,60.695534,https://ekaterinburg.superjob.ru/vakansii/pekar-48771468.html,62700.0
48773154,Пекарь,53400,72000,rub,"['Туризм, гостиницы, общественное питание', 'Промышленность, производство', 'Продажи']","['Рестораны, кафе, столовые, фастфуд', 'Пищевая промышленность', 'Начало карьеры, мало опыта']",Екатеринбург,[],[],[],"Екатеринбург, Стрелочников, 4",2635306,более 5000,49868.0,Пятёрочка,От 1 года,Частичная занятость / Совместительство,Не имеет значения,56.856174,60.58514,https://ekaterinburg.superjob.ru/vakansii/pekar-48773154.html,62700.0
49756843,Пекарь,53400,72000,rub,"['Туризм, гостиницы, общественное питание', 'Промышленность, производство', 'Продажи']","['Рестораны, кафе, столовые, фастфуд', 'Пищевая промышленность', 'Начало карьеры, мало опыта']",Екатеринбург,[],[],[],"Екатеринбург, Щербакова, 148",2635306,более 5000,49868.0,Пятёрочка,От 1 года,Частичная занятость / Совместительство,Не имеет значения,56.767452,60.671452,https://ekaterinburg.superjob.ru/vakansii/pekar-49756843.html,62700.0
50059513,Пекарь,44200,59700,rub,"['Туризм, гостиницы, общественное питание', 'Промышленность, производство']","['Рестораны, кафе, столовые, фастфуд', 'Пищевая промышленность']",Екатеринбург,[],[],[],"Екатеринбург, Комсомольская, 6Е",2635306,более 5000,49868.0,Пятёрочка,Не имеет значения,Частичная занятость / Совместительство,Не имеет значения,56.854305,60.651787,https://ekaterinburg.superjob.ru/vakansii/pekar-50059513.html,51950.0
50588464,Пекарь,53400,72000,rub,"['Туризм, гостиницы, общественное питание', 'Промышленность, производство', 'Продажи']","['Рестораны, кафе, столовые, фастфуд', 'Пищевая промышленность', 'Начало карьеры, мало опыта']",Екатеринбург,[],[],[],"Екатеринбург, Сухоложская, 8",2635306,более 5000,49868.0,Пятёрочка,От 1 года,Частичная занятость / Совместительство,Не имеет значения,56.77589,60.609196,https://ekaterinburg.superjob.ru/vakansii/pekar-50588464.html,62700.0
50742209,Пекарь,53400,72000,rub,"['Туризм, гостиницы, общественное питание', 'Промышленность, производство', 'Продажи']","['Рестораны, кафе, столовые, фастфуд', 'Пищевая промышленность', 'Начало карьеры, мало опыта']",Екатеринбург,[],[],[],"Екатеринбург, Черепанова, 28",2635306,более 5000,49868.0,Пятёрочка,От 1 года,Частичная занятость / Совместительство,Не имеет значения,56.856949,60.56834,https://ekaterinburg.superjob.ru/vakansii/pekar-50742209.html,62700.0
50742629,Пекарь,53400,72000,rub,"['Туризм, гостиницы, общественное питание', 'Промышленность, производство', 'Продажи']","['Рестораны, кафе, столовые, фастфуд', 'Пищевая промышленность', 'Начало карьеры, мало опыта']",Екатеринбург,[],[],[],"Екатеринбург, Московская, 249",2635306,более 5000,49868.0,Пятёрочка,От 1 года,Частичная занятость / Совместительство,Не имеет значения,56.804802,60.594051,https://ekaterinburg.superjob.ru/vakansii/pekar-50742629.html,62700.0
50895414,"Пекарь (Екатеринбург, Космонавтов, 108/2)",53400,72000,rub,"['Туризм, гостиницы, общественное питание', 'Промышленность, производство']","['Рестораны, кафе, столовые, фастфуд', 'Пищевая промышленность']",Екатеринбург,[],[],[],,2635306,более 5000,49868.0,Пятёрочка,Не имеет значения,Частичная занятость / Совместительство,Не имеет значения,,,https://ekaterinburg.superjob.ru/vakansii/pekar-50895414.html,62700.0
50901955,"Пекарь (Екатеринбург, Репина, 95)",53400,72000,rub,"['Туризм, гостиницы, общественное питание', 'Промышленность, производство']","['Рестораны, кафе, столовые, фастфуд', 'Пищевая промышленность']",Екатеринбург,[],[],[],,2635306,более 5000,49868.0,Пятёрочка,Не имеет значения,Частичная занятость / Совместительство,Не имеет значения,,,https://ekaterinburg.superjob.ru/vakansii/pekar-50901955.html,62700.0
50978019,"Пекарь (Екатеринбург, Победы, 10)",53400,72000,rub,"['Туризм, гостиницы, общественное питание', 'Промышленность, производство']","['Рестораны, кафе, столовые, фастфуд', 'Пищевая промышленность']",Екатеринбург,[],[],[],,2635306,более 5000,49868.0,Пятёрочка,Не имеет значения,Частичная занятость / Совместительство,Не имеет значения,,,https://ekaterinburg.superjob.ru/vakansii/pekar-50978019.html,62700.0
51729324,"Пекарь (Екатеринбург, Денисова-Уральского, 12)",44200,59700,rub,"['Туризм, гостиницы, общественное питание', 'Промышленность, производство']","['Рестораны, кафе, столовые, фастфуд', 'Пищевая промышленность']",Екатеринбург,[],[],[],,2635306,более 5000,49868.0,Пятёрочка,Не имеет значения,Частичная занятость / Совместительство,Не имеет значения,,,https://ekaterinburg.superjob.ru/vakansii/pekar-51729324.html,51950.0
51748118,"Пекарь (Екатеринбург, Победы, 96)",53400,72000,rub,"['Туризм, гостиницы, общественное питание', 'Промышленность, производство']","['Рестораны, кафе, столовые, фастфуд', 'Пищевая промышленность']",Екатеринбург,[],[],[],,2635306,более 5000,49868.0,Пятёрочка,Не имеет значения,Частичная занятость / Совместительство,Не имеет значения,,,https://ekaterinburg.superjob.ru/vakansii/pekar-51748118.html,62700.0
51760803,"Пекарь (Екатеринбург, Анатолия Мехренцева, 1)",53400,72000,rub,"['Туризм, гостиницы, общественное питание', 'Промышленность, производство']","['Рестораны, кафе, столовые, фастфуд', 'Пищевая промышленность']",Екатеринбург,[],[],[],,2635306,более 5000,49868.0,Пятёрочка,Не имеет значения,Частичная занятость / Совместительство,Не имеет значения,,,https://ekaterinburg.superjob.ru/vakansii/pekar-51760803.html,62700.0
51764984,"Пекарь (Екатеринбург, Щербакова, 18)",53400,72000,rub,"['Туризм, гостиницы, общественное питание', 'Промышленность, производство']","['Рестораны, кафе, столовые, фастфуд', 'Пищевая промышленность']",Екатеринбург,[],[],[],,2635306,более 5000,49868.0,Пятёрочка,Не имеет значения,Частичная занятость / Совместительство,Не имеет значения,,,https://ekaterinburg.superjob.ru/vakansii/pekar-51764984.html,62700.0
51788947,"Пекарь (Екатеринбург, Рощинская, 46/2)",53400,72000,rub,"['Туризм, гостиницы, общественное питание', 'Промышленность, производство']","['Рестораны, кафе, столовые, фастфуд', 'Пищевая промышленность']",Екатеринбург,[],[],[],,2635306,более 5000,49868.0,Пятёрочка,Не имеет значения,Частичная занятость / Совместительство,Не имеет значения,,,https://ekaterinburg.superjob.ru/vakansii/pekar-51788947.html,62700.0
51789197,Пекарь,53400,72000,rub,"['Туризм, гостиницы, общественное питание', 'Промышленность, производство']","['Рестораны, кафе, столовые, фастфуд', 'Пищевая промышленность']",Екатеринбург,[],[],[],"Екатеринбург, Викулова, 38",2635306,более 5000,49868.0,Пятёрочка,Не имеет значения,Частичная занятость / Совместительство,Не имеет значения,56.831993,60.542885,https://ekaterinburg.superjob.ru/vakansii/pekar-51789197.html,62700.0
51789932,"Пекарь (Екатеринбург, Реактивная, 2А)",53400,72000,rub,"['Туризм, гостиницы, общественное питание', 'Промышленность, производство']","['Рестораны, кафе, столовые, фастфуд', 'Пищевая промышленность']",Екатеринбург,[],[],[],,2635306,более 5000,49868.0,Пятёрочка,Не имеет значения,Частичная занятость / Совместительство,Не имеет значения,,,https://ekaterinburg.superjob.ru/vakansii/pekar-51789932.html,62700.0
51790229,"Пекарь (Екатеринбург, Энтузиастов, 36Б/2)",53400,72000,rub,"['Туризм, гостиницы, общественное питание', 'Промышленность, производство']","['Рестораны, кафе, столовые, фастфуд', 'Пищевая промышленность']",Екатеринбург,[],[],[],,2635306,более 5000,49868.0,Пятёрочка,Не имеет значения,Частичная занятость / Совместительство,Не имеет значения,,,https://ekaterinburg.superjob.ru/vakansii/pekar-51790229.html,62700.0
51842744,"Пекарь (Екатеринбург, Космонавтов, 74)",53400,72000,rub,"['Туризм, гостиницы, общественное питание', 'Промышленность, производство']","['Рестораны, кафе, столовые, фастфуд', 'Пищевая промышленность']",Екатеринбург,[],[],[],,2635306,более 5000,49868.0,Пятёрочка,Не имеет значения,Частичная занятость / Совместительство,Не имеет значения,,,https://ekaterinburg.superjob.ru/vakansii/pekar-51842744.html,62700.0
51843549,"Пекарь (Екатеринбург, Чкалова, 258)",53400,72000,rub,"['Туризм, гостиницы, общественное питание', 'Промышленность, производство']","['Рестораны, кафе, столовые, фастфуд', 'Пищевая промышленность']",Екатеринбург,[],[],[],,2635306,более 5000,49868.0,Пятёрочка,Не имеет значения,Частичная занятость / Совместительство,Не имеет значения,,,https://ekaterinburg.superjob.ru/vakansii/pekar-51843549.html,62700.0
51852667,"Пекарь (Екатеринбург, Начдива Васильева, 14)",53400,72000,rub,"['Туризм, гостиницы, общественное питание', 'Промышленность, производство']","['Рестораны, кафе, столовые, фастфуд', 'Пищевая промышленность']",Екатеринбург,[],[],[],,2635306,более 5000,49868.0,Пятёрочка,Не имеет значения,Частичная занятость / Совместительство,Не имеет значения,,,https://ekaterinburg.superjob.ru/vakansii/pekar-51852667.html,62700.0
51188423,Пекарь вахтой на север,172000,260000,rub,"['Туризм, гостиницы, общественное питание', 'Промышленность, производство']","['Рестораны, кафе, столовые, фастфуд', 'Пищевая промышленность']",Екатеринбург,[],[],[],,4744563,1000 — 5000,4189.0,АКС,От 1 года,Полный рабочий день,Не имеет значения,,,https://ekaterinburg.superjob.ru/vakansii/pekar-vahtoj-na-sever-51188423.html,216000.0
51787290,"Повар, Собственное производство в Гипермаркет Магнит",67200,110100,rub,"['Туризм, гостиницы, общественное питание', 'Промышленность, производство']","['Рестораны, кафе, столовые, фастфуд', 'Пищевая промышленность']",Екатеринбург,[],[],[],"Екатеринбург, Академика Шварца, 1",280168,более 5000,18163.0,"Магнит, Розничная сеть",Без опыта,Сменный график работы,Не имеет значения,56.796722,60.61298,https://ekaterinburg.superjob.ru/vakansii/povar-51787290.html,88650.0
51787302,"Повар, Собственное производство в Гипермаркет Магнит",49600,74400,rub,"['Туризм, гостиницы, общественное питание', 'Промышленность, производство']","['Рестораны, кафе, столовые, фастфуд', 'Пищевая промышленность']",Екатеринбург,[],[],[],"Екатеринбург, Восточная, 35",280168,более 5000,18163.0,"Магнит, Розничная сеть",Без опыта,Сменный график работы,Не имеет значения,56.822109,60.640217,https://ekaterinburg.superjob.ru/vakansii/povar-51787302.html,62000.0
51823985,"Повар кулинарии, Собственное производство в Гипермаркет Магнит",66000,97200,rub,"['Туризм, гостиницы, общественное питание', 'Промышленность, производство']","['Рестораны, кафе, столовые, фастфуд', 'Пищевая промышленность']",Екатеринбург,[],[],[],"Екатеринбург, Академика Шварца, 1",280168,более 5000,18163.0,"Магнит, Розничная сеть",Без опыта,Сменный график работы,Не имеет значения,56.796722,60.61298,https://ekaterinburg.superjob.ru/vakansii/povar-kulinarii-51823985.html,81600.0
51842450,Повар кулинарии,48600,72900,rub,"['Туризм, гостиницы, общественное питание', 'Промышленность, производство']","['Рестораны, кафе, столовые, фастфуд', 'Пищевая промышленность']",Екатеринбург,[],[],[],"Екатеринбург, Владимира Высоцкого, 12",280168,более 5000,18163.0,"Магнит, Розничная сеть",Без опыта,Сменный график работы,Среднее специальное,56.841427,60.676304,https://ekaterinburg.superjob.ru/vakansii/povar-kulinarii-51842450.html,60750.0
51849261,Повар,49600,74400,rub,"['Туризм, гостиницы, общественное питание', 'Промышленность, производство']","['Рестораны, кафе, столовые, фастфуд', 'Пищевая промышленность']",Екатеринбург,[],[],[],"Екатеринбург, Ясная, 2",280168,более 5000,18163.0,"Магнит, Розничная сеть",Без опыта,Сменный график работы,Среднее специальное,56.816341,60.585922,https://ekaterinburg.superjob.ru/vakansii/povar-51849261.html,62000.0
51849283,Повар,49600,74400,rub,"['Туризм, гостиницы, общественное питание', 'Промышленность, производство']","['Рестораны, кафе, столовые, фастфуд', 'Пищевая промышленность']",Екатеринбург,[],[],[],"Екатеринбург, 2-я Новосибирская улица, 8",280168,более 5000,18163.0,"Магнит, Розничная сеть",Без опыта,Сменный график работы,Среднее специальное,56.760204,60.587486,https://ekaterinburg.superjob.ru/vakansii/povar-51849283.html,62000.0
51849289,Повар,64800,106200,rub,"['Туризм, гостиницы, общественное питание', 'Промышленность, производство']","['Рестораны, кафе, столовые, фастфуд', 'Пищевая промышленность']",Екатеринбург,[],[],[],"Екатеринбург, Краснолесья, 133",280168,более 5000,18163.0,"Магнит, Розничная сеть",Без опыта,Сменный график работы,Среднее специальное,56.793499,60.519547,https://ekaterinburg.superjob.ru/vakansii/povar-51849289.html,85500.0
51859892,Продавец в зону готовой еды,39500,59500,rub,"['Промышленность, производство']",['Пищевая промышленность'],Екатеринбург,[],[],[],"Екатеринбург, Готвальда, 24/2",280168,более 5000,18163.0,"Магнит, Розничная сеть",Не имеет значения,Сменный график работы,Не имеет значения,56.855541,60.576096,https://ekaterinburg.superjob.ru/vakansii/prodavec-v-zonu-gotovoj-edy-51859892.html,49500.0
49037315,Пекарь,53400,72000,rub,"['Туризм, гостиницы, общественное питание', 'Промышленность, производство', 'Продажи']","['Рестораны, кафе, столовые, фастфуд', 'Пищевая промышленность', 'Начало карьеры, мало опыта']",Екатеринбург,[],[],[],"Екатеринбург, Билимбаевская, 45",2635306,более 5000,49868.0,Пятёрочка,От 1 года,Частичная занятость / Совместительство,Не имеет значения,56.886566,60.503742,https://ekaterinburg.superjob.ru/vakansii/pekar-49037315.html,62700.0
50336403,Пекарь,53400,72000,rub,"['Туризм, гостиницы, общественное питание', 'Промышленность, производство', 'Продажи']","['Рестораны, кафе, столовые, фастфуд', 'Пищевая промышленность', 'Начало карьеры, мало опыта']",Екатеринбург,[],[],[],"Екатеринбург, Совхозный, Мостовая, 2е",2635306,более 5000,49868.0,Пятёрочка,От 1 года,Частичная занятость / Совместительство,Не имеет значения,56.762157,60.54829,https://ekaterinburg.superjob.ru/vakansii/pekar-50336403.html,62700.0
51823772,Пекарь,40000,50000,rub,"['Туризм, гостиницы, общественное питание', 'Промышленность, производство']","['Рестораны, кафе, столовые, фастфуд', 'Пищевая промышленность']",Екатеринбург,[],[],[],"Екатеринбург, Лучистая, 2",4311,более 5000,3349.0,Перекресток,Без опыта,Полный рабочий день,Среднее специальное,56.746071,60.570236,https://ekaterinburg.superjob.ru/vakansii/pekar-51823772.html,45000.0
51841764,Пекарь,57000,60500,rub,"['Туризм, гостиницы, общественное питание', 'Промышленность, производство']","['Рестораны, кафе, столовые, фастфуд', 'Пищевая промышленность']",Екатеринбург,[],[],[],"Екатеринбург, Щербакова, 4",4311,более 5000,3349.0,Перекресток,Без опыта,Полный рабочий день,Среднее специальное,56.788555,60.649029,https://ekaterinburg.superjob.ru/vakansii/pekar-51841764.html,58750.0
51848766,Пекарь,56000,59500,rub,"['Туризм, гостиницы, общественное питание', 'Промышленность, производство']","['Рестораны, кафе, столовые, фастфуд', 'Пищевая промышленность']",Екатеринбург,[],[],[],"Екатеринбург, Сулимова, 26",4311,более 5000,3349.0,Перекресток,Без опыта,Полный рабочий день,Среднее специальное,56.861824,60.644592,https://ekaterinburg.superjob.ru/vakansii/pekar-51848766.html,57750.0
51848834,Пекарь,56500,59000,rub,"['Туризм, гостиницы, общественное питание', 'Промышленность, производство']","['Рестораны, кафе, столовые, фастфуд', 'Пищевая промышленность']",Екатеринбург,[],[],[],"Екатеринбург, Сулимова, 26",4311,более 5000,3349.0,Перекресток,Без опыта,Полный рабочий день,Среднее специальное,56.861824,60.644592,https://ekaterinburg.superjob.ru/vakansii/pekar-51848834.html,57750.0
51848845,Пекарь,56000,59500,rub,"['Туризм, гостиницы, общественное питание', 'Промышленность, производство']","['Рестораны, кафе, столовые, фастфуд', 'Пищевая промышленность']",Екатеринбург,[],[],[],"Екатеринбург, 8 Марта, 188",4311,более 5000,3349.0,Перекресток,Без опыта,Полный рабочий день,Среднее специальное,56.804718,60.610382,https://ekaterinburg.superjob.ru/vakansii/pekar-51848845.html,57750.0
51849044,Пекарь,50000,60000,rub,"['Туризм, гостиницы, общественное питание', 'Промышленность, производство']","['Рестораны, кафе, столовые, фастфуд', 'Пищевая промышленность']",Екатеринбург,[],[],[],"Екатеринбург, Малышева, 5",4311,более 5000,3349.0,Перекресток,Без опыта,Полный рабочий день,Среднее специальное,56.83297,60.582375,https://ekaterinburg.superjob.ru/vakansii/pekar-51849044.html,55000.0
51851760,"Пекарь (Екатеринбург, Космонавтов, 49)",53400,72000,rub,"['Туризм, гостиницы, общественное питание', 'Промышленность, производство']","['Рестораны, кафе, столовые, фастфуд', 'Пищевая промышленность']",Екатеринбург,[],[],[],,2635306,более 5000,49868.0,Пятёрочка,Не имеет значения,Частичная занятость / Совместительство,Не имеет значения,,,https://ekaterinburg.superjob.ru/vakansii/pekar-51851760.html,62700.0
51851766,"Пекарь (Екатеринбург, Молотобойцев, 17)",53400,72000,rub,"['Туризм, гостиницы, общественное питание', 'Промышленность, производство']","['Рестораны, кафе, столовые, фастфуд', 'Пищевая промышленность']",Екатеринбург,[],[],[],,2635306,более 5000,49868.0,Пятёрочка,Не имеет значения,Частичная занятость / Совместительство,Не имеет значения,,,https://ekaterinburg.superjob.ru/vakansii/pekar-51851766.html,62700.0
51851769,"Пекарь (Екатеринбург, Титова, 17В)",53400,72000,rub,"['Туризм, гостиницы, общественное питание', 'Промышленность, производство']","['Рестораны, кафе, столовые, фастфуд', 'Пищевая промышленность']",Екатеринбург,[],[],[],,2635306,более 5000,49868.0,Пятёрочка,Не имеет значения,Частичная занятость / Совместительство,Не имеет значения,,,https://ekaterinburg.superjob.ru/vakansii/pekar-51851769.html,62700.0
51852156,Пекарь,55600,59000,rub,"['Туризм, гостиницы, общественное питание', 'Промышленность, производство']","['Рестораны, кафе, столовые, фастфуд', 'Пищевая промышленность']",Екатеринбург,[],[],[],"Екатеринбург, Петра Кожемяко, 16",4311,более 5000,3349.0,Перекресток,Без опыта,Полный рабочий день,Среднее специальное,56.799145,60.492794,https://ekaterinburg.superjob.ru/vakansii/pekar-51852156.html,57300.0
51858784,Пекарь,45000,55000,rub,"['Туризм, гостиницы, общественное питание', 'Промышленность, производство']","['Рестораны, кафе, столовые, фастфуд', 'Пищевая промышленность']",Екатеринбург,[],[],[],"Екатеринбург, Мельникова, 27",4311,более 5000,3349.0,Перекресток,Без опыта,Полный рабочий день,Среднее специальное,56.833176,60.569401,https://ekaterinburg.superjob.ru/vakansii/pekar-51858784.html,50000.0
51866627,Пекарь,70000,80000,rub,"['Туризм, гостиницы, общественное питание', 'Промышленность, производство']","['Рестораны, кафе, столовые, фастфуд', 'Пищевая промышленность']",Екатеринбург,[],[],[],"Екатеринбург, Викулова, 57А",4311,более 5000,3349.0,Перекресток,Без опыта,Полный рабочий день,Среднее специальное,56.822952,60.543125,https://ekaterinburg.superjob.ru/vakansii/pekar-51866627.html,75000.0
51783363,Старший смены собственного производства в Гипермаркет Магнит,79700,87000,rub,"['Промышленность, производство']",['Другое'],Екатеринбург,[],[],[],"Екатеринбург, Айвазовского, 53",280168,более 5000,18163.0,"Магнит, Розничная сеть",От 1 года,Полный рабочий день,Не имеет значения,56.802273,60.598759,https://ekaterinburg.superjob.ru/vakansii/starshij-smeny-sobstvennogo-proizvodstva-v-gipermarket-magnit-51783363.html,83350.0
51783394,"Повар, Собственное производство в Гипермаркет Магнит",49600,74400,rub,"['Туризм, гостиницы, общественное питание', 'Промышленность, производство']","['Рестораны, кафе, столовые, фастфуд', 'Пищевая промышленность']",Екатеринбург,[],[],[],"Екатеринбург, Советская, 6а",280168,более 5000,18163.0,"Магнит, Розничная сеть",Без опыта,Сменный график работы,Не имеет значения,56.848949,60.627659,https://ekaterinburg.superjob.ru/vakansii/povar-51783394.html,62000.0
51785871,"Повар кулинарии, Собственное производство в Гипермаркет Магнит",48600,72900,rub,"['Туризм, гостиницы, общественное питание', 'Промышленность, производство']","['Рестораны, кафе, столовые, фастфуд', 'Пищевая промышленность']",Екатеринбург,[],[],[],"Екатеринбург, Ясная, 2",280168,более 5000,18163.0,"Магнит, Розничная сеть",Без опыта,Сменный график работы,Не имеет значения,56.816341,60.585922,https://ekaterinburg.superjob.ru/vakansii/povar-kulinarii-51785871.html,60750.0
51794091,"Повар, Собственное производство в Гипермаркет Магнит",49600,74400,rub,"['Туризм, гостиницы, общественное питание', 'Промышленность, производство']","['Рестораны, кафе, столовые, фастфуд', 'Пищевая промышленность']",Екатеринбург,[],[],[],"Екатеринбург, Владимира Высоцкого, 12",280168,более 5000,18163.0,"Магнит, Розничная сеть",Без опыта,Сменный график работы,Не имеет значения,56.841427,60.676304,https://ekaterinburg.superjob.ru/vakansii/povar-51794091.html,62000.0
51797181,"Повар кулинарии, Собственное производство в Гипермаркет Магнит",64800,95400,rub,"['Туризм, гостиницы, общественное питание', 'Промышленность, производство']","['Рестораны, кафе, столовые, фастфуд', 'Пищевая промышленность']",Екатеринбург,[],[],[],"Екатеринбург, Айвазовского, 53",280168,более 5000,18163.0,"Магнит, Розничная сеть",Без опыта,Сменный график работы,Не имеет значения,56.802273,60.598759,https://ekaterinburg.superjob.ru/vakansii/povar-kulinarii-51797181.html,80100.0
51820820,"Повар кулинарии, Собственное производство в Гипермаркет Магнит",48600,72900,rub,"['Туризм, гостиницы, общественное питание', 'Промышленность, производство']","['Рестораны, кафе, столовые, фастфуд', 'Пищевая промышленность']",Екатеринбург,[],[],[],"Екатеринбург, Луначарского, 205",280168,более 5000,18163.0,"Магнит, Розничная сеть",Без опыта,Сменный график работы,Не имеет значения,56.828556,60.625725,https://ekaterinburg.superjob.ru/vakansii/povar-kulinarii-51820820.html,60750.0
51821825,"Повар, Собственное производство в Гипермаркет Магнит",54600,81900,rub,"['Туризм, гостиницы, общественное питание', 'Промышленность, производство']","['Рестораны, кафе, столовые, фастфуд', 'Пищевая промышленность']",Екатеринбург,[],[],[],"Екатеринбург, Токарей, 52",280168,более 5000,18163.0,"Магнит, Розничная сеть",Без опыта,Сменный график работы,Не имеет значения,56.829491,60.560574,https://ekaterinburg.superjob.ru/vakansii/povar-51821825.html,68250.0
51821826,"Повар, Собственное производство в Гипермаркет Магнит",49600,74400,rub,"['Туризм, гостиницы, общественное питание', 'Промышленность, производство']","['Рестораны, кафе, столовые, фастфуд', 'Пищевая промышленность']",Екатеринбург,[],[],[],"Екатеринбург, Таватуйская, 14",280168,более 5000,18163.0,"Магнит, Розничная сеть",Без опыта,Сменный график работы,Не имеет значения,56.871147,60.538151,https://ekaterinburg.superjob.ru/vakansii/povar-51821826.html,62000.0
51833530,Старший смены собственного производства в Гипермаркет Магнит,85300,93000,rub,"['Промышленность, производство']",['Другое'],Екатеринбург,[],[],[],"Екатеринбург, Краснолесья, 133",280168,более 5000,18163.0,"Магнит, Розничная сеть",От 1 года,Полный рабочий день,Не имеет значения,56.793499,60.519547,https://ekaterinburg.superjob.ru/vakansii/starshij-smeny-sobstvennogo-proizvodstva-v-gipermarket-magnit-51833530.html,89150.0
51836187,"Повар кулинарии, Собственное производство в Гипермаркет Магнит",48600,72900,rub,"['Туризм, гостиницы, общественное питание', 'Промышленность, производство']","['Рестораны, кафе, столовые, фастфуд', 'Пищевая промышленность']",Екатеринбург,[],[],[],"Екатеринбург, Восточная, 35",280168,более 5000,18163.0,"Магнит, Розничная сеть",Без опыта,Сменный график работы,Не имеет значения,56.822109,60.640217,https://ekaterinburg.superjob.ru/vakansii/povar-kulinarii-51836187.html,60750.0
51844823,"Повар, Собственное производство в Гипермаркет Магнит",54600,81900,rub,"['Туризм, гостиницы, общественное питание', 'Промышленность, производство']","['Рестораны, кафе, столовые, фастфуд', 'Пищевая промышленность']",Екатеринбург,[],[],[],"Екатеринбург, улица Культуры, 44",280168,более 5000,18163.0,"Магнит, Розничная сеть",Без опыта,Сменный график работы,Не имеет значения,56.892483,60.573318,https://ekaterinburg.superjob.ru/vakansii/povar-51844823.html,68250.0
51846747,"Пекарь-тестомес, Пекарня в Гипермаркет Магнит",64800,106200,rub,"['Промышленность, производство']",['Пищевая промышленность'],Екатеринбург,[],[],[],"Екатеринбург, Краснолесья, 133",280168,более 5000,18163.0,"Магнит, Розничная сеть",Без опыта,Полный рабочий день,Среднее специальное,56.793499,60.519547,https://ekaterinburg.superjob.ru/vakansii/pekar-testomes-51846747.html,85500.0
51846761,"Повар кулинарии, Собственное производство в Гипермаркет Магнит",48600,72800,rub,"['Промышленность, производство']",['Пищевая промышленность'],Екатеринбург,[],[],[],"Екатеринбург, Таватуйская, 14",280168,более 5000,18163.0,"Магнит, Розничная сеть",Без опыта,Сменный график работы,Не имеет значения,56.871147,60.538151,https://ekaterinburg.superjob.ru/vakansii/povar-kulinarii-51846761.html,60700.0
51855274,"Повар, Собственное производство в Гипермаркет Магнит",53100,79500,rub,"['Туризм, гостиницы, общественное питание', 'Промышленность, производство']","['Рестораны, кафе, столовые, фастфуд', 'Пищевая промышленность']",Екатеринбург,[],[],[],"Екатеринбург, Кирова, 33",280168,более 5000,18163.0,"Магнит, Розничная сеть",Без опыта,Сменный график работы,Не имеет значения,56.839062,60.560402,https://ekaterinburg.superjob.ru/vakansii/povar-51855274.html,66300.0
51857219,"Повар кулинарии, Собственное производство в Гипермаркет Магнит",53100,79500,rub,"['Туризм, гостиницы, общественное питание', 'Промышленность, производство']","['Рестораны, кафе, столовые, фастфуд', 'Пищевая промышленность']",Екатеринбург,[],[],[],"Екатеринбург, Кирова, 33",280168,более 5000,18163.0,"Магнит, Розничная сеть",Без опыта,Сменный график работы,Не имеет значения,56.839062,60.560402,https://ekaterinburg.superjob.ru/vakansii/povar-kulinarii-51857219.html,66300.0
51861884,"Повар, Собственное производство в Гипермаркет Магнит",49600,74400,rub,"['Туризм, гостиницы, общественное питание', 'Промышленность, производство']","['Рестораны, кафе, столовые, фастфуд', 'Пищевая промышленность']",Екатеринбург,[],[],[],"Екатеринбург, Луначарского, 205",280168,более 5000,18163.0,"Магнит, Розничная сеть",Без опыта,Сменный график работы,Не имеет значения,56.828556,60.625725,https://ekaterinburg.superjob.ru/vakansii/povar-51861884.html,62000.0
51869317,"Повар-универсал, Собственное производство в Гипермаркет Магнит",49600,74400,rub,"['Туризм, гостиницы, общественное питание', 'Промышленность, производство']","['Рестораны, кафе, столовые, фастфуд', 'Пищевая промышленность']",Екатеринбург,[],[],[],"Екатеринбург, 2-я Новосибирская улица, 8",280168,более 5000,18163.0,"Магнит, Розничная сеть",Без опыта,Сменный график работы,Не имеет значения,56.760204,60.587486,https://ekaterinburg.superjob.ru/vakansii/povar-universal-51869317.html,62000.0
51869319,"Повар-универсал, Собственное производство в Гипермаркет Магнит",49600,74400,rub,"['Туризм, гостиницы, общественное питание', 'Промышленность, производство']","['Рестораны, кафе, столовые, фастфуд', 'Пищевая промышленность']",Екатеринбург,[],[],[],"Екатеринбург, Ясная, 2",280168,более 5000,18163.0,"Магнит, Розничная сеть",Без опыта,Сменный график работы,Не имеет значения,56.816341,60.585922,https://ekaterinburg.superjob.ru/vakansii/povar-universal-51869319.html,62000.0
51869321,"Повар-универсал, Собственное производство в Гипермаркет Магнит",64800,106200,rub,"['Туризм, гостиницы, общественное питание', 'Промышленность, производство']","['Рестораны, кафе, столовые, фастфуд', 'Пищевая промышленность']",Екатеринбург,[],[],[],"Екатеринбург, Краснолесья, 133",280168,более 5000,18163.0,"Магнит, Розничная сеть",Без опыта,Сменный график работы,Не имеет значения,56.793499,60.519547,https://ekaterinburg.superjob.ru/vakansii/povar-universal-51869321.html,85500.0
51869324,"Повар-универсал, Собственное производство в Гипермаркет Магнит",53100,79500,rub,"['Туризм, гостиницы, общественное питание', 'Промышленность, производство']","['Рестораны, кафе, столовые, фастфуд', 'Пищевая промышленность']",Екатеринбург,[],[],[],"Екатеринбург, Кирова, 33",280168,более 5000,18163.0,"Магнит, Розничная сеть",Без опыта,Сменный график работы,Не имеет значения,56.839062,60.560402,https://ekaterinburg.superjob.ru/vakansii/povar-universal-51869324.html,66300.0
51869326,"Повар-универсал, Собственное производство в Гипермаркет Магнит",54600,81900,rub,"['Туризм, гостиницы, общественное питание', 'Промышленность, производство']","['Рестораны, кафе, столовые, фастфуд', 'Пищевая промышленность']",Екатеринбург,[],[],[],"Екатеринбург, Токарей, 52",280168,более 5000,18163.0,"Магнит, Розничная сеть",Без опыта,Сменный график работы,Не имеет значения,56.829491,60.560574,https://ekaterinburg.superjob.ru/vakansii/povar-universal-51869326.html,68250.0
48263357,Пекарь,53400,72000,rub,"['Туризм, гостиницы, общественное питание', 'Промышленность, производство', 'Продажи']","['Рестораны, кафе, столовые, фастфуд', 'Пищевая промышленность', 'Начало карьеры, мало опыта']",Екатеринбург,[],[],[],"Екатеринбург, Викулова, 28Д",2635306,более 5000,49868.0,Пятёрочка,От 1 года,Частичная занятость / Совместительство,Не имеет значения,56.834087,60.54203,https://ekaterinburg.superjob.ru/vakansii/pekar-48263357.html,62700.0
48264574,Пекарь,53400,72000,rub,"['Туризм, гостиницы, общественное питание', 'Промышленность, производство', 'Продажи']","['Рестораны, кафе, столовые, фастфуд', 'Пищевая промышленность', 'Начало карьеры, мало опыта']",Екатеринбург,[],[],[],"Екатеринбург, Луначарского, 53",2635306,более 5000,49868.0,Пятёрочка,От 1 года,Частичная занятость / Совместительство,Не имеет значения,56.850033,60.617203,https://ekaterinburg.superjob.ru/vakansii/pekar-48264574.html,62700.0
48264903,Пекарь,53400,72000,rub,"['Туризм, гостиницы, общественное питание', 'Промышленность, производство', 'Продажи']","['Рестораны, кафе, столовые, фастфуд', 'Пищевая промышленность', 'Начало карьеры, мало опыта']",Екатеринбург,[],[],[],"Екатеринбург, Начдива Васильева, 3",2635306,более 5000,49868.0,Пятёрочка,От 1 года,Частичная занятость / Совместительство,Не имеет значения,56.819969,60.554516,https://ekaterinburg.superjob.ru/vakansii/pekar-48264903.html,62700.0
48767599,Пекарь,53400,72000,rub,"['Туризм, гостиницы, общественное питание', 'Промышленность, производство', 'Продажи']","['Рестораны, кафе, столовые, фастфуд', 'Пищевая промышленность', 'Начало карьеры, мало опыта']",Екатеринбург,[],[],[],"Екатеринбург, Совхозный, Предельная, 63",2635306,более 5000,49868.0,Пятёрочка,От 1 года,Частичная занятость / Совместительство,Не имеет значения,56.766663,60.554337,https://ekaterinburg.superjob.ru/vakansii/pekar-48767599.html,62700.0
48768241,Пекарь,53400,72000,rub,"['Туризм, гостиницы, общественное питание', 'Промышленность, производство', 'Продажи']","['Рестораны, кафе, столовые, фастфуд', 'Пищевая промышленность', 'Начало карьеры, мало опыта']",Екатеринбург,[],[],[],"Екатеринбург, Готвальда, 21А",2635306,более 5000,49868.0,Пятёрочка,От 1 года,Частичная занятость / Совместительство,Не имеет значения,56.85429,60.569626,https://ekaterinburg.superjob.ru/vakansii/pekar-48768241.html,62700.0
50163558,Пекарь,53400,72000,rub,"['Туризм, гостиницы, общественное питание', 'Промышленность, производство', 'Продажи']","['Рестораны, кафе, столовые, фастфуд', 'Пищевая промышленность', 'Начало карьеры, мало опыта']",Екатеринбург,[],[],[],"Екатеринбург, Боровая, 24",2635306,более 5000,49868.0,Пятёрочка,От 1 года,Частичная занятость / Совместительство,Не имеет значения,56.8629,60.649155,https://ekaterinburg.superjob.ru/vakansii/pekar-50163558.html,62700.0
50782589,Пекарь,53400,72000,rub,"['Туризм, гостиницы, общественное питание', 'Промышленность, производство', 'Продажи']","['Рестораны, кафе, столовые, фастфуд', 'Пищевая промышленность', 'Начало карьеры, мало опыта']",Екатеринбург,[],[],[],"Екатеринбург, Космонавтов, 108",2635306,более 5000,49868.0,Пятёрочка,От 1 года,Частичная занятость / Совместительство,Не имеет значения,56.916714,60.613258,https://ekaterinburg.superjob.ru/vakansii/pekar-50782589.html,62700.0
51729017,"Пекарь (Екатеринбург, Академика Вонсовского, 21)",53400,72000,rub,"['Туризм, гостиницы, общественное питание', 'Промышленность, производство']","['Рестораны, кафе, столовые, фастфуд', 'Пищевая промышленность']",Екатеринбург,[],[],[],,2635306,более 5000,49868.0,Пятёрочка,Не имеет значения,Частичная занятость / Совместительство,Не имеет значения,,,https://ekaterinburg.superjob.ru/vakansii/pekar-51729017.html,62700.0
51755317,"Пекарь (Екатеринбург, Краснолесья, 54)",53400,72000,rub,"['Туризм, гостиницы, общественное питание', 'Промышленность, производство']","['Рестораны, кафе, столовые, фастфуд', 'Пищевая промышленность']",Екатеринбург,[],[],[],,2635306,более 5000,49868.0,Пятёрочка,Не имеет значения,Частичная занятость / Совместительство,Не имеет значения,,,https://ekaterinburg.superjob.ru/vakansii/pekar-51755317.html,62700.0
51762094,"Пекарь (Екатеринбург, Сиреневый, 5Б)",53400,72000,rub,"['Туризм, гостиницы, общественное питание', 'Промышленность, производство']","['Рестораны, кафе, столовые, фастфуд', 'Пищевая промышленность']",Екатеринбург,[],[],[],,2635306,более 5000,49868.0,Пятёрочка,Не имеет значения,Частичная занятость / Совместительство,Не имеет значения,,,https://ekaterinburg.superjob.ru/vakansii/pekar-51762094.html,62700.0
51781257,Пекарь,42000,50000,rub,"['Туризм, гостиницы, общественное питание', 'Промышленность, производство']","['Рестораны, кафе, столовые, фастфуд', 'Пищевая промышленность']",Екатеринбург,[],[],[],"Екатеринбург, Белинского, 161/2",4311,более 5000,3349.0,Перекресток,Без опыта,Полный рабочий день,Среднее специальное,56.805889,60.625565,https://ekaterinburg.superjob.ru/vakansii/pekar-51781257.html,46000.0
51793513,"Пекарь (Екатеринбург, Грибоедова, 25)",53400,72000,rub,"['Туризм, гостиницы, общественное питание', 'Промышленность, производство']","['Рестораны, кафе, столовые, фастфуд', 'Пищевая промышленность']",Екатеринбург,[],[],[],,2635306,более 5000,49868.0,Пятёрочка,Не имеет значения,Частичная занятость / Совместительство,Не имеет значения,,,https://ekaterinburg.superjob.ru/vakansii/pekar-51793513.html,62700.0
51793555,"Пекарь (Екатеринбург, Белореченская, 20)",53400,72000,rub,"['Туризм, гостиницы, общественное питание', 'Промышленность, производство']","['Рестораны, кафе, столовые, фастфуд', 'Пищевая промышленность']",Екатеринбург,[],[],[],,2635306,более 5000,49868.0,Пятёрочка,Не имеет значения,Частичная занятость / Совместительство,Не имеет значения,,,https://ekaterinburg.superjob.ru/vakansii/pekar-51793555.html,62700.0
51796688,"Пекарь (Екатеринбург, Павла Шаманова, 48А)",53400,72000,rub,"['Туризм, гостиницы, общественное питание', 'Промышленность, производство']","['Рестораны, кафе, столовые, фастфуд', 'Пищевая промышленность']",Екатеринбург,[],[],[],,2635306,более 5000,49868.0,Пятёрочка,Не имеет значения,Частичная занятость / Совместительство,Не имеет значения,,,https://ekaterinburg.superjob.ru/vakansii/pekar-51796688.html,62700.0
51796827,"Пекарь (Екатеринбург, Шефская, 89)",53400,72000,rub,"['Туризм, гостиницы, общественное питание', 'Промышленность, производство']","['Рестораны, кафе, столовые, фастфуд', 'Пищевая промышленность']",Екатеринбург,[],[],[],,2635306,более 5000,49868.0,Пятёрочка,Не имеет значения,Частичная занятость / Совместительство,Не имеет значения,,,https://ekaterinburg.superjob.ru/vakansii/pekar-51796827.html,62700.0
51807979,"Пекарь (Екатеринбург, Суходольская, 197)",53400,72000,rub,"['Туризм, гостиницы, общественное питание', 'Промышленность, производство']","['Рестораны, кафе, столовые, фастфуд', 'Пищевая промышленность']",Екатеринбург,[],[],[],,2635306,более 5000,49868.0,Пятёрочка,Не имеет значения,Частичная занятость / Совместительство,Не имеет значения,,,https://ekaterinburg.superjob.ru/vakansii/pekar-51807979.html,62700.0
51808216,"Пекарь (Екатеринбург, Фурманова, 124)",53400,72000,rub,"['Туризм, гостиницы, общественное питание', 'Промышленность, производство']","['Рестораны, кафе, столовые, фастфуд', 'Пищевая промышленность']",Екатеринбург,[],[],[],,2635306,более 5000,49868.0,Пятёрочка,Не имеет значения,Частичная занятость / Совместительство,Не имеет значения,,,https://ekaterinburg.superjob.ru/vakansii/pekar-51808216.html,62700.0
51808219,"Пекарь (Екатеринбург, Рассветная, 7)",53400,72000,rub,"['Туризм, гостиницы, общественное питание', 'Промышленность, производство']","['Рестораны, кафе, столовые, фастфуд', 'Пищевая промышленность']",Екатеринбург,[],[],[],,2635306,более 5000,49868.0,Пятёрочка,Не имеет значения,Частичная занятость / Совместительство,Не имеет значения,,,https://ekaterinburg.superjob.ru/vakansii/pekar-51808219.html,62700.0
51820394,"Пекарь (Екатеринбург, Академика Парина, 40)",53400,72000,rub,"['Туризм, гостиницы, общественное питание', 'Промышленность, производство']","['Рестораны, кафе, столовые, фастфуд', 'Пищевая промышленность']",Екатеринбург,[],[],[],,2635306,более 5000,49868.0,Пятёрочка,Не имеет значения,Частичная занятость / Совместительство,Не имеет значения,,,https://ekaterinburg.superjob.ru/vakansii/pekar-51820394.html,62700.0
51820512,"Пекарь (Екатеринбург, Вилонова, 23а)",53400,72000,rub,"['Туризм, гостиницы, общественное питание', 'Промышленность, производство']","['Рестораны, кафе, столовые, фастфуд', 'Пищевая промышленность']",Екатеринбург,[],[],[],,2635306,более 5000,49868.0,Пятёрочка,Не имеет значения,Частичная занятость / Совместительство,Не имеет значения,,,https://ekaterinburg.superjob.ru/vakansii/pekar-51820512.html,62700.0
51820532,"Пекарь (Екатеринбург, Академика Ландау, 36)",53400,72000,rub,"['Туризм, гостиницы, общественное питание', 'Промышленность, производство']","['Рестораны, кафе, столовые, фастфуд', 'Пищевая промышленность']",Екатеринбург,[],[],[],,2635306,более 5000,49868.0,Пятёрочка,Не имеет значения,Частичная занятость / Совместительство,Не имеет значения,,,https://ekaterinburg.superjob.ru/vakansii/pekar-51820532.html,62700.0
51823089,"Пекарь (Екатеринбург, Чкалова, 139)",53400,72000,rub,"['Туризм, гостиницы, общественное питание', 'Промышленность, производство']","['Рестораны, кафе, столовые, фастфуд', 'Пищевая промышленность']",Екатеринбург,[],[],[],,2635306,более 5000,49868.0,Пятёрочка,Не имеет значения,Частичная занятость / Совместительство,Не имеет значения,,,https://ekaterinburg.superjob.ru/vakansii/pekar-51823089.html,62700.0
51828789,"Пекарь (Екатеринбург, Просторная, 91)",53400,72000,rub,"['Туризм, гостиницы, общественное питание', 'Промышленность, производство']","['Рестораны, кафе, столовые, фастфуд', 'Пищевая промышленность']",Екатеринбург,[],[],[],,2635306,более 5000,49868.0,Пятёрочка,Не имеет значения,Частичная занятость / Совместительство,Не имеет значения,,,https://ekaterinburg.superjob.ru/vakansii/pekar-51828789.html,62700.0
51828820,"Пекарь (Екатеринбург, Космонавтов, 41)",53400,72000,rub,"['Туризм, гостиницы, общественное питание', 'Промышленность, производство']","['Рестораны, кафе, столовые, фастфуд', 'Пищевая промышленность']",Екатеринбург,[],[],[],,2635306,более 5000,49868.0,Пятёрочка,Не имеет значения,Частичная занятость / Совместительство,Не имеет значения,,,https://ekaterinburg.superjob.ru/vakansii/pekar-51828820.html,62700.0
51828827,"Пекарь (Екатеринбург, Павла Шаманова, 56)",53400,72000,rub,"['Туризм, гостиницы, общественное питание', 'Промышленность, производство']","['Рестораны, кафе, столовые, фастфуд', 'Пищевая промышленность']",Екатеринбург,[],[],[],,2635306,более 5000,49868.0,Пятёрочка,Не имеет значения,Частичная занятость / Совместительство,Не имеет значения,,,https://ekaterinburg.superjob.ru/vakansii/pekar-51828827.html,62700.0
51829078,"Пекарь (Екатеринбург, Академика Вонсовского, 19)",53400,72000,rub,"['Туризм, гостиницы, общественное питание', 'Промышленность, производство']","['Рестораны, кафе, столовые, фастфуд', 'Пищевая промышленность']",Екатеринбург,[],[],[],,2635306,более 5000,49868.0,Пятёрочка,Не имеет значения,Частичная занятость / Совместительство,Не имеет значения,,,https://ekaterinburg.superjob.ru/vakansii/pekar-51829078.html,62700.0
51829103,"Пекарь (Екатеринбург, Ильича, 50)",53400,72000,rub,"['Туризм, гостиницы, общественное питание', 'Промышленность, производство']","['Рестораны, кафе, столовые, фастфуд', 'Пищевая промышленность']",Екатеринбург,[],[],[],,2635306,более 5000,49868.0,Пятёрочка,Не имеет значения,Частичная занятость / Совместительство,Не имеет значения,,,https://ekaterinburg.superjob.ru/vakansii/pekar-51829103.html,62700.0
51841742,Пекарь,56500,60000,rub,"['Туризм, гостиницы, общественное питание', 'Промышленность, производство']","['Рестораны, кафе, столовые, фастфуд', 'Пищевая промышленность']",Екатеринбург,[],[],[],"Екатеринбург, Амундсена, 65",4311,более 5000,3349.0,Перекресток,Без опыта,Полный рабочий день,Среднее специальное,56.795849,60.580944,https://ekaterinburg.superjob.ru/vakansii/pekar-51841742.html,58250.0
51866226,"Пекарь (Екатеринбург, Ясная, 38)",53400,72000,rub,"['Туризм, гостиницы, общественное питание', 'Промышленность, производство']","['Рестораны, кафе, столовые, фастфуд', 'Пищевая промышленность']",Екатеринбург,[],[],[],,2635306,более 5000,49868.0,Пятёрочка,Не имеет значения,Частичная занятость / Совместительство,Не имеет значения,,,https://ekaterinburg.superjob.ru/vakansii/pekar-51866226.html,62700.0
51783022,Продавец в зону готовой еды,39500,53000,rub,"['Промышленность, производство']",['Пищевая промышленность'],Екатеринбург,[],[],[],"Екатеринбург, Мира, 41",280168,более 5000,18163.0,"Магнит, Розничная сеть",Не имеет значения,Сменный график работы,Не имеет значения,56.833637,60.658039,https://ekaterinburg.superjob.ru/vakansii/prodavec-v-zonu-gotovoj-edy-51783022.html,46250.0
51783206,Мастер производственного обучения специальных дисциплин,47757,85000,rub,"['Промышленность, производство']","['Автомобильная промышленность', 'Легкая промышленность', 'Машиностроение, станкостроение', 'Пищевая промышленность', 'Промышленное оборудование']",Екатеринбург,['Уральская'],['Первая линия'],['green'],"Свердловская область, Екатеринбург, Техническая улица, 87",2466656,более 5000,6387.0,Российские железные дороги,От 1 года,Полный рабочий день,Высшее,56.875084,60.515118,https://ekaterinburg.superjob.ru/vakansii/master-proizvodstvennogo-obucheniya-specialnyh-disciplin-51783206.html,66378.5
51793915,Инженер,62000,62000,rub,"['Промышленность, производство']","['Машиностроение, станкостроение', 'Приборостроение', 'Производство товаров народного потребления', 'Промышленное оборудование', 'Другое']",Екатеринбург,[],[],[],"Свердловская область, Екатеринбург, улица Строителей, 53",2466656,более 5000,6387.0,Российские железные дороги,Без опыта,Полный рабочий день,Высшее,56.870853,60.512604,https://ekaterinburg.superjob.ru/vakansii/inzhener-51793915.html,62000.0
51841525,Дежурная вагонного парка,57000,69000,rub,"['Промышленность, производство', 'Строительство, проектирование, недвижимость']","['Экология', 'Экологическое сопровождение проектов']",Екатеринбург,[],[],[],"Екатеринбург, Строителей",2466656,более 5000,6387.0,Российские железные дороги,Без опыта,Полный рабочий день,Среднее,56.875473,60.502754,https://ekaterinburg.superjob.ru/vakansii/dezhurnaya-vagonnogo-parka-51841525.html,63000.0
49712338,Пекарь,53400,72000,rub,"['Туризм, гостиницы, общественное питание', 'Промышленность, производство', 'Продажи']","['Рестораны, кафе, столовые, фастфуд', 'Пищевая промышленность', 'Начало карьеры, мало опыта']",Екатеринбург,[],[],[],"Екатеринбург, улица Шаумяна, 100",2635306,более 5000,49868.0,Пятёрочка,От 1 года,Частичная занятость / Совместительство,Не имеет значения,56.81805,60.561974,https://ekaterinburg.superjob.ru/vakansii/pekar-49712338.html,62700.0
50496984,Пекарь,53400,72000,rub,"['Туризм, гостиницы, общественное питание', 'Промышленность, производство', 'Продажи']","['Рестораны, кафе, столовые, фастфуд', 'Пищевая промышленность', 'Начало карьеры, мало опыта']",Екатеринбург,[],[],[],"Екатеринбург, Краснолесья, 10/6",2635306,более 5000,49868.0,Пятёрочка,От 1 года,Частичная занятость / Совместительство,Не имеет значения,56.779831,60.550915,https://ekaterinburg.superjob.ru/vakansii/pekar-50496984.html,62700.0
50588485,Пекарь,53400,72000,rub,"['Туризм, гостиницы, общественное питание', 'Промышленность, производство', 'Продажи']","['Рестораны, кафе, столовые, фастфуд', 'Пищевая промышленность', 'Начало карьеры, мало опыта']",Екатеринбург,[],[],[],"Екатеринбург, Московская, 225",2635306,более 5000,49868.0,Пятёрочка,От 1 года,Частичная занятость / Совместительство,Не имеет значения,56.809433,60.593773,https://ekaterinburg.superjob.ru/vakansii/pekar-50588485.html,62700.0
50603024,Пекарь,53400,72000,rub,"['Туризм, гостиницы, общественное питание', 'Промышленность, производство', 'Продажи']","['Рестораны, кафе, столовые, фастфуд', 'Пищевая промышленность', 'Начало карьеры, мало опыта']",Екатеринбург,[],[],[],"Екатеринбург, Бакинских комиссаров, 122",2635306,более 5000,49868.0,Пятёрочка,От 1 года,Частичная занятость / Совместительство,Не имеет значения,56.912693,60.600224,https://ekaterinburg.superjob.ru/vakansii/pekar-50603024.html,62700.0
50734169,Пекарь,53400,72000,rub,"['Туризм, гостиницы, общественное питание', 'Промышленность, производство', 'Продажи']","['Рестораны, кафе, столовые, фастфуд', 'Пищевая промышленность', 'Начало карьеры, мало опыта']",Екатеринбург,[],[],[],"Екатеринбург, Радищева, 27п",2635306,более 5000,49868.0,Пятёрочка,От 1 года,Частичная занятость / Совместительство,Не имеет значения,56.829449,60.589264,https://ekaterinburg.superjob.ru/vakansii/pekar-50734169.html,62700.0
50741318,Пекарь,53400,72000,rub,"['Туризм, гостиницы, общественное питание', 'Промышленность, производство', 'Продажи']","['Рестораны, кафе, столовые, фастфуд', 'Пищевая промышленность', 'Начало карьеры, мало опыта']",Екатеринбург,[],[],[],"Екатеринбург, МОПРа, 2",2635306,более 5000,49868.0,Пятёрочка,От 1 года,Частичная занятость / Совместительство,Не имеет значения,56.803394,60.723892,https://ekaterinburg.superjob.ru/vakansii/pekar-50741318.html,62700.0
50742511,Пекарь,53400,72000,rub,"['Туризм, гостиницы, общественное питание', 'Промышленность, производство', 'Продажи']","['Рестораны, кафе, столовые, фастфуд', 'Пищевая промышленность', 'Начало карьеры, мало опыта']",Екатеринбург,[],[],[],"Екатеринбург, Первомайская, 32",2635306,более 5000,49868.0,Пятёрочка,От 1 года,Частичная занятость / Совместительство,Не имеет значения,56.842541,60.61792,https://ekaterinburg.superjob.ru/vakansii/pekar-50742511.html,62700.0
50742528,Пекарь,53400,72000,rub,"['Туризм, гостиницы, общественное питание', 'Промышленность, производство', 'Продажи']","['Рестораны, кафе, столовые, фастфуд', 'Пищевая промышленность', 'Начало карьеры, мало опыта']",Екатеринбург,[],[],[],"Екатеринбург, Крауля, 170",2635306,более 5000,49868.0,Пятёрочка,От 1 года,Частичная занятость / Совместительство,Не имеет значения,56.834106,60.522503,https://ekaterinburg.superjob.ru/vakansii/pekar-50742528.html,62700.0
50752826,Пекарь,53400,72000,rub,"['Туризм, гостиницы, общественное питание', 'Промышленность, производство', 'Продажи']","['Рестораны, кафе, столовые, фастфуд', 'Пищевая промышленность', 'Начало карьеры, мало опыта']",Екатеринбург,[],[],[],"Екатеринбург, Переходный, 5",2635306,более 5000,49868.0,Пятёрочка,От 1 года,Частичная занятость / Совместительство,Не имеет значения,56.803432,60.628628,https://ekaterinburg.superjob.ru/vakansii/pekar-50752826.html,62700.0
50759924,Пекарь,53400,72000,rub,"['Туризм, гостиницы, общественное питание', 'Промышленность, производство']","['Рестораны, кафе, столовые, фастфуд', 'Пищевая промышленность']",Екатеринбург,[],[],[],"Екатеринбург, Заводская, 75",2635306,более 5000,49868.0,Пятёрочка,Не имеет значения,Частичная занятость / Совместительство,Не имеет значения,56.82399,60.552242,https://ekaterinburg.superjob.ru/vakansii/pekar-50759924.html,62700.0
50777190,Пекарь,53400,72000,rub,"['Туризм, гостиницы, общественное питание', 'Промышленность, производство', 'Продажи']","['Рестораны, кафе, столовые, фастфуд', 'Пищевая промышленность', 'Начало карьеры, мало опыта']",Екатеринбург,[],[],[],"Екатеринбург, Машинная, 31е",2635306,более 5000,49868.0,Пятёрочка,От 1 года,Частичная занятость / Совместительство,Не имеет значения,56.806602,60.637547,https://ekaterinburg.superjob.ru/vakansii/pekar-50777190.html,62700.0
50850360,"Пекарь (Екатеринбург, Блюхера, 75)",53400,72000,rub,"['Туризм, гостиницы, общественное питание', 'Промышленность, производство']","['Рестораны, кафе, столовые, фастфуд', 'Пищевая промышленность']",Екатеринбург,[],[],[],,2635306,более 5000,49868.0,Пятёрочка,Не имеет значения,Частичная занятость / Совместительство,Не имеет значения,,,https://ekaterinburg.superjob.ru/vakansii/pekar-50850360.html,62700.0
50894048,"Пекарь (Екатеринбург, Гагарина, 28)",53400,72000,rub,"['Туризм, гостиницы, общественное питание', 'Промышленность, производство']","['Рестораны, кафе, столовые, фастфуд', 'Пищевая промышленность']",Екатеринбург,[],[],[],,2635306,более 5000,49868.0,Пятёрочка,Не имеет значения,Частичная занятость / Совместительство,Не имеет значения,,,https://ekaterinburg.superjob.ru/vakansii/pekar-50894048.html,62700.0
50895456,"Пекарь (Екатеринбург, Шейнкмана, 86)",53400,72000,rub,"['Туризм, гостиницы, общественное питание', 'Промышленность, производство']","['Рестораны, кафе, столовые, фастфуд', 'Пищевая промышленность']",Екатеринбург,[],[],[],,2635306,более 5000,49868.0,Пятёрочка,Не имеет значения,Частичная занятость / Совместительство,Не имеет значения,,,https://ekaterinburg.superjob.ru/vakansii/pekar-50895456.html,62700.0
50902264,"Пекарь (Екатеринбург, Розы Люксембург, 22)",53400,72000,rub,"['Туризм, гостиницы, общественное питание', 'Промышленность, производство']","['Рестораны, кафе, столовые, фастфуд', 'Пищевая промышленность']",Екатеринбург,[],[],[],,2635306,более 5000,49868.0,Пятёрочка,Не имеет значения,Частичная занятость / Совместительство,Не имеет значения,,,https://ekaterinburg.superjob.ru/vakansii/pekar-50902264.html,62700.0
50919037,"Пекарь (Екатеринбург, Академика Ландау, 9)",53400,72000,rub,"['Туризм, гостиницы, общественное питание', 'Промышленность, производство']","['Рестораны, кафе, столовые, фастфуд', 'Пищевая промышленность']",Екатеринбург,[],[],[],,2635306,более 5000,49868.0,Пятёрочка,Не имеет значения,Частичная занятость / Совместительство,Не имеет значения,,,https://ekaterinburg.superjob.ru/vakansii/pekar-50919037.html,62700.0
50955676,"Пекарь (Екатеринбург, Космонавтов, 32)",53400,72000,rub,"['Туризм, гостиницы, общественное питание', 'Промышленность, производство']","['Рестораны, кафе, столовые, фастфуд', 'Пищевая промышленность']",Екатеринбург,[],[],[],,2635306,более 5000,49868.0,Пятёрочка,Не имеет значения,Частичная занятость / Совместительство,Не имеет значения,,,https://ekaterinburg.superjob.ru/vakansii/pekar-50955676.html,62700.0
50955904,"Пекарь (Екатеринбург, Уральская, 5)",53400,72000,rub,"['Туризм, гостиницы, общественное питание', 'Промышленность, производство']","['Рестораны, кафе, столовые, фастфуд', 'Пищевая промышленность']",Екатеринбург,[],[],[],,2635306,более 5000,49868.0,Пятёрочка,Не имеет значения,Частичная занятость / Совместительство,Не имеет значения,,,https://ekaterinburg.superjob.ru/vakansii/pekar-50955904.html,62700.0
50971743,"Пекарь (Екатеринбург, Татищева, 136)",53400,72000,rub,"['Туризм, гостиницы, общественное питание', 'Промышленность, производство']","['Рестораны, кафе, столовые, фастфуд', 'Пищевая промышленность']",Екатеринбург,[],[],[],,2635306,более 5000,49868.0,Пятёрочка,Не имеет значения,Частичная занятость / Совместительство,Не имеет значения,,,https://ekaterinburg.superjob.ru/vakansii/pekar-50971743.html,62700.0
50978525,"Пекарь (Екатеринбург, Соболева, 19)",53400,72000,rub,"['Туризм, гостиницы, общественное питание', 'Промышленность, производство']","['Рестораны, кафе, столовые, фастфуд', 'Пищевая промышленность']",Екатеринбург,[],[],[],,2635306,более 5000,49868.0,Пятёрочка,Не имеет значения,Частичная занятость / Совместительство,Не имеет значения,,,https://ekaterinburg.superjob.ru/vakansii/pekar-50978525.html,62700.0
51554061,"Пекарь (Екатеринбург, Академика Ландау, 16/2)",53400,72000,rub,"['Туризм, гостиницы, общественное питание', 'Промышленность, производство']","['Рестораны, кафе, столовые, фастфуд', 'Пищевая промышленность']",Екатеринбург,[],[],[],,2635306,более 5000,49868.0,Пятёрочка,Не имеет значения,Частичная занятость / Совместительство,Не имеет значения,,,https://ekaterinburg.superjob.ru/vakansii/pekar-51554061.html,62700.0
51745298,"Пекарь (Екатеринбург, Бажова, 75А)",53400,72000,rub,"['Туризм, гостиницы, общественное питание', 'Промышленность, производство']","['Рестораны, кафе, столовые, фастфуд', 'Пищевая промышленность']",Екатеринбург,[],[],[],,2635306,более 5000,49868.0,Пятёрочка,Не имеет значения,Частичная занятость / Совместительство,Не имеет значения,,,https://ekaterinburg.superjob.ru/vakansii/pekar-51745298.html,62700.0
51758638,"Пекарь (Екатеринбург, Космонавтов, 54)",53400,72000,rub,"['Туризм, гостиницы, общественное питание', 'Промышленность, производство']","['Рестораны, кафе, столовые, фастфуд', 'Пищевая промышленность']",Екатеринбург,[],[],[],,2635306,более 5000,49868.0,Пятёрочка,Не имеет значения,Частичная занятость / Совместительство,Не имеет значения,,,https://ekaterinburg.superjob.ru/vakansii/pekar-51758638.html,62700.0
51765457,"Пекарь (Екатеринбург, Волгоградская, 47)",53400,72000,rub,"['Туризм, гостиницы, общественное питание', 'Промышленность, производство']","['Рестораны, кафе, столовые, фастфуд', 'Пищевая промышленность']",Екатеринбург,[],[],[],,2635306,более 5000,49868.0,Пятёрочка,Не имеет значения,Частичная занятость / Совместительство,Не имеет значения,,,https://ekaterinburg.superjob.ru/vakansii/pekar-51765457.html,62700.0
51795618,"Пекарь (Екатеринбург, Академика Бардина, 7)",53400,72000,rub,"['Туризм, гостиницы, общественное питание', 'Промышленность, производство']","['Рестораны, кафе, столовые, фастфуд', 'Пищевая промышленность']",Екатеринбург,[],[],[],,2635306,более 5000,49868.0,Пятёрочка,Не имеет значения,Частичная занятость / Совместительство,Не имеет значения,,,https://ekaterinburg.superjob.ru/vakansii/pekar-51795618.html,62700.0
51822467,"Пекарь (Екатеринбург, Токарей, 33)",53400,72000,rub,"['Туризм, гостиницы, общественное питание', 'Промышленность, производство', 'Рабочий персонал']","['Рестораны, кафе, столовые, фастфуд', 'Пищевая промышленность', 'Рабочий персонал, разное', 'Квалифицированный рабочий']",Екатеринбург,[],[],[],,2635306,более 5000,49868.0,Пятёрочка,Не имеет значения,Частичная занятость / Совместительство,Не имеет значения,,,https://ekaterinburg.superjob.ru/vakansii/pekar-51822467.html,62700.0
51825695,"Пекарь (Екатеринбург, Горный Щит, Горнощитская, 42)",53400,72000,rub,"['Туризм, гостиницы, общественное питание', 'Промышленность, производство']","['Рестораны, кафе, столовые, фастфуд', 'Пищевая промышленность']",Екатеринбург,[],[],[],,2635306,более 5000,49868.0,Пятёрочка,Не имеет значения,Частичная занятость / Совместительство,Не имеет значения,,,https://ekaterinburg.superjob.ru/vakansii/pekar-51825695.html,62700.0
51840827,"Пекарь (Екатеринбург, Новаторов, 13)",53400,72000,rub,"['Туризм, гостиницы, общественное питание', 'Промышленность, производство']","['Рестораны, кафе, столовые, фастфуд', 'Пищевая промышленность']",Екатеринбург,[],[],[],,2635306,более 5000,49868.0,Пятёрочка,Не имеет значения,Частичная занятость / Совместительство,Не имеет значения,,,https://ekaterinburg.superjob.ru/vakansii/pekar-51840827.html,62700.0
51019638,Повар-мясник,235000,240000,rub,"['Туризм, гостиницы, общественное питание', 'Промышленность, производство']","['Рестораны, кафе, столовые, фастфуд', 'Пищевая промышленность']",Екатеринбург,[],[],[],,4744563,1000 — 5000,4189.0,АКС,От 1 года,Работа вахтовым методом,Не имеет значения,,,https://ekaterinburg.superjob.ru/vakansii/povar-myasnik-51019638.html,237500.0
51159023,Повар-универсал,155000,180000,rub,"['Туризм, гостиницы, общественное питание', 'Промышленность, производство']","['Рестораны, кафе, столовые, фастфуд', 'Пищевая промышленность']",Екатеринбург,[],[],[],,4744563,1000 — 5000,4189.0,АКС,От 1 года,Работа вахтовым методом,Не имеет значения,,,https://ekaterinburg.superjob.ru/vakansii/povar-universal-51159023.html,167500.0
51168277,Пекарь вахтой на север,175000,260000,rub,"['Туризм, гостиницы, общественное питание', 'Промышленность, производство']","['Рестораны, кафе, столовые, фастфуд', 'Пищевая промышленность']",Екатеринбург,[],[],[],,4744563,1000 — 5000,4189.0,АКС,От 1 года,Работа вахтовым методом,Не имеет значения,,,https://ekaterinburg.superjob.ru/vakansii/pekar-vahtoj-na-sever-51168277.html,217500.0
51186371,Пекарь-кондитер вахта на Чукотку,280000,280000,rub,"['Туризм, гостиницы, общественное питание', 'Промышленность, производство']","['Рестораны, кафе, столовые, фастфуд', 'Пищевая промышленность']",Екатеринбург,[],[],[],,4744563,1000 — 5000,4189.0,АКС,От 1 года,Работа вахтовым методом,Не имеет значения,,,https://ekaterinburg.superjob.ru/vakansii/pekar-konditer-vahta-na-chukotku-51186371.html,280000.0
51257180,Пекарь-бригадир 45/45 Красноярский край,230000,230000,rub,"['Туризм, гостиницы, общественное питание', 'Промышленность, производство']","['Рестораны, кафе, столовые, фастфуд', 'Пищевая промышленность']",Екатеринбург,[],[],[],,4744563,1000 — 5000,4189.0,АКС,От 3 лет,Работа вахтовым методом,Не имеет значения,,,https://ekaterinburg.superjob.ru/vakansii/pekar-brigadir-45-51257180.html,230000.0
51286590,Пекарь/Пекарь-кондитер на вахту (Север),170000,210000,rub,"['Туризм, гостиницы, общественное питание', 'Промышленность, производство']","['Рестораны, кафе, столовые, фастфуд', 'Пищевая промышленность']",Екатеринбург,[],[],[],,4744563,1000 — 5000,4189.0,АКС,От 1 года,Работа вахтовым методом,Не имеет значения,,,https://ekaterinburg.superjob.ru/vakansii/pekar-51286590.html,190000.0
51323552,Инженер-техник КИПИА,400000,400000,rub,"['Промышленность, производство']","['Автомобильная промышленность', 'Легкая промышленность', 'Машиностроение, станкостроение', 'Пищевая промышленность', 'Производство товаров народного потребления']",Екатеринбург,[],[],[],"Ханты-Мансийский автономный округ — Югра, Пыть-Ях",4744563,1000 — 5000,4189.0,АКС,От 3 лет,Работа вахтовым методом,Не имеет значения,60.758175,72.83728,https://ekaterinburg.superjob.ru/vakansii/inzhener-tehnik-kipia-51323552.html,400000.0
51736706,Старший повар на буровые в ХМАО вахта,162000,162500,rub,"['Туризм, гостиницы, общественное питание', 'Промышленность, производство']","['Рестораны, кафе, столовые, фастфуд', 'Пищевая промышленность']",Екатеринбург,[],[],[],,4744563,1000 — 5000,4189.0,АКС,От 1 года,Полный рабочий день,Не имеет значения,,,https://ekaterinburg.superjob.ru/vakansii/starshij-povar-na-burovye-v-hmao-vahta-51736706.html,162250.0
51827072,Пекарь-кондитер 60/60 Чукотка,260000,260000,rub,"['Туризм, гостиницы, общественное питание', 'Промышленность, производство']","['Рестораны, кафе, столовые, фастфуд', 'Пищевая промышленность']",Екатеринбург,[],[],[],,4744563,1000 — 5000,4189.0,АКС,От 1 года,Полный рабочий день,Не имеет значения,,,https://ekaterinburg.superjob.ru/vakansii/pekar-konditer-60-51827072.html,260000.0
51864224,Повар-мясник,240000,240000,rub,"['Туризм, гостиницы, общественное питание', 'Промышленность, производство']","['Рестораны, кафе, столовые, фастфуд', 'Пищевая промышленность']",Екатеринбург,[],[],[],,4744563,1000 — 5000,4189.0,АКС,От 1 года,Полный рабочий день,Не имеет значения,,,https://ekaterinburg.superjob.ru/vakansii/povar-myasnik-51864224.html,240000.0
46920072,Пекарь,50000,50000,rub,"['Туризм, гостиницы, общественное питание', 'Промышленность, производство']","['Рестораны, кафе, столовые, фастфуд', 'Пищевая промышленность']",Екатеринбург,"['Геологическая', 'Чкаловская', 'Ботаническая']","['Первая линия', 'Первая линия', 'Первая линия']","['green', 'green', 'green']","Екатеринбург, Восточная улица, 180",4499501,менее 50,0.0,Французский пекарь,От 1 года,Полный рабочий день,Не имеет значения,56.822418,60.638302,https://ekaterinburg.superjob.ru/vakansii/pekar-46920072.html,50000.0
51183952,"Пекарь, вахта север (Чукотка, ХМАО, ЯНАО, Таймыр)",100000,140000,rub,"['Туризм, гостиницы, общественное питание', 'Промышленность, производство']","['Рестораны, кафе, столовые, фастфуд', 'Пищевая промышленность']",Екатеринбург,[],[],[],,4744563,1000 — 5000,4189.0,АКС,От 1 года,Работа вахтовым методом,Не имеет значения,,,https://ekaterinburg.superjob.ru/vakansii/pekar-51183952.html,120000.0
51596460,"Пекарь вахта 45/45,60/60",195000,260000,rub,"['Туризм, гостиницы, общественное питание', 'Промышленность, производство']","['Рестораны, кафе, столовые, фастфуд', 'Пищевая промышленность']",Екатеринбург,[],[],[],,4744563,1000 — 5000,4189.0,АКС,От 1 года,Работа вахтовым методом,Не имеет значения,,,https://ekaterinburg.superjob.ru/vakansii/pekar-vahta-45-51596460.html,227500.0
51725643,Пекарь вахта 60/60 (Чукотка),200000,230000,rub,"['Туризм, гостиницы, общественное питание', 'Промышленность, производство']","['Рестораны, кафе, столовые, фастфуд', 'Пищевая промышленность']",Екатеринбург,[],[],[],,4744563,1000 — 5000,4189.0,АКС,От 1 года,Полный рабочий день,Не имеет значения,,,https://ekaterinburg.superjob.ru/vakansii/pekar-vahta-60-51725643.html,215000.0
51838862,Сварщики 4-6 разряд,135000,235000,rub,"['Строительство, проектирование, недвижимость', 'Промышленность, производство']","['Строительно-монтажные работы', 'Атомная энергетика', 'Машиностроение, станкостроение']",Екатеринбург,[],[],[],,970633,более 5000,2342.0,Трест Росспецэнергомонтаж,От 1 года,Полный рабочий день,Не имеет значения,,,https://ekaterinburg.superjob.ru/vakansii/svarschiki-4-6-razryad-51838862.html,185000.0
50123102,Директор магазина,60000,110000,rub,"['Строительство, проектирование, недвижимость']","['Подводно-технические работы', 'Технический надзор, строительная экспертиза / ПТО', 'Управление недвижимостью']",Екатеринбург,[],[],[],"Екатеринбург, Академика Вонсовского, 19",2635306,более 5000,49868.0,Пятёрочка,От 1 года,Полный рабочий день,Неполное высшее,56.783924,60.551445,https://ekaterinburg.superjob.ru/vakansii/direktor-magazina-50123102.html,85000.0
51726917,Бетонщик,145000,150000,rub,"['Строительство, проектирование, недвижимость', 'Рабочий персонал']","['Строительно-монтажные работы', 'Рабочий персонал, разное']",Екатеринбург,[],[],[],,4899646,менее 50,7.0,Р-Строй,От 1 года,Полный рабочий день,Не имеет значения,,,https://ekaterinburg.superjob.ru/vakansii/betonschik-51726917.html,147500.0
47038493,Машинист БКСМ,100000,160000,rub,"['Строительство, проектирование, недвижимость', 'Рабочий персонал']","['Строительно-монтажные работы', 'Квалифицированный рабочий']",Екатеринбург,[],[],[],"Свердловская область, Екатеринбург, Торговая улица, 2",4216190,менее 50,2.0,Завод винтовых свай,От 1 года,Полный рабочий день,Не имеет значения,56.75721,60.711246,https://ekaterinburg.superjob.ru/vakansii/mashinist-bksm-47038493.html,130000.0
51727088,Машинист бульдозера,250000,298000,rub,"['Строительство, проектирование, недвижимость', 'Рабочий персонал']","['Благоустройство территорий', 'Транспортные системы (мосты, дороги, тоннели)', 'Квалифицированный рабочий']",Екатеринбург,[],[],[],"Хабаровский край, село Аян",465572,1000 — 5000,559.0,"Артель старателей ""Амур""",От 3 лет,Работа вахтовым методом,Не имеет значения,,,https://ekaterinburg.superjob.ru/vakansii/mashinist-buldozera-51727088.html,274000.0
51735669,"Инженер строительного контроля (инженерные сети, ОВВК)",168000,201600,rub,"['Строительство, проектирование, недвижимость']","['Строительно-монтажные работы', 'Технический надзор, строительная экспертиза / ПТО']",Екатеринбург,[],[],[],"Свердловская область, муниципальное образование Екатеринбург, посёлок Совхозный, Комбинатская улица, 18",4954091,менее 50,16.0,Страна Девелопмент,От 3 лет,Полный рабочий день,Не имеет значения,56.760387,60.57156,https://ekaterinburg.superjob.ru/vakansii/inzhener-stroitelnogo-kontrolya-51735669.html,184800.0
51780527,Машинист крана (гусеничного и пневмоколесного),230000,240000,rub,"['Строительство, проектирование, недвижимость', 'Рабочий персонал']","['Благоустройство территорий', 'Строительно-монтажные работы', 'Квалифицированный рабочий']",Екатеринбург,[],[],[],,2837310,более 5000,574.0,СтройТрансНефтеГаз,От 1 года,Полный рабочий день,Не имеет значения,,,https://ekaterinburg.superjob.ru/vakansii/mashinist-krana-51780527.html,235000.0
51799216,"Электрогазосварщик, г. Саратов вахта 30/30",180000,200000,rub,"['Строительство, проектирование, недвижимость', 'Рабочий персонал']","['Благоустройство территорий', 'Строительно-монтажные работы', 'Квалифицированный рабочий']",Екатеринбург,[],[],[],,3925670,1000 — 5000,14.0,Бамтоннельстрой-Мост,От 1 года,Полный рабочий день,Не имеет значения,,,https://ekaterinburg.superjob.ru/vakansii/elektrogazosvarschik-51799216.html,190000.0
51801225,Слесарь-сантехник,53000,53000,rub,"['Строительство, проектирование, недвижимость', 'Рабочий персонал']","['Водоснабжение, канализация', 'Рабочий персонал, разное', 'Квалифицированный рабочий']",Екатеринбург,[],[],[],"Свердловская область, Екатеринбург, улица Челюскинцев",2466656,более 5000,6387.0,Российские железные дороги,От 1 года,Полный рабочий день,Среднее,56.853115,60.596889,https://ekaterinburg.superjob.ru/vakansii/slesar-santehnik-51801225.html,53000.0
51809372,Бетонщик,143000,148000,rub,"['Строительство, проектирование, недвижимость', 'Рабочий персонал']","['Строительно-монтажные работы', 'Рабочий персонал, разное']",Екатеринбург,[],[],[],,3856938,менее 50,1832.0,"Барс Пром/ООО ""БАРС ПРОМ""",От 1 года,Полный рабочий день,Не имеет значения,,,https://ekaterinburg.superjob.ru/vakansii/betonschik-51809372.html,145500.0
51824896,Бетонщик,144540,148920,rub,"['Строительство, проектирование, недвижимость', 'Рабочий персонал']","['Строительно-монтажные работы', 'Рабочий персонал, разное']",Екатеринбург,[],[],[],,3856938,менее 50,1832.0,"Барс Пром/ООО ""БАРС ПРОМ""",От 1 года,Полный рабочий день,Не имеет значения,,,https://ekaterinburg.superjob.ru/vakansii/betonschik-51824896.html,146730.0
51833923,Распределитель работ (Египет),100000,100000,rub,"['Строительство, проектирование, недвижимость']","['Сметное дело', 'Строительно-монтажные работы', 'Технический надзор, строительная экспертиза / ПТО']",Екатеринбург,[],[],[],,970633,более 5000,2342.0,Трест Росспецэнергомонтаж,От 1 года,Полный рабочий день,Не имеет значения,,,https://ekaterinburg.superjob.ru/vakansii/raspredelitel-rabot-51833923.html,100000.0
51843971,Продавец в зону готовой еды,39500,59300,rub,"['Продажи', 'Строительство, проектирование, недвижимость']","['Агентства недвижимости, оценка недвижимости', 'Управление недвижимостью', 'Управление строительством, девелопмент']",Екатеринбург,[],[],[],"Екатеринбург, Учителей, 31",280168,более 5000,18163.0,"Магнит, Розничная сеть",Не имеет значения,Сменный график работы,Не имеет значения,56.868694,60.633343,https://ekaterinburg.superjob.ru/vakansii/prodavec-v-zonu-gotovoj-edy-51843971.html,49400.0
51849897,Электромонтажник КИПиА,150000,175000,rub,"['Строительство, проектирование, недвижимость', 'Рабочий персонал']","['Электроснабжение', 'Квалифицированный рабочий']",Екатеринбург,[],[],[],,509989,1000 — 5000,127.0,Ленгазспецстрой,От 1 года,Полный рабочий день,Не имеет значения,,,https://ekaterinburg.superjob.ru/vakansii/elektromontazhnik-kipia-51849897.html,162500.0
51860276,Продавец в зону готовой еды,39500,53000,rub,"['Продажи', 'Строительство, проектирование, недвижимость']","['Агентства недвижимости, оценка недвижимости', 'Управление недвижимостью']",Екатеринбург,[],[],[],"Екатеринбург, Космонавтов, 91г",280168,более 5000,18163.0,"Магнит, Розничная сеть",Не имеет значения,Сменный график работы,Не имеет значения,56.922504,60.60865,https://ekaterinburg.superjob.ru/vakansii/prodavec-v-zonu-gotovoj-edy-51860276.html,46250.0
51726942,Монтажник ЖБК,160000,160000,rub,"['Строительство, проектирование, недвижимость', 'Рабочий персонал']","['Строительно-монтажные работы', 'Рабочий персонал, разное', 'Квалифицированный рабочий']",Екатеринбург,[],[],[],,4899646,менее 50,7.0,Р-Строй,От 1 года,Полный рабочий день,Не имеет значения,,,https://ekaterinburg.superjob.ru/vakansii/montazhnik-zhbk-51726942.html,160000.0
51726953,Электромонтажник,160000,160000,rub,"['Строительство, проектирование, недвижимость', 'Рабочий персонал']","['Эксплуатация зданий', 'Электроснабжение', 'Квалифицированный рабочий']",Екатеринбург,[],[],[],,4899646,менее 50,7.0,Р-Строй,От 1 года,Полный рабочий день,Среднее специальное,,,https://ekaterinburg.superjob.ru/vakansii/elektromontazhnik-51726953.html,160000.0
51846363,"Администратор магазина (Екатеринбург, Минометчиков, 62)",67000,88700,rub,"['Строительство, проектирование, недвижимость']","['Подводно-технические работы', 'Проектирование', 'Управление недвижимостью']",Екатеринбург,[],[],[],,2635306,более 5000,49868.0,Пятёрочка,От 1 года,Полный рабочий день,Не имеет значения,,,https://ekaterinburg.superjob.ru/vakansii/administrator-magazina-51846363.html,77850.0
51846475,Производитель работ/мастер СМР (Электромонтажные работы),215000,250000,rub,"['Строительство, проектирование, недвижимость']","['Сметное дело', 'Строительно-монтажные работы']",Екатеринбург,[],[],[],,4899646,менее 50,7.0,Р-Строй,От 1 года,Полный рабочий день,Не имеет значения,,,https://ekaterinburg.superjob.ru/vakansii/proizvoditel-rabot-51846475.html,232500.0
51847130,"Администратор магазина (Екатеринбург, Фрунзе, 98)",67000,87000,rub,"['Строительство, проектирование, недвижимость']","['Управление недвижимостью', 'Другое']",Екатеринбург,[],[],[],,2635306,более 5000,49868.0,Пятёрочка,От 1 года,Полный рабочий день,Не имеет значения,,,https://ekaterinburg.superjob.ru/vakansii/administrator-magazina-51847130.html,77000.0
51847143,"Администратор магазина (Екатеринбург, Блюхера, 75)",67000,86200,rub,"['Строительство, проектирование, недвижимость']","['ЖКХ', 'Подводно-технические работы']",Екатеринбург,[],[],[],,2635306,более 5000,49868.0,Пятёрочка,От 1 года,Полный рабочий день,Не имеет значения,,,https://ekaterinburg.superjob.ru/vakansii/administrator-magazina-51847143.html,76600.0
51553695,Электромонтер 5 разряда,171600,210000,rub,"['Строительство, проектирование, недвижимость', 'Рабочий персонал']","['Электроснабжение', 'Квалифицированный рабочий']",Екатеринбург,[],[],[],,4744563,1000 — 5000,4189.0,АКС,От 1 года,Работа вахтовым методом,Не имеет значения,,,https://ekaterinburg.superjob.ru/vakansii/elektromonter-5-razryada-51553695.html,190800.0
51553734,Электромонтер по обслуживанию электрооборудования,210000,300000,rub,"['Строительство, проектирование, недвижимость']",['Электроснабжение'],Екатеринбург,[],[],[],,4744563,1000 — 5000,4189.0,АКС,От 1 года,Работа вахтовым методом,Не имеет значения,,,https://ekaterinburg.superjob.ru/vakansii/elektromonter-po-obsluzhivaniyu-elektrooborudovaniya-51553734.html,255000.0
51737310,Слесарь по ремонту систем вентиляции и кондиционирования,247500,247500,rub,"['Строительство, проектирование, недвижимость', 'Рабочий персонал']","['Отопление, вентиляция и кондиционирование', 'Квалифицированный рабочий']",Екатеринбург,[],[],[],,4744563,1000 — 5000,4189.0,АКС,От 1 года,Полный рабочий день,Не имеет значения,,,https://ekaterinburg.superjob.ru/vakansii/slesar-po-remontu-sistem-ventilyacii-i-kondicionirovaniya-51737310.html,247500.0
51781700,Продавец магазина Магнит,39500,53000,rub,"['Продажи', 'Строительство, проектирование, недвижимость']","['Агентства недвижимости, оценка недвижимости', 'Отопление, вентиляция и кондиционирование', 'Управление недвижимостью']",Екатеринбург,[],[],[],"Екатеринбург, Электриков, 23",280168,более 5000,18163.0,"Магнит, Розничная сеть",Не имеет значения,Полный рабочий день,Не имеет значения,56.883175,60.61517,https://ekaterinburg.superjob.ru/vakansii/prodavec-magazina-magnit-51781700.html,46250.0
51787987,Продавец в зону готовой еды,39500,59500,rub,"['Продажи', 'Строительство, проектирование, недвижимость']","['Агентства недвижимости, оценка недвижимости', 'Управление недвижимостью']",Екатеринбург,[],[],[],"Екатеринбург, Крауля, 170а",280168,более 5000,18163.0,"Магнит, Розничная сеть",Не имеет значения,Сменный график работы,Не имеет значения,56.834106,60.522503,https://ekaterinburg.superjob.ru/vakansii/prodavec-v-zonu-gotovoj-edy-51787987.html,49500.0
51809032,Маляр-альпинист,175000,175000,rub,"['Строительство, проектирование, недвижимость', 'Рабочий персонал']","['Строительно-монтажные работы', 'Рабочий персонал, разное', 'Квалифицированный рабочий']",Екатеринбург,[],[],[],,3856938,менее 50,1832.0,"Барс Пром/ООО ""БАРС ПРОМ""",От 1 года,Полный рабочий день,Не имеет значения,,,https://ekaterinburg.superjob.ru/vakansii/malyar-alpinist-51809032.html,175000.0
51809105,Отделочник,150000,150000,rub,"['Рабочий персонал', 'Строительство, проектирование, недвижимость']","['Рабочий персонал, разное', 'Квалифицированный рабочий', 'Отделочные работы']",Екатеринбург,[],[],[],,3856938,менее 50,1832.0,"Барс Пром/ООО ""БАРС ПРОМ""",От 1 года,Полный рабочий день,Не имеет значения,,,https://ekaterinburg.superjob.ru/vakansii/otdelochnik-51809105.html,150000.0
51821460,Продавец в зону готовой еды,39500,59500,rub,"['Страхование', 'Строительство, проектирование, недвижимость', 'Топ-персонал']","['Страхование юридических лиц', 'Эксплуатация зданий', 'Туризм, гостиницы, общественное питание']",Екатеринбург,[],[],[],"Екатеринбург, Летчиков, 15",280168,более 5000,18163.0,"Магнит, Розничная сеть",Не имеет значения,Сменный график работы,Не имеет значения,56.863014,60.574718,https://ekaterinburg.superjob.ru/vakansii/prodavec-v-zonu-gotovoj-edy-51821460.html,49500.0
51830280,Маляр,131000,200000,rub,"['Строительство, проектирование, недвижимость', 'Рабочий персонал']","['Строительно-монтажные работы', 'Рабочий персонал, разное', 'Квалифицированный рабочий']",Екатеринбург,[],[],[],,970633,более 5000,2342.0,Трест Росспецэнергомонтаж,От 1 года,Полный рабочий день,Не имеет значения,,,https://ekaterinburg.superjob.ru/vakansii/malyar-51830280.html,165500.0
51846750,Приемщик в Гипермаркет Магнит,40600,60900,rub,"['Строительство, проектирование, недвижимость']","['Строительно-монтажные работы', 'Управление недвижимостью']",Екатеринбург,[],[],[],"Екатеринбург, Айвазовского, 53",280168,более 5000,18163.0,"Магнит, Розничная сеть",Не имеет значения,Сменный график работы,Не имеет значения,56.802273,60.598759,https://ekaterinburg.superjob.ru/vakansii/priemschik-v-gipermarket-magnit-51846750.html,50750.0
51846807,Продавец кафе/прилавков в Гипермаркет,48000,79000,rub,"['Продажи', 'Строительство, проектирование, недвижимость']","['Агентства недвижимости, оценка недвижимости', 'Подводно-технические работы']",Екатеринбург,[],[],[],"Екатеринбург, Айвазовского, 53",280168,более 5000,18163.0,"Магнит, Розничная сеть",Без опыта,Полный рабочий день,Не имеет значения,56.802273,60.598759,https://ekaterinburg.superjob.ru/vakansii/prodavec-kafe-51846807.html,63500.0
51846917,Продавец магазина Магнит,39500,53000,rub,"['Продажи', 'Строительство, проектирование, недвижимость']","['Агентства недвижимости, оценка недвижимости', 'Управление недвижимостью', 'Управление строительством, девелопмент', 'Другое']",Екатеринбург,[],[],[],"Екатеринбург, Машинная, 44",280168,более 5000,18163.0,"Магнит, Розничная сеть",Не имеет значения,Полный рабочий день,Не имеет значения,56.805569,60.627254,https://ekaterinburg.superjob.ru/vakansii/prodavec-magazina-magnit-51846917.html,46250.0
51846931,Продавец магазина Магнит,39500,53000,rub,"['Службы доставки', 'Строительство, проектирование, недвижимость']","['Пункты выдачи заказов', 'Строительство деревянных домов и конструкций']",Екатеринбург,[],[],[],"Екатеринбург, Учителей, 31",280168,более 5000,18163.0,"Магнит, Розничная сеть",Не имеет значения,Полный рабочий день,Не имеет значения,56.868694,60.633343,https://ekaterinburg.superjob.ru/vakansii/prodavec-magazina-magnit-51846931.html,46250.0
51854637,Каменщик (вахта),167000,167000,rub,"['Строительство, проектирование, недвижимость', 'Рабочий персонал']","['Строительно-монтажные работы', 'Рабочий персонал, разное']",Екатеринбург,[],[],[],,3856938,менее 50,1832.0,"Барс Пром/ООО ""БАРС ПРОМ""",От 1 года,Полный рабочий день,Не имеет значения,,,https://ekaterinburg.superjob.ru/vakansii/kamenschik-51854637.html,167000.0
51854693,Электромонтажник-расключник (вахта),176000,176000,rub,"['Строительство, проектирование, недвижимость', 'Рабочий персонал']","['Эксплуатация зданий', 'Электроснабжение', 'Квалифицированный рабочий']",Екатеринбург,[],[],[],,3856938,менее 50,1832.0,"Барс Пром/ООО ""БАРС ПРОМ""",От 1 года,Полный рабочий день,Не имеет значения,,,https://ekaterinburg.superjob.ru/vakansii/elektromontazhnik-rasklyuchnik-51854693.html,176000.0
51868571,Инженер систем вентиляции и кондиционирования,407170,407170,rub,"['Строительство, проектирование, недвижимость']","['Отопление, вентиляция и кондиционирование']",Екатеринбург,[],[],[],,4744563,1000 — 5000,4189.0,АКС,От 3 лет,Полный рабочий день,Не имеет значения,,,https://ekaterinburg.superjob.ru/vakansii/inzhener-sistem-ventilyacii-i-kondicionirovaniya-51868571.html,407170.0
50637583,Машинист бульдозера,180000,345000,rub,"['Транспорт, логистика, ВЭД', 'Строительство, проектирование, недвижимость', 'Рабочий персонал']","['Автоперевозки', 'Благоустройство территорий', 'Транспортные системы (мосты, дороги, тоннели)', 'Квалифицированный рабочий']",Екатеринбург,[],[],[],,4651035,100 — 500,81.0,Артель Старателей ПОЛЯРНАЯ ЗВЕЗДА,От 1 года,Полный рабочий день,Не имеет значения,,,https://ekaterinburg.superjob.ru/vakansii/mashinist-buldozera-50637583.html,262500.0
51179237,"Отделочник, вахта 45/45, Ямал-Сабетта",135000,135000,rub,"['Рабочий персонал', 'Строительство, проектирование, недвижимость']","['Рабочий персонал, разное', 'Квалифицированный рабочий', 'Отделочные работы']",Екатеринбург,[],[],[],,4744563,1000 — 5000,4189.0,АКС,От 1 года,Работа вахтовым методом,Не имеет значения,,,https://ekaterinburg.superjob.ru/vakansii/otdelochnik-51179237.html,135000.0
51184327,"Слесарь-сантехник, вахта 45/45, Новый Уренгой",124000,155000,rub,"['Строительство, проектирование, недвижимость', 'Рабочий персонал']","['Водоснабжение, канализация', 'Рабочий персонал, разное', 'Квалифицированный рабочий']",Екатеринбург,[],[],[],,4744563,1000 — 5000,4189.0,АКС,От 1 года,Работа вахтовым методом,Не имеет значения,,,https://ekaterinburg.superjob.ru/vakansii/slesar-santehnik-51184327.html,139500.0
51711830,Маляр-штукатур,180000,220000,rub,"['Строительство, проектирование, недвижимость', 'Рабочий персонал']","['Строительно-монтажные работы', 'Отделочные работы', 'Рабочий персонал, разное']",Екатеринбург,[],[],[],,970633,более 5000,2342.0,Трест Росспецэнергомонтаж,От 1 года,Полный рабочий день,Не имеет значения,,,https://ekaterinburg.superjob.ru/vakansii/malyar-shtukatur-51711830.html,200000.0
51715929,Электросварщик СК (металлоконструкции),165000,210000,rub,"['Строительство, проектирование, недвижимость', 'Рабочий персонал']","['Строительно-монтажные работы', 'Квалифицированный рабочий']",Екатеринбург,[],[],[],,2837310,более 5000,574.0,СтройТрансНефтеГаз,От 1 года,Полный рабочий день,Не имеет значения,,,https://ekaterinburg.superjob.ru/vakansii/elektrosvarschik-sk-51715929.html,187500.0
51796409,Электросварщик / ВАХТА,230000,300000,rub,"['Строительство, проектирование, недвижимость', 'Рабочий персонал']","['Строительно-монтажные работы', 'Квалифицированный рабочий']",Екатеринбург,[],[],[],,2837310,более 5000,574.0,СтройТрансНефтеГаз,От 1 года,Полный рабочий день,Не имеет значения,,,https://ekaterinburg.superjob.ru/vakansii/elektrosvarschik-51796409.html,265000.0
51808312,Электромонтажник,84000,110000,rub,"['Строительство, проектирование, недвижимость', 'Рабочий персонал']","['Электроснабжение', 'Слаботочные системы и сети', 'Рабочий персонал, разное', 'Квалифицированный рабочий']",Екатеринбург,['Машиностроителей'],['Первая линия'],['green'],"Екатеринбург, Фронтовых Бригад, д. 18к13С",4353589,менее 50,340.0,Jobers,От 1 года,Полный рабочий день,Среднее специальное,56.878284,60.637241,https://ekaterinburg.superjob.ru/vakansii/elektromontazhnik-51808312.html,97000.0
51808329,Инженер ПТО/Ведущий инженер ПТО,180000,205000,rub,"['Строительство, проектирование, недвижимость']","['Технический надзор, строительная экспертиза / ПТО']",Екатеринбург,[],[],[],,509989,1000 — 5000,127.0,Ленгазспецстрой,От 1 года,Полный рабочий день,Не имеет значения,,,https://ekaterinburg.superjob.ru/vakansii/inzhener-pto-51808329.html,192500.0
51863471,Электромонтер по ремонту электрооборудования,180000,300000,rub,"['Строительство, проектирование, недвижимость', 'Рабочий персонал']","['Электроснабжение', 'Квалифицированный рабочий']",Екатеринбург,[],[],[],,4744563,1000 — 5000,4189.0,АКС,От 1 года,Полный рабочий день,Не имеет значения,,,https://ekaterinburg.superjob.ru/vakansii/elektromonter-po-remontu-elektrooborudovaniya-51863471.html,240000.0
45710099,Автомеханик,80000,150000,rub,"['Услуги, ремонт, сервисное обслуживание']",['Автосервис'],Екатеринбург,[],[],[],"Свердловская область, Екатеринбург, Аппаратная улица, 5К",4433235,менее 50,1.0,АВТОР СЕРВИС,От 1 года,Полный рабочий день,Среднее специальное,56.871582,60.670158,https://ekaterinburg.superjob.ru/vakansii/avtomehanik-45710099.html,115000.0
51188114,"Уборщик помещений, вахта 60/60 Чукотка",180000,230000,rub,"['Услуги, ремонт, сервисное обслуживание']",['Клининг'],Екатеринбург,[],[],[],,4744563,1000 — 5000,4189.0,АКС,Без опыта,Работа вахтовым методом,Не имеет значения,,,https://ekaterinburg.superjob.ru/vakansii/uborschik-pomeschenij-51188114.html,205000.0
51214607,"Электромонтер по ремонту и обслуживанию электрооборудования, вахта Чукотка",300000,300000,rub,"['Услуги, ремонт, сервисное обслуживание']","['Телекоммуникационное оборудование и сети', 'Промышленное оборудование']",Екатеринбург,[],[],[],,4744563,1000 — 5000,4189.0,АКС,От 3 лет,Работа вахтовым методом,Не имеет значения,,,https://ekaterinburg.superjob.ru/vakansii/elektromonter-po-remontu-i-obsluzhivaniyu-elektrooborudovaniya-51214607.html,300000.0
51781453,Приемщик в Гипермаркет Магнит,40600,60900,rub,"['Транспорт, логистика, ВЭД', 'Услуги, ремонт, сервисное обслуживание']","['Складское хозяйство', 'Автосервис']",Екатеринбург,[],[],[],"Екатеринбург, Восточная, 35",280168,более 5000,18163.0,"Магнит, Розничная сеть",Не имеет значения,Сменный график работы,Не имеет значения,56.822109,60.640217,https://ekaterinburg.superjob.ru/vakansii/priemschik-v-gipermarket-magnit-51781453.html,50750.0
51797187,Приемщик в Гипермаркет Магнит,40600,60900,rub,"['Транспорт, логистика, ВЭД', 'Услуги, ремонт, сервисное обслуживание']","['Складское хозяйство', 'Автосервис']",Екатеринбург,[],[],[],"Екатеринбург, Академика Шварца, 1",280168,более 5000,18163.0,"Магнит, Розничная сеть",Не имеет значения,Сменный график работы,Не имеет значения,56.796722,60.61298,https://ekaterinburg.superjob.ru/vakansii/priemschik-v-gipermarket-magnit-51797187.html,50750.0
51697637,Системный администратор,25000,30000,rub,"['IT, Интернет, связь, телеком']","['Администрирование баз данных', 'Сетевые технологии', 'Системное администрирование', 'Техническая поддержка', 'Внедрение и сопровождение ПО']",Волгоград,[],[],[],"Волгоград, проспект имени В.И. Ленина",11714,100 — 500,68.0,Филиал ФКУ «Налог-Сервис» ФНС России по ЦОД в г. Москве,Без опыта,Полный рабочий день,Не имеет значения,48.759968,44.555943,https://volgograd.superjob.ru/vakansii/sistemnyj-administrator-51697637.html,27500.0
51697696,Системный администратор,50000,60000,rub,"['IT, Интернет, связь, телеком']","['Администрирование баз данных', 'Сетевые технологии', 'Системное администрирование', 'Техническая поддержка', 'Внедрение и сопровождение ПО']",Скадовск,[],[],[],"Скадовск, Александровская улица, 32А",11714,100 — 500,68.0,Филиал ФКУ «Налог-Сервис» ФНС России по ЦОД в г. Москве,От 1 года,Полный рабочий день,Не имеет значения,46.114944,32.907536,https://www.superjob.ru/vakansii/sistemnyj-administrator-51697696.html,55000.0
51697700,Системный администратор,30450,56550,rub,"['IT, Интернет, связь, телеком']","['Администрирование баз данных', 'Сетевые технологии', 'Системное администрирование', 'Техническая поддержка', 'Внедрение и сопровождение ПО']",Тосно,[],[],[],"Тосно, проспект Ленина, 60",11714,100 — 500,68.0,Филиал ФКУ «Налог-Сервис» ФНС России по ЦОД в г. Москве,Без опыта,Полный рабочий день,Не имеет значения,59.537891,30.883648,https://tosno.superjob.ru/vakansii/sistemnyj-administrator-51697700.html,43500.0
51697714,Системный администратор,30000,35000,rub,"['IT, Интернет, связь, телеком']","['Администрирование баз данных', 'Сетевые технологии', 'Системное администрирование', 'Техническая поддержка', 'Внедрение и сопровождение ПО']",Скадовск,[],[],[],"Скадовск, Александровская улица, 32А",11714,100 — 500,68.0,Филиал ФКУ «Налог-Сервис» ФНС России по ЦОД в г. Москве,Без опыта,Полный рабочий день,Не имеет значения,46.114944,32.907536,https://www.superjob.ru/vakansii/sistemnyj-administrator-51697714.html,32500.0
51697744,Системный администратор,44000,59000,rub,"['IT, Интернет, связь, телеком']","['Администрирование баз данных', 'Сетевые технологии', 'Системное администрирование', 'Техническая поддержка', 'Внедрение и сопровождение ПО']",Сочи,[],[],[],"Сочи, Курортный проспект, 106Б",11714,100 — 500,68.0,Филиал ФКУ «Налог-Сервис» ФНС России по ЦОД в г. Москве,От 1 года,Полный рабочий день,Не имеет значения,43.55022,39.781685,https://sochi.superjob.ru/vakansii/sistemnyj-administrator-51697744.html,51500.0
51697765,Системный администратор,33060,39150,rub,"['IT, Интернет, связь, телеком']","['Администрирование баз данных', 'Сетевые технологии', 'Системное администрирование', 'Техническая поддержка', 'Внедрение и сопровождение ПО']",Геленджик,[],[],[],"Геленджик, улица Островского, 3",11714,100 — 500,68.0,Филиал ФКУ «Налог-Сервис» ФНС России по ЦОД в г. Москве,Без опыта,Полный рабочий день,Не имеет значения,44.562695,38.077663,https://gelendzhik.superjob.ru/vakansii/sistemnyj-administrator-51697765.html,36105.0
51697772,Специалист по информационной безопасности,47850,56550,rub,"['IT, Интернет, связь, телеком', 'Безопасность, службы охраны']","['Другое', 'Информационная безопасность', 'Информационная безопасность', 'Другое']",Кострома,[],[],[],"Кострома, Кинешемское шоссе, 27",11714,100 — 500,68.0,Филиал ФКУ «Налог-Сервис» ФНС России по ЦОД в г. Москве,От 1 года,Полный рабочий день,Не имеет значения,57.751514,40.997746,https://kostroma.superjob.ru/vakansii/specialist-po-informacionnoj-bezopasnosti-51697772.html,52200.0
51697819,Системный администратор,34800,52200,rub,"['IT, Интернет, связь, телеком']","['Администрирование баз данных', 'Сетевые технологии', 'Системное администрирование', 'Техническая поддержка', 'Внедрение и сопровождение ПО']",Шахтёрск (Донецкая область),[],[],[],,11714,100 — 500,68.0,Филиал ФКУ «Налог-Сервис» ФНС России по ЦОД в г. Москве,Без опыта,Полный рабочий день,Не имеет значения,,,https://shakhtersk.superjob.ru/vakansii/sistemnyj-administrator-51697819.html,43500.0
51697845,Системный администратор,41000,47000,rub,"['IT, Интернет, связь, телеком']","['Администрирование баз данных', 'Сетевые технологии', 'Системное администрирование', 'Техническая поддержка', 'Внедрение и сопровождение ПО']",Краснодар,[],[],[],Краснодар,11714,100 — 500,68.0,Филиал ФКУ «Налог-Сервис» ФНС России по ЦОД в г. Москве,От 1 года,Полный рабочий день,Не имеет значения,45.035469,38.975311,https://krasnodar.superjob.ru/vakansii/sistemnyj-administrator-51697845.html,44000.0
51697854,Специалист по информационной безопасности,52200,69600,rub,"['Безопасность, службы охраны', 'IT, Интернет, связь, телеком']","['Информационная безопасность', 'Другое', 'Информационная безопасность']",Владивосток,[],[],[],"Владивосток, Океанский проспект, 13",11714,100 — 500,68.0,Филиал ФКУ «Налог-Сервис» ФНС России по ЦОД в г. Москве,От 1 года,Полный рабочий день,Среднее специальное,43.118404,131.886215,https://vladivostok.superjob.ru/vakansii/specialist-po-informacionnoj-bezopasnosti-51697854.html,60900.0
51697883,Системный администратор,43000,48000,rub,"['IT, Интернет, связь, телеком']","['Администрирование баз данных', 'Сетевые технологии', 'Системное администрирование', 'Техническая поддержка', 'Внедрение и сопровождение ПО']",Калининград,[],[],[],,11714,100 — 500,68.0,Филиал ФКУ «Налог-Сервис» ФНС России по ЦОД в г. Москве,Без опыта,Полный рабочий день,Не имеет значения,,,https://kaliningrad.superjob.ru/vakansii/sistemnyj-administrator-51697883.html,45500.0
51697871,Специалист по обслуживанию ПК и оргтехники,31755,40020,rub,"['IT, Интернет, связь, телеком', 'Услуги, ремонт, сервисное обслуживание']","['Системное администрирование', 'Внедрение и сопровождение ПО', 'Компьютеры и оргтехника']",Малоярославец,[],[],[],"Малоярославец, Калужская улица, 8",11714,100 — 500,68.0,Филиал ФКУ «Налог-Сервис» ФНС России по ЦОД в г. Москве,Без опыта,Полный рабочий день,Не имеет значения,55.012657,36.458153,https://maloyaroslavets.superjob.ru/vakansii/specialist-po-obsluzhivaniyu-pk-i-orgtehniki-51697871.html,35887.5
51697899,UX-Исследователь (Middle),92000,105000,rub,"['Дизайн', 'IT, Интернет, связь, телеком']","['Web-дизайн (UI/UX)', 'Аналитика', 'Разработка, программирование', 'Юзабилити', 'Управление продуктом']",Москва,[],[],[],"Москва, улица Петровка, 20/1",11714,100 — 500,68.0,Филиал ФКУ «Налог-Сервис» ФНС России по ЦОД в г. Москве,От 1 года,Полный рабочий день,Не имеет значения,55.764221,37.617321,https://www.superjob.ru/vakansii/ux-issledovatel-51697899.html,98500.0
51697901,UX-Исследователь (Junior),60000,80000,rub,"['Дизайн', 'IT, Интернет, связь, телеком']","['Web-дизайн (UI/UX)', 'Аналитика', 'Разработка и сопровождение банковского ПО', 'Юзабилити', 'Управление продуктом']",Москва,[],[],[],"Москва, улица Петровка, 20/1",11714,100 — 500,68.0,Филиал ФКУ «Налог-Сервис» ФНС России по ЦОД в г. Москве,От 1 года,Полный рабочий день,Не имеет значения,55.764221,37.617321,https://www.superjob.ru/vakansii/ux-issledovatel-51697901.html,70000.0
51698098,Системный администратор,37410,41760,rub,"['IT, Интернет, связь, телеком']","['Администрирование баз данных', 'Сетевые технологии', 'Системное администрирование', 'Техническая поддержка', 'Внедрение и сопровождение ПО']",Тверь,[],[],[],"Тверь, Октябрьский проспект 26",11714,100 — 500,68.0,Филиал ФКУ «Налог-Сервис» ФНС России по ЦОД в г. Москве,От 1 года,Полный рабочий день,Не имеет значения,,,https://tver.superjob.ru/vakansii/sistemnyj-administrator-51698098.html,39585.0
51782573,Продавец домашнего интернета (подработка),16500,44000,rub,"['IT, Интернет, связь, телеком']","['DevOps', 'Управление разработкой']",Нижний Новгород,[],[],[],,38260,более 5000,779.0,Билайн,Без опыта,Частичная занятость / Совместительство,Не имеет значения,,,https://nn.superjob.ru/vakansii/prodavec-domashnego-interneta-51782573.html,30250.0
51773516,Системный администратор,39150,43500,rub,"['IT, Интернет, связь, телеком']","['Администрирование баз данных', 'Сетевые технологии', 'Системное администрирование', 'Техническая поддержка', 'Другое']",Ливны,[],[],[],"Ливны, улица Селищева, 26",11714,100 — 500,68.0,Филиал ФКУ «Налог-Сервис» ФНС России по ЦОД в г. Москве,От 1 года,Полный рабочий день,Не имеет значения,52.40556,37.566376,https://livny.superjob.ru/vakansii/sistemnyj-administrator-51773516.html,41325.0
51801616,Агент клиентской поддержки (Tier-1),80000,120000,rub,"['IT, Интернет, связь, телеком']",['AI'],Москва,[],[],[],,14449,100 — 500,9.0,SuperJob,От 1 года,Полный рабочий день,Не имеет значения,,,https://www.superjob.ru/vakansii/agent-klientskoj-podderzhki-51801616.html,100000.0
51864488,Автокурьер на личном авто (Оплата патента),70000,160000,rub,"['Бухгалтерия, финансы, аудит', 'IT, Интернет, связь, телеком']","['Казначейство', 'SRE']",Москва,['Медведково'],['Калужско-Рижская'],['orange'],"г Москва, улица Северодвинская, д. 20. 20",0,,,,Без опыта,Полный рабочий день,Не имеет значения,55.893646,37.675156,https://www.superjob.ru/vakansii/avtokurer-na-lichnom-avto-51864488.html,115000.0
51720617,Системный администратор/сетевой инженер,80000,80000,rub,"['IT, Интернет, связь, телеком']","['Сетевые технологии', 'Системное администрирование']",Подольск,[],[],[],"Московская область, Подольск, Парковая улица, 2",272717,100 — 500,23.0,Московский завод ФИЗПРИБОР,Без опыта,Полный рабочий день,Среднее специальное,55.431095,37.51849,https://podolsk.superjob.ru/vakansii/sistemnyj-administrator-51720617.html,80000.0
51799251,Специалист отдела технической экспертизы,80000,80000,rub,"['IT, Интернет, связь, телеком']",['Техническая поддержка'],Москва,"['Киевская', 'Студенческая']","['Филёвская', 'Филёвская']","['blue', 'blue']","Москва, Киевская улица, 7к2",190718,более 5000,17.0,"ПАО СК ""Росгосстрах""",От 1 года,Полный рабочий день,Не имеет значения,55.7421,37.558929,https://www.superjob.ru/vakansii/specialist-otdela-tehnicheskoj-ekspertizy-51799251.html,80000.0
51549099,Техник связи,47000,55000,rub,"['IT, Интернет, связь, телеком', 'Услуги, ремонт, сервисное обслуживание', 'Строительство, проектирование, недвижимость']","['Телекоммуникации и связь', 'Телекоммуникационное оборудование и сети', 'Слаботочные системы и сети']",Лениногорск,[],[],[],"Республика Татарстан (Татарстан), Лениногорск, улица Куйбышева, 15",4243646,более 5000,1.0,Таттелеком,Без опыта,Полный рабочий день,Среднее специальное,54.604733,52.44733,https://leninogorsk.superjob.ru/vakansii/tehnik-svyazi-51549099.html,51000.0
51845773,Ведущий программист 1С,170000,180000,rub,"['IT, Интернет, связь, телеком']","['Разработка, программирование', 'Системы управления предприятием (ERP)']",Москва,['Ботанический сад'],['МЦК'],['lightpink'],"Москва, улица Вильгельма Пика",314091,1000 — 5000,5.0,"ФГБОУ ВО РГСУ, РГСУ, РОССИЙСКИЙ ГОСУДАРСТВЕННЫЙ СОЦИАЛЬНЫЙ УНИВЕРСИТЕТ",От 3 лет,Полный рабочий день,Не имеет значения,55.840218,37.636364,https://www.superjob.ru/vakansii/veduschij-programmist-1s-51845773.html,175000.0
51868674,Продавец в зону готовой еды,40000,58500,rub,"['Дизайн', 'IT, Интернет, связь, телеком']","['Web-дизайн (UI/UX)', 'Компьютерная анимация\xa0и\xa0мультимедиа']",Пермь,[],[],[],"Пермь, Хабаровская, 54",280168,более 5000,18163.0,"Магнит, Розничная сеть",Не имеет значения,Сменный график работы,Не имеет значения,58.051003,56.089558,https://perm.superjob.ru/vakansii/prodavec-v-zonu-gotovoj-edy-51868674.html,49250.0
51801586,Агент мониторинга кибербезопасности,200000,280000,rub,"['IT, Интернет, связь, телеком']",['AI'],Москва,[],[],[],,14449,100 — 500,9.0,SuperJob,От 1 года,Полный рабочий день,Не имеет значения,,,https://www.superjob.ru/vakansii/agent-monitoringa-kiberbezopasnosti-51801586.html,240000.0
51868116,Автокурьер на личном авто (Оплата патента),70000,160000,rub,"['IT, Интернет, связь, телеком']",['Компьютерная анимация\xa0и\xa0мультимедиа'],Москва,['Бунинская аллея'],['Бутовская'],['lightblue'],"г Москва, р-н Щербинка, кв-л. 88, д. 391 стр. 1. 391",0,,,,Без опыта,Полный рабочий день,Не имеет значения,55.527164,37.494675,https://www.superjob.ru/vakansii/avtokurer-na-lichnom-avto-51868116.html,115000.0
46203581,Менеджер по работе с клиентами / Менеджер по продажам,35000,150000,rub,"['IT, Интернет, связь, телеком', 'Продажи']","['Системная интеграция', 'Внедрение и сопровождение ПО', 'Компьютеры, оргтехника, ПО']",Чебоксары,[],[],[],"Чувашская Республика, Чебоксары, улица Карла Маркса, 52к9",4451188,100 — 500,1.0,КОМАНДА Ф5,От 1 года,Полный рабочий день,Не имеет значения,56.134735,47.243866,https://cheboksary.superjob.ru/vakansii/menedzher-po-rabote-s-klientami-46203581.html,92500.0
48642474,Мастер по ремонту,40000,50000,rub,"['IT, Интернет, связь, телеком']","['Инжиниринг', 'Техническая поддержка']",Уфа,[],[],[],"Республика Башкортостан, Уфа, улица Гафури, 27/2",4580933,менее 50,1.0,ИС,От 1 года,Полный рабочий день,Среднее специальное,54.72765,55.928005,https://ufa.superjob.ru/vakansii/master-po-remontu-48642474.html,45000.0
50517186,Главный специалист отдела автоматизации,50000,55000,rub,"['IT, Интернет, связь, телеком', 'Государственная служба']","['Системное администрирование', 'Техническая поддержка', 'Внедрение и сопровождение ПО', 'Государственная гражданская служба', 'Государственные фонды']",Москва,[],[],[],,4887815,более 5000,62.0,Социальный фонд России,От 1 года,Полный рабочий день,Среднее специальное,,,https://www.superjob.ru/vakansii/glavnyj-specialist-otdela-avtomatizacii-50517186.html,52500.0
37534858,Специалист по продлениям / Менеджер по продажам в отдел телемаркетинга,45000,65000,rub,"['Продажи', 'IT, Интернет, связь, телеком']","['Call Center', 'Оборудование', 'Телекоммуникации, сетевые решения, средства связи', 'Сетевые технологии', 'Начало карьеры, мало опыта']",Пенза,[],[],[],"Пенза, улица Пушкина, 15",267737,100 — 500,2.0,ТЕЛЕКАРТА,Без опыта,Полный рабочий день,Не имеет значения,53.196877,45.005589,https://penza.superjob.ru/vakansii/specialist-po-prodleniyam-37534858.html,55000.0
50878352,IT специалист-эксперт,54000,55000,rub,"['IT, Интернет, связь, телеком']","['Администрирование баз данных', 'Аналитика', 'Сетевые технологии', 'Внедрение и сопровождение ПО', 'Информационная безопасность']",Новосибирск,"['Площадь Гарина-Михайловского', 'Сибирская']","['Дзержинская', 'Дзержинская']","['green', 'green']","Новосибирск, Железнодорожная улица, 3",4882733,менее 50,2.0,УТ МВД РОССИИ ПО СФО,Без опыта,Полный рабочий день,Высшее,,,https://nsk.superjob.ru/vakansii/it-specialist-ekspert-50878352.html,54500.0
51785231,Продавец в зону готовой еды,41000,54600,rub,"['Бухгалтерия, финансы, аудит', 'IT, Интернет, связь, телеком']","['Другое', 'Web-верстка']",Самара,[],[],[],"Самара, Осетинская улица, 19",280168,более 5000,18163.0,"Магнит, Розничная сеть",Не имеет значения,Сменный график работы,Не имеет значения,53.145374,50.075165,https://samara.superjob.ru/vakansii/prodavec-v-zonu-gotovoj-edy-51785231.html,47800.0
51801175,Ведущий инженер средств радио и телевидения спутниковой связи,70000,90000,rub,"['IT, Интернет, связь, телеком']",['Телекоммуникации и связь'],Красноярск,[],[],[],"Красноярск, улица Борисова, 24А",3974341,более 5000,984.0,РТРС,От 3 лет,Полный рабочий день,Не имеет значения,55.990917,92.792923,https://krasnoyarsk.superjob.ru/vakansii/veduschij-inzhener-sredstv-radio-i-televideniya-sputnikovoj-svyazi-51801175.html,80000.0
51827005,Выездной инженер техподдержки,100000,100000,rub,"['IT, Интернет, связь, телеком']",['Техническая поддержка'],Верхнеказымский (ХМАО),[],[],[],Верхнеказымский,3001379,более 5000,25.0,ИТ-Холдинг Т1,От 3 лет,Полный рабочий день,Не имеет значения,,,https://www.superjob.ru/vakansii/vyezdnoj-inzhener-tehpodderzhki-51827005.html,100000.0
51867972,Продавец-консультант (ТЦ Центральный),36000,49000,rub,"['Бухгалтерия, финансы, аудит', 'IT, Интернет, связь, телеком']","['Электронный документооборот', 'Игровое ПО / Геймдев', 'Инжиниринг']",Нефтекамск,[],[],[],"Нефтекамск, Парковая улица, 2Е",100593,более 5000,289.0,"Группа ""М. Видео-Эльдорадо""",Без опыта,Полный рабочий день,Не имеет значения,,,https://neftekamsk.superjob.ru/vakansii/prodavec-konsultant-51867972.html,42500.0
51801451,Агент тест-автоматизации (QA),130000,180000,rub,"['IT, Интернет, связь, телеком']",['AI'],Москва,[],[],[],,14449,100 — 500,9.0,SuperJob,От 1 года,Полный рабочий день,Не имеет значения,,,https://www.superjob.ru/vakansii/agent-test-avtomatizacii-51801451.html,155000.0
51862377,Автокурьер на личном авто (Оплата патента),70000,160000,rub,"['Дизайн', 'IT, Интернет, связь, телеком']","['Web-дизайн (UI/UX)', 'Компьютерная анимация\xa0и\xa0мультимедиа']",Москва,['Крылатское'],['Арбатско-Покровская'],['darkblue'],"г Москва, улица Крылатская, д. 40 стр. 26. 40",0,,,,Без опыта,Полный рабочий день,Не имеет значения,55.774109,37.398762,https://www.superjob.ru/vakansii/avtokurer-na-lichnom-avto-51862377.html,115000.0
45816118,Инженер-наладчик,50000,80000,rub,"['IT, Интернет, связь, телеком', 'Промышленность, производство']","['Инжиниринг', 'Промышленное оборудование']",Троицк,[],[],[],,2182657,100 — 500,3.0,СК РЫБА,От 1 года,Полный рабочий день,Высшее,,,https://troitsk.superjob.ru/vakansii/inzhener-naladchik-45816118.html,65000.0
50517187,Главный специалист отдела автоматизации,50000,55000,rub,"['IT, Интернет, связь, телеком', 'Государственная служба']","['Системное администрирование', 'Техническая поддержка', 'Внедрение и сопровождение ПО', 'Государственная гражданская служба', 'Государственные фонды']",Одинцово,[],[],[],,4887815,более 5000,62.0,Социальный фонд России,От 1 года,Полный рабочий день,Среднее специальное,,,https://odintsovo.superjob.ru/vakansii/glavnyj-specialist-otdela-avtomatizacii-50517187.html,52500.0
51767861,"Оператор колл-центра на входящие звонки (без продаж, возможно удаленно)",46800,62000,rub,"['IT, Интернет, связь, телеком']","['Web-верстка', 'Администрирование баз данных', 'Оптимизация, SEO', 'Передача данных и доступ в интернет']",Саратов,[],[],[],"Саратов, улица имени Н.Г. Чернышевского",38260,более 5000,779.0,Билайн,Без опыта,Полный рабочий день,Не имеет значения,51.520103,46.022049,https://saratov.superjob.ru/vakansii/operator-koll-centra-na-vhodyaschie-zvonki-51767861.html,54400.0
51780333,Администратор магазина Магнит,62100,72100,rub,"['Топ-персонал', 'IT, Интернет, связь, телеком']","['Продажи', 'Внедрение и сопровождение ПО']",Нижний Новгород,[],[],[],"Нижний Новгород, Генерала Зимина, 26",280168,более 5000,18163.0,"Магнит, Розничная сеть",От 1 года,Сменный график работы,Среднее специальное,56.327087,43.935783,https://nn.superjob.ru/vakansii/administrator-magazina-magnit-51780333.html,67100.0
51801157,Оператор по работе с клиентами,30000,32000,rub,"['Административная работа, секретариат, АХО', 'IT, Интернет, связь, телеком']","['Другое', 'Web-верстка']",Камышлов,[],[],[],"Свердловская область, Камышловский район, Калиновское сельское поселение, почтовое отделение Порошино, 11",14215,более 5000,1380.0,Почта России,Без опыта,Полный рабочий день,Не имеет значения,56.834713,62.506905,https://kamyshlov.superjob.ru/vakansii/operator-po-rabote-s-klientami-51801157.html,31000.0
51824490,Электромеханик связи,65000,75000,rub,"['IT, Интернет, связь, телеком', 'Рабочий персонал']","['Телекоммуникации и связь', 'Рабочий персонал, разное', 'Квалифицированный рабочий']",Владимир,[],[],[],"Владимир, Вокзальная, 14",2466656,более 5000,6387.0,Российские железные дороги,Без опыта,Полный рабочий день,Среднее специальное,56.131844,40.423199,https://vladimir.superjob.ru/vakansii/elektromehanik-svyazi-51824490.html,70000.0
51827003,Выездной инженер техподдержки,100000,100000,rub,"['IT, Интернет, связь, телеком']",['Техническая поддержка'],Игрим (ХМАО),[],[],[],Игрим,3001379,более 5000,25.0,ИТ-Холдинг Т1,От 3 лет,Полный рабочий день,Не имеет значения,,,https://www.superjob.ru/vakansii/vyezdnoj-inzhener-tehpodderzhki-51827003.html,100000.0
51849450,Контролер отгрузки СБ,63000,71000,rub,"['IT, Интернет, связь, телеком']",['Другое'],Яхрома,[],[],[],,4311,более 5000,3349.0,Перекресток,От 1 года,Полный рабочий день,Не имеет значения,,,https://yahroma.superjob.ru/vakansii/kontroler-otgruzki-sb-51849450.html,67000.0
51854745,Программист C++,80000,170000,rub,"['IT, Интернет, связь, телеком']","['Разработка, программирование']",Москва,[],[],[],,542741,более 5000,10.0,Российские космические системы,Без опыта,Полный рабочий день,Не имеет значения,,,https://www.superjob.ru/vakansii/programmist-c-51854745.html,125000.0
51691382,"Директор магазина-партнер (Курган, Керамзитный посёлок, Стройиндустрии)",56000,92000,rub,"['Строительство, проектирование, недвижимость', 'Топ-персонал', 'IT, Интернет, связь, телеком']","['Отопление, вентиляция и кондиционирование', 'Продажи', 'Внедрение и сопровождение ПО']",Курган,[],[],[],,2635306,более 5000,49868.0,Пятёрочка,От 1 года,Полный рабочий день,Неполное высшее,,,https://kurgan.superjob.ru/vakansii/direktor-magazina-partner-51691382.html,74000.0
51832398,Fullstack-разработчик (PHP / October CMS),200000,250000,rub,"['IT, Интернет, связь, телеком']","['Разработка, программирование']",Москва,['Авиамоторная'],['МЦД3'],['orangered'],"Москва, 2-я Синичкина улица",0,,,,От 3 лет,Полный рабочий день,Не имеет значения,55.762405,37.713089,https://www.superjob.ru/vakansii/fullstack-razrabotchik-51832398.html,225000.0
51869157,Автокурьер на личном авто (Оплата патента),70000,160000,rub,"['IT, Интернет, связь, телеком', 'Медицина, фармацевтика, ветеринария']","['Интернет, создание и поддержка сайтов', 'Лечебное дело (врачи-специалисты)']",Москва,['Люблино'],['Люблинско-Дмитровская'],['lime'],"г Москва, улица Белореченская, д. 41 к. 3. 41",0,,,,Без опыта,Полный рабочий день,Не имеет значения,55.664089,37.774769,https://www.superjob.ru/vakansii/avtokurer-na-lichnom-avto-51869157.html,115000.0
45816301,Инженер КИПиА,60000,80000,rub,"['IT, Интернет, связь, телеком', 'Промышленность, производство']","['Инжиниринг', 'Приборостроение', 'Промышленное оборудование', 'Радиотехническая и электронная промышленность']",Троицк,[],[],[],,2182657,100 — 500,3.0,СК РЫБА,От 1 года,Полный рабочий день,Высшее,,,https://troitsk.superjob.ru/vakansii/inzhener-kipia-45816301.html,70000.0
50304730,Инженер по системам диспетчеризации,148800,148800,rub,"['Промышленность, производство', 'Услуги, ремонт, сервисное обслуживание', 'IT, Интернет, связь, телеком']","['Радиотехническая и электронная промышленность', 'Телекоммуникационное оборудование и сети', 'Внедрение и сопровождение ПО']",Москва,"['Рассказовка', 'Пыхтино', 'Аэропорт Внуково']","['Калининско-Солнцевская', 'Калининско-Солнцевская', 'Калининско-Солнцевская']","['yellow', 'yellow', 'yellow']","Москва, Новомосковский административный округ, аэропорт Внуково имени А.Н. Туполева",2720788,1000 — 5000,47.0,Международный аэропорт Внуково,Без опыта,Полный рабочий день,Среднее специальное,55.605057,37.286293,https://www.superjob.ru/vakansii/inzhener-po-sistemam-dispetcherizacii-50304730.html,148800.0
50375033,Специалист по технической поддержки пользователей,61000,75000,rub,"['IT, Интернет, связь, телеком']",['Техническая поддержка'],Тула,[],[],[],"Тула, проспект Ленина, 34",14215,более 5000,1380.0,Почта России,Без опыта,Полный рабочий день,Не имеет значения,54.18837,37.611446,https://tula.superjob.ru/vakansii/specialist-po-tehnicheskoj-podderzhki-polzovatelej-50375033.html,68000.0
50517188,Главный специалист отдела автоматизации,50000,55000,rub,"['IT, Интернет, связь, телеком', 'Государственная служба']","['Системное администрирование', 'Техническая поддержка', 'Внедрение и сопровождение ПО', 'Государственная гражданская служба', 'Государственные фонды']",Балашиха,[],[],[],,4887815,более 5000,62.0,Социальный фонд России,От 1 года,Полный рабочий день,Среднее специальное,,,https://balashiha.superjob.ru/vakansii/glavnyj-specialist-otdela-avtomatizacii-50517188.html,52500.0
51672410,Главный специалист систем автоматизированного проектирования (САПР),150000,200000,rub,"['IT, Интернет, связь, телеком', 'Промышленность, производство']","['Системы автоматизированного проектирования (САПР)', 'Железнодорожное машиностроение']",Москва,[],[],[],"Москва, Малая Сухаревская площадь, 10",3440179,1000 — 5000,28.0,Росжелдорпроект,От 3 лет,Полный рабочий день,Высшее,55.772472,37.63068,https://www.superjob.ru/vakansii/glavnyj-specialist-sistem-avtomatizirovannogo-proektirovaniya-51672410.html,175000.0
51719417,Инженер АСУ ТП,85000,95000,rub,"['IT, Интернет, связь, телеком', 'Промышленность, производство']","['Инжиниринг', 'Промышленное оборудование']",Знаменка (Тамбовская область),[],[],[],,874575,1000 — 5000,8229.0,ГК Русагро,Без опыта,Полный рабочий день,Среднее специальное,,,https://tambovskaya-oblast-znamenka.superjob.ru/vakansii/inzhener-asu-tp-51719417.html,90000.0
51780107,Администратор магазина Магнит,53400,63400,rub,"['Дизайн', 'IT, Интернет, связь, телеком']","['Web-дизайн (UI/UX)', 'Администрирование баз данных']",Раменское,[],[],[],"Раменское, Константиново, 17А",280168,более 5000,18163.0,"Магнит, Розничная сеть",От 1 года,Сменный график работы,Среднее специальное,55.485203,37.977051,https://ramenskoe.superjob.ru/vakansii/administrator-magazina-magnit-51780107.html,58400.0
51827001,Выездной инженер техподдержки,100000,100000,rub,"['IT, Интернет, связь, телеком']",['Техническая поддержка'],Березово,[],[],[],"Ханты-Мансийский автономный округ — Югра, городское поселение Берёзово, посёлок городского типа Берёзово",3001379,более 5000,25.0,ИТ-Холдинг Т1,От 3 лет,Полный рабочий день,Не имеет значения,63.935226,65.053879,https://berezovo.superjob.ru/vakansii/vyezdnoj-inzhener-tehpodderzhki-51827001.html,100000.0
51846560,"Администратор магазина (Тюлячи, Тюлячи, Фатыха Хусни, 4)",55000,65000,rub,"['IT, Интернет, связь, телеком', 'Продажи']","['Инжиниринг', 'Алкоголь, напитки', 'Оптовая торговля']",Тюлячи,[],[],[],,2635306,более 5000,49868.0,Пятёрочка,От 1 года,Полный рабочий день,Не имеет значения,,,https://tyulyachi.superjob.ru/vakansii/administrator-magazina-51846560.html,60000.0
51834938,Ведущий специалист технической поддержки,100000,100000,rub,"['IT, Интернет, связь, телеком']","['Системное администрирование', 'Техническая поддержка', 'Другое']",Москва,[],[],[],"Москва, улица Цюрупы, 3",4918378,1000 — 5000,5.0,"ФГБНУ ""РНЦХ ИМ. АКАД. Б. В. ПЕТРОВСКОГО""",От 3 лет,Полный рабочий день,Среднее специальное,55.6689,37.577713,https://www.superjob.ru/vakansii/veduschij-specialist-tehnicheskoj-podderzhki-51834938.html,100000.0
51868742,Автокурьер на личном авто (Оплата патента),70000,160000,rub,"['Бухгалтерия, финансы, аудит', 'IT, Интернет, связь, телеком']","['Казначейство', 'DevOps']",Москва,['Академическая'],['Калужско-Рижская'],['orange'],"г Москва, улица Дмитрия Ульянова, д. 12 к. 1. 12",0,,,,Без опыта,Полный рабочий день,Не имеет значения,55.689125,37.568157,https://www.superjob.ru/vakansii/avtokurer-na-lichnom-avto-51868742.html,115000.0
48331086,Оператор связи,23500,28200,rub,"['Административная работа, секретариат, АХО', 'IT, Интернет, связь, телеком', 'Продажи']","['Делопроизводство', 'Телекоммуникации и связь', 'Телекоммуникации, сетевые решения, средства связи', 'Товары народного потребления', 'Другое']",Ряжск,[],[],[],"Рязанская область, Ряжск, Комсомольская улица",14215,более 5000,1380.0,Почта России,Без опыта,Полный рабочий день,Не имеет значения,53.708107,40.060963,https://ryazhsk.superjob.ru/vakansii/operator-svyazi-48331086.html,25850.0
50517189,Главный специалист отдела автоматизации,50000,55000,rub,"['IT, Интернет, связь, телеком', 'Государственная служба']","['Системное администрирование', 'Техническая поддержка', 'Внедрение и сопровождение ПО', 'Государственная гражданская служба', 'Государственные фонды']",Сергиев Посад,[],[],[],,4887815,более 5000,62.0,Социальный фонд России,От 1 года,Полный рабочий день,Среднее специальное,,,https://sergiev-posad.superjob.ru/vakansii/glavnyj-specialist-otdela-avtomatizacii-50517189.html,52500.0
50599353,Ведущий специалист 1С,180000,180000,rub,"['IT, Интернет, связь, телеком']","['Разработка, программирование', 'Системы управления предприятием (ERP)', 'Внедрение и сопровождение ПО']",Москва,['Тушинская'],['МЦД2'],['fuchsia'],"Москва, проезд Стратонавтов, 5",4230892,500 — 1000,7.0,Акционерное общество «Государственное машиностроительное конструкторское бюро «Вымпел» им. И. И. Торопова»,От 3 лет,Полный рабочий день,Высшее,55.826073,37.441135,https://www.superjob.ru/vakansii/veduschij-specialist-1s-50599353.html,180000.0
51732889,"Системный администратор, IT-специалист",80000,100000,rub,"['IT, Интернет, связь, телеком']","['Системное администрирование', 'Техническая поддержка', 'Другое']",Москва,['Сокол'],['Замоскворецкая'],['green'],"Москва, Волоколамское шоссе, 9с1",1975482,500 — 1000,1.0,Российский государственный художественно-промышленный университет им. С. Г. Строганова,От 3 лет,Полный рабочий день,Не имеет значения,55.807404,37.498268,https://www.superjob.ru/vakansii/sistemnyj-administrator-51732889.html,90000.0
51780706,Начинающий продавец домашнего интернета (подработка),50000,95000,rub,"['IT, Интернет, связь, телеком']","['Web-верстка', 'Передача данных и доступ в интернет']",Москва,"['Арбатская', 'Курская', 'Партизанская', 'Крылатское', 'Парк Победы']","['Филёвская', 'МЦД4', 'Арбатско-Покровская', 'Арбатско-Покровская', 'Калининско-Солнцевская']","['blue', 'mediumaquamarine', 'darkblue', 'darkblue', 'yellow']",,38260,более 5000,779.0,Билайн,Без опыта,Частичная занятость / Совместительство,Не имеет значения,,,https://www.superjob.ru/vakansii/nachinayuschij-prodavec-domashnego-interneta-51780706.html,72500.0
51780927,Аудитор качества сервисов (удаленно),50000,60000,rub,"['Бухгалтерия, финансы, аудит', 'IT, Интернет, связь, телеком']","['GAAP', 'Интернет, создание и поддержка сайтов']",Тольятти,[],[],[],"Тольятти, Карла Маркса, д. 65",4353589,менее 50,340.0,Jobers,Без опыта,Частичная занятость / Совместительство,Не имеет значения,53.508629,49.415356,https://tolyatti.superjob.ru/vakansii/auditor-kachestva-servisov-51780927.html,55000.0
51798925,Ведущий инженер средств радио и телевидения цеха Канск,70000,90000,rub,"['IT, Интернет, связь, телеком']",['Телекоммуникации и связь'],Красноярск,[],[],[],"Красноярский край, Город Канск, Урицкого улица, 11 ,",3974341,более 5000,984.0,РТРС,От 3 лет,Полный рабочий день,Не имеет значения,,,https://krasnoyarsk.superjob.ru/vakansii/veduschij-inzhener-sredstv-radio-i-televideniya-ceha-kansk-51798925.html,80000.0
51826649,Оператор в сектор приемки Гипермаркет,38000,57000,rub,"['Промышленность, производство', 'IT, Интернет, связь, телеком', 'Службы доставки']","['Химическая промышленность', 'DevOps', 'Пункты выдачи заказов']",Лермонтов,[],[],[],"Лермонтов, Лермонтова, 21",280168,более 5000,18163.0,"Магнит, Розничная сеть",Не имеет значения,Сменный график работы,Среднее,44.100437,42.980103,https://lermontov.superjob.ru/vakansii/operator-v-sektor-priemki-gipermarket-51826649.html,47500.0
51826998,Выездной инженер техподдержки,100000,100000,rub,"['IT, Интернет, связь, телеком']",['Техническая поддержка'],"Белоярский (Ханты-Мансийский АО, Югра)",[],[],[],,3001379,более 5000,25.0,ИТ-Холдинг Т1,От 3 лет,Полный рабочий день,Не имеет значения,,,https://www.superjob.ru/vakansii/vyezdnoj-inzhener-tehpodderzhki-51826998.html,100000.0
51830852,Аналитик баз данных,70000,90000,rub,"['IT, Интернет, связь, телеком']","['Администрирование баз данных', 'Аналитика']",Москва,[],[],[],,4959207,менее 50,6.0,Шалин Оскар Андреевич,От 1 года,Полный рабочий день,Не имеет значения,,,https://www.superjob.ru/vakansii/analitik-baz-dannyh-51830852.html,80000.0
51711794,Специалист по информационной безопасности,60000,60000,rub,"['Безопасность, службы охраны', 'IT, Интернет, связь, телеком']","['Информационная безопасность', 'Информационная безопасность']",Иркутск,[],[],[],"Посёлок Дзержинск, Садовая улица, 2",3776618,менее 50,17.0,Иркутская районная больница,От 3 лет,Полный рабочий день,Высшее,56.215553,43.40239,https://irkutsk.superjob.ru/vakansii/specialist-po-informacionnoj-bezopasnosti-51711794.html,60000.0
51846514,"Директор магазина (Елабуга, Мира, 2Б)",70000,100000,rub,"['Топ-персонал', 'IT, Интернет, связь, телеком']","['Продажи', 'Внедрение и сопровождение ПО']",Елабуга,[],[],[],,2635306,более 5000,49868.0,Пятёрочка,От 1 года,Полный рабочий день,Неполное высшее,,,https://elabuga.superjob.ru/vakansii/direktor-magazina-51846514.html,85000.0
51847497,Технический специалист/ Системный администратор,80000,100000,rub,"['IT, Интернет, связь, телеком']","['Системное администрирование', 'Техническая поддержка']",Москва,[],[],[],"Москва · улица Подольских Курсантов, 16А",4953872,менее 50,1.0,ГБОУ Школа № 657,От 1 года,Полный рабочий день,Не имеет значения,,,https://www.superjob.ru/vakansii/tehnicheskij-specialist-51847497.html,90000.0
49714982,Программист,70000,180000,rub,"['IT, Интернет, связь, телеком']","['Разработка, программирование']",Жуковский,[],[],[],"Жуковский, улица Гагарина, 3",4346970,1000 — 5000,17.0,НИИП имени В. В. Тихомирова.,От 1 года,Полный рабочий день,Не имеет значения,55.598785,38.111,https://zhukovskiy.superjob.ru/vakansii/programmist-49714982.html,125000.0
48279504,Главный специалист по направлению развития сети,30200,34000,rub,"['IT, Интернет, связь, телеком']",['Другое'],Рязань,[],[],[],"Рязань, Почтовая улица, 49",14215,более 5000,1380.0,Почта России,От 3 лет,Полный рабочий день,Высшее,54.629337,39.742081,https://ryazan.superjob.ru/vakansii/glavnyj-specialist-po-napravleniyu-razvitiya-seti-48279504.html,32100.0
50517190,Главный специалист отдела автоматизации,50000,55000,rub,"['IT, Интернет, связь, телеком', 'Государственная служба']","['Системное администрирование', 'Техническая поддержка', 'Внедрение и сопровождение ПО', 'Государственная гражданская служба', 'Государственные фонды']",Солнечногорск,[],[],[],,4887815,более 5000,62.0,Социальный фонд России,От 1 года,Полный рабочий день,Среднее специальное,,,https://solnechnogorsk.superjob.ru/vakansii/glavnyj-specialist-otdela-avtomatizacii-50517190.html,52500.0
51106027,Программист 1С,150000,200000,rub,"['IT, Интернет, связь, телеком']","['Разработка, программирование', 'Системы управления предприятием (ERP)', 'Внедрение и сопровождение ПО']",Чита,[],[],[],"Забайкальский край, Чита, Объездное шоссе, 26",4412294,100 — 500,7.0,Шанхай спецтехника,От 1 года,Полный рабочий день,Не имеет значения,52.080872,113.486908,https://chita.superjob.ru/vakansii/programmist-1s-51106027.html,175000.0
43946144,Специалист информационной поддержки / Оператор контакт-центра / Оператор call-центра,45000,60000,rub,"['Продажи', 'IT, Интернет, связь, телеком']","['Call Center', 'Техническая поддержка']",Пенза,[],[],[],"Пенза, улица Пушкина, 15",267737,100 — 500,2.0,ТЕЛЕКАРТА,Без опыта,Полный рабочий день,Не имеет значения,53.196877,45.005589,https://penza.superjob.ru/vakansii/specialist-informacionnoj-podderzhki-43946144.html,52500.0
51631404,Инженер по эксплуатации АСУ ТП,80000,90000,rub,"['IT, Интернет, связь, телеком', 'Строительство, проектирование, недвижимость', 'Промышленность, производство']","['Инжиниринг', 'Эксплуатация зданий', 'Автомобильная промышленность', 'Машиностроение, станкостроение', 'Нефтегазовое машиностроение']",Тамбов,[],[],[],"Тамбовская область, рабочий посёлок Знаменка",874575,1000 — 5000,8229.0,ГК Русагро,От 1 года,Полный рабочий день,Не имеет значения,52.411201,41.445213,https://tambov.superjob.ru/vakansii/inzhener-po-ekspluatacii-asu-tp-51631404.html,85000.0
51631037,Уборщик производственных и служебных помещений,44100,66150,rub,"['Домашний персонал', 'IT, Интернет, связь, телеком']","['Уборка и помощь по дому', 'Информационная безопасность']",Москва,['Марьина роща'],['МЦД4'],['mediumaquamarine'],"Москва, улица Образцова, 38с1",3476448,500 — 1000,1.0,"""НТЦ ""Атлас""",Без опыта,Полный рабочий день,Не имеет значения,55.792423,37.610054,https://www.superjob.ru/vakansii/uborschik-proizvodstvennyh-i-sluzhebnyh-pomeschenij-51631037.html,55125.0
51781942,Продавец магазина Магнит,37000,49000,rub,"['Бухгалтерия, финансы, аудит', 'IT, Интернет, связь, телеком', 'Продажи']","['МСФО, IFRS, РСБУ', 'Сетевые технологии', 'Мебель']",Березники,[],[],[],"Березники, Юбилейная, 51",280168,более 5000,18163.0,"Магнит, Розничная сеть",Не имеет значения,Полный рабочий день,Не имеет значения,59.412106,56.824245,https://berezniki.superjob.ru/vakansii/prodavec-magazina-magnit-51781942.html,43000.0
51798254,Консультант по услугам связи на входящую линию,46800,62000,rub,"['Бухгалтерия, финансы, аудит', 'IT, Интернет, связь, телеком']","['Бюджетирование и планирование', 'Передача данных и доступ в интернет']",Саратов,[],[],[],"Саратов, улица имени Н.Г. Чернышевского, 52",38260,более 5000,779.0,Билайн,Без опыта,Полный рабочий день,Не имеет значения,51.512272,45.994587,https://saratov.superjob.ru/vakansii/konsultant-po-uslugam-svyazi-na-vhodyaschuyu-liniyu-51798254.html,54400.0
51826994,Выездной инженер техподдержки,72500,72500,rub,"['IT, Интернет, связь, телеком']",['Техническая поддержка'],Красноуфимск,[],[],[],"Свердловская область, городской округ Красноуфимск",3001379,более 5000,25.0,ИТ-Холдинг Т1,От 3 лет,Полный рабочий день,Не имеет значения,56.543968,57.657738,https://krasnoufimsk.superjob.ru/vakansii/vyezdnoj-inzhener-tehpodderzhki-51826994.html,72500.0
51830314,Ведущий менеджер технической поддержки,115000,115000,rub,"['IT, Интернет, связь, телеком']",['Техническая поддержка'],Москва,['Беломорская'],['Замоскворецкая'],['green'],"Москва, Ленинградское шоссе, 69к1",4743716,менее 50,1.0,ЛИВЭН МОТОРС РУС,От 3 лет,Полный рабочий день,Высшее,55.86734,37.457008,https://www.superjob.ru/vakansii/veduschij-menedzher-tehnicheskoj-podderzhki-51830314.html,115000.0
51867039,Инженер-электроник,42800,42800,rub,"['IT, Интернет, связь, телеком']","['Администрирование баз данных', 'Инжиниринг', 'Сетевые технологии', 'Системная интеграция', 'Внедрение и сопровождение ПО']",Астрахань,[],[],[],"Астрахань, Брестская улица, 28А",2159722,менее 50,1.0,УГИБДД УМВД России по Астраханской области,Без опыта,Полный рабочий день,Высшее,46.325283,48.027779,https://astrakhan.superjob.ru/vakansii/inzhener-elektronik-51867039.html,42800.0
51867072,Специалист технической поддержки,40000,70000,rub,"['IT, Интернет, связь, телеком']",['Техническая поддержка'],Астрахань,[],[],[],"Астрахань, Моздокская улица, д. 65",4353589,менее 50,340.0,Jobers,Без опыта,Сменный график работы,Не имеет значения,46.328033,48.02317,https://astrakhan.superjob.ru/vakansii/specialist-tehnicheskoj-podderzhki-51867072.html,55000.0
51795203,Монтажник связи слаботочных систем,100000,170000,rub,"['IT, Интернет, связь, телеком', 'Строительство, проектирование, недвижимость', 'Рабочий персонал']","['Телекоммуникации и связь', 'Слаботочные системы и сети', 'Квалифицированный рабочий']",Москва,[],[],[],,3797376,менее 50,337.0,JOBCART.RU,От 3 лет,Полный рабочий день,Не имеет значения,,,https://www.superjob.ru/vakansii/montazhnik-svyazi-slabotochnyh-sistem-51795203.html,135000.0
51844629,"Директор магазина-партнер (Арсеньев, Октябрьская, 11)",63900,103000,rub,"['IT, Интернет, связь, телеком', 'Дизайн']","['Web-верстка', 'Дизайн интерьера', 'Рекламный дизайн / Ивенты, инсталляции, стенды']",Арсеньев,[],[],[],,2635306,более 5000,49868.0,Пятёрочка,От 1 года,Полный рабочий день,Неполное высшее,,,https://arsenev.superjob.ru/vakansii/direktor-magazina-partner-51844629.html,83450.0
32747073,Инженер электросвязи,72000,80000,rub,"['IT, Интернет, связь, телеком']","['Сетевые технологии', 'Сотовые, беспроводные технологии', 'Телекоммуникации и связь']",Хабаровск,[],[],[],"Хабаровск, Матвеевское шоссе, 32",2464328,1000 — 5000,40.0,Хабаровский аэропорт,От 1 года,Полный рабочий день,Высшее,48.529488,135.172516,https://habarovsk.superjob.ru/vakansii/inzhener-elektrosvyazi-32747073.html,76000.0
32383045,"Инженер-электроник, инженер-радиотехник, инженер-регулировщик РЭА, инженер-испытатель",130000,165000,rub,"['IT, Интернет, связь, телеком', 'Промышленность, производство']","['Инжиниринг', 'Промышленное оборудование', 'Радиотехническая и электронная промышленность']",Москва,"['Чертановская', 'Южная', 'Пражская']","['Серпуховско-Тимирязевская', 'Серпуховско-Тимирязевская', 'Серпуховско-Тимирязевская']","['gray', 'gray', 'gray']","Москва, Варшавское шоссе, 125с1",282394,50 — 100,1.0,ИнСис,От 3 лет,Полный рабочий день,Высшее,55.627663,37.62051,https://www.superjob.ru/vakansii/inzhener-elektronik-32383045.html,147500.0
45615812,Инженер / Техник / Специалист сервисной службы,60000,120000,rub,"['IT, Интернет, связь, телеком', 'Туризм, гостиницы, общественное питание', 'Услуги, ремонт, сервисное обслуживание', 'Рабочий персонал']","['Инжиниринг', 'Рестораны, кафе, столовые, фастфуд', 'Оборудование для индустрии развлечения и спортивного инвентаря', 'Промышленное оборудование', 'Рабочий персонал, разное']",Москва,"['Полежаевская', 'Октябрьское поле', 'Народное ополчение']","['Таганско-Краснопресненская', 'Таганско-Краснопресненская', 'Большая кольцевая линия']","['violet', 'violet', 'cian']","Москва, Карамышевская набережная, 44",2114041,50 — 100,4.0,Сервис Про Бизнес,От 1 года,Полный рабочий день,Среднее специальное,55.770901,37.466072,https://www.superjob.ru/vakansii/inzhener-45615812.html,90000.0
46633535,Инженер-электроник,30000,100000,rub,"['IT, Интернет, связь, телеком', 'Промышленность, производство']","['Инжиниринг', 'Радиотехническая и электронная промышленность']",Ливны,[],[],[],"Орловская область, Ливны, Индустриальная улица, 2А",4483842,менее 50,0.0,АРЬЯ СУПЕР ФОРДЖ,От 1 года,Полный рабочий день,Не имеет значения,52.408241,37.555527,https://livny.superjob.ru/vakansii/inzhener-elektronik-46633535.html,65000.0
50517182,Главный специалист отдела автоматизации,50000,55000,rub,"['IT, Интернет, связь, телеком', 'Государственная служба']","['Системное администрирование', 'Техническая поддержка', 'Внедрение и сопровождение ПО', 'Государственная гражданская служба', 'Государственные фонды']",Климовск,[],[],[],,4887815,более 5000,62.0,Социальный фонд России,От 1 года,Полный рабочий день,Среднее специальное,,,https://klimovsk.superjob.ru/vakansii/glavnyj-specialist-otdela-avtomatizacii-50517182.html,52500.0
38372997,"Системный администратор, IT-специалист (госслужба)",70000,80000,rub,"['IT, Интернет, связь, телеком']","['Администрирование баз данных', 'Системное администрирование', 'Техническая поддержка', 'Информационная безопасность']",Москва,['Перово'],['МЦД3'],['orangered'],"Москва, Кусковская улица",2722945,100 — 500,6.0,ФТС,Без опыта,Полный рабочий день,Высшее,55.738998,37.778522,https://www.superjob.ru/vakansii/sistemnyj-administrator-38372997.html,75000.0
51631405,Инженер по эксплуатации АСУ ТП,80000,90000,rub,"['IT, Интернет, связь, телеком', 'Строительство, проектирование, недвижимость', 'Промышленность, производство']","['Инжиниринг', 'Эксплуатация зданий', 'Автомобильная промышленность', 'Машиностроение, станкостроение', 'Нефтегазовое машиностроение']",Знаменка (Тамбовская область),[],[],[],"Тамбовская область, рабочий посёлок Знаменка",874575,1000 — 5000,8229.0,ГК Русагро,От 1 года,Полный рабочий день,Не имеет значения,52.411201,41.445213,https://tambovskaya-oblast-znamenka.superjob.ru/vakansii/inzhener-po-ekspluatacii-asu-tp-51631405.html,85000.0
51783208,IT-специалист в гостиницу,125000,125000,rub,"['IT, Интернет, связь, телеком']","['Техническая поддержка', 'Другое']",Ханты-Мансийск,[],[],[],"Ханты-Мансийск, Комсомольская улица, 32",4957980,менее 50,0.0,Отель Югра,От 1 года,Полный рабочий день,Среднее специальное,61.005741,69.014206,https://khanty-mansiisk.superjob.ru/vakansii/it-specialist-v-gostinicu-51783208.html,125000.0
51798825,Ведущий инженер средств радио и телевидения лабортории,62000,90000,rub,"['IT, Интернет, связь, телеком']",['Телекоммуникации и связь'],Красноярск,[],[],[],"г. Красноярск, ул. Борисова, д. 24",3974341,более 5000,984.0,РТРС,От 3 лет,Полный рабочий день,Не имеет значения,,,https://krasnoyarsk.superjob.ru/vakansii/veduschij-inzhener-sredstv-radio-i-televideniya-labortorii-51798825.html,76000.0
51826918,Ведущий инженер отдела эксплуатации энергетических систем,130000,150000,rub,"['IT, Интернет, связь, телеком']","['Инжиниринг', 'Системная интеграция']",Москва,[],[],[],"Москва, улица Воздвиженка, 4/7с1",4940742,менее 50,3.0,УЭЗ ФС РФ,От 3 лет,Полный рабочий день,Не имеет значения,55.752693,37.609982,https://www.superjob.ru/vakansii/veduschij-inzhener-otdela-ekspluatacii-energeticheskih-sistem-51826918.html,140000.0
51826991,Выездной инженер техподдержки,72500,72500,rub,"['IT, Интернет, связь, телеком']",['Техническая поддержка'],Первоуральск,[],[],[],"Свердловская область, Первоуральск",3001379,более 5000,25.0,ИТ-Холдинг Т1,От 3 лет,Полный рабочий день,Не имеет значения,56.905819,59.943268,https://pervouralsk.superjob.ru/vakansii/vyezdnoj-inzhener-tehpodderzhki-51826991.html,72500.0
51843995,"Специалист поддержки, игры (Москва, в офисе)",75000,80000,rub,"['IT, Интернет, связь, телеком']",['Техническая поддержка'],Москва,"['Бибирево', 'Отрадное', 'Бескудниково']","['Серпуховско-Тимирязевская', 'Серпуховско-Тимирязевская', 'МЦД1']","['gray', 'gray', 'darkorange']","Москва, Алтуфьевское шоссе, 44",4901219,менее 50,1.0,LiveGames,Без опыта,Полный рабочий день,Не имеет значения,55.874622,37.587849,https://www.superjob.ru/vakansii/specialist-podderzhki-51843995.html,77500.0
51845697,Специалист по информационной безопасности,100000,110000,rub,"['Безопасность, службы охраны', 'IT, Интернет, связь, телеком']","['Информационная безопасность', 'Информационная безопасность']",Москва,['Проспект Мира'],['Калужско-Рижская'],['orange'],"Москва, улица Гиляровского, 47с3",237125,100 — 500,8.0,ГАУ МО НИиПИ градостроительства,От 1 года,Полный рабочий день,Не имеет значения,55.784821,37.631622,https://www.superjob.ru/vakansii/specialist-po-informacionnoj-bezopasnosti-51845697.html,105000.0
51808979,Ведущий системный администратор,70000,95000,rub,"['IT, Интернет, связь, телеком']","['Системное администрирование', 'Техническая поддержка']",Тольятти,[],[],[],"Самарская область, Тольятти, Лесопарковое шоссе, 2",4959197,менее 50,1.0,"Санаторий ""Лесное""",От 1 года,Полный рабочий день,Не имеет значения,53.498569,49.358303,https://tolyatti.superjob.ru/vakansii/veduschij-sistemnyj-administrator-51808979.html,82500.0
51846412,"Продавец-кассир (Пионерский, Пионерский, Центральная, 8)",52500,63000,rub,"['Бухгалтерия, финансы, аудит', 'IT, Интернет, связь, телеком']","['Учет счетов и платежей', 'Финансовый анализ и контроль', 'Системное администрирование']",Октябрьский (Московская область),[],[],[],,2635306,более 5000,49868.0,Пятёрочка,Не имеет значения,Частичная занятость / Совместительство,Не имеет значения,,,https://oktyabrskiy-mo.superjob.ru/vakansii/prodavec-kassir-51846412.html,57750.0
44789224,Монтажник слаботочных систем,40000,60000,rub,"['IT, Интернет, связь, телеком', 'Строительство, проектирование, недвижимость', 'Рабочий персонал']","['Другое', 'Отопление, вентиляция и кондиционирование', 'Строительно-монтажные работы', 'Слаботочные системы и сети', 'Квалифицированный рабочий']",Рязань,[],[],[],"Рязань, улица Островского, 21к2",4389405,менее 50,1.0,НЕТКОМ,От 1 года,Полный рабочий день,Не имеет значения,54.605038,39.719521,https://ryazan.superjob.ru/vakansii/montazhnik-slabotochnyh-sistem-44789224.html,50000.0
49195254,"Инженер, слесарь-специалист КИПиА",35000,75000,rub,"['IT, Интернет, связь, телеком', 'Строительство, проектирование, недвижимость', 'Рабочий персонал']","['Телекоммуникации и связь', 'Эксплуатация зданий', 'Рабочий персонал, разное', 'Квалифицированный рабочий']",Нальчик,[],[],[],"Кабардино-Балкарская Республика, Нальчик, Калининградская улица, 18",2369186,менее 50,6.0,Сады Эльбруса,От 3 лет,Полный рабочий день,Высшее,43.518185,43.655823,https://nalchik.superjob.ru/vakansii/inzhener-49195254.html,55000.0
50055818,Мастер по установке и обслуживанию GPS / ГЛОНАСС оборудования,80000,100000,rub,"['IT, Интернет, связь, телеком', 'Услуги, ремонт, сервисное обслуживание']","['Сетевые технологии', 'Сотовые, беспроводные технологии', 'Телекоммуникации и связь', 'Автосервис', 'Другое']",Лобня,[],[],[],,2266981,менее 50,2.0,РЕЗИДЕНТ КОНСАЛТИНГ,От 1 года,Полный рабочий день,Среднее,,,https://lobnya.superjob.ru/vakansii/master-po-ustanovke-i-obsluzhivaniyu-gps-50055818.html,90000.0
50517183,Главный специалист отдела автоматизации,50000,55000,rub,"['IT, Интернет, связь, телеком', 'Государственная служба']","['Системное администрирование', 'Техническая поддержка', 'Внедрение и сопровождение ПО', 'Государственная гражданская служба', 'Государственные фонды']",Клин,[],[],[],,4887815,более 5000,62.0,Социальный фонд России,От 1 года,Полный рабочий день,Среднее специальное,,,https://klin.superjob.ru/vakansii/glavnyj-specialist-otdela-avtomatizacii-50517183.html,52500.0
50834452,Системный администратор,155000,155000,rub,"['IT, Интернет, связь, телеком']",['Системное администрирование'],Москва,"['ВДНХ', 'Алексеевская']","['Калужско-Рижская', 'Калужско-Рижская']","['orange', 'orange']","Москва, проспект Мира, 105с1",335586,более 5000,40.0,«Оборонэнерго»,От 3 лет,Полный рабочий день,Не имеет значения,55.81514,37.63747,https://www.superjob.ru/vakansii/sistemnyj-administrator-50834452.html,155000.0
51790130,Инженер ПНР АСУТП,103000,118000,rub,"['IT, Интернет, связь, телеком', 'Промышленность, производство']","['Инжиниринг', 'Промышленное оборудование']",Нижний Новгород,['Ленинская'],['Автозаводская'],['red'],"Нижний Новгород, Комсомольское шоссе, 4А",4958326,менее 50,1.0,TNK,От 3 лет,Полный рабочий день,Не имеет значения,56.296787,43.927994,https://nn.superjob.ru/vakansii/inzhener-pnr-asutp-51790130.html,110500.0
51790763,"Оператор-радиотелефонист, связист",220000,280000,rub,"['Административная работа, секретариат, АХО', 'Продажи', 'IT, Интернет, связь, телеком', 'Услуги, ремонт, сервисное обслуживание', 'Рабочий персонал']","['Диспетчерская служба', 'Call Center', 'Телекоммуникации и связь', 'Телекоммуникационное оборудование и сети', 'Рабочий персонал, разное']",Москва,"['Тимирязевская', 'Фонвизинская']","['МЦД1', 'Люблинско-Дмитровская']","['darkorange', 'lime']","Москва, Яблочкова, д. 5с1",4353589,менее 50,340.0,Jobers,Без опыта,Работа вахтовым методом,Не имеет значения,55.815842,37.581245,https://www.superjob.ru/vakansii/operator-radiotelefonist-51790763.html,250000.0
28567237,Помощник системного администратора,120000,150000,rub,"['IT, Интернет, связь, телеком']","['Администрирование баз данных', 'Системное администрирование', 'Техническая поддержка']",Москва,"['Павелецкая', 'Достоевская']","['Замоскворецкая', 'Люблинско-Дмитровская']","['green', 'lime']","Москва, Селезнёвская улица, 30к2",528217,50 — 100,1.0,Народный доверительный банк,От 1 года,Полный рабочий день,Высшее,55.780655,37.611248,https://www.superjob.ru/vakansii/pomoschnik-sistemnogo-administratora-28567237.html,135000.0
51826985,Системный администратор (поддержка),72500,72500,rub,"['IT, Интернет, связь, телеком']",['Системное администрирование'],Арти,[],[],[],"Свердловская область, посёлок городского типа Арти",3001379,более 5000,25.0,ИТ-Холдинг Т1,От 3 лет,Полный рабочий день,Не имеет значения,56.416794,58.532543,https://arti.superjob.ru/vakansii/sistemnyj-administrator-51826985.html,72500.0
51844087,Продавец – консультант галереи вин Отдохни (м. Яхромская),115000,250000,rub,"['IT, Интернет, связь, телеком', 'Продажи', 'Службы доставки']","['Киберспорт', 'Логистика', 'Комплектация заказов']",Москва,"['Селигерская', 'Лианозово', 'Бескудниково', 'Яхромская']","['Люблинско-Дмитровская', 'МЦД1', 'МЦД1', 'Люблинско-Дмитровская']","['lime', 'darkorange', 'darkorange', 'lime']","Москва, Люблинско-Дмитровская линия, метро Яхромская",400494,более 5000,235.0,"КуулКлевер (МясновЪ, Отдохни)",Без опыта,Полный рабочий день,Не имеет значения,55.879906,37.545429,https://www.superjob.ru/vakansii/prodavec-51844087.html,182500.0
51846894,Продавец магазина Магнит,54300,75400,rub,"['Дизайн', 'IT, Интернет, связь, телеком']","['Web-дизайн (UI/UX)', 'Мода\xa0и\xa0Аксессуары', 'Промышленный дизайн', 'Web-верстка', 'Администрирование баз данных']",Подольск,[],[],[],"Подольск, Мраморная, 2",280168,более 5000,18163.0,"Магнит, Розничная сеть",Не имеет значения,Полный рабочий день,Не имеет значения,55.439243,37.566349,https://podolsk.superjob.ru/vakansii/prodavec-magazina-magnit-51846894.html,64850.0
51866051,Техник/специалист инженерно-технических средств охраны,68000,90000,rub,"['IT, Интернет, связь, телеком']",['Техническая поддержка'],Владивосток,[],[],[],,3940185,1000 — 5000,72.0,ЦЭНКИ,Без опыта,Полный рабочий день,Не имеет значения,,,https://vladivostok.superjob.ru/vakansii/tehnik-51866051.html,79000.0
50735545,Работник торгового зала,40000,50000,rub,"['Топ-персонал', 'IT, Интернет, связь, телеком']","['Консалтинг, стратегическое развитие', 'Внедрение и сопровождение ПО']",Москва,[],[],[],"Москва, Родионовская, 12",2635306,более 5000,49868.0,Пятёрочка,Не имеет значения,Частичная занятость / Совместительство,Неполное высшее,55.893852,37.389606,https://www.superjob.ru/vakansii/rabotnik-torgovogo-zala-50735545.html,45000.0
51836201,Специалист технической поддержки клиентов 1С,70000,120000,rub,"['IT, Интернет, связь, телеком']","['Техническая поддержка', 'Внедрение и сопровождение ПО']",Оренбург,[],[],[],"Оренбург, переулок Свободина, 4, офис 613",4960349,менее 50,1.0,Торг Сервис Плюс,От 1 года,Полный рабочий день,Не имеет значения,,,https://orenburg.superjob.ru/vakansii/specialist-tehnicheskoj-podderzhki-klientov-1s-51836201.html,95000.0
43519144,Специалист технической поддержки,75000,85000,rub,"['IT, Интернет, связь, телеком']",['Техническая поддержка'],Хабаровск,[],[],[],"Хабаровск, Индустриальная улица, 1Б",3462139,менее 50,6.0,Омникомм ДВ,От 3 лет,Полный рабочий день,Высшее,48.426384,135.106522,https://habarovsk.superjob.ru/vakansii/specialist-tehnicheskoj-podderzhki-43519144.html,80000.0
45231845,Инженер радиосвязи ХА,72000,93000,rub,"['IT, Интернет, связь, телеком']",['Телекоммуникации и связь'],Хабаровск,[],[],[],"Хабаровск, Матвеевское шоссе, 32",2464328,1000 — 5000,40.0,Хабаровский аэропорт,От 1 года,Полный рабочий день,Высшее,48.529488,135.172516,https://habarovsk.superjob.ru/vakansii/inzhener-radiosvyazi-ha-45231845.html,82500.0
48564625,Менеджер по продажам (IT и AV оборудования),40000,120000,rub,"['IT, Интернет, связь, телеком']","['Системная интеграция', 'Управление проектами', 'Управление продуктом', 'Техническая документация']",Ханты-Мансийск,[],[],[],"Ханты-Мансийск, Комсомольская улица, 18",3538196,менее 50,1.0,Инфоком,От 1 года,Полный рабочий день,Среднее специальное,61.002895,69.010559,https://khanty-mansiisk.superjob.ru/vakansii/menedzher-po-prodazham-48564625.html,80000.0
50517184,Главный специалист отдела автоматизации,50000,55000,rub,"['IT, Интернет, связь, телеком', 'Государственная служба']","['Системное администрирование', 'Техническая поддержка', 'Внедрение и сопровождение ПО', 'Государственная гражданская служба', 'Государственные фонды']",Королев,[],[],[],,4887815,более 5000,62.0,Социальный фонд России,От 1 года,Полный рабочий день,Среднее специальное,,,https://korolev.superjob.ru/vakansii/glavnyj-specialist-otdela-avtomatizacii-50517184.html,52500.0
51072879,Инженер,60000,70000,rub,"['Промышленность, производство', 'IT, Интернет, связь, телеком', 'Административная работа, секретариат, АХО']","['Машиностроение, станкостроение', 'Производство товаров народного потребления', 'Промышленное оборудование', 'Техническая документация', 'Ввод данных, систематизация']",Москва,[],[],[],"Москва, улица Зои и Александра Космодемьянских, 8к1",3107146,менее 50,9.0,Академия управления МВД России,От 1 года,Полный рабочий день,Высшее,55.819599,37.506947,https://www.superjob.ru/vakansii/inzhener-51072879.html,65000.0
51789407,Системный администратор,60000,110000,rub,"['IT, Интернет, связь, телеком']",['Системное администрирование'],Пятигорск,[],[],[],"Пятигорск, Ермолова, д. 12",4353589,менее 50,340.0,Jobers,От 1 года,Полный рабочий день,Не имеет значения,44.043785,43.028259,https://pyatigorsk.superjob.ru/vakansii/sistemnyj-administrator-51789407.html,85000.0
51826979,Системный администратор (поддержка),72500,72500,rub,"['IT, Интернет, связь, телеком']",['Системное администрирование'],Ревда,[],[],[],"Свердловская область, Ревда",3001379,более 5000,25.0,ИТ-Холдинг Т1,От 3 лет,Полный рабочий день,Не имеет значения,56.800083,59.908718,https://revda.superjob.ru/vakansii/sistemnyj-administrator-51826979.html,72500.0
51866052,Техник/специалист инженерно-технических средств охраны,68000,90000,rub,"['IT, Интернет, связь, телеком']",['Техническая поддержка'],Чита,[],[],[],,3940185,1000 — 5000,72.0,ЦЭНКИ,Без опыта,Полный рабочий день,Не имеет значения,,,https://chita.superjob.ru/vakansii/tehnik-51866052.html,79000.0
50735268,Работник торгового зала,40000,50000,rub,"['Туризм, гостиницы, общественное питание', 'Маркетинг, реклама, PR', 'IT, Интернет, связь, телеком']","['Рестораны, кафе, столовые, фастфуд', 'Мерчандайзинг', 'Киберспорт']",Москва,[],[],[],"Москва, Керченская, 13",2635306,более 5000,49868.0,Пятёрочка,Не имеет значения,Частичная занятость / Совместительство,Неполное высшее,55.647503,37.57774,https://www.superjob.ru/vakansii/rabotnik-torgovogo-zala-50735268.html,45000.0
51791302,Инженер-электроник,175000,200000,rub,"['IT, Интернет, связь, телеком', 'Промышленность, производство']","['Инжиниринг', 'Радиотехническая и электронная промышленность']",Москва,[],[],[],"Москва, Вагоноремонтная улица, 10А",0,,,,От 1 года,Полный рабочий день,Не имеет значения,55.903065,37.532413,https://www.superjob.ru/vakansii/inzhener-elektronik-51791302.html,187500.0
51854232,Продавец домашнего интернета (подработка),43000,80000,rub,"['IT, Интернет, связь, телеком']",['Передача данных и доступ в интернет'],Краснодар,[],[],[],,38260,более 5000,779.0,Билайн,Без опыта,Частичная занятость / Совместительство,Не имеет значения,,,https://krasnodar.superjob.ru/vakansii/prodavec-domashnego-interneta-51854232.html,61500.0
47006488,Инженер производственно-технического управления,100000,130000,rub,"['IT, Интернет, связь, телеком']",['Инжиниринг'],Сергиев Посад,[],[],[],,4502734,менее 50,1.0,БСП,От 3 лет,Полный рабочий день,Высшее,,,https://sergiev-posad.superjob.ru/vakansii/inzhener-proizvodstvenno-tehnicheskogo-upravleniya-47006488.html,115000.0
50517179,Главный специалист отдела автоматизации,50000,55000,rub,"['IT, Интернет, связь, телеком', 'Государственная служба']","['Системное администрирование', 'Техническая поддержка', 'Внедрение и сопровождение ПО', 'Государственная гражданская служба', 'Государственные фонды']",Зарайск,[],[],[],,4887815,более 5000,62.0,Социальный фонд России,От 1 года,Полный рабочий день,Среднее специальное,,,https://zaraysk.superjob.ru/vakansii/glavnyj-specialist-otdela-avtomatizacii-50517179.html,52500.0
43536579,"Системный администратор, IT-специалист (госслужба)",65000,70000,rub,"['IT, Интернет, связь, телеком']","['Администрирование баз данных', 'Системное администрирование', 'Телекоммуникации и связь', 'Техническая поддержка', 'Информационная безопасность']",Нижний Новгород,[],[],[],"Нижний Новгород, Горная улица, 24",2722945,100 — 500,6.0,ФТС,От 1 года,Полный рабочий день,Высшее,56.256618,43.982784,https://nn.superjob.ru/vakansii/sistemnyj-administrator-43536579.html,67500.0
51681637,Продавец-консультант отдела МясновЪ (м. Орехово),115000,250000,rub,"['Административная работа, секретариат, АХО', 'IT, Интернет, связь, телеком']","['Секретариат, ресепшн, офис-менеджмент', 'Передача данных и доступ в интернет']",Москва,"['Домодедовская', 'Орехово', 'Царицыно']","['Замоскворецкая', 'Замоскворецкая', 'МЦД2']","['green', 'green', 'fuchsia']","Москва, Замоскворецкая линия, метро Орехово",400494,более 5000,235.0,"КуулКлевер (МясновЪ, Отдохни)",Без опыта,Полный рабочий день,Не имеет значения,55.612934,37.695267,https://www.superjob.ru/vakansii/prodavec-konsultant-otdela-myasnov-51681637.html,182500.0
51159908,Главный специалист по информационной безопасности,80000,85000,rub,"['IT, Интернет, связь, телеком', 'Безопасность, службы охраны']","['Сетевые технологии', 'Системное администрирование', 'Информационная безопасность', 'Информационная безопасность']",Пермь,[],[],[],"Пермский край, Нытва, улица Карла Маркса, 71",173974,более 5000,67.0,Мечел,От 1 года,Полный рабочий день,Не имеет значения,57.938545,55.328369,https://perm.superjob.ru/vakansii/glavnyj-specialist-po-informacionnoj-bezopasnosti-51159908.html,82500.0
51322942,Системный администратор,70000,100000,rub,"['IT, Интернет, связь, телеком']","['Системное администрирование', 'Техническая поддержка']",Нижний Тагил,[],[],[],"Свердловская область, Нижний Тагил, Уральский проспект, 55",2230116,100 — 500,1.0,Уральский клинический лечебно-реабилитационный центр им. В. В. Тетюхина,От 3 лет,Полный рабочий день,Не имеет значения,57.879837,59.9604,https://nizhny-tagil.superjob.ru/vakansii/sistemnyj-administrator-51322942.html,85000.0
51809728,Разработчик рецептур,120000,120000,rub,"['IT, Интернет, связь, телеком']","['Разработка, программирование']",Лобня,[],[],[],"Лобня, Краснополянский тупик, 10",196244,более 5000,28.0,Металл Профиль,От 1 года,Полный рабочий день,Не имеет значения,,,https://lobnya.superjob.ru/vakansii/razrabotchik-receptur-51809728.html,120000.0
51826975,Выездной инженер технической поддержки,72500,72500,rub,"['IT, Интернет, связь, телеком']",['Техническая поддержка'],Кировград,[],[],[],Кировград,3001379,более 5000,25.0,ИТ-Холдинг Т1,От 1 года,Полный рабочий день,Не имеет значения,,,https://kirovgrad.superjob.ru/vakansii/vyezdnoj-inzhener-tehnicheskoj-podderzhki-51826975.html,72500.0
51838858,Сварщики 4-6 разряд,135000,235000,rub,"['Промышленность, производство', 'IT, Интернет, связь, телеком']","['Стекольная и фарфоро-фаянсовая промышленность', 'Производство металлических изделий и заготовок', 'CRM-системы']",Саранск,[],[],[],,970633,более 5000,2342.0,Трест Росспецэнергомонтаж,От 1 года,Полный рабочий день,Не имеет значения,,,https://saransk.superjob.ru/vakansii/svarschiki-4-6-razryad-51838858.html,185000.0
51846815,Продавец магазина Магнит,35000,46600,rub,"['IT, Интернет, связь, телеком', 'Промышленность, производство']","['Инжиниринг', 'Стекольная и фарфоро-фаянсовая промышленность']",Великие Луки,[],[],[],"Великие Луки, Яна Арно, 24",280168,более 5000,18163.0,"Магнит, Розничная сеть",Не имеет значения,Полный рабочий день,Не имеет значения,56.3326,30.536592,https://velikie-luki.superjob.ru/vakansii/prodavec-magazina-magnit-51846815.html,40800.0
51848053,Техник связи,85000,85000,rub,"['IT, Интернет, связь, телеком', 'Услуги, ремонт, сервисное обслуживание']","['Передача данных и доступ в интернет', 'Сетевые технологии', 'Сотовые, беспроводные технологии', 'Телекоммуникации и связь', 'Телекоммуникационное оборудование и сети']",Москва,['Селигерская'],['Люблинско-Дмитровская'],['lime'],"Москва, улица Ивана Сусанина, 3",493048,500 — 1000,9.0,ФГБУ ФБ МСЭ Минтруда России,От 1 года,Полный рабочий день,Не имеет значения,55.870358,37.525711,https://www.superjob.ru/vakansii/tehnik-svyazi-51848053.html,85000.0
51853815,Инженер по наладке и испытаниям 2 категории,96300,96300,rub,"['IT, Интернет, связь, телеком', 'Промышленность, производство']","['Инжиниринг', 'Промышленное оборудование']",Кемь,[],[],[],Кемь,289082,более 5000,60.0,Территориальная генерирующая компания №1,От 1 года,Полный рабочий день,Не имеет значения,,,https://kem.superjob.ru/vakansii/inzhener-po-naladke-i-ispytaniyam-2-kategorii-51853815.html,96300.0
51866053,Техник/специалист инженерно-технических средств охраны,68000,90000,rub,"['IT, Интернет, связь, телеком']",['Техническая поддержка'],Иркутск,[],[],[],,3940185,1000 — 5000,72.0,ЦЭНКИ,Без опыта,Полный рабочий день,Не имеет значения,,,https://irkutsk.superjob.ru/vakansii/tehnik-51866053.html,79000.0
51699261,"Директор магазина-партнер (Таштагол, 8 Марта, 56)",47200,90600,rub,"['Топ-персонал', 'IT, Интернет, связь, телеком']","['Продажи', 'Внедрение и сопровождение ПО']",Таштагол,[],[],[],,2635306,более 5000,49868.0,Пятёрочка,От 1 года,Полный рабочий день,Неполное высшее,,,https://tashtagol.superjob.ru/vakansii/direktor-magazina-partner-51699261.html,68900.0
51825901,Ведущий электроник,70000,76000,rub,"['IT, Интернет, связь, телеком']",['Инжиниринг'],Новосибирск,[],[],[],"Новосибирск, Первомайская, 82",2466656,более 5000,6387.0,Российские железные дороги,От 3 лет,Полный рабочий день,Высшее,54.965366,83.121307,https://nsk.superjob.ru/vakansii/veduschij-elektronik-51825901.html,73000.0
51852876,Начинающий продавец домашнего интернета (подработка),57000,100000,rub,"['IT, Интернет, связь, телеком']","['Web-верстка', 'Передача данных и доступ в интернет']",Ульяновск,[],[],[],,38260,более 5000,779.0,Билайн,Без опыта,Частичная занятость / Совместительство,Не имеет значения,,,https://ulyanovsk.superjob.ru/vakansii/nachinayuschij-prodavec-domashnego-interneta-51852876.html,78500.0
51784120,СММ-специалист / контент-менеджер,50000,60000,rub,"['IT, Интернет, связь, телеком']",['Контент'],Новосибирск,[],[],[],"г Новосибирск, ул Крылова, д 49",3797376,менее 50,337.0,JOBCART.RU,От 1 года,Полный рабочий день,Не имеет значения,55.041885,82.933662,https://nsk.superjob.ru/vakansii/smm-specialist-51784120.html,55000.0
48685936,Инженер-испытатель,95000,95000,rub,"['IT, Интернет, связь, телеком', 'Промышленность, производство']","['Инжиниринг', 'Промышленное оборудование', 'Радиотехническая и электронная промышленность']",Подольск,[],[],[],,272717,100 — 500,23.0,Московский завод ФИЗПРИБОР,От 1 года,Полный рабочий день,Высшее,,,https://podolsk.superjob.ru/vakansii/inzhener-ispytatel-48685936.html,95000.0
50517176,Главный специалист отдела автоматизации,50000,55000,rub,"['IT, Интернет, связь, телеком', 'Государственная служба']","['Системное администрирование', 'Техническая поддержка', 'Внедрение и сопровождение ПО', 'Государственная гражданская служба', 'Государственные фонды']",Апрелевка,[],[],[],,4887815,более 5000,62.0,Социальный фонд России,От 1 года,Полный рабочий день,Среднее специальное,,,https://aprelevka.superjob.ru/vakansii/glavnyj-specialist-otdela-avtomatizacii-50517176.html,52500.0
50517180,Главный специалист отдела автоматизации,50000,55000,rub,"['IT, Интернет, связь, телеком', 'Государственная служба']","['Системное администрирование', 'Техническая поддержка', 'Внедрение и сопровождение ПО', 'Государственная гражданская служба', 'Государственные фонды']",Звенигород,[],[],[],,4887815,более 5000,62.0,Социальный фонд России,От 1 года,Полный рабочий день,Среднее специальное,,,https://zvenigorod.superjob.ru/vakansii/glavnyj-specialist-otdela-avtomatizacii-50517180.html,52500.0
50517181,Главный специалист отдела автоматизации,50000,55000,rub,"['IT, Интернет, связь, телеком', 'Государственная служба']","['Системное администрирование', 'Техническая поддержка', 'Внедрение и сопровождение ПО', 'Государственная гражданская служба', 'Государственные фонды']",Зеленоград,[],[],[],,4887815,более 5000,62.0,Социальный фонд России,От 1 года,Полный рабочий день,Среднее специальное,,,https://zelenograd.superjob.ru/vakansii/glavnyj-specialist-otdela-avtomatizacii-50517181.html,52500.0
50523350,Консультант отдела внедрения и эксплуатации программного обеспечения,50000,55000,rub,"['IT, Интернет, связь, телеком']","['Администрирование баз данных', 'Внедрение и сопровождение ПО']",Москва,[],[],[],"Москва, Орликов переулок, 3кА",4887815,более 5000,62.0,Социальный фонд России,Без опыта,Полный рабочий день,Среднее специальное,55.77158,37.647774,https://www.superjob.ru/vakansii/konsultant-otdela-vnedreniya-i-ekspluatacii-programmnogo-obespecheniya-50523350.html,52500.0
51396990,"Пекарь в столовую вахта север (ХМАО, ЯНАО, Красноярский край, ЧАО)",195000,210000,rub,"['IT, Интернет, связь, телеком', 'Домашний персонал']","['Разработка, программирование', 'Ведение хозяйства']",Самара,[],[],[],,4744563,1000 — 5000,4189.0,АКС,От 3 лет,Работа вахтовым методом,Не имеет значения,,,https://samara.superjob.ru/vakansii/pekar-v-stolovuyu-vahta-sever-51396990.html,202500.0
51703187,"Кассир торгового зала, продавец в магазин",68000,75000,rub,"['IT, Интернет, связь, телеком', 'Сырье']","['Компьютерная анимация\xa0и\xa0мультимедиа', 'Разведка и разработка месторождений']",Москва,['Беляево'],['Калужско-Рижская'],['orange'],"Москва, Калужско-Рижская линия, метро Беляево",75401,более 5000,3198.0,"""БЭСТ ПРАЙС"" / Fix Price",Без опыта,Полный рабочий день,Не имеет значения,55.64275,37.525837,https://www.superjob.ru/vakansii/kassir-torgovogo-zala-51703187.html,71500.0
51779386,Продавец консультант М. Косметик,38000,50600,rub,"['IT, Интернет, связь, телеком', 'Спорт, фитнес, салоны красоты, SPA', 'Строительство, проектирование, недвижимость']","['SRE', 'Фитнес-клубы / Спортзалы', 'Строительство деревянных домов и конструкций']",Набережные Челны,[],[],[],"Набережные Челны, Авангардная, 61",280168,более 5000,18163.0,"Магнит, Розничная сеть",Не имеет значения,Полный рабочий день,Не имеет значения,55.680565,52.331196,https://naberezhnye-chelny.superjob.ru/vakansii/prodavec-konsultant-m-51779386.html,44300.0
51826973,Выездной инженер технической поддержки,72500,72500,rub,"['IT, Интернет, связь, телеком']",['Техническая поддержка'],Невьянск,[],[],[],,3001379,более 5000,25.0,ИТ-Холдинг Т1,От 1 года,Полный рабочий день,Не имеет значения,,,https://nevyansk.superjob.ru/vakansii/vyezdnoj-inzhener-tehnicheskoj-podderzhki-51826973.html,72500.0
51836082,Системный администратор,100000,120000,rub,"['IT, Интернет, связь, телеком']",['Системное администрирование'],Клин,[],[],[],"Московская область, Солнечногорск, улица Промзона Рекинцо, 1",4029196,менее 50,8.0,Завод по переработке пластмасс ПЛАРУС,От 1 года,Полный рабочий день,Не имеет значения,56.167313,37.002022,https://klin.superjob.ru/vakansii/sistemnyj-administrator-51836082.html,110000.0
51866054,Техник/специалист инженерно-технических средств охраны,68000,90000,rub,"['IT, Интернет, связь, телеком']",['Техническая поддержка'],Свободный,[],[],[],,3940185,1000 — 5000,72.0,ЦЭНКИ,Без опыта,Полный рабочий день,Не имеет значения,,,https://svobodniy.superjob.ru/vakansii/tehnik-51866054.html,79000.0
51826970,Выездной инженер технической поддержки (эквайринг),87000,87000,rub,"['IT, Интернет, связь, телеком']",['Техническая поддержка'],Сургут,[],[],[],,3001379,более 5000,25.0,ИТ-Холдинг Т1,От 1 года,Полный рабочий день,Не имеет значения,,,https://surgut.superjob.ru/vakansii/vyezdnoj-inzhener-tehnicheskoj-podderzhki-51826970.html,87000.0
48787766,"Старший продавец-кассир (Новая Адыгея, Новая Адыгея, Тургеневское шоссе, 33/1)",45550,54650,rub,"['Банки, инвестиции, лизинг']","['Методология, разработка и продажа розничных продуктов']",Новая Адыгея,[],[],[],,2635306,более 5000,49868.0,Пятёрочка,От 1 года,Полный рабочий день,Не имеет значения,,,https://maikop.superjob.ru/vakansii/starshij-prodavec-kassir-48787766.html,50100.0
51847520,Финансовый аналитик (Power BI),184500,184500,rub,"['Бухгалтерия, финансы, аудит', 'Банки, инвестиции, лизинг']","['Финансовый анализ и контроль', 'Финансовый менеджмент', 'Финансовый анализ и контроль']",Москва,"['Добрынинская', 'Октябрьская', 'Серпуховская']","['Кольцевая', 'Калужско-Рижская', 'Серпуховско-Тимирязевская']","['brown', 'orange', 'gray']","Москва, Ленинский проспект, 4",688137,1000 — 5000,4.0,НИТУ МИСИС,От 3 лет,Полный рабочий день,Высшее,55.728291,37.609463,https://www.superjob.ru/vakansii/finansovyj-analitik-51847520.html,184500.0
51781306,Специалист по учету на склад продуктов,110000,130000,rub,"['Административная работа, секретариат, АХО', 'Бухгалтерия, финансы, аудит', 'Кадры, управление персоналом', 'Транспорт, логистика, ВЭД', 'Банки, инвестиции, лизинг']","['Делопроизводство', 'Первичная документация', 'Кадровый учет, делопроизводство, кадровое администрирование', 'Складское хозяйство', 'Банковская бухгалтерия']",Москва,[],[],[],"г Москва, 2-й Хорошёвский проезд, д 7 стр 1",3797376,менее 50,337.0,JOBCART.RU,От 3 лет,Полный рабочий день,Не имеет значения,55.774227,37.532368,https://www.superjob.ru/vakansii/specialist-po-uchetu-na-sklad-produktov-51781306.html,120000.0
51867637,Менеджер по работе с корпоративными клиентами,70000,130000,rub,"['Банки, инвестиции, лизинг', 'Продажи']","['Продажа банковских продуктов', 'Бытовая техника, электроника, фото, видео', 'Канцелярские товары', 'Косметика, бытовая химия', 'Услуги для бизнеса']",Москва,[],[],[],"Москва, улица Арбат, 4с1",4962306,менее 50,1.0,Aromaco Russia,От 1 года,Полный рабочий день,Не имеет значения,55.752048,37.598545,https://www.superjob.ru/vakansii/menedzher-po-rabote-s-korporativnymi-klientami-51867637.html,100000.0
46403891,Кредитный менеджер,25000,45000,rub,"['Банки, инвестиции, лизинг']","['Кредитование физических лиц', 'Кредитование юридических лиц']",Краснокаменск (Забайкальский край),[],[],[],,2619624,менее 50,3.0,КПК Кредит-Партнер,От 1 года,Полный рабочий день,Среднее специальное,,,https://chita.superjob.ru/vakansii/kreditnyj-menedzher-46403891.html,35000.0
50904858,Оператор по работе с клиентами,37600,45700,rub,"['Бухгалтерия, финансы, аудит', 'Банки, инвестиции, лизинг']","['Кредитный контроль', 'Другое']",Ивантеевка,[],[],[],"Московская область, городской округ Пушкинский, Ивантеевка, улица Дзержинского, 4",14215,более 5000,1380.0,Почта России,Без опыта,Полный рабочий день,Не имеет значения,55.973068,37.91029,https://ivanteevka.superjob.ru/vakansii/operator-po-rabote-s-klientami-50904858.html,41650.0
50791647,Менеджер по работе с ключевыми клиентами,130000,250000,rub,"['Банки, инвестиции, лизинг', 'Продажи']","['Продажа банковских продуктов', 'Продукты питания', 'Текстиль, одежда, обувь', 'Товары народного потребления', 'Услуги для бизнеса']",Москва,"['Ленинский проспект', 'Площадь Гагарина']","['Калужско-Рижская', 'МЦК']","['orange', 'lightpink']","Москва, улица Орджоникидзе, 11с10",14449,100 — 500,9.0,SuperJob,От 1 года,Полный рабочий день,Не имеет значения,55.706573,37.597092,https://www.superjob.ru/vakansii/menedzher-po-rabote-s-klyuchevymi-klientami-50791647.html,190000.0
51110131,Специалист отдела расходов на обеспечение деятельности Отделения,70000,75000,rub,"['Банки, инвестиции, лизинг', 'Закупки, снабжение']","['Управление активами', 'Продукты питания']",Москва,[],[],[],"Москва, Орликов переулок, 3кА",4887815,более 5000,62.0,Социальный фонд России,От 1 года,Полный рабочий день,Среднее специальное,55.77158,37.647774,https://www.superjob.ru/vakansii/specialist-otdela-rashodov-na-obespechenie-deyatelnosti-otdeleniya-51110131.html,72500.0
51691878,Водитель штабелера,117000,132700,rub,"['Бухгалтерия, финансы, аудит', 'Банки, инвестиции, лизинг', 'Топ-персонал']","['МСФО, IFRS, РСБУ', 'Ценные бумаги', 'Безопасность, службы охраны']",Чехов,[],[],[],"Московская область, муниципальный округ Чехов, село Новосёлки, промышленная зона Новосёлки, вл11с5",100593,более 5000,289.0,"Группа ""М. Видео-Эльдорадо""",От 1 года,Полный рабочий день,Не имеет значения,55.123512,37.549759,https://chehov.superjob.ru/vakansii/voditel-shtabelera-51691878.html,124850.0
51782087,Кассир-операционист,55000,65000,rub,"['Банки, инвестиции, лизинг']","['Расчёты и обработка платежей, касса']",Чебоксары,[],[],[],"Чувашская Республика — Чувашия, Чебоксары, проспект Тракторостроителей, 115",3961453,500 — 1000,25.0,Мейджик Транс,От 1 года,Полный рабочий день,Не имеет значения,56.122051,47.358124,https://cheboksary.superjob.ru/vakansii/kassir-operacionist-51782087.html,60000.0
33938472,Менеджер по работе с корпоративными клиентами (без поиска),60000,140000,rub,"['Наука, образование, повышение квалификации', 'Страхование', 'Банки, инвестиции, лизинг', 'Продажи']","['Дополнительное образование', 'Курсы, тренинги, семинары', 'Страхование жизни', 'Продажа банковских продуктов', 'Услуги для бизнеса']",Хабаровск,[],[],[],"Хабаровск, улица Карла Маркса, 96А",3500517,менее 50,1.0,Дятлова Елена Михайловна,От 3 лет,Полный рабочий день,Высшее,48.493046,135.092163,https://habarovsk.superjob.ru/vakansii/menedzher-po-rabote-s-korporativnymi-klientami-33938472.html,100000.0
51833842,Продавец в зону готовой еды,37000,49000,rub,"['Промышленность, производство', 'Банки, инвестиции, лизинг']","['Пищевая промышленность', 'Кредитование юридических лиц']",Магнитогорск,[],[],[],"Магнитогорск, Чкалова, 12Б",280168,более 5000,18163.0,"Магнит, Розничная сеть",Не имеет значения,Сменный график работы,Не имеет значения,53.385799,59.067474,https://magnitogorsk.superjob.ru/vakansii/prodavec-v-zonu-gotovoj-edy-51833842.html,43000.0
51838650,Специалист внутреннего финансового аудита,70000,150000,rub,"['Бухгалтерия, финансы, аудит', 'Банки, инвестиции, лизинг']","['Бухгалтерский учет', 'Финансовый анализ и контроль', 'Финансовый менеджмент', 'Торговое финансирование', 'Финансовый анализ и контроль']",Москва,[],[],[],"Москва, Беговая улица, 2Г",11714,100 — 500,68.0,Филиал ФКУ «Налог-Сервис» ФНС России по ЦОД в г. Москве,От 1 года,Полный рабочий день,Не имеет значения,55.774303,37.555859,https://www.superjob.ru/vakansii/specialist-vnutrennego-finansovogo-audita-51838650.html,110000.0
48165703,Старший продавец-кассир,59800,77700,rub,"['Банки, инвестиции, лизинг']","['Методология, разработка и продажа розничных продуктов']",Новый Уренгой,[],[],[],"Новый Уренгой, 26 Съезда КПСС, 10Б",2635306,более 5000,49868.0,Пятёрочка,От 1 года,Полный рабочий день,Не имеет значения,66.087509,76.687889,https://novyi-urengoi.superjob.ru/vakansii/starshij-prodavec-kassir-48165703.html,68750.0
50945267,Инвестиционный агент,100000,350000,rub,"['Страхование', 'Банки, инвестиции, лизинг']","['Страхование жизни', 'Страхование недвижимости, ипотечное страхование', 'Страхование физических лиц', 'Кредитование физических лиц', 'Ценные бумаги']",Нальчик,[],[],[],,4923403,менее 50,1.0,ТРИНФИКО,Без опыта,Полный рабочий день,Не имеет значения,,,https://nalchik.superjob.ru/vakansii/investicionnyj-agent-50945267.html,225000.0
51844363,Менеджер по продажам банковских продуктов,50000,150000,rub,"['Банки, инвестиции, лизинг']",['Продажа банковских продуктов'],Москва,[],[],[],,4960780,менее 50,0.0,Клиент №4960780,Без опыта,Сменный график работы,Не имеет значения,,,https://www.superjob.ru/vakansii/menedzher-po-prodazham-bankovskih-produktov-51844363.html,100000.0
46404715,Кредитный эксперт,25000,45000,rub,"['Банки, инвестиции, лизинг']","['Ипотека', 'Кредитование физических лиц', 'Кредитование юридических лиц']",Шилка,[],[],[],,2619624,менее 50,3.0,КПК Кредит-Партнер,От 1 года,Полный рабочий день,Среднее специальное,,,https://shilka.superjob.ru/vakansii/kreditnyj-ekspert-46404715.html,35000.0
47006163,Специалист по продаже недвижимости,50000,150000,rub,"['Продажи', 'Банки, инвестиции, лизинг']","['Агентства недвижимости, оценка недвижимости', 'Начало карьеры, мало опыта']",Белореченск,[],[],[],"Краснодарский край, Белореченск, улица Ленина, 107",4441799,менее 50,1.0,ЭТАЖИ-БЕЛОРЕЧЕНСК,Не имеет значения,Полный рабочий день,Не имеет значения,44.757641,39.87368,https://belorechensk.superjob.ru/vakansii/specialist-po-prodazhe-nedvizhimosti-47006163.html,100000.0
50327101,Оператор по работе с клиентами (Седина),32000,40000,rub,"['Банки, инвестиции, лизинг']","['Расчёты и обработка платежей, касса', 'Управление активами']",Краснодар,[],[],[],"Краснодар, микрорайон Центральный, улица Митрофана Седина, 177",14215,более 5000,1380.0,Почта России,Без опыта,Полный рабочий день,Не имеет значения,45.038708,38.981808,https://krasnodar.superjob.ru/vakansii/operator-po-rabote-s-klientami-50327101.html,36000.0
50449682,Менеджер по работе с клиентами банка / Консультант сектора Дистанционного банковского обслуживания,65000,65000,rub,"['Банки, инвестиции, лизинг']","['Кредитование физических лиц', 'Продажа банковских продуктов', 'Другое']",Троицк,[],[],[],"Троицкий административный округ, район Вороново, Варшавское шоссе, 64-й километр, вл1с47",4322458,100 — 500,1.0,КБ Солидарность,Без опыта,Сменный график работы,Не имеет значения,55.288685,37.189022,https://troitsk.superjob.ru/vakansii/menedzher-po-rabote-s-klientami-banka-50449682.html,65000.0
50926510,Риск-менеджер,35000,35000,rub,"['Страхование', 'Банки, инвестиции, лизинг']","['Андеррайтинг', 'Риски']",Оренбург,[],[],[],"Оренбург, улица Чкалова. 35/1",3012570,100 — 500,2.0,АКБ «Форштадт» (АО),Без опыта,Полный рабочий день,Не имеет значения,,,https://orenburg.superjob.ru/vakansii/risk-menedzher-50926510.html,35000.0
50873475,Главный специалист-эксперт / Консультант / Экономист сводно-аналитического отдела,50000,55000,rub,"['Бухгалтерия, финансы, аудит', 'Банки, инвестиции, лизинг', 'Государственная служба']","['Планово-экономическое управление', 'Экономический анализ', 'Управленческая отчетность', 'Финансовый анализ и контроль', 'Социальная служба']",Москва,[],[],[],"Москва, шоссе Энтузиастов, 21с1",4887815,более 5000,62.0,Социальный фонд России,От 1 года,Полный рабочий день,Среднее специальное,55.755215,37.726162,https://www.superjob.ru/vakansii/glavnyj-specialist-ekspert-50873475.html,52500.0
51702792,"Грузчик, мерчандайзер в магазин",68000,75000,rub,"['Строительство, проектирование, недвижимость', 'Банки, инвестиции, лизинг']","['Благоустройство территорий', 'Отопление, вентиляция и кондиционирование', 'Строительно-монтажные работы', 'Начало карьеры, мало опыта']",Москва,['Кунцевская'],['МЦД1'],['darkorange'],"Москва, Западный административный округ, район Кунцево",75401,более 5000,3198.0,"""БЭСТ ПРАЙС"" / Fix Price",Без опыта,Полный рабочий день,Не имеет значения,55.739342,37.403378,https://www.superjob.ru/vakansii/gruzchik-51702792.html,71500.0
51797422,Кассир-операционист,60000,60000,rub,"['Банки, инвестиции, лизинг']","['Расчёты и обработка платежей, касса']",Мелитополь,[],[],[],"Запорожская область, Мелитополь, Северный переезд",3961453,500 — 1000,25.0,Мейджик Транс,От 1 года,Полный рабочий день,Не имеет значения,46.890205,35.340199,https://melitopol.superjob.ru/vakansii/kassir-operacionist-51797422.html,60000.0
51834128,Finance specialist,100000,200000,rub,"['Бухгалтерия, финансы, аудит', 'Банки, инвестиции, лизинг']","['Финансовый менеджмент', 'Торговое финансирование', 'Финансовый анализ и контроль']",Москва,[],[],[],"Московская область, городской округ Красногорск, посёлок городского типа Путилково, территория Гринвуд, с19",4960203,менее 50,1.0,Yufan Group,От 3 лет,Полный рабочий день,Не имеет значения,55.868618,37.403259,https://www.superjob.ru/vakansii/finance-specialist-51834128.html,150000.0
51865261,Менеджер по сопровождению,140000,200000,rub,"['Банки, инвестиции, лизинг', 'Продажи']","['Продажа банковских продуктов', 'Товары народного потребления', 'Услуги для бизнеса']",Москва,['Сокол'],['Замоскворецкая'],['green'],"Москва, Ленинградский проспект, 80Г",72326,1000 — 5000,106.0,Образовательный холдинг СИНЕРГИЯ,От 1 года,Полный рабочий день,Не имеет значения,55.811157,37.509998,https://www.superjob.ru/vakansii/menedzher-po-soprovozhdeniyu-51865261.html,170000.0
51867271,Менеджер по работе с корпоративными клиентами,120000,120000,rub,"['Банки, инвестиции, лизинг', 'Продажи']","['Продажа банковских продуктов', 'Бытовая техника, электроника, фото, видео', 'Металлопрокат', 'Строительно-отделочные материалы', 'Услуги для бизнеса']",Уфа,[],[],[],"Республика Башкортостан, Уфа, улица Менделеева, 80",196244,более 5000,28.0,Металл Профиль,От 1 года,Полный рабочий день,Не имеет значения,54.710709,55.98344,https://ufa.superjob.ru/vakansii/menedzher-po-rabote-s-korporativnymi-klientami-51867271.html,120000.0
48235969,Старший продавец-кассир,72000,96000,rub,"['Банки, инвестиции, лизинг']","['Методология, разработка и продажа розничных продуктов']",Зеленоград,[],[],[],"Зеленоград, 322",2635306,более 5000,49868.0,Пятёрочка,От 1 года,Полный рабочий день,Не имеет значения,55.996258,37.214912,https://zelenograd.superjob.ru/vakansii/starshij-prodavec-kassir-48235969.html,84000.0
48274682,Старший продавец-кассир,43800,56900,rub,"['Банки, инвестиции, лизинг']","['Методология, разработка и продажа розничных продуктов']",Тюмень,[],[],[],"Тюмень, Ершова, 13",2635306,более 5000,49868.0,Пятёрочка,От 1 года,Полный рабочий день,Не имеет значения,57.174156,65.638695,https://tyumen.superjob.ru/vakansii/starshij-prodavec-kassir-48274682.html,50350.0
45878049,Консультант ПСБ,38000,55000,rub,"['Банки, инвестиции, лизинг']","['Кредитование физических лиц', 'Продажа банковских продуктов', 'Расчёты и обработка платежей, касса', 'Другое']",Орел,[],[],[],,17172,более 5000,43.0,"ПАО ""Банк ПСБ""",Без опыта,Полный рабочий день,Не имеет значения,,,https://orel.superjob.ru/vakansii/konsultant-psb-45878049.html,46500.0
50517497,Главный специалист-эксперт управления взыскания задолженности,50000,55000,rub,"['Юриспруденция', 'Государственная служба', 'Банки, инвестиции, лизинг']","['Другое', 'Государственные фонды', 'Другое', 'Залоги и проблемная задолженность']",Москва,"['Речной вокзал', 'Бутырская']","['Замоскворецкая', 'Люблинско-Дмитровская']","['green', 'lime']","Москва, Огородный проезд, 5с3",4887815,более 5000,62.0,Социальный фонд России,От 1 года,Полный рабочий день,Высшее,55.809071,37.606739,https://www.superjob.ru/vakansii/glavnyj-specialist-ekspert-upravleniya-vzyskaniya-zadolzhennosti-50517497.html,52500.0
50518295,Главный специалист-эксперт (управление взыскания задолженности),50000,55000,rub,"['Юриспруденция', 'Государственная служба', 'Банки, инвестиции, лизинг']","['Compliance (нормативное право, соблюдение\xa0закона )', 'Государственные фонды', 'Другое', 'Залоги и проблемная задолженность']",Москва,"['Речной вокзал', 'Бутырская']","['Замоскворецкая', 'Люблинско-Дмитровская']","['green', 'lime']","Москва, Огородный проезд, 5с3",4887815,более 5000,62.0,Социальный фонд России,От 1 года,Полный рабочий день,Среднее специальное,55.809071,37.606739,https://www.superjob.ru/vakansii/glavnyj-specialist-ekspert-50518295.html,52500.0
51119745,"Главный специалист-эксперт, Консультант отдела по работе с задолженностью",50000,55000,rub,"['Банки, инвестиции, лизинг']",['Залоги и проблемная задолженность'],Ступино,[],[],[],"Московская область, Ступино, улица Тимирязева, 15А",4887815,более 5000,62.0,Социальный фонд России,От 1 года,Полный рабочий день,Среднее специальное,54.891029,38.081139,https://stupino.superjob.ru/vakansii/glavnyj-specialist-ekspert-51119745.html,52500.0
51119752,"Главный специалист-эксперт, Консультант отдела по работе с задолженностью",50000,55000,rub,"['Банки, инвестиции, лизинг']",['Залоги и проблемная задолженность'],Кашира,[],[],[],"Московская область, Кашира, Стрелецкая улица, 70",4887815,более 5000,62.0,Социальный фонд России,От 1 года,Полный рабочий день,Высшее,54.82579,38.147667,https://kashira.superjob.ru/vakansii/glavnyj-specialist-ekspert-51119752.html,52500.0
51737956,Техник (Краснобогатырская),80000,81000,rub,"['Промышленность, производство', 'Услуги, ремонт, сервисное обслуживание', 'Рабочий персонал']","['Промышленное оборудование', 'Промышленное оборудование', 'Квалифицированный рабочий']",Москва,"['Бульвар Рокоссовского', 'Преображенская площадь', 'Белокаменная']","['МЦК', 'Сокольническая', 'МЦК']","['lightpink', 'red', 'lightpink']","Москва, Краснобогатырская улица",249006,более 5000,928.0,"Группа Компаний ""Медси""/АО ""ГРУППА КОМПАНИЙ ""МЕДСИ""",Без опыта,Полный рабочий день,Не имеет значения,55.809978,37.703701,https://www.superjob.ru/vakansii/tehnik-51737956.html,80500.0
51841883,Пекарь,89700,95000,rub,"['Туризм, гостиницы, общественное питание', 'Промышленность, производство']","['Рестораны, кафе, столовые, фастфуд', 'Пищевая промышленность']",Москва,[],[],[],"Москва, Тишинская, 1",4311,более 5000,3349.0,Перекресток,Без опыта,Полный рабочий день,Среднее специальное,55.76923,37.583374,https://www.superjob.ru/vakansii/pekar-51841883.html,92350.0
51840798,"Пекарь (Комсомольск-на-Амуре, Пионерская, 16)",57600,63400,rub,"['Туризм, гостиницы, общественное питание', 'Промышленность, производство']","['Рестораны, кафе, столовые, фастфуд', 'Пищевая промышленность']",Комсомольск-на-Амуре,[],[],[],,2635306,более 5000,49868.0,Пятёрочка,Не имеет значения,Частичная занятость / Совместительство,Не имеет значения,,,https://komsomolsk-na-amure.superjob.ru/vakansii/pekar-51840798.html,60500.0
49913641,Повар в рыбный цех,84000,100000,rub,"['Туризм, гостиницы, общественное питание', 'Промышленность, производство']","['Рестораны, кафе, столовые, фастфуд', 'Пищевая промышленность']",Москва,"['Юго-Западная', 'Киевская', 'Озёрная']","['Сокольническая', 'Филёвская', 'Калининско-Солнцевская']","['red', 'blue', 'yellow']","Москва, Рябиновая улица, 47Б",74315,более 5000,160.0,Азбука вкуса,От 1 года,Сменный график работы,Не имеет значения,55.697433,37.43322,https://www.superjob.ru/vakansii/povar-v-rybnyj-ceh-49913641.html,92000.0
48598519,Ремонтник электросварочного оборудования,60000,100000,rub,"['Промышленность, производство', 'Рабочий персонал']","['Промышленное оборудование', 'Радиотехническая и электронная промышленность', 'Другое', 'Рабочий персонал, разное', 'Квалифицированный рабочий']",Москва,[],[],[],"Москва, Колодезный переулок, 2Ас1",3752863,менее 50,2.0,ТОР,От 3 лет,Полный рабочий день,Не имеет значения,55.799046,37.6954,https://www.superjob.ru/vakansii/remontnik-elektrosvarochnogo-oborudovaniya-48598519.html,80000.0
51720618,Продавец–консультант КуулКлевер Кафе (м. Южная),115000,250000,rub,"['Промышленность, производство']",['Пищевая промышленность'],Москва,"['Чертановская', 'Южная', 'Пражская', 'Улица Академика Янгеля']","['Серпуховско-Тимирязевская', 'Серпуховско-Тимирязевская', 'Серпуховско-Тимирязевская', 'Серпуховско-Тимирязевская']","['gray', 'gray', 'gray', 'gray']","Москва, Серпуховско-Тимирязевская линия, метро Южная",400494,более 5000,235.0,"КуулКлевер (МясновЪ, Отдохни)",Без опыта,Полный рабочий день,Не имеет значения,55.622276,37.608986,https://www.superjob.ru/vakansii/prodavec-51720618.html,182500.0
50846238,Сменный мастер 1/3,75600,75600,rub,"['Промышленность, производство']","['Полиграфическое производство', 'Автомобильная промышленность', 'Металлургия', 'Пищевая промышленность', 'Производство алкогольных и безалкогольных напитков']",Кировск (Ленинградская обл.),[],[],[],"Ленинградская область, Кировский район, городской посёлок Приладожский",666117,1000 — 5000,80.0,Птицефабрика Синявинская,От 1 года,Сменный график работы,Не имеет значения,59.876392,31.32819,https://kirovsk-spb.superjob.ru/vakansii/smennyj-master-1-50846238.html,75600.0
51792430,Продавец в зону готовой еды,44400,59000,rub,"['Промышленность, производство']",['Пищевая промышленность'],Сосново,[],[],[],"Снегиревка, Снегиревка, Центральная, 3а",280168,более 5000,18163.0,"Магнит, Розничная сеть",Не имеет значения,Сменный график работы,Не имеет значения,60.553413,30.289288,https://spb.superjob.ru/vakansii/prodavec-v-zonu-gotovoj-edy-51792430.html,51700.0
51827386,Шлифовщик,59000,59000,rub,"['Промышленность, производство', 'Рабочий персонал']","['Промышленное оборудование', 'Квалифицированный рабочий']",Киров (Калужская область),[],[],[],"Калужская область, Киров, улица Карла Маркса, 37",2466656,более 5000,6387.0,Российские железные дороги,От 1 года,Полный рабочий день,Не имеет значения,54.055138,34.38018,https://kirov-kaluga.superjob.ru/vakansii/shlifovschik-51827386.html,59000.0
51845993,Ночной кассир (м. Кропоткинская),109802,124124,rub,"['Строительство, проектирование, недвижимость', 'Промышленность, производство']","['Сметное дело', 'Производство товаров народного потребления']",Москва,"['Парк Культуры', 'Смоленская']","['Кольцевая', 'Филёвская']","['brown', 'blue']","Москва, улица Пречистенка, 25",248733,более 5000,67.0,Магнолия,Без опыта,Полный рабочий день,Не имеет значения,55.740528,37.591675,https://www.superjob.ru/vakansii/nochnoj-kassir-51845993.html,116963.0
51850346,Инженер,80000,89000,rub,"['Промышленность, производство']","['Машиностроение, станкостроение', 'Приборостроение', 'Производство товаров народного потребления', 'Промышленное оборудование', 'Другое']",Пермь,[],[],[],"Пермь, улица Крупской, 61А",3974341,более 5000,984.0,РТРС,От 3 лет,Полный рабочий день,Не имеет значения,58.005672,56.291183,https://perm.superjob.ru/vakansii/inzhener-51850346.html,84500.0
51840800,"Пекарь (Новый Уренгой, Молодежная, 11)",58300,75800,rub,"['Туризм, гостиницы, общественное питание', 'Промышленность, производство']","['Рестораны, кафе, столовые, фастфуд', 'Пищевая промышленность']",Новый Уренгой,[],[],[],,2635306,более 5000,49868.0,Пятёрочка,Не имеет значения,Частичная занятость / Совместительство,Не имеет значения,,,https://novyi-urengoi.superjob.ru/vakansii/pekar-51840800.html,67050.0
51848067,Инженер I категории,70000,75000,rub,"['Промышленность, производство']","['Машиностроение, станкостроение', 'Приборостроение', 'Производство товаров народного потребления', 'Промышленное оборудование', 'Другое']",Воронеж,[],[],[],,2466656,более 5000,6387.0,Российские железные дороги,Без опыта,Полный рабочий день,Не имеет значения,,,https://voronezh.superjob.ru/vakansii/inzhener-i-kategorii-51848067.html,72500.0
51831309,Техник (Зеленый проспект),80000,81000,rub,"['Промышленность, производство', 'Услуги, ремонт, сервисное обслуживание', 'Рабочий персонал']","['Промышленное оборудование', 'Промышленное оборудование', 'Квалифицированный рабочий']",Москва,"['Перово', 'Шоссе Энтузиастов', 'Кусково']","['МЦД3', 'МЦК', 'МЦД4']","['orangered', 'lightpink', 'mediumaquamarine']","Москва, Зелёный проспект, 7",249006,более 5000,928.0,"Группа Компаний ""Медси""/АО ""ГРУППА КОМПАНИЙ ""МЕДСИ""",От 1 года,Полный рабочий день,Не имеет значения,55.749973,37.775452,https://www.superjob.ru/vakansii/tehnik-51831309.html,80500.0
30892755,Сварщик-сборщик кованных изделий,120000,250000,rub,"['Промышленность, производство', 'Рабочий персонал']","['Металлургия', 'Производство товаров народного потребления', 'Другое', 'Производство металлических изделий и заготовок', 'Квалифицированный рабочий']",Люберцы,[],[],[],"Московская область, городской округ Люберцы, посёлок городского типа Малаховка",3412592,менее 50,1.0,Феникс,От 3 лет,Полный рабочий день,Среднее специальное,55.642578,38.009373,https://lyubertsy.superjob.ru/vakansii/svarschik-sborschik-kovannyh-izdelij-30892755.html,185000.0
11669805,Ювелир-монтировщик,60000,100000,rub,"['Промышленность, производство']",['Ювелирная промышленность'],Москва,['Щёлковская'],['Арбатско-Покровская'],['darkblue'],"Москва, Черницынский проезд",159724,менее 50,1.0,"""Ювелирная фабрика""Альдзена""",От 3 лет,Полный рабочий день,Не имеет значения,55.820778,37.789257,https://www.superjob.ru/vakansii/yuvelir-montirovschik-11669805.html,80000.0
29629505,Обувщик (ручная затяжка обуви),85000,120000,rub,"['Промышленность, производство', 'Услуги, ремонт, сервисное обслуживание', 'Рабочий персонал']","['Легкая промышленность', 'Обувь', 'Квалифицированный рабочий']",Москва,"['Новогиреево', 'Перово', 'Шоссе Энтузиастов']","['МЦД4', 'МЦД3', 'МЦК']","['mediumaquamarine', 'orangered', 'lightpink']","Москва, улица Плющева, 18к2",2925313,менее 50,3.0,Метеор,От 1 года,Полный рабочий день,Среднее специальное,55.74136,37.76054,https://www.superjob.ru/vakansii/obuvschik-29629505.html,102500.0
49174269,Закройщик по шторам,90000,180000,rub,"['Промышленность, производство', 'Услуги, ремонт, сервисное обслуживание', 'Рабочий персонал']","['Легкая промышленность', 'Производство товаров народного потребления', 'Ателье', 'Рабочий персонал, разное']",Москва,['Волоколамская'],['МЦД2'],['fuchsia'],"Москва, Новотушинский проезд, 10к2",4750414,менее 50,1.0,Natalis Art,От 3 лет,Сменный график работы,Не имеет значения,55.840492,37.380928,https://www.superjob.ru/vakansii/zakrojschik-po-shtoram-49174269.html,135000.0
49914311,Тестовод,85000,100000,rub,"['Туризм, гостиницы, общественное питание', 'Промышленность, производство']","['Рестораны, кафе, столовые, фастфуд', 'Пищевая промышленность']",Москва,['Волгоградский проспект'],['Таганско-Краснопресненская'],['violet'],"Москва, улица Талалихина, 41с57",74315,более 5000,160.0,Азбука вкуса,От 1 года,Сменный график работы,Не имеет значения,55.728535,37.690022,https://www.superjob.ru/vakansii/testovod-49914311.html,92500.0
50313486,Инженер пожарной профилактики,73100,73100,rub,"['Безопасность, службы охраны', 'Промышленность, производство']","['Пожарная безопасность', 'Машиностроение, станкостроение', 'Приборостроение', 'Производство товаров народного потребления', 'Другое']",Москва,[],[],[],"Москва, Новомосковский административный округ, аэропорт Внуково имени А.Н. Туполева",2720788,1000 — 5000,47.0,Международный аэропорт Внуково,От 1 года,Полный рабочий день,Среднее специальное,55.605057,37.286293,https://www.superjob.ru/vakansii/inzhener-pozharnoj-profilaktiki-50313486.html,73100.0
51801512,Оператор-станочник деревообрабатывающих станков (столяр),45000,70000,rub,"['Промышленность, производство', 'Рабочий персонал']","['Лесная промышленность', 'Мебельное производство', 'Рабочий персонал, разное', 'Квалифицированный рабочий']",Сыктывкар,[],[],[],"Сыктывкар, 1-я Промышленная улица, д. 72",4353589,менее 50,340.0,Jobers,Без опыта,Сменный график работы,Среднее специальное,61.726021,50.751122,https://syktyvkar.superjob.ru/vakansii/operator-stanochnik-derevoobrabatyvayuschih-stankov-51801512.html,57500.0
51801598,Продавец в зону готовой еды,42000,56000,rub,"['Промышленность, производство']",['Пищевая промышленность'],Вологда,[],[],[],"Вологда, Полевая, 9",280168,более 5000,18163.0,"Магнит, Розничная сеть",Не имеет значения,Сменный график работы,Не имеет значения,59.249126,39.838619,https://vologda.superjob.ru/vakansii/prodavec-v-zonu-gotovoj-edy-51801598.html,49000.0
51801600,Контролер ОТК,60000,70000,rub,"['Промышленность, производство']","['Контроль качества, сертификация, экспертиза']",Москва,[],[],[],,2631007,более 5000,37.0,ЦЕМРОС,Без опыта,Полный рабочий день,Не имеет значения,,,https://www.superjob.ru/vakansii/kontroler-otk-51801600.html,65000.0
51850328,Электромонтер по ремонту и обслуживанию электрооборудования,140000,165000,rub,"['Промышленность, производство', 'Консалтинг, стратегическое развитие']","['Энергетика', 'Кадровый консалтинг']",Иркутск,[],[],[],,2837310,более 5000,574.0,СтройТрансНефтеГаз,От 1 года,Полный рабочий день,Не имеет значения,,,https://irkutsk.superjob.ru/vakansii/elektromonter-po-remontu-i-obsluzhivaniyu-elektrooborudovaniya-51850328.html,152500.0
51643465,Инженер-лаборант полевой лаборатории,66185,75000,rub,"['Промышленность, производство', 'Сырье']","['Атомная энергетика', 'Энергетика', 'Контроль качества, сертификация, экспертиза', 'Другое', 'Разведка и разработка месторождений']",Воронеж,[],[],[],"Воронеж, улица Берёзовая Роща, 6А",3440179,1000 — 5000,28.0,Росжелдорпроект,От 3 лет,Полный рабочий день,Не имеет значения,51.698463,39.224648,https://voronezh.superjob.ru/vakansii/inzhener-laborant-polevoj-laboratorii-51643465.html,70592.5
51801471,Сборщик мебели,120000,200000,rub,"['Промышленность, производство', 'Рабочий персонал']","['Мебельное производство', 'Рабочий персонал, разное']",Тула,[],[],[],"Тульская обл, Ленинский р-н, деревня Нижняя Китаевка, ул 1-й Микрорайон, д 23",3797376,менее 50,337.0,JOBCART.RU,От 3 лет,Полный рабочий день,Не имеет значения,54.158371,37.552059,https://tula.superjob.ru/vakansii/sborschik-mebeli-51801471.html,160000.0
51840805,"Пекарь (Уфа, Менделеева, 132)",46400,62700,rub,"['Туризм, гостиницы, общественное питание', 'Промышленность, производство']","['Рестораны, кафе, столовые, фастфуд', 'Пищевая промышленность']",Уфа,[],[],[],,2635306,более 5000,49868.0,Пятёрочка,Не имеет значения,Частичная занятость / Совместительство,Не имеет значения,,,https://ufa.superjob.ru/vakansii/pekar-51840805.html,54550.0
49914503,Формовщик теста,68000,82000,rub,"['Туризм, гостиницы, общественное питание', 'Промышленность, производство']","['Рестораны, кафе, столовые, фастфуд', 'Пищевая промышленность']",Москва,['Волгоградский проспект'],['Таганско-Краснопресненская'],['violet'],"Москва, улица Талалихина, 41с57",74315,более 5000,160.0,Азбука вкуса,От 1 года,Сменный график работы,Не имеет значения,55.728535,37.690022,https://www.superjob.ru/vakansii/formovschik-testa-49914503.html,75000.0
51035624,Токарь 5-6 разряда,115000,130000,rub,"['Промышленность, производство']","['Начало карьеры, мало опыта']",Белоозерский,[],[],[],"Московская область, городской округ Воскресенск, Белоозёрский",4566322,менее 50,5.0,ФКП ГКНИПАС ИМЕНИ Л. К. САФРОНОВА,От 3 лет,Полный рабочий день,Среднее специальное,55.459618,38.438919,https://beloozerskiy.superjob.ru/vakansii/tokar-5-6-razryada-51035624.html,122500.0
51698265,Инженер-энергетик СГИ,161040,161040,rub,"['Строительство, проектирование, недвижимость', 'Промышленность, производство']","['Строительно-монтажные работы', 'Технический надзор, строительная экспертиза / ПТО', 'Атомная энергетика']",Москва,[],[],[],"Москва, Космодамианская набережная, 22",355437,100 — 500,5115.0,ФБУН ЦНИИ Эпидемиологии Роспотребнадзора,От 3 лет,Полный рабочий день,Не имеет значения,55.743275,37.640999,https://www.superjob.ru/vakansii/inzhener-energetik-sgi-51698265.html,161040.0
51801510,Сортировщик пиломатериалов (разнорабочий на склад),45000,70000,rub,"['Промышленность, производство']",['Лесная промышленность'],Сыктывкар,[],[],[],"Сыктывкар, 1-я Промышленная улица, д. 72",4353589,менее 50,340.0,Jobers,Без опыта,Сменный график работы,Среднее специальное,61.726021,50.751122,https://syktyvkar.superjob.ru/vakansii/sortirovschik-pilomaterialov-51801510.html,57500.0
51801588,Продавец в зону готовой еды,36300,48400,rub,"['Промышленность, производство']","['Пищевая промышленность', 'Производство алкогольных и безалкогольных напитков', 'Производство товаров народного потребления']",Ярославль,[],[],[],"Ярославль, Московский, 129",280168,более 5000,18163.0,"Магнит, Розничная сеть",Не имеет значения,Сменный график работы,Не имеет значения,57.594368,39.867691,https://yaroslavl.superjob.ru/vakansii/prodavec-v-zonu-gotovoj-edy-51801588.html,42350.0
51801601,Контролер ОТК,60000,70000,rub,"['Промышленность, производство']","['Контроль качества, сертификация, экспертиза']",Видное,[],[],[],,2631007,более 5000,37.0,ЦЕМРОС,Без опыта,Полный рабочий день,Не имеет значения,,,https://vidnoe.superjob.ru/vakansii/kontroler-otk-51801601.html,65000.0
51827354,Помощник машиниста железнодорожно-строительной машины,98000,107000,rub,"['Транспорт, логистика, ВЭД', 'Промышленность, производство', 'Рабочий персонал']","['Железнодорожные перевозки', 'Железнодорожное машиностроение', 'Рабочий персонал, разное', 'Квалифицированный рабочий']",Дзержинск (Нижегородская область),[],[],[],"Нижний Новгород, Кондукторская, 26А",2466656,более 5000,6387.0,Российские железные дороги,Без опыта,Работа вахтовым методом,Среднее,56.274204,43.837093,https://dzerzhinsk.superjob.ru/vakansii/pomoschnik-mashinista-zheleznodorozhno-stroitelnoj-mashiny-51827354.html,102500.0
51830906,Пекарь,70000,70000,rub,"['Туризм, гостиницы, общественное питание', 'Промышленность, производство']","['Рестораны, кафе, столовые, фастфуд', 'Пищевая промышленность']",Москва,['Ботанический сад'],['МЦК'],['lightpink'],"Москва, улица Вильгельма Пика, 4с8",314091,1000 — 5000,5.0,"ФГБОУ ВО РГСУ, РГСУ, РОССИЙСКИЙ ГОСУДАРСТВЕННЫЙ СОЦИАЛЬНЫЙ УНИВЕРСИТЕТ",От 1 года,Полный рабочий день,Не имеет значения,55.835155,37.63448,https://www.superjob.ru/vakansii/pekar-51830906.html,70000.0
51834400,Повар горячего цеха,45000,60000,rub,"['Туризм, гостиницы, общественное питание', 'Промышленность, производство']","['Рестораны, кафе, столовые, фастфуд', 'Пищевая промышленность']",Пенза,[],[],[],"Пенза, Насосная улица, 3к1",4578285,менее 50,1.0,ВИРАЖ,Без опыта,Полный рабочий день,Не имеет значения,53.214149,45.018513,https://penza.superjob.ru/vakansii/povar-goryachego-ceha-51834400.html,52500.0
51850243,Инженер по релейной защите и автоматике,86200,86200,rub,"['Промышленность, производство']",['Радиотехническая и электронная промышленность'],Кемь,[],[],[],"Республика Карелия, Кемь",289082,более 5000,60.0,Территориальная генерирующая компания №1,От 1 года,Полный рабочий день,Не имеет значения,64.955528,34.598381,https://kem.superjob.ru/vakansii/inzhener-po-relejnoj-zaschite-i-avtomatike-51850243.html,86200.0
51852410,Повар-универсал (вахта),108000,130500,rub,"['Туризм, гостиницы, общественное питание', 'Промышленность, производство']","['Рестораны, кафе, столовые, фастфуд', 'Пищевая промышленность']",Москва,[],[],[],"Москва, Казанский вокзал",3057449,500 — 1000,6.0,"Сеть пансионатов ""Теплые беседы""",От 3 лет,Полный рабочий день,Не имеет значения,55.773449,37.655331,https://www.superjob.ru/vakansii/povar-universal-51852410.html,119250.0
51863714,Автомеханик / Автослесарь,120000,220000,rub,"['Промышленность, производство', 'Услуги, ремонт, сервисное обслуживание', 'Рабочий персонал']","['Автомобильная промышленность', 'Автосервис', 'Квалифицированный рабочий']",Москва,[],[],[],,11854,1000 — 5000,2.0,СП БИЗНЕС КАР,От 1 года,Полный рабочий день,Не имеет значения,,,https://www.superjob.ru/vakansii/avtomehanik-51863714.html,170000.0
49725375,Пекарь,57500,63300,rub,"['Туризм, гостиницы, общественное питание', 'Промышленность, производство']","['Рестораны, кафе, столовые, фастфуд', 'Пищевая промышленность']",Хабаровск,[],[],[],"Хабаровск, Вахова А. А., 10",2635306,более 5000,49868.0,Пятёрочка,Не имеет значения,Частичная занятость / Совместительство,Не имеет значения,48.436588,135.098709,https://habarovsk.superjob.ru/vakansii/pekar-49725375.html,60400.0
51868495,Начинающий сушист в японский ресторан,70000,150000,rub,"['Промышленность, производство']",['Пищевая промышленность'],Одинцово,[],[],[],"Московская область, г. Одинцово, шоссе Можайское, д. 100А. 100А",0,,,,Без опыта,Полный рабочий день,Не имеет значения,55.684086,37.299892,https://odintsovo.superjob.ru/vakansii/nachinayuschij-sushist-v-yaponskij-restoran-51868495.html,110000.0
46283522,Пекарь,92000,150000,rub,"['Туризм, гостиницы, общественное питание', 'Промышленность, производство']","['Рестораны, кафе, столовые, фастфуд', 'Пищевая промышленность']",Путилково,[],[],[],"Москва, МКАД, 71-й километр, с16",4380216,менее 50,1.0,Штолле-Столица,Без опыта,Полный рабочий день,Не имеет значения,55.860317,37.397251,https://putilkovo.superjob.ru/vakansii/pekar-46283522.html,121000.0
47867342,Мастер мебельного производства,80000,150000,rub,"['Промышленность, производство']",['Мебельное производство'],Владивосток,[],[],[],"Приморский край, Владивосток, Можайская улица, 28В",4538568,менее 50,1.0,ЗОЛОТОЙ ЛЕГИОН,От 1 года,Полный рабочий день,Не имеет значения,43.086678,131.948318,https://vladivostok.superjob.ru/vakansii/master-mebelnogo-proizvodstva-47867342.html,115000.0
49070448,Ученик ткача,50000,80000,rub,"['Промышленность, производство', 'Рабочий персонал']","['Легкая промышленность', 'Рабочий персонал, разное', 'Квалифицированный рабочий']",Павловский Посад,[],[],[],"Московская область, Павлово-Посадский городской округ, село Рахманово, 172",4599115,менее 50,3.0,Текс-Центр,Без опыта,Сменный график работы,Не имеет значения,55.742569,38.612068,https://pavlovskiy-posad.superjob.ru/vakansii/uchenik-tkacha-49070448.html,65000.0
50334854,Инженер-механик по с/х технике,70000,120000,rub,"['Промышленность, производство']","['Авиационная промышленность', 'Автомобильная промышленность', 'Железнодорожное машиностроение', 'Машиностроение, станкостроение', 'Нефтегазовое машиностроение']",Ижевск,[],[],[],"Удмуртская Республика, Ижевск, улица Гагарина, 83/1",568077,100 — 500,4.0,"ТФК ""Автотехимпорт""",Без опыта,Полный рабочий день,Среднее специальное,56.781704,53.175728,https://izhevsk.superjob.ru/vakansii/inzhener-mehanik-po-s-50334854.html,95000.0
51092850,Повар горячего цеха,5000,5800,rub,"['Туризм, гостиницы, общественное питание', 'Промышленность, производство']","['Рестораны, кафе, столовые, фастфуд', 'Пищевая промышленность']",Москва,['Озёрная'],['Калининско-Солнцевская'],['yellow'],"Москва, Рябиновая улица",74315,более 5000,160.0,Азбука вкуса,От 1 года,Сменный график работы,Не имеет значения,55.692318,37.426239,https://www.superjob.ru/vakansii/povar-goryachego-ceha-51092850.html,5400.0
51092993,Инженер КИПиА,134000,134000,rub,"['Промышленность, производство']","['Приборостроение', 'Промышленное оборудование', 'Радиотехническая и электронная промышленность', 'Энергетика']",Москва,[],[],[],"Москва, Солнцевская линия, метро Аэропорт Внуково",2720788,1000 — 5000,47.0,Международный аэропорт Внуково,От 1 года,Полный рабочий день,Не имеет значения,55.607086,37.287701,https://www.superjob.ru/vakansii/inzhener-kipia-51092993.html,134000.0
51742438,Инженер-энергетик,35000,40000,rub,"['Промышленность, производство']",['Энергетика'],Астрахань,[],[],[],"Астрахань, улица Чернышевского, 10/25",14215,более 5000,1380.0,Почта России,От 1 года,Полный рабочий день,Не имеет значения,46.348503,48.037384,https://astrakhan.superjob.ru/vakansii/inzhener-energetik-51742438.html,37500.0
51801581,Продавец в зону готовой еды,30200,48300,rub,"['Промышленность, производство']",['Пищевая промышленность'],Ульяновск,[],[],[],"Ульяновск, Полбина, 50",280168,более 5000,18163.0,"Магнит, Розничная сеть",Не имеет значения,Сменный график работы,Не имеет значения,54.303608,48.347984,https://ulyanovsk.superjob.ru/vakansii/prodavec-v-zonu-gotovoj-edy-51801581.html,39250.0
51827350,Помощник машиниста железнодорожно-строительной машины,98000,107000,rub,"['Транспорт, логистика, ВЭД', 'Промышленность, производство', 'Рабочий персонал']","['Железнодорожные перевозки', 'Железнодорожное машиностроение', 'Рабочий персонал, разное', 'Квалифицированный рабочий']",Нижний Новгород,[],[],[],"Нижний Новгород, Кондукторская, 26А",2466656,более 5000,6387.0,Российские железные дороги,Без опыта,Работа вахтовым методом,Среднее,56.274204,43.837093,https://nn.superjob.ru/vakansii/pomoschnik-mashinista-zheleznodorozhno-stroitelnoj-mashiny-51827350.html,102500.0
51850198,Наладчик (сервис инженер) экструзионного и пакетоделательного оборудования,100000,300000,rub,"['Промышленность, производство', 'Услуги, ремонт, сервисное обслуживание', 'Рабочий персонал']","['Промышленное оборудование', 'Промышленное оборудование', 'Квалифицированный рабочий']",Москва,['Фрунзенская'],['Сокольническая'],['red'],"Москва, улица Россолимо, 17",404363,менее 50,15.0,Полимерпроект,От 3 лет,Полный рабочий день,Не имеет значения,55.733345,37.577599,https://www.superjob.ru/vakansii/naladchik-51850198.html,200000.0
51850331,Мастер смены в типографию,123000,150000,rub,"['Промышленность, производство']","['Полиграфическое производство', 'Металлургия', 'Пищевая промышленность', 'Производство алкогольных и безалкогольных напитков', 'Производство товаров народного потребления']",Москва,['Авиамоторная'],['МЦД3'],['orangered'],"Москва, 2-я Кабельная улица, д. 2с5",4353589,менее 50,340.0,Jobers,Без опыта,Сменный график работы,Не имеет значения,55.748074,37.71413,https://www.superjob.ru/vakansii/master-smeny-v-tipografiyu-51850331.html,136500.0
51863537,Инженер по медоборудованию,50000,100000,rub,"['Промышленность, производство']","['Машиностроение, станкостроение', 'Приборостроение', 'Производство товаров народного потребления', 'Промышленное оборудование', 'Другое']",Одинцово,[],[],[],"Одинцово, Школьная улица, 26",2683220,50 — 100,30.0,Город здоровья,От 3 лет,Частичная занятость / Совместительство,Не имеет значения,,,https://odintsovo.superjob.ru/vakansii/inzhener-po-medoborudovaniyu-51863537.html,75000.0
31186958,Монтажник-сборщик (изготовление наружной рекламы) /,65000,65000,rub,"['Промышленность, производство', 'Маркетинг, реклама, PR', 'Рабочий персонал']","['Полиграфическое производство', 'Наружная реклама', 'Печатная реклама', 'Производство рекламы', 'Рабочий персонал, разное']",Симферополь,[],[],[],"Респ. Крым, Симферополь, ул. Объездная, д. 10",3475321,менее 50,1.0,Астра,От 1 года,Полный рабочий день,Не имеет значения,44.942158,34.086086,https://simferopol.superjob.ru/vakansii/montazhnik-sborschik-31186958.html,65000.0
50567613,Пекарь,44000,51000,rub,"['Туризм, гостиницы, общественное питание', 'Промышленность, производство']","['Рестораны, кафе, столовые, фастфуд', 'Пищевая промышленность']",Великие Луки,[],[],[],"Великие Луки, Сизова, 10",2635306,более 5000,49868.0,Пятёрочка,Не имеет значения,Частичная занятость / Совместительство,Не имеет значения,56.334408,30.565331,https://velikie-luki.superjob.ru/vakansii/pekar-50567613.html,47500.0
51792687,"Пекарь (Улан-Удэ, Революции 1905 года, 42)",53900,70100,rub,"['Туризм, гостиницы, общественное питание', 'Промышленность, производство']","['Рестораны, кафе, столовые, фастфуд', 'Пищевая промышленность']",Улан-Удэ,[],[],[],,2635306,более 5000,49868.0,Пятёрочка,Не имеет значения,Частичная занятость / Совместительство,Не имеет значения,,,https://ulan-ude.superjob.ru/vakansii/pekar-51792687.html,62000.0
51792694,"Пекарь (Зеленоградск, Окружная, 5)",51000,85000,rub,"['Туризм, гостиницы, общественное питание', 'Промышленность, производство']","['Рестораны, кафе, столовые, фастфуд', 'Пищевая промышленность']",Зеленоградск,[],[],[],,2635306,более 5000,49868.0,Пятёрочка,Не имеет значения,Частичная занятость / Совместительство,Не имеет значения,,,https://zelenogradsk.superjob.ru/vakansii/pekar-51792694.html,68000.0
51792695,"Пекарь (Верхняя Пышма, Машиностроителей, 21)",53400,72000,rub,"['Туризм, гостиницы, общественное питание', 'Промышленность, производство']","['Рестораны, кафе, столовые, фастфуд', 'Пищевая промышленность']",Верхняя Пышма,[],[],[],,2635306,более 5000,49868.0,Пятёрочка,Не имеет значения,Частичная занятость / Совместительство,Не имеет значения,,,https://verhnyaya-pishma.superjob.ru/vakansii/pekar-51792695.html,62700.0
51822411,"Пекарь (Михайловка, Михайловка, Аграрная, 1)",46400,62700,rub,"['Туризм, гостиницы, общественное питание', 'Промышленность, производство']","['Рестораны, кафе, столовые, фастфуд', 'Пищевая промышленность']",Михайловка (Республика Башкортостан),[],[],[],,2635306,более 5000,49868.0,Пятёрочка,Не имеет значения,Частичная занятость / Совместительство,Не имеет значения,,,https://mihaylovka-bashkortostan.superjob.ru/vakansii/pekar-51822411.html,54550.0
51822413,"Пекарь (Москва, Старопетровский, 1)",80000,100000,rub,"['Туризм, гостиницы, общественное питание', 'Промышленность, производство']","['Рестораны, кафе, столовые, фастфуд', 'Пищевая промышленность']",Москва,[],[],[],,2635306,более 5000,49868.0,Пятёрочка,Не имеет значения,Частичная занятость / Совместительство,Не имеет значения,,,https://www.superjob.ru/vakansii/pekar-51822413.html,90000.0
51822415,"Пекарь (Новоалександрово, Новоалександрово, Студенческая, 3А)",50000,63000,rub,"['Туризм, гостиницы, общественное питание', 'Промышленность, производство']","['Рестораны, кафе, столовые, фастфуд', 'Пищевая промышленность']",Владимир,[],[],[],,2635306,более 5000,49868.0,Пятёрочка,Не имеет значения,Частичная занятость / Совместительство,Не имеет значения,,,https://vladimir.superjob.ru/vakansii/pekar-51822415.html,56500.0
48256609,Оператор по химической обработке скважин,60000,65000,rub,"['Промышленность, производство']",['Химическая промышленность'],Дубовый Умет (Самарская область),[],[],[],"Самарская область, Волжский район, сельское поселение Дубовый Умёт, посёлок Ровно-Владимировка, Центральная улица, 6",4547020,100 — 500,253.0,ЛАЙСАН,От 3 лет,Полный рабочий день,Не имеет значения,52.914764,50.375507,https://www.superjob.ru/vakansii/operator-po-himicheskoj-obrabotke-skvazhin-48256609.html,62500.0
50683363,Мастер аварийно-восстановительной бригады,92000,138000,rub,"['Строительство, проектирование, недвижимость', 'Промышленность, производство', 'Рабочий персонал']","['Электроснабжение', 'Слаботочные системы и сети', 'Энергетика', 'Рабочий персонал, разное']",Москва,"['Отрадное', 'Владыкино']","['Серпуховско-Тимирязевская', 'МЦК']","['gray', 'lightpink']","Москва, Отрадная улица, 2Бс6",4019802,более 5000,44.0,Объединенная энергетическая компания,От 3 лет,Сменный график работы,Среднее специальное,55.856564,37.599506,https://www.superjob.ru/vakansii/master-avarijno-vosstanovitelnoj-brigady-50683363.html,115000.0
51700672,"Машинист ДЭС, вахта 60/60 Чукотка",160000,160000,rub,"['Промышленность, производство']","['Нефтегазовое машиностроение', 'Пищевая промышленность']",Самара,[],[],[],,4744563,1000 — 5000,4189.0,АКС,От 3 лет,Работа вахтовым методом,Не имеет значения,,,https://samara.superjob.ru/vakansii/mashinist-des-51700672.html,160000.0
51826943,Начальник участка/смены,35000,40000,rub,"['Строительство, проектирование, недвижимость', 'Промышленность, производство']","['Строительно-монтажные работы', 'Электроснабжение', 'Трубопроводы', 'Транспортные системы (мосты, дороги, тоннели)', 'Производство стройматериалов']",Курган,[],[],[],"Курган, Станционная улица, 13А",14215,более 5000,1380.0,Почта России,Без опыта,Полный рабочий день,Не имеет значения,55.442062,65.321327,https://kurgan.superjob.ru/vakansii/nachalnik-uchastka-51826943.html,37500.0
51834361,Обвальщик-жиловщик мяса,80000,100000,rub,"['Промышленность, производство']",['Пищевая промышленность'],Ишим,[],[],[],"Ишим, Республики, д. 1",4353589,менее 50,340.0,Jobers,Без опыта,Сменный график работы,Не имеет значения,56.123402,69.494957,https://ishim.superjob.ru/vakansii/obvalschik-zhilovschik-myasa-51834361.html,90000.0
51865141,Продавец в зону готовой еды,63200,89300,rub,"['Промышленность, производство']",['Пищевая промышленность'],Парголово,[],[],[],"Парголово, Парголово, Николая Рубцова, 5",280168,более 5000,18163.0,"Магнит, Розничная сеть",Не имеет значения,Сменный график работы,Не имеет значения,60.075985,30.343805,https://www.superjob.ru/vakansii/prodavec-v-zonu-gotovoj-edy-51865141.html,76250.0
51870449,Осмотрщик-ремонтник вагонов,83000,92000,rub,"['Промышленность, производство', 'Рабочий персонал']","['Железнодорожное машиностроение', 'Рабочий персонал, разное', 'Квалифицированный рабочий']",Казань,[],[],[],"Казань, Нариманова, 2",2466656,более 5000,6387.0,Российские железные дороги,Без опыта,Полный рабочий день,Среднее,55.787426,49.100925,https://kazan.superjob.ru/vakansii/osmotrschik-remontnik-vagonov-51870449.html,87500.0
48937135,Пекарь,33000,43000,rub,"['Туризм, гостиницы, общественное питание', 'Промышленность, производство']","['Рестораны, кафе, столовые, фастфуд', 'Пищевая промышленность']",Тобольск,[],[],[],"Тобольск, 3, 32",2635306,более 5000,49868.0,Пятёрочка,Не имеет значения,Частичная занятость / Совместительство,Не имеет значения,58.20089,68.253998,https://tobolsk.superjob.ru/vakansii/pekar-48937135.html,38000.0
49884487,Пекарь,43000,58600,rub,"['Туризм, гостиницы, общественное питание', 'Промышленность, производство']","['Рестораны, кафе, столовые, фастфуд', 'Пищевая промышленность']",Новокуйбышевск,[],[],[],"Новокуйбышевск, Дзержинского, 18",2635306,более 5000,49868.0,Пятёрочка,Не имеет значения,Частичная занятость / Совместительство,Не имеет значения,53.090996,49.964485,https://novokuybyshevsk.superjob.ru/vakansii/pekar-49884487.html,50800.0
50567137,Пекарь,50900,66200,rub,"['Туризм, гостиницы, общественное питание', 'Промышленность, производство']","['Рестораны, кафе, столовые, фастфуд', 'Пищевая промышленность']",Новосибирск,[],[],[],"Новосибирск, Галущака, 2А",2635306,более 5000,49868.0,Пятёрочка,Не имеет значения,Частичная занятость / Совместительство,Не имеет значения,55.051495,82.902016,https://nsk.superjob.ru/vakansii/pekar-50567137.html,58550.0
50567188,Пекарь,52000,60000,rub,"['Туризм, гостиницы, общественное питание', 'Промышленность, производство', 'Продажи']","['Рестораны, кафе, столовые, фастфуд', 'Пищевая промышленность', 'Начало карьеры, мало опыта']",Краснодар,[],[],[],"Краснодар, Старокубанская, 139",2635306,более 5000,49868.0,Пятёрочка,От 1 года,Частичная занятость / Совместительство,Не имеет значения,45.025513,39.049847,https://krasnodar.superjob.ru/vakansii/pekar-50567188.html,56000.0
50567233,"Пекарь (Обшаровка, 33)",39800,53700,rub,"['Туризм, гостиницы, общественное питание', 'Промышленность, производство']","['Рестораны, кафе, столовые, фастфуд', 'Пищевая промышленность']",Октябрьск,[],[],[],"Обшаровка, Шоссейная",2635306,более 5000,49868.0,Пятёрочка,Не имеет значения,Частичная занятость / Совместительство,Не имеет значения,53.112358,48.867249,https://oktyabrsk.superjob.ru/vakansii/pekar-50567233.html,46750.0
50567247,Пекарь,32666,44098,rub,"['Туризм, гостиницы, общественное питание', 'Промышленность, производство']","['Рестораны, кафе, столовые, фастфуд', 'Пищевая промышленность']",Ессентуки,[],[],[],"Ессентуки, Октябрьская",2635306,более 5000,49868.0,Пятёрочка,Не имеет значения,Частичная занятость / Совместительство,Не имеет значения,44.03923,42.870651,https://essentuki.superjob.ru/vakansii/pekar-50567247.html,38382.0
50567287,Пекарь,75600,96800,rub,"['Туризм, гостиницы, общественное питание', 'Промышленность, производство']","['Рестораны, кафе, столовые, фастфуд', 'Пищевая промышленность']",Пушкин,[],[],[],"Пушкин, Октябрьский, 7/29",2635306,более 5000,49868.0,Пятёрочка,Не имеет значения,Частичная занятость / Совместительство,Не имеет значения,59.724483,30.405897,https://pushkin.superjob.ru/vakansii/pekar-50567287.html,86200.0
50567317,Пекарь,37000,45000,rub,"['Туризм, гостиницы, общественное питание', 'Промышленность, производство']","['Рестораны, кафе, столовые, фастфуд', 'Пищевая промышленность']",Гаврилов-Ям,[],[],[],"Гаврилов-Ям, 8 Марта, 15А",2635306,более 5000,49868.0,Пятёрочка,Не имеет значения,Частичная занятость / Совместительство,Не имеет значения,57.316326,39.837822,https://gavrilov-yam.superjob.ru/vakansii/pekar-50567317.html,41000.0
50567360,Пекарь,63000,77000,rub,"['Туризм, гостиницы, общественное питание', 'Промышленность, производство']","['Рестораны, кафе, столовые, фастфуд', 'Пищевая промышленность']",Щелково,[],[],[],"Щёлково, Богослово, 13А",2635306,более 5000,49868.0,Пятёрочка,Не имеет значения,Частичная занятость / Совместительство,Не имеет значения,56.015587,38.071663,https://schelkovo.superjob.ru/vakansii/pekar-50567360.html,70000.0
50567446,Пекарь,47000,57000,rub,"['Туризм, гостиницы, общественное питание', 'Промышленность, производство', 'Продажи']","['Рестораны, кафе, столовые, фастфуд', 'Пищевая промышленность', 'Начало карьеры, мало опыта']",Иваново,[],[],[],"Иваново, Большая Воробьевская, 16",2635306,более 5000,49868.0,Пятёрочка,От 1 года,Частичная занятость / Совместительство,Не имеет значения,56.993465,40.967804,https://ivanovo.superjob.ru/vakansii/pekar-50567446.html,52000.0
50567455,Пекарь,27862,37613,rub,"['Туризм, гостиницы, общественное питание', 'Промышленность, производство', 'Продажи']","['Рестораны, кафе, столовые, фастфуд', 'Пищевая промышленность', 'Начало карьеры, мало опыта']",Миллерово,[],[],[],"Миллерово, Карьерный, 8",2635306,более 5000,49868.0,Пятёрочка,Без опыта,Полный рабочий день,Не имеет значения,48.928112,40.420242,https://millerovo.superjob.ru/vakansii/pekar-50567455.html,32737.5
50567469,Пекарь,80000,100000,rub,"['Туризм, гостиницы, общественное питание', 'Промышленность, производство']","['Рестораны, кафе, столовые, фастфуд', 'Пищевая промышленность']",Москва,[],[],[],"Москва, Грайвороновская, 12",2635306,более 5000,49868.0,Пятёрочка,Не имеет значения,Частичная занятость / Совместительство,Не имеет значения,55.720463,37.731998,https://www.superjob.ru/vakansii/pekar-50567469.html,90000.0
50567491,Пекарь,56200,61800,rub,"['Туризм, гостиницы, общественное питание', 'Промышленность, производство', 'Продажи']","['Рестораны, кафе, столовые, фастфуд', 'Пищевая промышленность', 'Начало карьеры, мало опыта']",Славянка,[],[],[],"Славянка, Ленинская, 64",2635306,более 5000,49868.0,Пятёрочка,От 1 года,Частичная занятость / Совместительство,Не имеет значения,42.862171,131.38829,https://vladivostok.superjob.ru/vakansii/pekar-50567491.html,59000.0
50567542,Пекарь,52000,60000,rub,"['Туризм, гостиницы, общественное питание', 'Промышленность, производство']","['Рестораны, кафе, столовые, фастфуд', 'Пищевая промышленность']",Казань,[],[],[],"Казань, Серова, 41А",2635306,более 5000,49868.0,Пятёрочка,Не имеет значения,Частичная занятость / Совместительство,Не имеет значения,55.824474,49.074093,https://kazan.superjob.ru/vakansii/pekar-50567542.html,56000.0
51766133,"Пекарь (Электросталь, Фрязево, Железнодорожная, 2)",63000,77000,rub,"['Туризм, гостиницы, общественное питание', 'Промышленность, производство']","['Рестораны, кафе, столовые, фастфуд', 'Пищевая промышленность']",Электросталь,[],[],[],,2635306,более 5000,49868.0,Пятёрочка,Не имеет значения,Частичная занятость / Совместительство,Не имеет значения,,,https://elektrostal.superjob.ru/vakansii/pekar-51766133.html,70000.0
51792596,"Пекарь (Нальчик, Кулиева, 18)",30000,36000,rub,"['Туризм, гостиницы, общественное питание', 'Промышленность, производство']","['Рестораны, кафе, столовые, фастфуд', 'Пищевая промышленность']",Нальчик,[],[],[],,2635306,более 5000,49868.0,Пятёрочка,Не имеет значения,Частичная занятость / Совместительство,Не имеет значения,,,https://nalchik.superjob.ru/vakansii/pekar-51792596.html,33000.0
51792603,Пекарь,47900,64700,rub,"['Туризм, гостиницы, общественное питание', 'Промышленность, производство']","['Рестораны, кафе, столовые, фастфуд', 'Пищевая промышленность']",Североуральск,[],[],[],"Североуральск, Островского, 75а",2635306,более 5000,49868.0,Пятёрочка,Не имеет значения,Частичная занятость / Совместительство,Не имеет значения,60.158585,59.942135,https://severouralsk.superjob.ru/vakansii/pekar-51792603.html,56300.0
51792604,"Пекарь (Красногвардейское, Красногвардейское, Кооперативная)",40800,52300,rub,"['Туризм, гостиницы, общественное питание', 'Промышленность, производство']","['Рестораны, кафе, столовые, фастфуд', 'Пищевая промышленность']",Красногвардейское (Ставропольский край),[],[],[],,2635306,более 5000,49868.0,Пятёрочка,Не имеет значения,Частичная занятость / Совместительство,Не имеет значения,,,https://stavropol.superjob.ru/vakansii/pekar-51792604.html,46550.0
51792608,"Пекарь (Ягодное, Ягодное, Орловская, 105)",47600,59500,rub,"['Туризм, гостиницы, общественное питание', 'Промышленность, производство']","['Рестораны, кафе, столовые, фастфуд', 'Пищевая промышленность']",Ягодное,[],[],[],,2635306,более 5000,49868.0,Пятёрочка,Не имеет значения,Частичная занятость / Совместительство,Не имеет значения,,,https://magadan.superjob.ru/vakansii/pekar-51792608.html,53550.0
51792622,"Пекарь (Завьялово, Завьялово, им Азина, 13)",49000,66000,rub,"['Туризм, гостиницы, общественное питание', 'Промышленность, производство']","['Рестораны, кафе, столовые, фастфуд', 'Пищевая промышленность']",Завьялово,[],[],[],,2635306,более 5000,49868.0,Пятёрочка,Не имеет значения,Частичная занятость / Совместительство,Не имеет значения,,,https://zavyalovo.superjob.ru/vakansii/pekar-51792622.html,57500.0
51792636,"Пекарь (Балашиха, Пуршево, Новослободская, 13а)",50700,61300,rub,"['Туризм, гостиницы, общественное питание', 'Промышленность, производство']","['Рестораны, кафе, столовые, фастфуд', 'Пищевая промышленность']",Балашиха,[],[],[],,2635306,более 5000,49868.0,Пятёрочка,Не имеет значения,Частичная занятость / Совместительство,Не имеет значения,,,https://balashiha.superjob.ru/vakansii/pekar-51792636.html,56000.0
51792638,"Пекарь (Воронеж, Патриотов, 3е)",50000,60000,rub,"['Туризм, гостиницы, общественное питание', 'Промышленность, производство']","['Рестораны, кафе, столовые, фастфуд', 'Пищевая промышленность']",Воронеж,[],[],[],,2635306,более 5000,49868.0,Пятёрочка,Не имеет значения,Частичная занятость / Совместительство,Не имеет значения,,,https://voronezh.superjob.ru/vakansii/pekar-51792638.html,55000.0
51792639,"Пекарь (Нефтекамск, Трактовая, 68а)",32900,44400,rub,"['Туризм, гостиницы, общественное питание', 'Промышленность, производство']","['Рестораны, кафе, столовые, фастфуд', 'Пищевая промышленность']",Нефтекамск,[],[],[],,2635306,более 5000,49868.0,Пятёрочка,Не имеет значения,Частичная занятость / Совместительство,Не имеет значения,,,https://neftekamsk.superjob.ru/vakansii/pekar-51792639.html,38650.0
51792641,"Пекарь (Северодвинск, Морской, 15)",66000,79000,rub,"['Туризм, гостиницы, общественное питание', 'Промышленность, производство']","['Рестораны, кафе, столовые, фастфуд', 'Пищевая промышленность']",Северодвинск,[],[],[],,2635306,более 5000,49868.0,Пятёрочка,Не имеет значения,Частичная занятость / Совместительство,Не имеет значения,,,https://severodvinsk.superjob.ru/vakansii/pekar-51792641.html,72500.0
51792642,"Пекарь (Ногинск, Караваево, Спортивная, 3)",63000,77000,rub,"['Туризм, гостиницы, общественное питание', 'Промышленность, производство']","['Рестораны, кафе, столовые, фастфуд', 'Пищевая промышленность']",Ногинск,[],[],[],,2635306,более 5000,49868.0,Пятёрочка,Не имеет значения,Частичная занятость / Совместительство,Не имеет значения,,,https://noginsk.superjob.ru/vakansii/pekar-51792642.html,70000.0
51792646,Пекарь,58000,72000,rub,"['Туризм, гостиницы, общественное питание', 'Промышленность, производство']","['Рестораны, кафе, столовые, фастфуд', 'Пищевая промышленность']",Павловский Посад,[],[],[],"Павловский Посад, Интернациональная, 63",2635306,более 5000,49868.0,Пятёрочка,Не имеет значения,Частичная занятость / Совместительство,Не имеет значения,55.777981,38.698418,https://pavlovskiy-posad.superjob.ru/vakansii/pekar-51792646.html,65000.0
51792674,"Пекарь (Горячий Ключ, Ярославского, 123)",43000,47400,rub,"['Туризм, гостиницы, общественное питание', 'Промышленность, производство']","['Рестораны, кафе, столовые, фастфуд', 'Пищевая промышленность']",Горячий Ключ,[],[],[],,2635306,более 5000,49868.0,Пятёрочка,Не имеет значения,Частичная занятость / Совместительство,Не имеет значения,,,https://goryachij-klyuch.superjob.ru/vakansii/pekar-51792674.html,45200.0
51792677,"Пекарь (Родники, Шагова, 2)",43000,53000,rub,"['Туризм, гостиницы, общественное питание', 'Промышленность, производство']","['Рестораны, кафе, столовые, фастфуд', 'Пищевая промышленность']",Родники (Ивановская область),[],[],[],,2635306,более 5000,49868.0,Пятёрочка,Не имеет значения,Частичная занятость / Совместительство,Не имеет значения,,,https://rodniki-ivanovskaya-oblast.superjob.ru/vakansii/pekar-51792677.html,48000.0
51792680,Пекарь,36200,48800,rub,"['Туризм, гостиницы, общественное питание', 'Промышленность, производство']","['Рестораны, кафе, столовые, фастфуд', 'Пищевая промышленность']",Туймазы,[],[],[],"Туймазы, Островского, 99а",2635306,более 5000,49868.0,Пятёрочка,Не имеет значения,Частичная занятость / Совместительство,Не имеет значения,54.595573,53.670502,https://tuimazy.superjob.ru/vakansii/pekar-51792680.html,42500.0
51792681,"Пекарь (Кингисепп, Воровского, 18А)",65700,84100,rub,"['Туризм, гостиницы, общественное питание', 'Промышленность, производство']","['Рестораны, кафе, столовые, фастфуд', 'Пищевая промышленность']",Кингисепп,[],[],[],,2635306,более 5000,49868.0,Пятёрочка,Не имеет значения,Частичная занятость / Совместительство,Не имеет значения,,,https://kingisepp.superjob.ru/vakansii/pekar-51792681.html,74900.0
51792684,"Пекарь (Беляницы, Беляницы, 163)",47000,57000,rub,"['Туризм, гостиницы, общественное питание', 'Промышленность, производство']","['Рестораны, кафе, столовые, фастфуд', 'Пищевая промышленность']",Беляницы,[],[],[],,2635306,более 5000,49868.0,Пятёрочка,Не имеет значения,Частичная занятость / Совместительство,Не имеет значения,,,https://www.superjob.ru/vakansii/pekar-51792684.html,52000.0
51792689,"Пекарь (Голышманово, Голышманово, Комсомольская, 97)",36900,48000,rub,"['Туризм, гостиницы, общественное питание', 'Промышленность, производство']","['Рестораны, кафе, столовые, фастфуд', 'Пищевая промышленность']",Голышманово,[],[],[],,2635306,более 5000,49868.0,Пятёрочка,Не имеет значения,Частичная занятость / Совместительство,Не имеет значения,,,https://golyshmanovo.superjob.ru/vakansii/pekar-51792689.html,42450.0
51821195,"Пекарь (Каменск-Шахтинский, Гагарина, 19)",39800,53800,rub,"['Туризм, гостиницы, общественное питание', 'Промышленность, производство']","['Рестораны, кафе, столовые, фастфуд', 'Пищевая промышленность']",Каменск-Шахтинский,[],[],[],,2635306,более 5000,49868.0,Пятёрочка,Не имеет значения,Частичная занятость / Совместительство,Не имеет значения,,,https://kamensk-shahtinskiy.superjob.ru/vakansii/pekar-51821195.html,46800.0
51822383,"Пекарь (Москва, Митинская, 43)",80000,100000,rub,"['Туризм, гостиницы, общественное питание', 'Промышленность, производство']","['Рестораны, кафе, столовые, фастфуд', 'Пищевая промышленность']",Москва,[],[],[],,2635306,более 5000,49868.0,Пятёрочка,Не имеет значения,Частичная занятость / Совместительство,Не имеет значения,,,https://www.superjob.ru/vakansii/pekar-51822383.html,90000.0
51840793,Пекарь,40900,53200,rub,"['Туризм, гостиницы, общественное питание', 'Промышленность, производство', 'Продажи']","['Рестораны, кафе, столовые, фастфуд', 'Пищевая промышленность', 'Начало карьеры, мало опыта']",Ташара,[],[],[],"Ташара, Декабристов, 24",2635306,более 5000,49868.0,Пятёрочка,От 1 года,Частичная занятость / Совместительство,Не имеет значения,55.518658,83.505104,https://nsk.superjob.ru/vakansii/pekar-51840793.html,47050.0
51854619,"Пекарь (Москва, Большое Свинорье, Боровское, 62)",67000,75000,rub,"['Туризм, гостиницы, общественное питание', 'Промышленность, производство']","['Рестораны, кафе, столовые, фастфуд', 'Пищевая промышленность']",Москва,[],[],[],,2635306,более 5000,49868.0,Пятёрочка,Не имеет значения,Частичная занятость / Совместительство,Не имеет значения,,,https://www.superjob.ru/vakansii/pekar-51854619.html,71000.0
48813701,Пекарь,80000,100000,rub,"['Туризм, гостиницы, общественное питание', 'Промышленность, производство']","['Рестораны, кафе, столовые, фастфуд', 'Пищевая промышленность']",Москва,[],[],[],"Москва, Пятницкое, 9",2635306,более 5000,49868.0,Пятёрочка,Не имеет значения,Частичная занятость / Совместительство,Не имеет значения,55.83942,37.385357,https://www.superjob.ru/vakansii/pekar-48813701.html,90000.0
48825219,Пекарь,46400,62700,rub,"['Туризм, гостиницы, общественное питание', 'Промышленность, производство', 'Продажи']","['Рестораны, кафе, столовые, фастфуд', 'Пищевая промышленность', 'Начало карьеры, мало опыта']",Уфа,[],[],[],"Уфа, Степана Кувыкина, 14",2635306,более 5000,49868.0,Пятёрочка,От 1 года,Частичная занятость / Совместительство,Не имеет значения,54.704185,55.998028,https://ufa.superjob.ru/vakansii/pekar-48825219.html,54550.0
48826497,Пекарь,34000,45000,rub,"['Туризм, гостиницы, общественное питание', 'Промышленность, производство']","['Рестораны, кафе, столовые, фастфуд', 'Пищевая промышленность']",Новокузнецк,[],[],[],"Новокузнецк, Заводской, Тореза, 105",2635306,более 5000,49868.0,Пятёрочка,Не имеет значения,Частичная занятость / Совместительство,Не имеет значения,53.817577,87.155624,https://novokuznetsk.superjob.ru/vakansii/pekar-48826497.html,39500.0
48843605,Пекарь,46400,62700,rub,"['Туризм, гостиницы, общественное питание', 'Промышленность, производство', 'Продажи']","['Рестораны, кафе, столовые, фастфуд', 'Пищевая промышленность', 'Начало карьеры, мало опыта']",Уфа,[],[],[],"Уфа, Октября, 176",2635306,более 5000,49868.0,Пятёрочка,От 1 года,Частичная занятость / Совместительство,Не имеет значения,54.793884,56.038544,https://ufa.superjob.ru/vakansii/pekar-48843605.html,54550.0
48845268,Пекарь,32918,45238,rub,"['Туризм, гостиницы, общественное питание', 'Промышленность, производство', 'Продажи']","['Рестораны, кафе, столовые, фастфуд', 'Пищевая промышленность', 'Начало карьеры, мало опыта']",Карачаевск,[],[],[],"Карачаевск, Ленина, 51",2635306,более 5000,49868.0,Пятёрочка,От 1 года,Частичная занятость / Совместительство,Не имеет значения,43.765213,41.896797,https://karachaevsk.superjob.ru/vakansii/pekar-48845268.html,39078.0
48851081,Пекарь,72500,92700,rub,"['Туризм, гостиницы, общественное питание', 'Промышленность, производство']","['Рестораны, кафе, столовые, фастфуд', 'Пищевая промышленность']",Гатчина,[],[],[],"Гатчина, Новоселов, 8А",2635306,более 5000,49868.0,Пятёрочка,Не имеет значения,Частичная занятость / Совместительство,Не имеет значения,59.562271,30.086224,https://gatchina.superjob.ru/vakansii/pekar-48851081.html,82600.0
48861008,Пекарь,53500,72100,rub,"['Туризм, гостиницы, общественное питание', 'Промышленность, производство']","['Рестораны, кафе, столовые, фастфуд', 'Пищевая промышленность']",Мытищи,[],[],[],"Мытищи, Мира, 32А",2635306,более 5000,49868.0,Пятёрочка,Не имеет значения,Частичная занятость / Совместительство,Не имеет значения,55.919346,37.724247,https://mytischi.superjob.ru/vakansii/pekar-48861008.html,62800.0
48879659,Пекарь,46000,57000,rub,"['Туризм, гостиницы, общественное питание', 'Промышленность, производство']","['Рестораны, кафе, столовые, фастфуд', 'Пищевая промышленность']",Валуйки,[],[],[],"Валуйки, М. Горького, 7",2635306,более 5000,49868.0,Пятёрочка,Не имеет значения,Полный рабочий день,Не имеет значения,50.212894,38.097164,https://valujki.superjob.ru/vakansii/pekar-48879659.html,51500.0
48934288,Пекарь,52500,63000,rub,"['Туризм, гостиницы, общественное питание', 'Промышленность, производство']","['Рестораны, кафе, столовые, фастфуд', 'Пищевая промышленность']",Волоколамск,[],[],[],"Волоколамск, Сычёво, Доватора, 2",2635306,более 5000,49868.0,Пятёрочка,Не имеет значения,Частичная занятость / Совместительство,Не имеет значения,55.960125,36.222229,https://volokolamsk.superjob.ru/vakansii/pekar-48934288.html,57750.0
48934343,Пекарь,63000,77000,rub,"['Туризм, гостиницы, общественное питание', 'Промышленность, производство']","['Рестораны, кафе, столовые, фастфуд', 'Пищевая промышленность']",Щелково,[],[],[],"Щёлково, Гагарина, 3",2635306,более 5000,49868.0,Пятёрочка,Не имеет значения,Частичная занятость / Совместительство,Не имеет значения,55.907173,38.063999,https://schelkovo.superjob.ru/vakansii/pekar-48934343.html,70000.0
48934741,"Пекарь (Куеда,)",43000,58000,rub,"['Туризм, гостиницы, общественное питание', 'Промышленность, производство']","['Рестораны, кафе, столовые, фастфуд', 'Пищевая промышленность']",Куеда,[],[],[],"Куеда, Гагарина, 14",2635306,более 5000,49868.0,Пятёрочка,Не имеет значения,Частичная занятость / Совместительство,Не имеет значения,56.431267,55.592682,https://kueda.superjob.ru/vakansii/pekar-48934741.html,50500.0
50567149,Пекарь,49000,59000,rub,"['Туризм, гостиницы, общественное питание', 'Промышленность, производство', 'Продажи']","['Рестораны, кафе, столовые, фастфуд', 'Пищевая промышленность', 'Начало карьеры, мало опыта']",Киров (Кировская область),[],[],[],"Шихово, Центральная, 3Б",2635306,более 5000,49868.0,Пятёрочка,От 1 года,Частичная занятость / Совместительство,Не имеет значения,60.467659,26.948938,https://kirov.superjob.ru/vakansii/pekar-50567149.html,54000.0
50567166,Пекарь,44900,58400,rub,"['Туризм, гостиницы, общественное питание', 'Промышленность, производство']","['Рестораны, кафе, столовые, фастфуд', 'Пищевая промышленность']",Иркутск,[],[],[],"Иркутск, Гоголя, 57",2635306,более 5000,49868.0,Пятёрочка,Не имеет значения,Частичная занятость / Совместительство,Не имеет значения,52.272884,104.257492,https://irkutsk.superjob.ru/vakansii/pekar-50567166.html,51650.0
50591050,Пекарь,48000,63000,rub,"['Туризм, гостиницы, общественное питание', 'Промышленность, производство']","['Рестораны, кафе, столовые, фастфуд', 'Пищевая промышленность']",Владимир,[],[],[],"Владимир, Доватора, 4",2635306,более 5000,49868.0,Пятёрочка,Не имеет значения,Частичная занятость / Совместительство,Не имеет значения,56.114376,40.375057,https://vladimir.superjob.ru/vakansii/pekar-50591050.html,55500.0
50596365,Пекарь,35000,52800,rub,"['Туризм, гостиницы, общественное питание', 'Промышленность, производство', 'Продажи']","['Рестораны, кафе, столовые, фастфуд', 'Пищевая промышленность', 'Начало карьеры, мало опыта']",Калининград,[],[],[],"Калининград, Осипенко, 20",2635306,более 5000,49868.0,Пятёрочка,Без опыта,Полный рабочий день,Не имеет значения,54.728989,20.460899,https://kaliningrad.superjob.ru/vakansii/pekar-50596365.html,43900.0
51766039,"Пекарь (Дмитров, Новосиньково, 44Б)",48000,65000,rub,"['Туризм, гостиницы, общественное питание', 'Промышленность, производство']","['Рестораны, кафе, столовые, фастфуд', 'Пищевая промышленность']",Дмитров,[],[],[],,2635306,более 5000,49868.0,Пятёрочка,Не имеет значения,Частичная занятость / Совместительство,Не имеет значения,,,https://dmitrov.superjob.ru/vakansii/pekar-51766039.html,56500.0
51766042,"Пекарь (Владикавказ, Колка Кесаева, 152)",31000,36000,rub,"['Туризм, гостиницы, общественное питание', 'Промышленность, производство']","['Рестораны, кафе, столовые, фастфуд', 'Пищевая промышленность']",Владикавказ,[],[],[],,2635306,более 5000,49868.0,Пятёрочка,Не имеет значения,Частичная занятость / Совместительство,Не имеет значения,,,https://vladikavkaz.superjob.ru/vakansii/pekar-51766042.html,33500.0
51766043,"Пекарь (Чита, Генерала Белика, 1)",46800,60800,rub,"['Туризм, гостиницы, общественное питание', 'Промышленность, производство']","['Рестораны, кафе, столовые, фастфуд', 'Пищевая промышленность']",Чита,[],[],[],,2635306,более 5000,49868.0,Пятёрочка,Не имеет значения,Частичная занятость / Совместительство,Не имеет значения,,,https://chita.superjob.ru/vakansii/pekar-51766043.html,53800.0
51766049,"Пекарь (Воронеж, Туполева, 27А)",43000,58000,rub,"['Туризм, гостиницы, общественное питание', 'Промышленность, производство']","['Рестораны, кафе, столовые, фастфуд', 'Пищевая промышленность']",Воронеж,[],[],[],,2635306,более 5000,49868.0,Пятёрочка,Не имеет значения,Частичная занятость / Совместительство,Не имеет значения,,,https://voronezh.superjob.ru/vakansii/pekar-51766049.html,50500.0
51766057,"Пекарь (Всеволожск, Баркановская, 123)",72500,92700,rub,"['Туризм, гостиницы, общественное питание', 'Промышленность, производство']","['Рестораны, кафе, столовые, фастфуд', 'Пищевая промышленность']",Всеволожск,[],[],[],,2635306,более 5000,49868.0,Пятёрочка,Не имеет значения,Частичная занятость / Совместительство,Не имеет значения,,,https://vsevolozhsk.superjob.ru/vakansii/pekar-51766057.html,82600.0
51766063,"Пекарь (Барнаул, Лазурная, 55)",40300,52400,rub,"['Туризм, гостиницы, общественное питание', 'Промышленность, производство']","['Рестораны, кафе, столовые, фастфуд', 'Пищевая промышленность']",Барнаул,[],[],[],,2635306,более 5000,49868.0,Пятёрочка,Не имеет значения,Частичная занятость / Совместительство,Не имеет значения,,,https://barnaul.superjob.ru/vakansii/pekar-51766063.html,46350.0
51792461,"Пекарь (Куйтун, Куйтун, Карла Маркса, 3)",43800,56900,rub,"['Туризм, гостиницы, общественное питание', 'Промышленность, производство']","['Рестораны, кафе, столовые, фастфуд', 'Пищевая промышленность']",Куйтун,[],[],[],,2635306,более 5000,49868.0,Пятёрочка,Не имеет значения,Частичная занятость / Совместительство,Не имеет значения,,,https://kuitun.superjob.ru/vakansii/pekar-51792461.html,50350.0
51792476,"Пекарь (Тихорецк, Красноармейская, 66)",40000,47000,rub,"['Туризм, гостиницы, общественное питание', 'Промышленность, производство']","['Рестораны, кафе, столовые, фастфуд', 'Пищевая промышленность']",Тихорецк,[],[],[],,2635306,более 5000,49868.0,Пятёрочка,Не имеет значения,Частичная занятость / Совместительство,Не имеет значения,,,https://tihoretsk.superjob.ru/vakansii/pekar-51792476.html,43500.0
51792502,"Пекарь (Калининград, Горького, 104)",49000,82000,rub,"['Туризм, гостиницы, общественное питание', 'Промышленность, производство']","['Рестораны, кафе, столовые, фастфуд', 'Пищевая промышленность']",Калининград,[],[],[],,2635306,более 5000,49868.0,Пятёрочка,Не имеет значения,Частичная занятость / Совместительство,Не имеет значения,,,https://kaliningrad.superjob.ru/vakansii/pekar-51792502.html,65500.0
51792503,"Пекарь (Гороховец, Ленина, 3)",48000,60000,rub,"['Туризм, гостиницы, общественное питание', 'Промышленность, производство']","['Рестораны, кафе, столовые, фастфуд', 'Пищевая промышленность']",Гороховец,[],[],[],,2635306,более 5000,49868.0,Пятёрочка,Не имеет значения,Частичная занятость / Совместительство,Не имеет значения,,,https://gorohovets.superjob.ru/vakansii/pekar-51792503.html,54000.0
51792507,"Пекарь (Ковров, Московская, 5/1)",50000,63000,rub,"['Туризм, гостиницы, общественное питание', 'Промышленность, производство']","['Рестораны, кафе, столовые, фастфуд', 'Пищевая промышленность']",Ковров,[],[],[],,2635306,более 5000,49868.0,Пятёрочка,Не имеет значения,Частичная занятость / Совместительство,Не имеет значения,,,https://kovrov.superjob.ru/vakansii/pekar-51792507.html,56500.0
51792511,"Пекарь (Узловая, Суворова, 6)",47000,68000,rub,"['Туризм, гостиницы, общественное питание', 'Промышленность, производство']","['Рестораны, кафе, столовые, фастфуд', 'Пищевая промышленность']",Узловая,[],[],[],,2635306,более 5000,49868.0,Пятёрочка,Не имеет значения,Частичная занятость / Совместительство,Не имеет значения,,,https://uzlovaya.superjob.ru/vakansii/pekar-51792511.html,57500.0
51792515,"Пекарь (Ульяновск, Буинский, 1)",42500,57500,rub,"['Туризм, гостиницы, общественное питание', 'Промышленность, производство']","['Рестораны, кафе, столовые, фастфуд', 'Пищевая промышленность']",Ульяновск,[],[],[],,2635306,более 5000,49868.0,Пятёрочка,Не имеет значения,Частичная занятость / Совместительство,Не имеет значения,,,https://ulyanovsk.superjob.ru/vakansii/pekar-51792515.html,50000.0
51792517,"Пекарь (Павловский Посад, Тихонова, 95)",58000,72000,rub,"['Туризм, гостиницы, общественное питание', 'Промышленность, производство']","['Рестораны, кафе, столовые, фастфуд', 'Пищевая промышленность']",Павловский Посад,[],[],[],,2635306,более 5000,49868.0,Пятёрочка,Не имеет значения,Частичная занятость / Совместительство,Не имеет значения,,,https://pavlovskiy-posad.superjob.ru/vakansii/pekar-51792517.html,65000.0
51792524,"Пекарь (Мелехово, Пионерская, 2А)",48000,60000,rub,"['Туризм, гостиницы, общественное питание', 'Промышленность, производство']","['Рестораны, кафе, столовые, фастфуд', 'Пищевая промышленность']",Ковров,[],[],[],,2635306,более 5000,49868.0,Пятёрочка,Не имеет значения,Частичная занятость / Совместительство,Не имеет значения,,,https://kovrov.superjob.ru/vakansii/pekar-51792524.html,54000.0
51792528,"Пекарь (Сарафоново, Сарафоново, Угличская, 1)",47000,57000,rub,"['Туризм, гостиницы, общественное питание', 'Промышленность, производство']","['Рестораны, кафе, столовые, фастфуд', 'Пищевая промышленность']",Ярославский,[],[],[],,2635306,более 5000,49868.0,Пятёрочка,Не имеет значения,Частичная занятость / Совместительство,Не имеет значения,,,https://vladivostok.superjob.ru/vakansii/pekar-51792528.html,52000.0
51792533,"Пекарь (Александров, Гагарина, 2)",42000,50600,rub,"['Туризм, гостиницы, общественное питание', 'Промышленность, производство']","['Рестораны, кафе, столовые, фастфуд', 'Пищевая промышленность']",Александров,[],[],[],,2635306,более 5000,49868.0,Пятёрочка,Не имеет значения,Частичная занятость / Совместительство,Не имеет значения,,,https://aleksandrov.superjob.ru/vakansii/pekar-51792533.html,46300.0
51792538,"Пекарь (Торжок, Луначарского, 116)",31000,42000,rub,"['Туризм, гостиницы, общественное питание', 'Промышленность, производство']","['Рестораны, кафе, столовые, фастфуд', 'Пищевая промышленность']",Торжок,[],[],[],,2635306,более 5000,49868.0,Пятёрочка,Не имеет значения,Частичная занятость / Совместительство,Не имеет значения,,,https://torzhok.superjob.ru/vakansii/pekar-51792538.html,36500.0
51792542,"Пекарь (Солнечногорск, Лесное Озеро, 11)",53000,77600,rub,"['Туризм, гостиницы, общественное питание', 'Промышленность, производство']","['Рестораны, кафе, столовые, фастфуд', 'Пищевая промышленность']",Солнечногорск,[],[],[],,2635306,более 5000,49868.0,Пятёрочка,Не имеет значения,Полный рабочий день,Не имеет значения,,,https://solnechnogorsk.superjob.ru/vakansii/pekar-51792542.html,65300.0
51792576,"Пекарь (Абинск, Пионерская, 87)",41000,45800,rub,"['Туризм, гостиницы, общественное питание', 'Промышленность, производство']","['Рестораны, кафе, столовые, фастфуд', 'Пищевая промышленность']",Абинск,[],[],[],,2635306,более 5000,49868.0,Пятёрочка,Не имеет значения,Частичная занятость / Совместительство,Не имеет значения,,,https://abinsk.superjob.ru/vakansii/pekar-51792576.html,43400.0
51792580,"Пекарь (Чернышевск, Чернышевск, Центральная, 9)",44800,58200,rub,"['Туризм, гостиницы, общественное питание', 'Промышленность, производство']","['Рестораны, кафе, столовые, фастфуд', 'Пищевая промышленность']",Чернышевск,[],[],[],,2635306,более 5000,49868.0,Пятёрочка,Не имеет значения,Частичная занятость / Совместительство,Не имеет значения,,,https://chita.superjob.ru/vakansii/pekar-51792580.html,51500.0
51795213,"Пекарь (Ярославль, Чкалова, 2)",47000,57000,rub,"['Туризм, гостиницы, общественное питание', 'Промышленность, производство']","['Рестораны, кафе, столовые, фастфуд', 'Пищевая промышленность']",Ярославль,[],[],[],,2635306,более 5000,49868.0,Пятёрочка,Не имеет значения,Частичная занятость / Совместительство,Не имеет значения,,,https://yaroslavl.superjob.ru/vakansii/pekar-51795213.html,52000.0
51795224,"Пекарь (Смоленск, Рыленкова, 33)",41000,49000,rub,"['Туризм, гостиницы, общественное питание', 'Промышленность, производство']","['Рестораны, кафе, столовые, фастфуд', 'Пищевая промышленность']",Смоленск,[],[],[],,2635306,более 5000,49868.0,Пятёрочка,Не имеет значения,Частичная занятость / Совместительство,Не имеет значения,,,https://smolensk.superjob.ru/vakansii/pekar-51795224.html,45000.0
48789715,Пекарь,33000,43000,rub,"['Туризм, гостиницы, общественное питание', 'Промышленность, производство']","['Рестораны, кафе, столовые, фастфуд', 'Пищевая промышленность']",Курск,[],[],[],"Курск, Анатолия Дериглазова, 3",2635306,более 5000,49868.0,Пятёрочка,Не имеет значения,Частичная занятость / Совместительство,Не имеет значения,51.806374,36.174175,https://kursk.superjob.ru/vakansii/pekar-48789715.html,38000.0
48789925,Пекарь,47000,54000,rub,"['Туризм, гостиницы, общественное питание', 'Промышленность, производство', 'Продажи']","['Рестораны, кафе, столовые, фастфуд', 'Пищевая промышленность', 'Начало карьеры, мало опыта']",Нижнекамск,[],[],[],"Нижнекамск, Первопроходцев, 60",2635306,более 5000,49868.0,Пятёрочка,От 1 года,Частичная занятость / Совместительство,Не имеет значения,55.603085,51.806885,https://nizhnekamsk.superjob.ru/vakansii/pekar-48789925.html,50500.0
48795725,"Пекарь (Азовская,)",29000,33000,rub,"['Туризм, гостиницы, общественное питание', 'Промышленность, производство']","['Рестораны, кафе, столовые, фастфуд', 'Пищевая промышленность']",Азовская,[],[],[],"Азовская, Ленина, 59",2635306,более 5000,49868.0,Пятёрочка,Не имеет значения,Частичная занятость / Совместительство,Не имеет значения,44.794994,38.633217,https://azovskaya.superjob.ru/vakansii/pekar-48795725.html,31000.0
48795747,Пекарь,44850,57600,rub,"['Туризм, гостиницы, общественное питание', 'Промышленность, производство', 'Продажи']","['Рестораны, кафе, столовые, фастфуд', 'Пищевая промышленность', 'Начало карьеры, мало опыта']",Волгоград,[],[],[],"Волгоград, 50 лет Октября, 20А",2635306,более 5000,49868.0,Пятёрочка,От 1 года,Частичная занятость / Совместительство,Не имеет значения,48.523438,44.561665,https://volgograd.superjob.ru/vakansii/pekar-48795747.html,51225.0
48795766,Пекарь,52000,60000,rub,"['Туризм, гостиницы, общественное питание', 'Промышленность, производство', 'Продажи']","['Рестораны, кафе, столовые, фастфуд', 'Пищевая промышленность', 'Начало карьеры, мало опыта']",Казань,[],[],[],"Казань, 2-я Старо-Аракчинская, 39",2635306,более 5000,49868.0,Пятёрочка,От 1 года,Частичная занятость / Совместительство,Не имеет значения,55.796127,49.106415,https://kazan.superjob.ru/vakansii/pekar-48795766.html,56000.0
48798183,Пекарь,60984,82744,rub,"['Туризм, гостиницы, общественное питание', 'Промышленность, производство']","['Рестораны, кафе, столовые, фастфуд', 'Пищевая промышленность']",Солнечногорск,[],[],[],"Солнечногорск, Голубое, Тверецкий, 18А",2635306,более 5000,49868.0,Пятёрочка,Не имеет значения,Частичная занятость / Совместительство,Не имеет значения,55.979988,37.096989,https://solnechnogorsk.superjob.ru/vakansii/pekar-48798183.html,71864.0
48798273,Пекарь,40300,52400,rub,"['Туризм, гостиницы, общественное питание', 'Промышленность, производство', 'Продажи']","['Рестораны, кафе, столовые, фастфуд', 'Пищевая промышленность', 'Начало карьеры, мало опыта']",Барнаул,[],[],[],"Барнаул, Попова, 97",2635306,более 5000,49868.0,Пятёрочка,От 1 года,Частичная занятость / Совместительство,Не имеет значения,53.346844,83.672958,https://barnaul.superjob.ru/vakansii/pekar-48798273.html,46350.0
48804712,Пекарь,66000,79000,rub,"['Туризм, гостиницы, общественное питание', 'Промышленность, производство']","['Рестораны, кафе, столовые, фастфуд', 'Пищевая промышленность']",Северодвинск,[],[],[],"Северодвинск, Труда, 64",2635306,более 5000,49868.0,Пятёрочка,Не имеет значения,Частичная занятость / Совместительство,Не имеет значения,64.540596,39.810982,https://severodvinsk.superjob.ru/vakansii/pekar-48804712.html,72500.0
50029889,Пекарь,33000,43000,rub,"['Туризм, гостиницы, общественное питание', 'Промышленность, производство', 'Продажи']","['Рестораны, кафе, столовые, фастфуд', 'Пищевая промышленность', 'Начало карьеры, мало опыта']",Началово (Астраханская обл.),[],[],[],"Приволжский район, село Началово, микрорайон Шеншакова, 84В",2635306,более 5000,49868.0,Пятёрочка,Без опыта,Сменный график работы,Не имеет значения,46.334118,48.181355,https://astrakhan.superjob.ru/vakansii/pekar-50029889.html,38000.0
50551345,Пекарь,53400,72000,rub,"['Туризм, гостиницы, общественное питание', 'Промышленность, производство', 'Продажи']","['Рестораны, кафе, столовые, фастфуд', 'Пищевая промышленность', 'Начало карьеры, мало опыта']",Арамиль,[],[],[],"Октябрьский, Уральская, 4",2635306,более 5000,49868.0,Пятёрочка,От 1 года,Частичная занятость / Совместительство,Не имеет значения,54.488625,53.50692,https://aramil.superjob.ru/vakansii/pekar-50551345.html,62700.0
50567263,"Пекарь (Верхнеднепровский,)",34800,41700,rub,"['Туризм, гостиницы, общественное питание', 'Промышленность, производство']","['Рестораны, кафе, столовые, фастфуд', 'Пищевая промышленность']",Верхнеднепровский,[],[],[],"Верхнеднепровский, Молодежная, 11",2635306,более 5000,49868.0,Пятёрочка,Не имеет значения,Частичная занятость / Совместительство,Не имеет значения,54.984177,33.341896,https://verhnedneprovskiy.superjob.ru/vakansii/pekar-50567263.html,38250.0
51730306,"Пекарь (Касторное, Касторное, Фрунзе, 54)",42000,54000,rub,"['Туризм, гостиницы, общественное питание', 'Промышленность, производство']","['Рестораны, кафе, столовые, фастфуд', 'Пищевая промышленность']",Касторное,[],[],[],,2635306,более 5000,49868.0,Пятёрочка,Не имеет значения,Частичная занятость / Совместительство,Не имеет значения,,,https://kastornoe.superjob.ru/vakansii/pekar-51730306.html,48000.0
51730309,"Пекарь (Тверь, Дарвина, 15)",43000,55000,rub,"['Туризм, гостиницы, общественное питание', 'Промышленность, производство']","['Рестораны, кафе, столовые, фастфуд', 'Пищевая промышленность']",Тверь,[],[],[],,2635306,более 5000,49868.0,Пятёрочка,Не имеет значения,Частичная занятость / Совместительство,Не имеет значения,,,https://tver.superjob.ru/vakansii/pekar-51730309.html,49000.0
51792347,"Пекарь (Коломна, Озерское, 5Б)",52272,70924,rub,"['Туризм, гостиницы, общественное питание', 'Промышленность, производство']","['Рестораны, кафе, столовые, фастфуд', 'Пищевая промышленность']",Коломна,[],[],[],,2635306,более 5000,49868.0,Пятёрочка,Не имеет значения,Частичная занятость / Совместительство,Не имеет значения,,,https://kolomna.superjob.ru/vakansii/pekar-51792347.html,61598.0
51792357,Пекарь,35000,60000,rub,"['Туризм, гостиницы, общественное питание', 'Промышленность, производство']","['Рестораны, кафе, столовые, фастфуд', 'Пищевая промышленность']",Тамбов,[],[],[],"Тамбов, Чичканова, 57",2635306,более 5000,49868.0,Пятёрочка,Не имеет значения,Частичная занятость / Совместительство,Не имеет значения,52.738392,41.456287,https://tambov.superjob.ru/vakansii/pekar-51792357.html,47500.0
51792381,"Пекарь (Кисловодск, Кутузова, 22)",45200,54200,rub,"['Туризм, гостиницы, общественное питание', 'Промышленность, производство']","['Рестораны, кафе, столовые, фастфуд', 'Пищевая промышленность']",Кисловодск,[],[],[],,2635306,более 5000,49868.0,Пятёрочка,Не имеет значения,Частичная занятость / Совместительство,Не имеет значения,,,https://kislovodsk.superjob.ru/vakansii/pekar-51792381.html,49700.0
51792392,Пекарь,44000,56000,rub,"['Туризм, гостиницы, общественное питание', 'Промышленность, производство']","['Рестораны, кафе, столовые, фастфуд', 'Пищевая промышленность']",Новороссийск,[],[],[],"Новороссийск, Мысхако, Шоссейная, 27",2635306,более 5000,49868.0,Пятёрочка,Не имеет значения,Частичная занятость / Совместительство,Не имеет значения,44.661312,37.758087,https://novorossiysk.superjob.ru/vakansii/pekar-51792392.html,50000.0
51792396,"Пекарь (Воронеж, Революции 1905 года, 31Б)",50000,60000,rub,"['Туризм, гостиницы, общественное питание', 'Промышленность, производство']","['Рестораны, кафе, столовые, фастфуд', 'Пищевая промышленность']",Воронеж,[],[],[],,2635306,более 5000,49868.0,Пятёрочка,Не имеет значения,Частичная занятость / Совместительство,Не имеет значения,,,https://voronezh.superjob.ru/vakansii/pekar-51792396.html,55000.0
51792399,"Пекарь (Чита, Красной Звезды, 8)",46800,60800,rub,"['Туризм, гостиницы, общественное питание', 'Промышленность, производство']","['Рестораны, кафе, столовые, фастфуд', 'Пищевая промышленность']",Чита,[],[],[],,2635306,более 5000,49868.0,Пятёрочка,Не имеет значения,Частичная занятость / Совместительство,Не имеет значения,,,https://chita.superjob.ru/vakansii/pekar-51792399.html,53800.0
51792403,"Пекарь (Мурманск, Александрова, 20)",57000,98000,rub,"['Туризм, гостиницы, общественное питание', 'Промышленность, производство']","['Рестораны, кафе, столовые, фастфуд', 'Пищевая промышленность']",Мурманск,[],[],[],,2635306,более 5000,49868.0,Пятёрочка,Не имеет значения,Частичная занятость / Совместительство,Не имеет значения,,,https://murmansk.superjob.ru/vakansii/pekar-51792403.html,77500.0
51792404,"Пекарь (Усть-Джегута, Московский, 37)",29000,36500,rub,"['Туризм, гостиницы, общественное питание', 'Промышленность, производство']","['Рестораны, кафе, столовые, фастфуд', 'Пищевая промышленность']",Усть-Джегута,[],[],[],,2635306,более 5000,49868.0,Пятёрочка,Не имеет значения,Частичная занятость / Совместительство,Не имеет значения,,,https://cherkessk.superjob.ru/vakansii/pekar-51792404.html,32750.0
51792417,"Пекарь (Клин, 50 лет Октября, 39)",52500,63000,rub,"['Туризм, гостиницы, общественное питание', 'Промышленность, производство']","['Рестораны, кафе, столовые, фастфуд', 'Пищевая промышленность']",Клин,[],[],[],,2635306,более 5000,49868.0,Пятёрочка,Не имеет значения,Частичная занятость / Совместительство,Не имеет значения,,,https://klin.superjob.ru/vakansii/pekar-51792417.html,57750.0
51792423,"Пекарь (Любань, Любань, Мельникова, 14)",55700,71200,rub,"['Туризм, гостиницы, общественное питание', 'Промышленность, производство']","['Рестораны, кафе, столовые, фастфуд', 'Пищевая промышленность']",Любань,[],[],[],,2635306,более 5000,49868.0,Пятёрочка,Не имеет значения,Частичная занятость / Совместительство,Не имеет значения,,,https://lyuban.superjob.ru/vakansii/pekar-51792423.html,63450.0
51792427,"Пекарь (Москва, 11-я Парковая, 9/35)",80000,100000,rub,"['Туризм, гостиницы, общественное питание', 'Промышленность, производство']","['Рестораны, кафе, столовые, фастфуд', 'Пищевая промышленность']",Москва,[],[],[],,2635306,более 5000,49868.0,Пятёрочка,Не имеет значения,Частичная занятость / Совместительство,Не имеет значения,,,https://www.superjob.ru/vakansii/pekar-51792427.html,90000.0
51792435,"Пекарь (Балаково, Набережная Леонова, 69)",42000,56500,rub,"['Туризм, гостиницы, общественное питание', 'Промышленность, производство']","['Рестораны, кафе, столовые, фастфуд', 'Пищевая промышленность']",Балаково,[],[],[],,2635306,более 5000,49868.0,Пятёрочка,Не имеет значения,Частичная занятость / Совместительство,Не имеет значения,,,https://balakovo.superjob.ru/vakansii/pekar-51792435.html,49250.0
51792437,"Пекарь (Большое Исаково, Большое Исаково, Калининградская, 37В)",45000,76000,rub,"['Туризм, гостиницы, общественное питание', 'Промышленность, производство']","['Рестораны, кафе, столовые, фастфуд', 'Пищевая промышленность']",Гурьевск (Калининградская область),[],[],[],,2635306,более 5000,49868.0,Пятёрочка,Не имеет значения,Частичная занятость / Совместительство,Не имеет значения,,,https://kaliningradskaya-oblast-gurevsk.superjob.ru/vakansii/pekar-51792437.html,60500.0
51799323,"Пекарь (Брянск, Фокина, 119)",37200,47800,rub,"['Туризм, гостиницы, общественное питание', 'Промышленность, производство']","['Рестораны, кафе, столовые, фастфуд', 'Пищевая промышленность']",Брянск,[],[],[],,2635306,более 5000,49868.0,Пятёрочка,Не имеет значения,Частичная занятость / Совместительство,Не имеет значения,,,https://bryansk.superjob.ru/vakansii/pekar-51799323.html,42500.0
51810451,"Пекарь (Заречный, Таховская, 6А)",46400,62700,rub,"['Туризм, гостиницы, общественное питание', 'Промышленность, производство']","['Рестораны, кафе, столовые, фастфуд', 'Пищевая промышленность']",Заречный (Свердловская область),[],[],[],,2635306,более 5000,49868.0,Пятёрочка,Не имеет значения,Частичная занятость / Совместительство,Не имеет значения,,,https://sverdlovskaya-zarechnyy.superjob.ru/vakansii/pekar-51810451.html,54550.0
51810463,"Пекарь (Петрозаводск, Зарека, Луначарского, 19)",50000,58000,rub,"['Туризм, гостиницы, общественное питание', 'Промышленность, производство']","['Рестораны, кафе, столовые, фастфуд', 'Пищевая промышленность']",Петрозаводск,[],[],[],,2635306,более 5000,49868.0,Пятёрочка,Не имеет значения,Частичная занятость / Совместительство,Не имеет значения,,,https://petrozavodsk.superjob.ru/vakansii/pekar-51810463.html,54000.0
51810477,"Пекарь (Москва, Ярославское, 142)",80000,100000,rub,"['Туризм, гостиницы, общественное питание', 'Промышленность, производство']","['Рестораны, кафе, столовые, фастфуд', 'Пищевая промышленность']",Москва,[],[],[],,2635306,более 5000,49868.0,Пятёрочка,Не имеет значения,Частичная занятость / Совместительство,Не имеет значения,,,https://www.superjob.ru/vakansii/pekar-51810477.html,90000.0
51825543,"Пекарь (Москва, Осенняя, 28)",80000,100000,rub,"['Туризм, гостиницы, общественное питание', 'Промышленность, производство']","['Рестораны, кафе, столовые, фастфуд', 'Пищевая промышленность']",Москва,[],[],[],,2635306,более 5000,49868.0,Пятёрочка,Не имеет значения,Частичная занятость / Совместительство,Не имеет значения,,,https://www.superjob.ru/vakansii/pekar-51825543.html,90000.0
51785371,Продавец в зону готовой еды,68000,97600,rub,"['Промышленность, производство']",['Пищевая промышленность'],Видное,[],[],[],"Видное, Дроздово",280168,более 5000,18163.0,"Магнит, Розничная сеть",Не имеет значения,Сменный график работы,Не имеет значения,55.604813,37.801807,https://vidnoe.superjob.ru/vakansii/prodavec-v-zonu-gotovoj-edy-51785371.html,82800.0
51785375,Продавец в зону готовой еды,73100,97600,rub,"['Промышленность, производство']",['Производство алкогольных и безалкогольных напитков'],Одинцово,[],[],[],"Одинцово, Новоивановское, Эйнштейна, 5",280168,более 5000,18163.0,"Магнит, Розничная сеть",Не имеет значения,Сменный график работы,Не имеет значения,55.701748,37.357464,https://odintsovo.superjob.ru/vakansii/prodavec-v-zonu-gotovoj-edy-51785375.html,85350.0
51827377,"Повар, Собственное производство в Гипермаркет Магнит",50000,74000,rub,"['Туризм, гостиницы, общественное питание', 'Промышленность, производство']","['Рестораны, кафе, столовые, фастфуд', 'Пищевая промышленность']",Новороссийск,[],[],[],"Новороссийск, Анапское, 89",280168,более 5000,18163.0,"Магнит, Розничная сеть",Без опыта,Сменный график работы,Не имеет значения,44.744377,37.729172,https://novorossiysk.superjob.ru/vakansii/povar-51827377.html,62000.0
51854579,Продавец в зону готовой еды,36700,48900,rub,"['Промышленность, производство']",['Пищевая промышленность'],Орел,[],[],[],"Орёл, Комсомольская, 270",280168,более 5000,18163.0,"Магнит, Розничная сеть",Не имеет значения,Сменный график работы,Не имеет значения,52.937569,36.041569,https://orel.superjob.ru/vakansii/prodavec-v-zonu-gotovoj-edy-51854579.html,42800.0
51854581,"Повар, Собственное производство в Гипермаркет Магнит",33600,50400,rub,"['Туризм, гостиницы, общественное питание', 'Промышленность, производство']","['Рестораны, кафе, столовые, фастфуд', 'Пищевая промышленность']",Каменск-Шахтинский,[],[],[],"Каменск-Шахтинский, Астаховский, 89",280168,более 5000,18163.0,"Магнит, Розничная сеть",Без опыта,Сменный график работы,Не имеет значения,48.319298,40.265438,https://kamensk-shahtinskiy.superjob.ru/vakansii/povar-51854581.html,42000.0
51860697,Продавец в зону готовой еды,40000,58500,rub,"['Промышленность, производство']","['Пищевая промышленность', 'Производство алкогольных и безалкогольных напитков', 'Производство товаров народного потребления']",Пермь,[],[],[],"Пермь, Ласьвинская, 41",280168,более 5000,18163.0,"Магнит, Розничная сеть",Не имеет значения,Сменный график работы,Не имеет значения,58.004753,55.936699,https://perm.superjob.ru/vakansii/prodavec-v-zonu-gotovoj-edy-51860697.html,49250.0
48779698,Пекарь,80000,100000,rub,"['Туризм, гостиницы, общественное питание', 'Промышленность, производство']","['Рестораны, кафе, столовые, фастфуд', 'Пищевая промышленность']",Москва,[],[],[],"Москва, Маршала Неделина, 15",2635306,более 5000,49868.0,Пятёрочка,Не имеет значения,Частичная занятость / Совместительство,Не имеет значения,55.725632,37.405075,https://www.superjob.ru/vakansii/pekar-48779698.html,90000.0
48779709,Пекарь,52000,60000,rub,"['Туризм, гостиницы, общественное питание', 'Промышленность, производство', 'Продажи']","['Рестораны, кафе, столовые, фастфуд', 'Пищевая промышленность', 'Начало карьеры, мало опыта']",Казань,[],[],[],"Казань, Чистопольская, 26/5",2635306,более 5000,49868.0,Пятёрочка,От 1 года,Частичная занятость / Совместительство,Не имеет значения,55.818806,49.114815,https://kazan.superjob.ru/vakansii/pekar-48779709.html,56000.0
48779808,Пекарь,44900,60600,rub,"['Туризм, гостиницы, общественное питание', 'Промышленность, производство', 'Продажи']","['Рестораны, кафе, столовые, фастфуд', 'Пищевая промышленность', 'Начало карьеры, мало опыта']",Камышлов,[],[],[],"Камышлов, Гагарина, 3",2635306,более 5000,49868.0,Пятёрочка,От 1 года,Частичная занятость / Совместительство,Не имеет значения,56.844093,62.712666,https://kamyshlov.superjob.ru/vakansii/pekar-48779808.html,52750.0
48779937,Пекарь,37200,47800,rub,"['Туризм, гостиницы, общественное питание', 'Промышленность, производство', 'Продажи']","['Рестораны, кафе, столовые, фастфуд', 'Пищевая промышленность', 'Начало карьеры, мало опыта']",Брянск,[],[],[],"Брянск, Московский, 44А",2635306,более 5000,49868.0,Пятёрочка,От 1 года,Частичная занятость / Совместительство,Не имеет значения,53.298088,34.309471,https://bryansk.superjob.ru/vakansii/pekar-48779937.html,42500.0
48779950,Пекарь,42550,57400,rub,"['Туризм, гостиницы, общественное питание', 'Промышленность, производство']","['Рестораны, кафе, столовые, фастфуд', 'Пищевая промышленность']",Омск,[],[],[],"Омск, 21-я Амурская, 20Б",2635306,более 5000,49868.0,Пятёрочка,Не имеет значения,Частичная занятость / Совместительство,Не имеет значения,55.029182,73.419685,https://omsk.superjob.ru/vakansii/pekar-48779950.html,49975.0
48780141,Пекарь,77000,90000,rub,"['Туризм, гостиницы, общественное питание', 'Промышленность, производство']","['Рестораны, кафе, столовые, фастфуд', 'Пищевая промышленность']",Химки,[],[],[],"Химки, Голиково, Усковский, 2",2635306,более 5000,49868.0,Пятёрочка,Не имеет значения,Частичная занятость / Совместительство,Не имеет значения,55.938404,37.310402,https://himki.superjob.ru/vakansii/pekar-48780141.html,83500.0
48780146,Пекарь,27000,37000,rub,"['Туризм, гостиницы, общественное питание', 'Промышленность, производство']","['Рестораны, кафе, столовые, фастфуд', 'Пищевая промышленность']",Северск,[],[],[],"Северск, Коммунистический, 120",2635306,более 5000,49868.0,Пятёрочка,Не имеет значения,Полный рабочий день,Не имеет значения,56.585087,84.920517,https://seversk.superjob.ru/vakansii/pekar-48780146.html,32000.0
48780386,Пекарь,45000,60000,rub,"['Туризм, гостиницы, общественное питание', 'Промышленность, производство', 'Продажи']","['Рестораны, кафе, столовые, фастфуд', 'Пищевая промышленность', 'Начало карьеры, мало опыта']",Мичуринск,[],[],[],"Мичуринск, Лермонтова, 5",2635306,более 5000,49868.0,Пятёрочка,От 1 года,Частичная занятость / Совместительство,Не имеет значения,52.898624,40.462814,https://michurinsk.superjob.ru/vakansii/pekar-48780386.html,52500.0
51740344,"Пекарь (Москва, Расплетина, 20)",80000,100000,rub,"['Туризм, гостиницы, общественное питание', 'Промышленность, производство']","['Рестораны, кафе, столовые, фастфуд', 'Пищевая промышленность']",Москва,[],[],[],,2635306,более 5000,49868.0,Пятёрочка,Не имеет значения,Частичная занятость / Совместительство,Не имеет значения,,,https://www.superjob.ru/vakansii/pekar-51740344.html,90000.0
51740345,"Пекарь (Боровичи, Гоголя, 84/48)",42000,51000,rub,"['Туризм, гостиницы, общественное питание', 'Промышленность, производство']","['Рестораны, кафе, столовые, фастфуд', 'Пищевая промышленность']",Боровичи,[],[],[],,2635306,более 5000,49868.0,Пятёрочка,Не имеет значения,Частичная занятость / Совместительство,Не имеет значения,,,https://borovichi.superjob.ru/vakansii/pekar-51740345.html,46500.0
51792273,"Пекарь (Дубна, Октябрьская, 13)",55800,66900,rub,"['Туризм, гостиницы, общественное питание', 'Промышленность, производство']","['Рестораны, кафе, столовые, фастфуд', 'Пищевая промышленность']",Дубна (Московская область),[],[],[],,2635306,более 5000,49868.0,Пятёрочка,Не имеет значения,Частичная занятость / Совместительство,Не имеет значения,,,https://dubna.superjob.ru/vakansii/pekar-51792273.html,61350.0
51792276,"Пекарь (Вологда, Архангельская, 7)",43000,52000,rub,"['Туризм, гостиницы, общественное питание', 'Промышленность, производство']","['Рестораны, кафе, столовые, фастфуд', 'Пищевая промышленность']",Вологда,[],[],[],,2635306,более 5000,49868.0,Пятёрочка,Не имеет значения,Частичная занятость / Совместительство,Не имеет значения,,,https://vologda.superjob.ru/vakansii/pekar-51792276.html,47500.0
51792277,"Пекарь (Череповец, Ленинградская, 37)",46000,56000,rub,"['Туризм, гостиницы, общественное питание', 'Промышленность, производство']","['Рестораны, кафе, столовые, фастфуд', 'Пищевая промышленность']",Череповец,[],[],[],,2635306,более 5000,49868.0,Пятёрочка,Не имеет значения,Частичная занятость / Совместительство,Не имеет значения,,,https://cherepovets.superjob.ru/vakansii/pekar-51792277.html,51000.0
51792281,"Пекарь (Руза, Беляная Гора, 1А)",52500,63000,rub,"['Туризм, гостиницы, общественное питание', 'Промышленность, производство']","['Рестораны, кафе, столовые, фастфуд', 'Пищевая промышленность']",Руза,[],[],[],,2635306,более 5000,49868.0,Пятёрочка,Не имеет значения,Частичная занятость / Совместительство,Не имеет значения,,,https://ruza.superjob.ru/vakansii/pekar-51792281.html,57750.0
51792285,"Пекарь (Прохладный, Свободы, 244)",35000,38000,rub,"['Туризм, гостиницы, общественное питание', 'Промышленность, производство']","['Рестораны, кафе, столовые, фастфуд', 'Пищевая промышленность']",Прохладный,[],[],[],,2635306,более 5000,49868.0,Пятёрочка,Не имеет значения,Частичная занятость / Совместительство,Не имеет значения,,,https://prohladny.superjob.ru/vakansii/pekar-51792285.html,36500.0
51792291,"Пекарь (Североморск, Сафоново, Школьная, 16)",68000,79000,rub,"['Туризм, гостиницы, общественное питание', 'Промышленность, производство']","['Рестораны, кафе, столовые, фастфуд', 'Пищевая промышленность']",Североморск,[],[],[],,2635306,более 5000,49868.0,Пятёрочка,Не имеет значения,Частичная занятость / Совместительство,Не имеет значения,,,https://severomorsk.superjob.ru/vakansii/pekar-51792291.html,73500.0
51792296,"Пекарь (Конезавод имени Буденного, Конезавод имени Буденного, Восточная, 58А)",32300,43600,rub,"['Туризм, гостиницы, общественное питание', 'Промышленность, производство']","['Рестораны, кафе, столовые, фастфуд', 'Пищевая промышленность']",Конезавод имени Буденного,[],[],[],,2635306,более 5000,49868.0,Пятёрочка,Не имеет значения,Частичная занятость / Совместительство,Не имеет значения,,,https://www.superjob.ru/vakansii/pekar-51792296.html,37950.0
51792299,"Пекарь (Калининск, им Ленина, 192)",37000,47000,rub,"['Туризм, гостиницы, общественное питание', 'Промышленность, производство']","['Рестораны, кафе, столовые, фастфуд', 'Пищевая промышленность']",Калининск,[],[],[],,2635306,более 5000,49868.0,Пятёрочка,Не имеет значения,Частичная занятость / Совместительство,Не имеет значения,,,https://kalininsk.superjob.ru/vakansii/pekar-51792299.html,42000.0
51792320,"Пекарь (Москва, 1-й Котляковский, 2А)",80000,100000,rub,"['Туризм, гостиницы, общественное питание', 'Промышленность, производство']","['Рестораны, кафе, столовые, фастфуд', 'Пищевая промышленность']",Москва,[],[],[],,2635306,более 5000,49868.0,Пятёрочка,Не имеет значения,Частичная занятость / Совместительство,Не имеет значения,,,https://www.superjob.ru/vakansii/pekar-51792320.html,90000.0
51792321,"Пекарь (Аша, Краснофлотцев, 3)",41000,55400,rub,"['Туризм, гостиницы, общественное питание', 'Промышленность, производство']","['Рестораны, кафе, столовые, фастфуд', 'Пищевая промышленность']",Аша,[],[],[],,2635306,более 5000,49868.0,Пятёрочка,Не имеет значения,Частичная занятость / Совместительство,Не имеет значения,,,https://asha.superjob.ru/vakansii/pekar-51792321.html,48200.0
51792323,"Пекарь (Орлов, Ленина, 82)",46000,56000,rub,"['Туризм, гостиницы, общественное питание', 'Промышленность, производство']","['Рестораны, кафе, столовые, фастфуд', 'Пищевая промышленность']",Орлов,[],[],[],,2635306,более 5000,49868.0,Пятёрочка,Не имеет значения,Частичная занятость / Совместительство,Не имеет значения,,,https://orlov.superjob.ru/vakansii/pekar-51792323.html,51000.0
51792326,"Пекарь (Туймазы, 70 лет Октября, 7)",36200,48800,rub,"['Туризм, гостиницы, общественное питание', 'Промышленность, производство']","['Рестораны, кафе, столовые, фастфуд', 'Пищевая промышленность']",Туймазы,[],[],[],,2635306,более 5000,49868.0,Пятёрочка,Не имеет значения,Частичная занятость / Совместительство,Не имеет значения,,,https://tuimazy.superjob.ru/vakansii/pekar-51792326.html,42500.0
51792328,"Пекарь (Ярославль, Ленинградский, 47)",47000,57000,rub,"['Туризм, гостиницы, общественное питание', 'Промышленность, производство']","['Рестораны, кафе, столовые, фастфуд', 'Пищевая промышленность']",Ярославль,[],[],[],,2635306,более 5000,49868.0,Пятёрочка,Не имеет значения,Частичная занятость / Совместительство,Не имеет значения,,,https://yaroslavl.superjob.ru/vakansii/pekar-51792328.html,52000.0
51792333,"Пекарь (Конаково, Строителей, 28)",45000,60000,rub,"['Туризм, гостиницы, общественное питание', 'Строительство, проектирование, недвижимость', 'Промышленность, производство', 'Рабочий персонал']","['Рестораны, кафе, столовые, фастфуд', 'Строительно-монтажные работы', 'Пищевая промышленность', 'Рабочий персонал, разное']",Конаково,[],[],[],,2635306,более 5000,49868.0,Пятёрочка,Не имеет значения,Частичная занятость / Совместительство,Не имеет значения,,,https://konakovo.superjob.ru/vakansii/pekar-51792333.html,52500.0
51792337,"Пекарь (Тверь, Ленина, 2)",44000,55000,rub,"['Туризм, гостиницы, общественное питание', 'Промышленность, производство']","['Рестораны, кафе, столовые, фастфуд', 'Пищевая промышленность']",Тверь,[],[],[],,2635306,более 5000,49868.0,Пятёрочка,Не имеет значения,Частичная занятость / Совместительство,Не имеет значения,,,https://tver.superjob.ru/vakansii/pekar-51792337.html,49500.0
51792339,"Пекарь (Приаргунск, Приаргунск, Транспортная, 5в)",44800,58200,rub,"['Туризм, гостиницы, общественное питание', 'Промышленность, производство']","['Рестораны, кафе, столовые, фастфуд', 'Пищевая промышленность']",Приаргунск,[],[],[],,2635306,более 5000,49868.0,Пятёрочка,Не имеет значения,Частичная занятость / Совместительство,Не имеет значения,,,https://chita.superjob.ru/vakansii/pekar-51792339.html,51500.0
51792341,"Пекарь (Новосемейкино, Новосемейкино, Мира, 8б)",48800,65900,rub,"['Туризм, гостиницы, общественное питание', 'Промышленность, производство']","['Рестораны, кафе, столовые, фастфуд', 'Пищевая промышленность']",Новосемейкино,[],[],[],,2635306,более 5000,49868.0,Пятёрочка,Не имеет значения,Частичная занятость / Совместительство,Не имеет значения,,,https://novosemeykino.superjob.ru/vakansii/pekar-51792341.html,57350.0
51792343,"Пекарь (Курск, Весенний 2-й, 31)",43000,60000,rub,"['Туризм, гостиницы, общественное питание', 'Промышленность, производство']","['Рестораны, кафе, столовые, фастфуд', 'Пищевая промышленность']",Курск,[],[],[],,2635306,более 5000,49868.0,Пятёрочка,Не имеет значения,Частичная занятость / Совместительство,Не имеет значения,,,https://kursk.superjob.ru/vakansii/pekar-51792343.html,51500.0
51792344,"Пекарь (Набережные Челны, Дружбы Народов, 11А)",49000,56000,rub,"['Туризм, гостиницы, общественное питание', 'Промышленность, производство']","['Рестораны, кафе, столовые, фастфуд', 'Пищевая промышленность']",Набережные Челны,[],[],[],,2635306,более 5000,49868.0,Пятёрочка,Не имеет значения,Частичная занятость / Совместительство,Не имеет значения,,,https://naberezhnye-chelny.superjob.ru/vakansii/pekar-51792344.html,52500.0
51844037,"Пекарь (Киров, Потребкооперации, 34б)",49000,59000,rub,"['Туризм, гостиницы, общественное питание', 'Промышленность, производство']","['Рестораны, кафе, столовые, фастфуд', 'Пищевая промышленность']",Киров (Кировская область),[],[],[],,2635306,более 5000,49868.0,Пятёрочка,Не имеет значения,Частичная занятость / Совместительство,Не имеет значения,,,https://kirov.superjob.ru/vakansii/pekar-51844037.html,54000.0
51860686,Пекарь,53900,72700,rub,"['Туризм, гостиницы, общественное питание', 'Промышленность, производство', 'Продажи']","['Рестораны, кафе, столовые, фастфуд', 'Пищевая промышленность', 'Начало карьеры, мало опыта']",Кременкуль,[],[],[],"Привилегия, поселок Западный, Привилегия, поселок Западный, Кременкульская, 30",2635306,более 5000,49868.0,Пятёрочка,От 1 года,Частичная занятость / Совместительство,Не имеет значения,55.117126,61.252857,https://kremenkul.superjob.ru/vakansii/pekar-51860686.html,63300.0
51860690,"Пекарь (Сысерть, Орджоникидзе, 140А)",53400,72000,rub,"['Туризм, гостиницы, общественное питание', 'Промышленность, производство']","['Рестораны, кафе, столовые, фастфуд', 'Пищевая промышленность']",Сысерть,[],[],[],,2635306,более 5000,49868.0,Пятёрочка,Не имеет значения,Частичная занятость / Совместительство,Не имеет значения,,,https://sysert.superjob.ru/vakansii/pekar-51860690.html,62700.0
51821176,Продавец в зону готовой еды,55700,78700,rub,"['Промышленность, производство']",['Пищевая промышленность'],Петергоф,[],[],[],"Петергоф, Разведчика, 4",280168,более 5000,18163.0,"Магнит, Розничная сеть",Не имеет значения,Сменный график работы,Не имеет значения,59.877254,29.898977,https://petergof.superjob.ru/vakansii/prodavec-v-zonu-gotovoj-edy-51821176.html,67200.0
51831730,Продавец в зону готовой еды,34500,46000,rub,"['Промышленность, производство']",['Пищевая промышленность'],Кострома,[],[],[],"Кострома, Козуева, 80",280168,более 5000,18163.0,"Магнит, Розничная сеть",Не имеет значения,Сменный график работы,Не имеет значения,57.782154,40.920837,https://kostroma.superjob.ru/vakansii/prodavec-v-zonu-gotovoj-edy-51831730.html,40250.0
51838833,Продавец в зону готовой еды,40000,53333,rub,"['Промышленность, производство']",['Пищевая промышленность'],Нижнекамск,[],[],[],"Нижнекамск, Химиков, 64",280168,более 5000,18163.0,"Магнит, Розничная сеть",Не имеет значения,Сменный график работы,Не имеет значения,55.639626,51.820152,https://nizhnekamsk.superjob.ru/vakansii/prodavec-v-zonu-gotovoj-edy-51838833.html,46666.5
51840777,Старший смены собственного производства в Гипермаркет Магнит,62500,80000,rub,"['Промышленность, производство']",['Другое'],Ростов-на-Дону,[],[],[],"Ростов-на-Дону, Лелюшенко, 4",280168,более 5000,18163.0,"Магнит, Розничная сеть",От 1 года,Полный рабочий день,Не имеет значения,47.293827,39.733269,https://rnd.superjob.ru/vakansii/starshij-smeny-sobstvennogo-proizvodstva-v-gipermarket-magnit-51840777.html,71250.0
51840779,"Повар кулинарии, Собственное производство в Гипермаркет Магнит",58000,83000,rub,"['Туризм, гостиницы, общественное питание', 'Промышленность, производство']","['Рестораны, кафе, столовые, фастфуд', 'Пищевая промышленность']",Геленджик,[],[],[],"Геленджик, Советская, 71",280168,более 5000,18163.0,"Магнит, Розничная сеть",Без опыта,Сменный график работы,Не имеет значения,44.55294,38.088192,https://gelendzhik.superjob.ru/vakansii/povar-kulinarii-51840779.html,70500.0
51854573,"Повар кулинарии, Собственное производство в Гипермаркет Магнит",55000,80000,rub,"['Туризм, гостиницы, общественное питание', 'Промышленность, производство']","['Рестораны, кафе, столовые, фастфуд', 'Пищевая промышленность']",Анапа,[],[],[],"Анапа, Анапское, 14",280168,более 5000,18163.0,"Магнит, Розничная сеть",Без опыта,Сменный график работы,Не имеет значения,44.898273,37.348637,https://anapa.superjob.ru/vakansii/povar-kulinarii-51854573.html,67500.0
48779253,"Пекарь (Кипун, Кипун, Зимняя, 2а)",42000,57000,rub,"['Туризм, гостиницы, общественное питание', 'Промышленность, производство', 'Продажи']","['Рестораны, кафе, столовые, фастфуд', 'Пищевая промышленность', 'Начало карьеры, мало опыта']",Шаркан,[],[],[],"Деревня Кипун, Зимняя улица, 2",2635306,более 5000,49868.0,Пятёрочка,Не имеет значения,Частичная занятость / Совместительство,Не имеет значения,57.277397,53.883564,https://sharkan.superjob.ru/vakansii/pekar-48779253.html,49500.0
48779377,Пекарь,52000,60000,rub,"['Туризм, гостиницы, общественное питание', 'Промышленность, производство', 'Продажи']","['Рестораны, кафе, столовые, фастфуд', 'Пищевая промышленность', 'Начало карьеры, мало опыта']",Казань,[],[],[],"Казань, Ямашева, 82",2635306,более 5000,49868.0,Пятёрочка,От 1 года,Частичная занятость / Совместительство,Не имеет значения,55.827766,49.146748,https://kazan.superjob.ru/vakansii/pekar-48779377.html,56000.0
48779379,Пекарь,75600,96800,rub,"['Туризм, гостиницы, общественное питание', 'Промышленность, производство', 'Продажи']","['Рестораны, кафе, столовые, фастфуд', 'Пищевая промышленность', 'Начало карьеры, мало опыта']",Мурино,[],[],[],"Мурино, Шоссе в Лаврики, 89",2635306,более 5000,49868.0,Пятёрочка,От 1 года,Частичная занятость / Совместительство,Не имеет значения,60.066544,30.45686,https://murino.superjob.ru/vakansii/pekar-48779379.html,86200.0
48779542,Пекарь,33600,45360,rub,"['Туризм, гостиницы, общественное питание', 'Промышленность, производство']","['Рестораны, кафе, столовые, фастфуд', 'Пищевая промышленность']",Кашира,[],[],[],"Кашира, Ожерелье, Молодежная, 20",2635306,более 5000,49868.0,Пятёрочка,Не имеет значения,Полный рабочий день,Не имеет значения,54.780548,38.270782,https://kashira.superjob.ru/vakansii/pekar-48779542.html,39480.0
48779584,Пекарь,42000,47000,rub,"['Туризм, гостиницы, общественное питание', 'Промышленность, производство']","['Рестораны, кафе, столовые, фастфуд', 'Пищевая промышленность']",Киржач,[],[],[],"Киржач, Ленинградская, 114",2635306,более 5000,49868.0,Пятёрочка,Не имеет значения,Частичная занятость / Совместительство,Не имеет значения,56.169418,38.894627,https://kirzhach.superjob.ru/vakansii/pekar-48779584.html,44500.0
48779654,Пекарь,37200,50200,rub,"['Туризм, гостиницы, общественное питание', 'Промышленность, производство']","['Рестораны, кафе, столовые, фастфуд', 'Пищевая промышленность']",Янаул,[],[],[],"Янаул, Победы, 97",2635306,более 5000,49868.0,Пятёрочка,Не имеет значения,Частичная занятость / Совместительство,Не имеет значения,56.273441,54.940479,https://yanaul.superjob.ru/vakansii/pekar-48779654.html,43700.0
49629937,Пекарь,43000,53000,rub,"['Туризм, гостиницы, общественное питание', 'Промышленность, производство']","['Рестораны, кафе, столовые, фастфуд', 'Пищевая промышленность']",Элиста,[],[],[],"Элиста, В. И. Ленина, 44",2635306,более 5000,49868.0,Пятёрочка,Не имеет значения,Частичная занятость / Совместительство,Не имеет значения,46.312515,44.225803,https://elista.superjob.ru/vakansii/pekar-49629937.html,48000.0
49736630,Пекарь,43000,53000,rub,"['Туризм, гостиницы, общественное питание', 'Промышленность, производство']","['Рестораны, кафе, столовые, фастфуд', 'Пищевая промышленность']",Элиста,[],[],[],"Элиста, 4, 25",2635306,более 5000,49868.0,Пятёрочка,Не имеет значения,Частичная занятость / Совместительство,Не имеет значения,46.307743,44.26976,https://elista.superjob.ru/vakansii/pekar-49736630.html,48000.0
50277147,Пекарь,48000,60000,rub,"['Туризм, гостиницы, общественное питание', 'Промышленность, производство']","['Рестораны, кафе, столовые, фастфуд', 'Пищевая промышленность']",Вязники,[],[],[],"Вязники, Благовещенская, 29/10",2635306,более 5000,49868.0,Пятёрочка,Не имеет значения,Частичная занятость / Совместительство,Не имеет значения,56.247902,42.152473,https://vyazniki.superjob.ru/vakansii/pekar-50277147.html,54000.0
51758048,"Пекарь (Гафурово, Гафурово, Мирная, 26Б)",37400,50600,rub,"['Туризм, гостиницы, общественное питание', 'Промышленность, производство']","['Рестораны, кафе, столовые, фастфуд', 'Пищевая промышленность']",Туймазы,[],[],[],,2635306,более 5000,49868.0,Пятёрочка,Не имеет значения,Частичная занятость / Совместительство,Не имеет значения,,,https://tuimazy.superjob.ru/vakansii/pekar-51758048.html,44000.0
51764001,"Пекарь (Мензелинск, Челнинский Тракт, 8)",46600,53600,rub,"['Туризм, гостиницы, общественное питание', 'Промышленность, производство']","['Рестораны, кафе, столовые, фастфуд', 'Пищевая промышленность']",Мензелинск,[],[],[],,2635306,более 5000,49868.0,Пятёрочка,Не имеет значения,Частичная занятость / Совместительство,Не имеет значения,,,https://menzelinsk.superjob.ru/vakansii/pekar-51764001.html,50100.0
51764002,"Пекарь (Истра, Воскресенская, 3)",46860,58575,rub,"['Туризм, гостиницы, общественное питание', 'Промышленность, производство']","['Рестораны, кафе, столовые, фастфуд', 'Пищевая промышленность']",Истра,[],[],[],,2635306,более 5000,49868.0,Пятёрочка,Не имеет значения,Частичная занятость / Совместительство,Не имеет значения,,,https://istra.superjob.ru/vakansii/pekar-51764002.html,52717.5
51764003,"Пекарь (Междуреченск, Медиков, 8)",36800,47800,rub,"['Туризм, гостиницы, общественное питание', 'Промышленность, производство']","['Рестораны, кафе, столовые, фастфуд', 'Пищевая промышленность']",Междуреченск,[],[],[],,2635306,более 5000,49868.0,Пятёрочка,Не имеет значения,Частичная занятость / Совместительство,Не имеет значения,,,https://mezhdurechensk.superjob.ru/vakansii/pekar-51764003.html,42300.0
51792150,"Пекарь (Озёры, 1, 13)",46860,58575,rub,"['Туризм, гостиницы, общественное питание', 'Промышленность, производство']","['Рестораны, кафе, столовые, фастфуд', 'Пищевая промышленность']",Озеры,[],[],[],,2635306,более 5000,49868.0,Пятёрочка,Не имеет значения,Полный рабочий день,Не имеет значения,,,https://ozery.superjob.ru/vakansii/pekar-51792150.html,52717.5
51792152,Пекарь,50000,60000,rub,"['Туризм, гостиницы, общественное питание', 'Промышленность, производство']","['Рестораны, кафе, столовые, фастфуд', 'Пищевая промышленность']",Воронеж,[],[],[],"Воронеж, Патриотов, 38",2635306,более 5000,49868.0,Пятёрочка,Не имеет значения,Частичная занятость / Совместительство,Не имеет значения,51.648045,39.122494,https://voronezh.superjob.ru/vakansii/pekar-51792152.html,55000.0
51792155,"Пекарь (Нижний Новгород, Гагарина, 17А)",56000,72000,rub,"['Туризм, гостиницы, общественное питание', 'Промышленность, производство']","['Рестораны, кафе, столовые, фастфуд', 'Пищевая промышленность']",Нижний Новгород,[],[],[],,2635306,более 5000,49868.0,Пятёрочка,Не имеет значения,Частичная занятость / Совместительство,Не имеет значения,,,https://nn.superjob.ru/vakansii/pekar-51792155.html,64000.0
51792156,Пекарь,47000,57000,rub,"['Туризм, гостиницы, общественное питание', 'Промышленность, производство']","['Рестораны, кафе, столовые, фастфуд', 'Пищевая промышленность']",Шуя,[],[],[],"Шуя, Свердлова, 115в",2635306,более 5000,49868.0,Пятёрочка,Не имеет значения,Частичная занятость / Совместительство,Не имеет значения,56.836304,41.391945,https://shuya.superjob.ru/vakansii/pekar-51792156.html,52000.0
51792158,"Пекарь (Жуков, Ленина, 22)",44300,59800,rub,"['Туризм, гостиницы, общественное питание', 'Промышленность, производство']","['Рестораны, кафе, столовые, фастфуд', 'Пищевая промышленность']",Жуков,[],[],[],,2635306,более 5000,49868.0,Пятёрочка,Не имеет значения,Частичная занятость / Совместительство,Не имеет значения,,,https://zhukov.superjob.ru/vakansii/pekar-51792158.html,52050.0
51792166,"Пекарь (Москва, Нагатинская, 9)",80000,100000,rub,"['Туризм, гостиницы, общественное питание', 'Промышленность, производство']","['Рестораны, кафе, столовые, фастфуд', 'Пищевая промышленность']",Москва,[],[],[],,2635306,более 5000,49868.0,Пятёрочка,Не имеет значения,Частичная занятость / Совместительство,Не имеет значения,,,https://www.superjob.ru/vakansii/pekar-51792166.html,90000.0
51792170,"Пекарь (Серебряные Пруды, Шеметово, 1)",52272,70924,rub,"['Туризм, гостиницы, общественное питание', 'Промышленность, производство']","['Рестораны, кафе, столовые, фастфуд', 'Пищевая промышленность']",Серебряные Пруды,[],[],[],,2635306,более 5000,49868.0,Пятёрочка,Не имеет значения,Частичная занятость / Совместительство,Не имеет значения,,,https://mo.superjob.ru/vakansii/pekar-51792170.html,61598.0
51792174,"Пекарь (Озёры, Горы, Новая, 2Б)",52272,70924,rub,"['Туризм, гостиницы, общественное питание', 'Промышленность, производство']","['Рестораны, кафе, столовые, фастфуд', 'Пищевая промышленность']",Озеры,[],[],[],,2635306,более 5000,49868.0,Пятёрочка,Не имеет значения,Частичная занятость / Совместительство,Не имеет значения,,,https://ozery.superjob.ru/vakansii/pekar-51792174.html,61598.0
51792177,"Пекарь (Инякино, Инякино, Центральная, 156)",48000,60000,rub,"['Туризм, гостиницы, общественное питание', 'Промышленность, производство']","['Рестораны, кафе, столовые, фастфуд', 'Пищевая промышленность']",Рязанская,[],[],[],,2635306,более 5000,49868.0,Пятёрочка,Не имеет значения,Частичная занятость / Совместительство,Не имеет значения,,,https://ryazanskaya.superjob.ru/vakansii/pekar-51792177.html,54000.0
51792182,Пекарь,60000,75000,rub,"['Туризм, гостиницы, общественное питание', 'Промышленность, производство', 'Продажи']","['Рестораны, кафе, столовые, фастфуд', 'Пищевая промышленность', 'Начало карьеры, мало опыта']",Электроугли,[],[],[],"Электроугли, Центральная, 110",2635306,более 5000,49868.0,Пятёрочка,От 1 года,Частичная занятость / Совместительство,Не имеет значения,55.725422,38.208015,https://elektrougli.superjob.ru/vakansii/pekar-51792182.html,67500.0
51792183,"Пекарь (Ялуторовск, Свердлова, 49)",36900,48000,rub,"['Туризм, гостиницы, общественное питание', 'Промышленность, производство']","['Рестораны, кафе, столовые, фастфуд', 'Пищевая промышленность']",Ялуторовск,[],[],[],,2635306,более 5000,49868.0,Пятёрочка,Не имеет значения,Частичная занятость / Совместительство,Не имеет значения,,,https://yalutorovsk.superjob.ru/vakansii/pekar-51792183.html,42450.0
51792192,"Пекарь (Тольятти, Ленина, 3)",47600,59500,rub,"['Туризм, гостиницы, общественное питание', 'Промышленность, производство']","['Рестораны, кафе, столовые, фастфуд', 'Пищевая промышленность']",Тольятти,[],[],[],,2635306,более 5000,49868.0,Пятёрочка,Не имеет значения,Частичная занятость / Совместительство,Не имеет значения,,,https://tolyatti.superjob.ru/vakansii/pekar-51792192.html,53550.0
51792195,"Пекарь (Ясная Поляна, Ясная Поляна, Механизаторов, 1)",46000,56000,rub,"['Туризм, гостиницы, общественное питание', 'Промышленность, производство', 'Рабочий персонал']","['Рестораны, кафе, столовые, фастфуд', 'Пищевая промышленность', 'Рабочий персонал, разное', 'Квалифицированный рабочий']",Череповец,[],[],[],,2635306,более 5000,49868.0,Пятёрочка,Не имеет значения,Частичная занятость / Совместительство,Не имеет значения,,,https://cherepovets.superjob.ru/vakansii/pekar-51792195.html,51000.0
51792201,"Пекарь (Оренбург, Пролетарская, 298)",40800,55100,rub,"['Туризм, гостиницы, общественное питание', 'Промышленность, производство']","['Рестораны, кафе, столовые, фастфуд', 'Пищевая промышленность']",Оренбург,[],[],[],,2635306,более 5000,49868.0,Пятёрочка,Не имеет значения,Частичная занятость / Совместительство,Не имеет значения,,,https://orenburg.superjob.ru/vakansii/pekar-51792201.html,47950.0
51792207,"Пекарь (Ульяновск, Локомотивная, 62Б)",42500,57500,rub,"['Туризм, гостиницы, общественное питание', 'Промышленность, производство']","['Рестораны, кафе, столовые, фастфуд', 'Пищевая промышленность']",Ульяновск,[],[],[],,2635306,более 5000,49868.0,Пятёрочка,Не имеет значения,Частичная занятость / Совместительство,Не имеет значения,,,https://ulyanovsk.superjob.ru/vakansii/pekar-51792207.html,50000.0
51792211,"Пекарь (Нижний Новгород, Октябрьской Революции, 62)",56000,72000,rub,"['Туризм, гостиницы, общественное питание', 'Промышленность, производство']","['Рестораны, кафе, столовые, фастфуд', 'Пищевая промышленность']",Нижний Новгород,[],[],[],,2635306,более 5000,49868.0,Пятёрочка,Не имеет значения,Частичная занятость / Совместительство,Не имеет значения,,,https://nn.superjob.ru/vakansii/pekar-51792211.html,64000.0
51792212,Пекарь,51000,63000,rub,"['Туризм, гостиницы, общественное питание', 'Промышленность, производство']","['Рестораны, кафе, столовые, фастфуд', 'Пищевая промышленность']",Чехов,[],[],[],"Чехов, Молоди, Магистральная, 202",2635306,более 5000,49868.0,Пятёрочка,Не имеет значения,Частичная занятость / Совместительство,Не имеет значения,55.263931,37.509533,https://chehov.superjob.ru/vakansii/pekar-51792212.html,57000.0
51792222,"Пекарь (Буденновск, Кочубея, 140)",27800,37600,rub,"['Туризм, гостиницы, общественное питание', 'Промышленность, производство']","['Рестораны, кафе, столовые, фастфуд', 'Пищевая промышленность']",Буденновск,[],[],[],,2635306,более 5000,49868.0,Пятёрочка,Не имеет значения,Частичная занятость / Совместительство,Не имеет значения,,,https://budennovsk.superjob.ru/vakansii/pekar-51792222.html,32700.0
51792244,"Пекарь (Киров, Андрея Упита, 16А)",49000,59000,rub,"['Туризм, гостиницы, общественное питание', 'Промышленность, производство']","['Рестораны, кафе, столовые, фастфуд', 'Пищевая промышленность']",Киров (Кировская область),[],[],[],,2635306,более 5000,49868.0,Пятёрочка,Не имеет значения,Частичная занятость / Совместительство,Не имеет значения,,,https://kirov.superjob.ru/vakansii/pekar-51792244.html,54000.0
51792249,"Пекарь (Краснодар, Скандинавская, 1)",41740,54000,rub,"['Туризм, гостиницы, общественное питание', 'Промышленность, производство']","['Рестораны, кафе, столовые, фастфуд', 'Пищевая промышленность']",Краснодар,[],[],[],,2635306,более 5000,49868.0,Пятёрочка,Не имеет значения,Частичная занятость / Совместительство,Не имеет значения,,,https://krasnodar.superjob.ru/vakansii/pekar-51792249.html,47870.0
51792257,"Пекарь (Харовск, Свободы, 20)",43000,52000,rub,"['Туризм, гостиницы, общественное питание', 'Промышленность, производство']","['Рестораны, кафе, столовые, фастфуд', 'Пищевая промышленность']",Харовск,[],[],[],,2635306,более 5000,49868.0,Пятёрочка,Не имеет значения,Частичная занятость / Совместительство,Не имеет значения,,,https://harovsk.superjob.ru/vakansii/pekar-51792257.html,47500.0
51792263,"Пекарь (Псков, Энтузиастов, 5А)",44000,51000,rub,"['Туризм, гостиницы, общественное питание', 'Промышленность, производство']","['Рестораны, кафе, столовые, фастфуд', 'Пищевая промышленность']",Псков,[],[],[],,2635306,более 5000,49868.0,Пятёрочка,Не имеет значения,Частичная занятость / Совместительство,Не имеет значения,,,https://pskov.superjob.ru/vakansii/pekar-51792263.html,47500.0
51792264,"Пекарь (Воронеж, Летчика Филипова, 6)",50000,60000,rub,"['Туризм, гостиницы, общественное питание', 'Промышленность, производство']","['Рестораны, кафе, столовые, фастфуд', 'Пищевая промышленность']",Воронеж,[],[],[],,2635306,более 5000,49868.0,Пятёрочка,Не имеет значения,Частичная занятость / Совместительство,Не имеет значения,,,https://voronezh.superjob.ru/vakansii/pekar-51792264.html,55000.0
51844031,"Пекарь (Суоранда, Суоранда, Центральная, 2Б/1)",72500,92700,rub,"['Туризм, гостиницы, общественное питание', 'Промышленность, производство']","['Рестораны, кафе, столовые, фастфуд', 'Пищевая промышленность']",Янино-1,[],[],[],,2635306,более 5000,49868.0,Пятёрочка,Не имеет значения,Частичная занятость / Совместительство,Не имеет значения,,,https://yanino-1.superjob.ru/vakansii/pekar-51844031.html,82600.0
51860674,"Пекарь (Миасс, 60 лет Октября, 11Б)",52100,70300,rub,"['Туризм, гостиницы, общественное питание', 'Промышленность, производство']","['Рестораны, кафе, столовые, фастфуд', 'Пищевая промышленность']",Миасс,[],[],[],,2635306,более 5000,49868.0,Пятёрочка,Не имеет значения,Частичная занятость / Совместительство,Не имеет значения,,,https://miass.superjob.ru/vakansii/pekar-51860674.html,61200.0
48777166,Пекарь,39800,54000,rub,"['Туризм, гостиницы, общественное питание', 'Промышленность, производство']","['Рестораны, кафе, столовые, фастфуд', 'Пищевая промышленность']",Красный Сулин,[],[],[],"Красный Сулин, Гагарина, 33",2635306,более 5000,49868.0,Пятёрочка,Не имеет значения,Частичная занятость / Совместительство,Не имеет значения,47.890678,40.07151,https://krasny-sulin.superjob.ru/vakansii/pekar-48777166.html,46900.0
48777220,Пекарь,49000,55500,rub,"['Туризм, гостиницы, общественное питание', 'Промышленность, производство']","['Рестораны, кафе, столовые, фастфуд', 'Пищевая промышленность']",Ростов-на-Дону,[],[],[],"Ростов-на-Дону, Димитрова, 58",2635306,более 5000,49868.0,Пятёрочка,Не имеет значения,Частичная занятость / Совместительство,Не имеет значения,47.257416,39.785484,https://rnd.superjob.ru/vakansii/pekar-48777220.html,52250.0
48777265,"Пекарь (Отрадная,)",42000,53700,rub,"['Туризм, гостиницы, общественное питание', 'Промышленность, производство']","['Рестораны, кафе, столовые, фастфуд', 'Пищевая промышленность']",Отрадная,[],[],[],"Отрадная, Союзная, 70А",2635306,более 5000,49868.0,Пятёрочка,Не имеет значения,Частичная занятость / Совместительство,Не имеет значения,44.399094,41.525372,https://otradnaya.superjob.ru/vakansii/pekar-48777265.html,47850.0
49241860,Пекарь,42000,57000,rub,"['Туризм, гостиницы, общественное питание', 'Промышленность, производство']","['Рестораны, кафе, столовые, фастфуд', 'Пищевая промышленность']",Александровск,[],[],[],"Александровск, Яйва, Кирова, 19",2635306,более 5000,49868.0,Пятёрочка,Не имеет значения,Частичная занятость / Совместительство,Не имеет значения,59.348068,57.27388,https://aleksandrovsk.superjob.ru/vakansii/pekar-49241860.html,49500.0
50156227,Пекарь,57500,63300,rub,"['Туризм, гостиницы, общественное питание', 'Промышленность, производство', 'Продажи']","['Рестораны, кафе, столовые, фастфуд', 'Пищевая промышленность', 'Начало карьеры, мало опыта']",Тополево,[],[],[],"Тополево, Гаражная, 1А",2635306,более 5000,49868.0,Пятёрочка,От 1 года,Частичная занятость / Совместительство,Не имеет значения,48.504494,135.1698,https://habarovsk.superjob.ru/vakansii/pekar-50156227.html,60400.0
50157061,Пекарь,38000,47000,rub,"['Туризм, гостиницы, общественное питание', 'Промышленность, производство', 'Продажи']","['Рестораны, кафе, столовые, фастфуд', 'Пищевая промышленность', 'Начало карьеры, мало опыта']",Воскресенское,[],[],[],"Воскресенское, 80",2635306,более 5000,49868.0,Пятёрочка,Без опыта,Полный рабочий день,Не имеет значения,54.571041,36.404621,https://mo.superjob.ru/vakansii/pekar-50157061.html,42500.0
51710551,"Пекарь (Липецк, Катукова, 11)",55000,65000,rub,"['Туризм, гостиницы, общественное питание', 'Промышленность, производство']","['Рестораны, кафе, столовые, фастфуд', 'Пищевая промышленность']",Липецк,[],[],[],,2635306,более 5000,49868.0,Пятёрочка,Не имеет значения,Частичная занятость / Совместительство,Не имеет значения,,,https://lipetsk.superjob.ru/vakansii/pekar-51710551.html,60000.0
51736488,"Пекарь (Ставрополь, СНТ Юбилейное-1, 3)",36000,47000,rub,"['Туризм, гостиницы, общественное питание', 'Промышленность, производство']","['Рестораны, кафе, столовые, фастфуд', 'Пищевая промышленность']",Ставрополь,[],[],[],,2635306,более 5000,49868.0,Пятёрочка,Не имеет значения,Частичная занятость / Совместительство,Не имеет значения,,,https://stavropol.superjob.ru/vakansii/pekar-51736488.html,41500.0
51754651,"Пекарь (Сызрань, Победы, 21)",50000,60000,rub,"['Туризм, гостиницы, общественное питание', 'Промышленность, производство']","['Рестораны, кафе, столовые, фастфуд', 'Пищевая промышленность']",Сызрань,[],[],[],,2635306,более 5000,49868.0,Пятёрочка,Не имеет значения,Частичная занятость / Совместительство,Не имеет значения,,,https://syzran.superjob.ru/vakansii/pekar-51754651.html,55000.0
51758041,"Пекарь (Выселки, Выселки, Победы, 59)",45000,56000,rub,"['Туризм, гостиницы, общественное питание', 'Промышленность, производство']","['Рестораны, кафе, столовые, фастфуд', 'Пищевая промышленность']",Выселки,[],[],[],,2635306,более 5000,49868.0,Пятёрочка,Не имеет значения,Частичная занятость / Совместительство,Не имеет значения,,,https://vyselki.superjob.ru/vakansii/pekar-51758041.html,50500.0
51792030,"Пекарь (Тольятти, Дзержинского, 27а)",47600,59500,rub,"['Туризм, гостиницы, общественное питание', 'Промышленность, производство']","['Рестораны, кафе, столовые, фастфуд', 'Пищевая промышленность']",Тольятти,[],[],[],,2635306,более 5000,49868.0,Пятёрочка,Не имеет значения,Частичная занятость / Совместительство,Не имеет значения,,,https://tolyatti.superjob.ru/vakansii/pekar-51792030.html,53550.0
51792034,"Пекарь (Домодедово, Павловское, Вокзальная, 21)",67220,90000,rub,"['Туризм, гостиницы, общественное питание', 'Промышленность, производство']","['Рестораны, кафе, столовые, фастфуд', 'Пищевая промышленность']",Домодедово,[],[],[],,2635306,более 5000,49868.0,Пятёрочка,Не имеет значения,Частичная занятость / Совместительство,Не имеет значения,,,https://domodedovo.superjob.ru/vakansii/pekar-51792034.html,78610.0
51792035,"Пекарь (Выползово, Выползово, Шоссейная, 1в)",35000,47200,rub,"['Туризм, гостиницы, общественное питание', 'Промышленность, производство']","['Рестораны, кафе, столовые, фастфуд', 'Пищевая промышленность']",Выползово,[],[],[],,2635306,более 5000,49868.0,Пятёрочка,Не имеет значения,Частичная занятость / Совместительство,Не имеет значения,,,https://vipolzovo.superjob.ru/vakansii/pekar-51792035.html,41100.0
51792050,"Пекарь (Казань, Габдуллы Тукая, 2п)",52000,60000,rub,"['Туризм, гостиницы, общественное питание', 'Промышленность, производство']","['Рестораны, кафе, столовые, фастфуд', 'Пищевая промышленность']",Казань,[],[],[],,2635306,более 5000,49868.0,Пятёрочка,Не имеет значения,Частичная занятость / Совместительство,Не имеет значения,,,https://kazan.superjob.ru/vakansii/pekar-51792050.html,56000.0
51792056,"Пекарь (Балаково, Трнавская, 27/1)",42000,56500,rub,"['Туризм, гостиницы, общественное питание', 'Промышленность, производство']","['Рестораны, кафе, столовые, фастфуд', 'Пищевая промышленность']",Балаково,[],[],[],,2635306,более 5000,49868.0,Пятёрочка,Не имеет значения,Частичная занятость / Совместительство,Не имеет значения,,,https://balakovo.superjob.ru/vakansii/pekar-51792056.html,49250.0
51792058,"Пекарь (Уссурийск, Некрасова, 86)",59900,65900,rub,"['Туризм, гостиницы, общественное питание', 'Промышленность, производство']","['Рестораны, кафе, столовые, фастфуд', 'Пищевая промышленность']",Уссурийск,[],[],[],,2635306,более 5000,49868.0,Пятёрочка,Не имеет значения,Частичная занятость / Совместительство,Не имеет значения,,,https://ussuriysk.superjob.ru/vakansii/pekar-51792058.html,62900.0
51792060,"Пекарь (Калининск, Советская, 4)",43000,58000,rub,"['Туризм, гостиницы, общественное питание', 'Промышленность, производство']","['Рестораны, кафе, столовые, фастфуд', 'Пищевая промышленность']",Калининск,[],[],[],,2635306,более 5000,49868.0,Пятёрочка,Не имеет значения,Частичная занятость / Совместительство,Не имеет значения,,,https://kalininsk.superjob.ru/vakansii/pekar-51792060.html,50500.0
51792069,"Пекарь (Новый Уренгой, Созидателей, 2)",58300,75800,rub,"['Туризм, гостиницы, общественное питание', 'Промышленность, производство']","['Рестораны, кафе, столовые, фастфуд', 'Пищевая промышленность']",Новый Уренгой,[],[],[],,2635306,более 5000,49868.0,Пятёрочка,Не имеет значения,Частичная занятость / Совместительство,Не имеет значения,,,https://novyi-urengoi.superjob.ru/vakansii/pekar-51792069.html,67050.0
51792074,"Пекарь (Вышний Волочек, Урицкого, 88/56)",35000,47200,rub,"['Туризм, гостиницы, общественное питание', 'Промышленность, производство']","['Рестораны, кафе, столовые, фастфуд', 'Пищевая промышленность']",Вышний Волочек,[],[],[],,2635306,более 5000,49868.0,Пятёрочка,Не имеет значения,Частичная занятость / Совместительство,Не имеет значения,,,https://vyshnij-volochek.superjob.ru/vakansii/pekar-51792074.html,41100.0
51792078,"Пекарь (Волово, Волово, Хрунова, 12а)",45000,51000,rub,"['Туризм, гостиницы, общественное питание', 'Промышленность, производство']","['Рестораны, кафе, столовые, фастфуд', 'Пищевая промышленность']",Волово,[],[],[],,2635306,более 5000,49868.0,Пятёрочка,Не имеет значения,Частичная занятость / Совместительство,Не имеет значения,,,https://lipetskaya-oblast-volovo.superjob.ru/vakansii/pekar-51792078.html,48000.0
51792083,"Пекарь (Радужный, 7/1, 10)",45000,55000,rub,"['Туризм, гостиницы, общественное питание', 'Промышленность, производство']","['Рестораны, кафе, столовые, фастфуд', 'Пищевая промышленность']",Радужный (Владимирская область),[],[],[],,2635306,более 5000,49868.0,Пятёрочка,Не имеет значения,Частичная занятость / Совместительство,Не имеет значения,,,https://raduzhnyj-vladimir.superjob.ru/vakansii/pekar-51792083.html,50000.0
51792085,"Пекарь (Усть-Лабинск, Октябрьская, 99)",40261,50326,rub,"['Туризм, гостиницы, общественное питание', 'Промышленность, производство']","['Рестораны, кафе, столовые, фастфуд', 'Пищевая промышленность']",Усть-Лабинск,[],[],[],,2635306,более 5000,49868.0,Пятёрочка,Не имеет значения,Частичная занятость / Совместительство,Не имеет значения,,,https://ust-labinsk.superjob.ru/vakansii/pekar-51792085.html,45293.5
51792089,"Пекарь (Тюмень, Энергостроителей, 20/13)",40500,52700,rub,"['Туризм, гостиницы, общественное питание', 'Промышленность, производство']","['Рестораны, кафе, столовые, фастфуд', 'Пищевая промышленность']",Тюмень,[],[],[],,2635306,более 5000,49868.0,Пятёрочка,Не имеет значения,Частичная занятость / Совместительство,Не имеет значения,,,https://tyumen.superjob.ru/vakansii/pekar-51792089.html,46600.0
51792090,"Пекарь (Семенов, Гражданская, 28)",49700,57100,rub,"['Туризм, гостиницы, общественное питание', 'Промышленность, производство']","['Рестораны, кафе, столовые, фастфуд', 'Пищевая промышленность']",Семенов,[],[],[],,2635306,более 5000,49868.0,Пятёрочка,Не имеет значения,Частичная занятость / Совместительство,Не имеет значения,,,https://semenov.superjob.ru/vakansii/pekar-51792090.html,53400.0
51792097,"Пекарь (Салават, Калинина, 89Б)",37700,50900,rub,"['Туризм, гостиницы, общественное питание', 'Промышленность, производство']","['Рестораны, кафе, столовые, фастфуд', 'Пищевая промышленность']",Салават,[],[],[],,2635306,более 5000,49868.0,Пятёрочка,Не имеет значения,Частичная занятость / Совместительство,Не имеет значения,,,https://salavat.superjob.ru/vakansii/pekar-51792097.html,44300.0
51792102,"Пекарь (Ульяновск, Генерала Тюленева, 6Б)",42500,57500,rub,"['Туризм, гостиницы, общественное питание', 'Промышленность, производство']","['Рестораны, кафе, столовые, фастфуд', 'Пищевая промышленность']",Ульяновск,[],[],[],,2635306,более 5000,49868.0,Пятёрочка,Не имеет значения,Частичная занятость / Совместительство,Не имеет значения,,,https://ulyanovsk.superjob.ru/vakansii/pekar-51792102.html,50000.0
51792103,Пекарь,63000,77000,rub,"['Туризм, гостиницы, общественное питание', 'Промышленность, производство']","['Рестораны, кафе, столовые, фастфуд', 'Пищевая промышленность']",Электросталь,[],[],[],"Электросталь, Ленина, 06",2635306,более 5000,49868.0,Пятёрочка,Не имеет значения,Частичная занятость / Совместительство,Не имеет значения,55.810532,38.432343,https://elektrostal.superjob.ru/vakansii/pekar-51792103.html,70000.0
51792106,Пекарь,42000,51000,rub,"['Туризм, гостиницы, общественное питание', 'Промышленность, производство']","['Рестораны, кафе, столовые, фастфуд', 'Пищевая промышленность']",Боровичи,[],[],[],"Боровичи, Новоселицкая, 42",2635306,более 5000,49868.0,Пятёрочка,Не имеет значения,Частичная занятость / Совместительство,Не имеет значения,58.377151,33.898746,https://borovichi.superjob.ru/vakansii/pekar-51792106.html,46500.0
51792108,"Пекарь (Горячий Ключ, Саратовская, Коммунаров, 28)",41000,46000,rub,"['Туризм, гостиницы, общественное питание', 'Промышленность, производство']","['Рестораны, кафе, столовые, фастфуд', 'Пищевая промышленность']",Горячий Ключ,[],[],[],,2635306,более 5000,49868.0,Пятёрочка,Не имеет значения,Частичная занятость / Совместительство,Не имеет значения,,,https://goryachij-klyuch.superjob.ru/vakansii/pekar-51792108.html,43500.0
51792117,"Пекарь (Пестово, Производственная, 9А)",42000,51000,rub,"['Туризм, гостиницы, общественное питание', 'Промышленность, производство']","['Рестораны, кафе, столовые, фастфуд', 'Пищевая промышленность']",Пестово,[],[],[],,2635306,более 5000,49868.0,Пятёрочка,Не имеет значения,Частичная занятость / Совместительство,Не имеет значения,,,https://pestovo.superjob.ru/vakansii/pekar-51792117.html,46500.0
51792125,"Пекарь (Киров, Советская (Нововятский), 154)",49000,59000,rub,"['Туризм, гостиницы, общественное питание', 'Промышленность, производство']","['Рестораны, кафе, столовые, фастфуд', 'Пищевая промышленность']",Киров (Кировская область),[],[],[],,2635306,более 5000,49868.0,Пятёрочка,Не имеет значения,Частичная занятость / Совместительство,Не имеет значения,,,https://kirov.superjob.ru/vakansii/pekar-51792125.html,54000.0
51792130,"Пекарь (Новосибирск, Петухова, 59)",50900,66200,rub,"['Туризм, гостиницы, общественное питание', 'Промышленность, производство']","['Рестораны, кафе, столовые, фастфуд', 'Пищевая промышленность']",Новосибирск,[],[],[],,2635306,более 5000,49868.0,Пятёрочка,Не имеет значения,Частичная занятость / Совместительство,Не имеет значения,,,https://nsk.superjob.ru/vakansii/pekar-51792130.html,58550.0
51792133,"Пекарь (Новоспасское, Новоспасское, Советская, 147)",42500,57400,rub,"['Туризм, гостиницы, общественное питание', 'Промышленность, производство']","['Рестораны, кафе, столовые, фастфуд', 'Пищевая промышленность']",Новоспасское,[],[],[],,2635306,более 5000,49868.0,Пятёрочка,Не имеет значения,Частичная занятость / Совместительство,Не имеет значения,,,https://novospasskoe.superjob.ru/vakansii/pekar-51792133.html,49950.0
51795171,"Пекарь (Казань, Анаса Тазетдинова, 1)",55200,68200,rub,"['Туризм, гостиницы, общественное питание', 'Промышленность, производство']","['Рестораны, кафе, столовые, фастфуд', 'Пищевая промышленность']",Казань,[],[],[],,2635306,более 5000,49868.0,Пятёрочка,Не имеет значения,Частичная занятость / Совместительство,Не имеет значения,,,https://kazan.superjob.ru/vakansii/pekar-51795171.html,61700.0
51844012,"Пекарь (Балашиха, Керамик, Железнодорожный, 27)",50700,61300,rub,"['Туризм, гостиницы, общественное питание', 'Промышленность, производство']","['Рестораны, кафе, столовые, фастфуд', 'Пищевая промышленность']",Балашиха,[],[],[],,2635306,более 5000,49868.0,Пятёрочка,Не имеет значения,Частичная занятость / Совместительство,Не имеет значения,,,https://balashiha.superjob.ru/vakansii/pekar-51844012.html,56000.0
51854450,"Пекарь (Июльское, Июльское, Центральная, 25/1)",45000,61000,rub,"['Туризм, гостиницы, общественное питание', 'Промышленность, производство']","['Рестораны, кафе, столовые, фастфуд', 'Пищевая промышленность']",Завьялово,[],[],[],,2635306,более 5000,49868.0,Пятёрочка,Не имеет значения,Частичная занятость / Совместительство,Не имеет значения,,,https://zavyalovo.superjob.ru/vakansii/pekar-51854450.html,53000.0
51854463,"Пекарь (Оса, Злыгостева, 89Б)",43000,58000,rub,"['Туризм, гостиницы, общественное питание', 'Промышленность, производство']","['Рестораны, кафе, столовые, фастфуд', 'Пищевая промышленность']",Оса,[],[],[],,2635306,более 5000,49868.0,Пятёрочка,Не имеет значения,Частичная занятость / Совместительство,Не имеет значения,,,https://permskiy-kray-osa.superjob.ru/vakansii/pekar-51854463.html,50500.0
48777164,"Пекарь (Петровское,)",46000,56000,rub,"['Туризм, гостиницы, общественное питание', 'Промышленность, производство']","['Рестораны, кафе, столовые, фастфуд', 'Пищевая промышленность']",Петровское (Ярославская область),[],[],[],"Петровское, Новая, 14А",2635306,более 5000,49868.0,Пятёрочка,Не имеет значения,Частичная занятость / Совместительство,Не имеет значения,57.010807,39.266212,https://yaroslavskaya-oblast-petrovskoe.superjob.ru/vakansii/pekar-48777164.html,51000.0
49101173,Пекарь,33000,43000,rub,"['Туризм, гостиницы, общественное питание', 'Промышленность, производство', 'Продажи']","['Рестораны, кафе, столовые, фастфуд', 'Пищевая промышленность', 'Начало карьеры, мало опыта']",Астрахань,[],[],[],"Астрахань, Звездная, 17",2635306,более 5000,49868.0,Пятёрочка,Не имеет значения,Частичная занятость / Совместительство,Не имеет значения,46.32914,48.055573,https://astrakhan.superjob.ru/vakansii/pekar-49101173.html,38000.0
50207180,Пекарь,35448,46030,rub,"['Туризм, гостиницы, общественное питание', 'Промышленность, производство', 'Продажи']","['Рестораны, кафе, столовые, фастфуд', 'Пищевая промышленность', 'Начало карьеры, мало опыта']",Губкин,[],[],[],"Губкин, Дзержинского, 113",2635306,более 5000,49868.0,Пятёрочка,Без опыта,Сменный график работы,Не имеет значения,51.287441,37.521183,https://gubkin.superjob.ru/vakansii/pekar-50207180.html,40739.0
50918683,"Пекарь (Долгопрудный, Дирижабельная, 24)",55800,67500,rub,"['Туризм, гостиницы, общественное питание', 'Промышленность, производство']","['Рестораны, кафе, столовые, фастфуд', 'Пищевая промышленность']",Долгопрудный,[],[],[],,2635306,более 5000,49868.0,Пятёрочка,Не имеет значения,Частичная занятость / Совместительство,Не имеет значения,,,https://dolgoprudniy.superjob.ru/vakansii/pekar-50918683.html,61650.0
50970630,"Пекарь (Кубенское, Кубенское, Ленина, 75А)",43000,52000,rub,"['Туризм, гостиницы, общественное питание', 'Промышленность, производство']","['Рестораны, кафе, столовые, фастфуд', 'Пищевая промышленность']",Кубенское,[],[],[],,2635306,более 5000,49868.0,Пятёрочка,Не имеет значения,Частичная занятость / Совместительство,Не имеет значения,,,https://vologda.superjob.ru/vakansii/pekar-50970630.html,47500.0
51079718,"Пекарь (Новочебоксарск, Энергетиков, 15)",42200,57000,rub,"['Туризм, гостиницы, общественное питание', 'Строительство, проектирование, недвижимость', 'Промышленность, производство']","['Рестораны, кафе, столовые, фастфуд', 'Электроснабжение', 'Пищевая промышленность', 'Энергетика']",Новочебоксарск,[],[],[],,2635306,более 5000,49868.0,Пятёрочка,Не имеет значения,Неполный рабочий день,Не имеет значения,,,https://novocheboksarsk.superjob.ru/vakansii/pekar-51079718.html,49600.0
51768496,"Пекарь (Москва, Черняховского, 4)",80000,100000,rub,"['Туризм, гостиницы, общественное питание', 'Промышленность, производство']","['Рестораны, кафе, столовые, фастфуд', 'Пищевая промышленность']",Москва,[],[],[],,2635306,более 5000,49868.0,Пятёрочка,Не имеет значения,Частичная занятость / Совместительство,Не имеет значения,,,https://www.superjob.ru/vakansii/pekar-51768496.html,90000.0
51791956,"Пекарь (Дивное, Дивное, Кашубы, 11)",28417,36373,rub,"['Туризм, гостиницы, общественное питание', 'Промышленность, производство']","['Рестораны, кафе, столовые, фастфуд', 'Пищевая промышленность']",Дивное,[],[],[],,2635306,более 5000,49868.0,Пятёрочка,Не имеет значения,Частичная занятость / Совместительство,Не имеет значения,,,https://stavropol.superjob.ru/vakansii/pekar-51791956.html,32395.0
51791959,"Пекарь (Брянск, Орловская, 30)",37200,47800,rub,"['Туризм, гостиницы, общественное питание', 'Промышленность, производство']","['Рестораны, кафе, столовые, фастфуд', 'Пищевая промышленность']",Брянск,[],[],[],,2635306,более 5000,49868.0,Пятёрочка,Не имеет значения,Частичная занятость / Совместительство,Не имеет значения,,,https://bryansk.superjob.ru/vakansii/pekar-51791959.html,42500.0
51791960,"Пекарь (Адыгейск, В. И. Ленина, 30Б)",45000,50000,rub,"['Туризм, гостиницы, общественное питание', 'Промышленность, производство']","['Рестораны, кафе, столовые, фастфуд', 'Пищевая промышленность']",Адыгейск,[],[],[],,2635306,более 5000,49868.0,Пятёрочка,Не имеет значения,Частичная занятость / Совместительство,Не имеет значения,,,https://adygejsk.superjob.ru/vakansii/pekar-51791960.html,47500.0
51791963,"Пекарь (Москва, Чертановская, 30)",80000,100000,rub,"['Туризм, гостиницы, общественное питание', 'Промышленность, производство']","['Рестораны, кафе, столовые, фастфуд', 'Пищевая промышленность']",Москва,[],[],[],,2635306,более 5000,49868.0,Пятёрочка,Не имеет значения,Частичная занятость / Совместительство,Не имеет значения,,,https://www.superjob.ru/vakansii/pekar-51791963.html,90000.0
51791965,"Пекарь (Ступино, Старая Ситня, Центральная, 2А)",45700,57400,rub,"['Туризм, гостиницы, общественное питание', 'Промышленность, производство']","['Рестораны, кафе, столовые, фастфуд', 'Пищевая промышленность']",Ступино,[],[],[],,2635306,более 5000,49868.0,Пятёрочка,Не имеет значения,Частичная занятость / Совместительство,Не имеет значения,,,https://stupino.superjob.ru/vakansii/pekar-51791965.html,51550.0
51791972,"Пекарь (Видное, Старо-Нагорная, 21)",67220,90000,rub,"['Туризм, гостиницы, общественное питание', 'Промышленность, производство']","['Рестораны, кафе, столовые, фастфуд', 'Пищевая промышленность']",Видное,[],[],[],,2635306,более 5000,49868.0,Пятёрочка,Не имеет значения,Частичная занятость / Совместительство,Не имеет значения,,,https://vidnoe.superjob.ru/vakansii/pekar-51791972.html,78610.0
51791973,"Пекарь (Александровское, Александровское, Калинина, 36)",33233,42537,rub,"['Туризм, гостиницы, общественное питание', 'Промышленность, производство']","['Рестораны, кафе, столовые, фастфуд', 'Пищевая промышленность']",Александровское,[],[],[],,2635306,более 5000,49868.0,Пятёрочка,Не имеет значения,Частичная занятость / Совместительство,Не имеет значения,,,https://tomsk.superjob.ru/vakansii/pekar-51791973.html,37885.0
51791975,"Пекарь (Хадыженск, Партизанский, 1)",37290,48599,rub,"['Туризм, гостиницы, общественное питание', 'Промышленность, производство']","['Рестораны, кафе, столовые, фастфуд', 'Пищевая промышленность']",Хадыженск,[],[],[],,2635306,более 5000,49868.0,Пятёрочка,Не имеет значения,Частичная занятость / Совместительство,Не имеет значения,,,https://hadyzhensk.superjob.ru/vakansii/pekar-51791975.html,42944.5
51791982,"Пекарь (Петровск, Советская, 2)",37000,52000,rub,"['Туризм, гостиницы, общественное питание', 'Промышленность, производство']","['Рестораны, кафе, столовые, фастфуд', 'Пищевая промышленность']",Петровск,[],[],[],,2635306,более 5000,49868.0,Пятёрочка,Не имеет значения,Частичная занятость / Совместительство,Не имеет значения,,,https://petrovsk.superjob.ru/vakansii/pekar-51791982.html,44500.0
51791985,Пекарь,52000,64000,rub,"['Туризм, гостиницы, общественное питание', 'Промышленность, производство']","['Рестораны, кафе, столовые, фастфуд', 'Пищевая промышленность']",Ясногорск (Тульская область),[],[],[],"Ясногорск, З. Космодемьянской, 1",2635306,более 5000,49868.0,Пятёрочка,Не имеет значения,Частичная занятость / Совместительство,Не имеет значения,54.47982,37.699284,https://yasnogorsk.superjob.ru/vakansii/pekar-51791985.html,58000.0
51791986,"Пекарь (Форштадт, Форштадт, Советская, 18А)",44400,59900,rub,"['Туризм, гостиницы, общественное питание', 'Промышленность, производство']","['Рестораны, кафе, столовые, фастфуд', 'Пищевая промышленность']",Верхнеуральск,[],[],[],,2635306,более 5000,49868.0,Пятёрочка,Не имеет значения,Частичная занятость / Совместительство,Не имеет значения,,,https://verhneuralsk.superjob.ru/vakansii/pekar-51791986.html,52150.0
51791988,"Пекарь (Владикавказ, Московская, 51)",32000,35000,rub,"['Туризм, гостиницы, общественное питание', 'Промышленность, производство']","['Рестораны, кафе, столовые, фастфуд', 'Пищевая промышленность']",Владикавказ,[],[],[],,2635306,более 5000,49868.0,Пятёрочка,Не имеет значения,Частичная занятость / Совместительство,Не имеет значения,,,https://vladikavkaz.superjob.ru/vakansii/pekar-51791988.html,33500.0
51791989,"Пекарь (Ижевское, Ижевское, Красная, 50)",48000,60000,rub,"['Туризм, гостиницы, общественное питание', 'Промышленность, производство']","['Рестораны, кафе, столовые, фастфуд', 'Пищевая промышленность']",Рязанская,[],[],[],,2635306,более 5000,49868.0,Пятёрочка,Не имеет значения,Частичная занятость / Совместительство,Не имеет значения,,,https://ryazanskaya.superjob.ru/vakansii/pekar-51791989.html,54000.0
51791996,"Пекарь (Новотроицк, Советская, 63Б)",33900,45700,rub,"['Туризм, гостиницы, общественное питание', 'Промышленность, производство']","['Рестораны, кафе, столовые, фастфуд', 'Пищевая промышленность']",Новотроицк,[],[],[],,2635306,более 5000,49868.0,Пятёрочка,Не имеет значения,Частичная занятость / Совместительство,Не имеет значения,,,https://novotroitsk.superjob.ru/vakansii/pekar-51791996.html,39800.0
51792001,"Пекарь (Пенза, Военный, 137)",42000,54600,rub,"['Туризм, гостиницы, общественное питание', 'Промышленность, производство']","['Рестораны, кафе, столовые, фастфуд', 'Пищевая промышленность']",Пенза,[],[],[],,2635306,более 5000,49868.0,Пятёрочка,Не имеет значения,Частичная занятость / Совместительство,Не имеет значения,,,https://penza.superjob.ru/vakansii/pekar-51792001.html,48300.0
51792006,"Пекарь (Новый Уренгой, Крайняя, 8)",58300,75800,rub,"['Туризм, гостиницы, общественное питание', 'Промышленность, производство']","['Рестораны, кафе, столовые, фастфуд', 'Пищевая промышленность']",Новый Уренгой,[],[],[],,2635306,более 5000,49868.0,Пятёрочка,Не имеет значения,Частичная занятость / Совместительство,Не имеет значения,,,https://novyi-urengoi.superjob.ru/vakansii/pekar-51792006.html,67050.0
51792010,"Пекарь (Деденево, Деденево, Московский 1-й, 17)",46600,65000,rub,"['Туризм, гостиницы, общественное питание', 'Промышленность, производство']","['Рестораны, кафе, столовые, фастфуд', 'Пищевая промышленность']",Яхрома,[],[],[],,2635306,более 5000,49868.0,Пятёрочка,Не имеет значения,Частичная занятость / Совместительство,Не имеет значения,,,https://yahroma.superjob.ru/vakansii/pekar-51792010.html,55800.0
51792016,"Пекарь (Большой Царын, Большой Царын, Зеленая, 28)",41000,51000,rub,"['Туризм, гостиницы, общественное питание', 'Промышленность, производство']","['Рестораны, кафе, столовые, фастфуд', 'Пищевая промышленность']",Большой Царын,[],[],[],,2635306,более 5000,49868.0,Пятёрочка,Не имеет значения,Частичная занятость / Совместительство,Не имеет значения,,,https://www.superjob.ru/vakansii/pekar-51792016.html,46000.0
51792019,"Пекарь (Череповец, Молодежная, 1)",46000,56000,rub,"['Туризм, гостиницы, общественное питание', 'Промышленность, производство']","['Рестораны, кафе, столовые, фастфуд', 'Пищевая промышленность']",Череповец,[],[],[],,2635306,более 5000,49868.0,Пятёрочка,Не имеет значения,Частичная занятость / Совместительство,Не имеет значения,,,https://cherepovets.superjob.ru/vakansii/pekar-51792019.html,51000.0
51792020,"Пекарь (Челябинск, Каслинская, 21)",52100,70300,rub,"['Туризм, гостиницы, общественное питание', 'Промышленность, производство']","['Рестораны, кафе, столовые, фастфуд', 'Пищевая промышленность']",Челябинск,[],[],[],,2635306,более 5000,49868.0,Пятёрочка,Не имеет значения,Частичная занятость / Совместительство,Не имеет значения,,,https://chelyabinsk.superjob.ru/vakansii/pekar-51792020.html,61200.0
51792022,"Пекарь (Кадников, Карла Маркса, 29)",43000,52000,rub,"['Туризм, гостиницы, общественное питание', 'Промышленность, производство']","['Рестораны, кафе, столовые, фастфуд', 'Пищевая промышленность']",Кадников,[],[],[],,2635306,более 5000,49868.0,Пятёрочка,Не имеет значения,Частичная занятость / Совместительство,Не имеет значения,,,https://kadnikov.superjob.ru/vakansii/pekar-51792022.html,47500.0
51792023,"Пекарь (Брянск, Медведева, 4)",37200,47800,rub,"['Туризм, гостиницы, общественное питание', 'Промышленность, производство']","['Рестораны, кафе, столовые, фастфуд', 'Пищевая промышленность']",Брянск,[],[],[],,2635306,более 5000,49868.0,Пятёрочка,Не имеет значения,Частичная занятость / Совместительство,Не имеет значения,,,https://bryansk.superjob.ru/vakansii/pekar-51792023.html,42500.0
51792024,"Пекарь (Батайск, М. Горького, 659)",42900,57900,rub,"['Туризм, гостиницы, общественное питание', 'Промышленность, производство']","['Рестораны, кафе, столовые, фастфуд', 'Пищевая промышленность']",Батайск,[],[],[],,2635306,более 5000,49868.0,Пятёрочка,Не имеет значения,Частичная занятость / Совместительство,Не имеет значения,,,https://bataisk.superjob.ru/vakansii/pekar-51792024.html,50400.0
51792039,"Пекарь (Демино, Демино, Ленина, 1)",36000,47000,rub,"['Туризм, гостиницы, общественное питание', 'Промышленность, производство']","['Рестораны, кафе, столовые, фастфуд', 'Пищевая промышленность']",Ставрополь,[],[],[],,2635306,более 5000,49868.0,Пятёрочка,Не имеет значения,Частичная занятость / Совместительство,Не имеет значения,,,https://stavropol.superjob.ru/vakansii/pekar-51792039.html,41500.0
51838751,"Пекарь (Мурманск, Полины Осипенко, 8А)",59000,68000,rub,"['Туризм, гостиницы, общественное питание', 'Промышленность, производство']","['Рестораны, кафе, столовые, фастфуд', 'Пищевая промышленность']",Мурманск,[],[],[],,2635306,более 5000,49868.0,Пятёрочка,Не имеет значения,Частичная занятость / Совместительство,Не имеет значения,,,https://murmansk.superjob.ru/vakansii/pekar-51838751.html,63500.0
51838753,"Пекарь (Куровское, Советская, 105)",55000,67000,rub,"['Туризм, гостиницы, общественное питание', 'Промышленность, производство']","['Рестораны, кафе, столовые, фастфуд', 'Пищевая промышленность']",Куровское,[],[],[],,2635306,более 5000,49868.0,Пятёрочка,Не имеет значения,Частичная занятость / Совместительство,Не имеет значения,,,https://kurovskoe.superjob.ru/vakansii/pekar-51838753.html,61000.0
51854441,"Пекарь (Чернушка, Генерала Куприянова, 1)",43000,58000,rub,"['Туризм, гостиницы, общественное питание', 'Промышленность, производство']","['Рестораны, кафе, столовые, фастфуд', 'Пищевая промышленность']",Чернушка,[],[],[],,2635306,более 5000,49868.0,Пятёрочка,Не имеет значения,Частичная занятость / Совместительство,Не имеет значения,,,https://chernushka.superjob.ru/vakansii/pekar-51854441.html,50500.0
51854448,"Пекарь (Воткинск, Пролетарская, 31Г)",45000,61000,rub,"['Туризм, гостиницы, общественное питание', 'Промышленность, производство']","['Рестораны, кафе, столовые, фастфуд', 'Пищевая промышленность']",Воткинск,[],[],[],,2635306,более 5000,49868.0,Пятёрочка,Не имеет значения,Частичная занятость / Совместительство,Не имеет значения,,,https://votkinsk.superjob.ru/vakansii/pekar-51854448.html,53000.0
51870433,Начальник производства цеха,110000,150000,rub,['Государственная служба'],"['Военная служба, служба по контракту']",Ейск,[],[],[],"Краснодарский край, Ейск, улица Шмидта, 291",572951,1000 — 5000,27.0,ОДК-СЕРВИС,От 3 лет,Полный рабочий день,Не имеет значения,46.702366,38.246754,https://yeisk.superjob.ru/vakansii/nachalnik-proizvodstva-ceha-51870433.html,130000.0
48767333,Пекарь,50900,66200,rub,"['Туризм, гостиницы, общественное питание', 'Промышленность, производство', 'Продажи']","['Рестораны, кафе, столовые, фастфуд', 'Пищевая промышленность', 'Начало карьеры, мало опыта']",Новосибирск,[],[],[],"Новосибирск, Хилокская, 1Д",2635306,более 5000,49868.0,Пятёрочка,Не имеет значения,Частичная занятость / Совместительство,Не имеет значения,54.954376,82.837181,https://nsk.superjob.ru/vakansii/pekar-48767333.html,58550.0
48770051,Пекарь,37290,49900,rub,"['Туризм, гостиницы, общественное питание', 'Промышленность, производство', 'Продажи']","['Рестораны, кафе, столовые, фастфуд', 'Пищевая промышленность', 'Начало карьеры, мало опыта']",Княгинино,[],[],[],"Княгинино, Свободы, 21",2635306,более 5000,49868.0,Пятёрочка,Не имеет значения,Полный рабочий день,Не имеет значения,55.821297,45.037674,https://knyaginino.superjob.ru/vakansii/pekar-48770051.html,43595.0
48776067,Пекарь,52100,70300,rub,"['Туризм, гостиницы, общественное питание', 'Промышленность, производство']","['Рестораны, кафе, столовые, фастфуд', 'Пищевая промышленность']",Челябинск,[],[],[],"Челябинск, Героя России Яковлева А. В., 17",2635306,более 5000,49868.0,Пятёрочка,Не имеет значения,Частичная занятость / Совместительство,Не имеет значения,55.171978,61.360386,https://chelyabinsk.superjob.ru/vakansii/pekar-48776067.html,61200.0
48776289,Пекарь,52000,60000,rub,"['Туризм, гостиницы, общественное питание', 'Промышленность, производство', 'Продажи']","['Рестораны, кафе, столовые, фастфуд', 'Пищевая промышленность', 'Начало карьеры, мало опыта']",Казань,[],[],[],"Казань, Рихарда Зорге, 82",2635306,более 5000,49868.0,Пятёрочка,От 1 года,Частичная занятость / Совместительство,Не имеет значения,55.745441,49.214973,https://kazan.superjob.ru/vakansii/pekar-48776289.html,56000.0
48776531,Пекарь,80000,100000,rub,"['Туризм, гостиницы, общественное питание', 'Промышленность, производство']","['Рестораны, кафе, столовые, фастфуд', 'Пищевая промышленность']",Москва,[],[],[],"Москва, Строгинский, 9",2635306,более 5000,49868.0,Пятёрочка,Не имеет значения,Частичная занятость / Совместительство,Не имеет значения,55.805092,37.399929,https://www.superjob.ru/vakansii/pekar-48776531.html,90000.0
49763822,Пекарь,47000,57000,rub,"['Туризм, гостиницы, общественное питание', 'Промышленность, производство']","['Рестораны, кафе, столовые, фастфуд', 'Пищевая промышленность']",Шуя,[],[],[],"Шуя, Кооперативная, 16",2635306,более 5000,49868.0,Пятёрочка,Не имеет значения,Частичная занятость / Совместительство,Не имеет значения,56.833771,41.395779,https://shuya.superjob.ru/vakansii/pekar-49763822.html,52000.0
50190486,Пекарь,53400,72000,rub,"['Туризм, гостиницы, общественное питание', 'Промышленность, производство', 'Продажи']","['Рестораны, кафе, столовые, фастфуд', 'Пищевая промышленность', 'Начало карьеры, мало опыта']",Сысерть,[],[],[],"Кашино, Ленина, 49",2635306,более 5000,49868.0,Пятёрочка,От 1 года,Частичная занятость / Совместительство,Не имеет значения,56.535282,60.86935,https://sysert.superjob.ru/vakansii/pekar-50190486.html,62700.0
50718280,Пекарь,31000,42000,rub,"['Туризм, гостиницы, общественное питание', 'Промышленность, производство']","['Рестораны, кафе, столовые, фастфуд', 'Пищевая промышленность']",Барыш,[],[],[],"Барыш, Красноармейская, 25",2635306,более 5000,49868.0,Пятёрочка,Не имеет значения,Частичная занятость / Совместительство,Не имеет значения,53.649662,47.110294,https://barysh.superjob.ru/vakansii/pekar-50718280.html,36500.0
50741147,"Пекарь (Мытищи, Погорелки, Осташковское, 18)",53500,72100,rub,"['Туризм, гостиницы, общественное питание', 'Промышленность, производство']","['Рестораны, кафе, столовые, фастфуд', 'Пищевая промышленность']",Мытищи,[],[],[],,2635306,более 5000,49868.0,Пятёрочка,Не имеет значения,Частичная занятость / Совместительство,Не имеет значения,,,https://mytischi.superjob.ru/vakansii/pekar-50741147.html,62800.0
50741538,"Пекарь (Волгодонск, Гагарина, 42/9)",38282,578920,rub,"['Туризм, гостиницы, общественное питание', 'Промышленность, производство']","['Рестораны, кафе, столовые, фастфуд', 'Пищевая промышленность']",Волгодонск,[],[],[],,2635306,более 5000,49868.0,Пятёрочка,Не имеет значения,Неполный рабочий день,Не имеет значения,,,https://volgodonsk.superjob.ru/vakansii/pekar-50741538.html,308601.0
50744184,Пекарь,54000,65000,rub,"['Туризм, гостиницы, общественное питание', 'Промышленность, производство']","['Рестораны, кафе, столовые, фастфуд', 'Пищевая промышленность']",Котлас,[],[],[],"Котлас, Маяковского, 34",2635306,более 5000,49868.0,Пятёрочка,Не имеет значения,Частичная занятость / Совместительство,Не имеет значения,61.243675,46.630764,https://kotlas.superjob.ru/vakansii/pekar-50744184.html,59500.0
50746399,Пекарь,46000,56000,rub,"['Туризм, гостиницы, общественное питание', 'Промышленность, производство']","['Рестораны, кафе, столовые, фастфуд', 'Пищевая промышленность']",Череповец,[],[],[],"Череповец, Максима Горького, 20Б",2635306,более 5000,49868.0,Пятёрочка,Не имеет значения,Частичная занятость / Совместительство,Не имеет значения,59.126331,37.921165,https://cherepovets.superjob.ru/vakansii/pekar-50746399.html,51000.0
51791895,"Пекарь (Сергиев Посад, Хотьковский, 13)",58000,71000,rub,"['Туризм, гостиницы, общественное питание', 'Промышленность, производство']","['Рестораны, кафе, столовые, фастфуд', 'Пищевая промышленность']",Сергиев Посад,[],[],[],,2635306,более 5000,49868.0,Пятёрочка,Не имеет значения,Частичная занятость / Совместительство,Не имеет значения,,,https://sergiev-posad.superjob.ru/vakansii/pekar-51791895.html,64500.0
51791896,"Пекарь (Саратов, Новогусельский, Курдюмская, 25)",43000,58000,rub,"['Туризм, гостиницы, общественное питание', 'Промышленность, производство']","['Рестораны, кафе, столовые, фастфуд', 'Пищевая промышленность']",Саратов,[],[],[],,2635306,более 5000,49868.0,Пятёрочка,Не имеет значения,Частичная занятость / Совместительство,Не имеет значения,,,https://saratov.superjob.ru/vakansii/pekar-51791896.html,50500.0
51791909,"Пекарь (Юрга, Машиностроителей, 12)",35900,46700,rub,"['Туризм, гостиницы, общественное питание', 'Промышленность, производство']","['Рестораны, кафе, столовые, фастфуд', 'Пищевая промышленность']",Юрга,[],[],[],,2635306,более 5000,49868.0,Пятёрочка,Не имеет значения,Частичная занятость / Совместительство,Не имеет значения,,,https://yurga.superjob.ru/vakansii/pekar-51791909.html,41300.0
51791912,"Пекарь (Давыдово, Давыдово, 2-й, 18)",55000,67000,rub,"['Туризм, гостиницы, общественное питание', 'Промышленность, производство']","['Рестораны, кафе, столовые, фастфуд', 'Пищевая промышленность']",Куровское,[],[],[],,2635306,более 5000,49868.0,Пятёрочка,Не имеет значения,Частичная занятость / Совместительство,Не имеет значения,,,https://kurovskoe.superjob.ru/vakansii/pekar-51791912.html,61000.0
51791913,"Пекарь (Кемерово, Молодежный, 9/2)",41700,54200,rub,"['Туризм, гостиницы, общественное питание', 'Промышленность, производство']","['Рестораны, кафе, столовые, фастфуд', 'Пищевая промышленность']",Кемерово,[],[],[],,2635306,более 5000,49868.0,Пятёрочка,Не имеет значения,Частичная занятость / Совместительство,Не имеет значения,,,https://kemerovo.superjob.ru/vakansii/pekar-51791913.html,47950.0
51791914,"Пекарь (Тверь, Тверская, 6)",43000,55000,rub,"['Туризм, гостиницы, общественное питание', 'Промышленность, производство']","['Рестораны, кафе, столовые, фастфуд', 'Пищевая промышленность']",Тверь,[],[],[],,2635306,более 5000,49868.0,Пятёрочка,Не имеет значения,Частичная занятость / Совместительство,Не имеет значения,,,https://tver.superjob.ru/vakansii/pekar-51791914.html,49000.0
51791918,"Пекарь (Юрга, Машиностроителей, 55/1)",35900,46700,rub,"['Туризм, гостиницы, общественное питание', 'Промышленность, производство']","['Рестораны, кафе, столовые, фастфуд', 'Пищевая промышленность']",Юрга,[],[],[],,2635306,более 5000,49868.0,Пятёрочка,Не имеет значения,Частичная занятость / Совместительство,Не имеет значения,,,https://yurga.superjob.ru/vakansii/pekar-51791918.html,41300.0
51791919,"Пекарь (Владикавказ, Коста, 223)",31000,36000,rub,"['Туризм, гостиницы, общественное питание', 'Промышленность, производство']","['Рестораны, кафе, столовые, фастфуд', 'Пищевая промышленность']",Владикавказ,[],[],[],,2635306,более 5000,49868.0,Пятёрочка,Не имеет значения,Частичная занятость / Совместительство,Не имеет значения,,,https://vladikavkaz.superjob.ru/vakansii/pekar-51791919.html,33500.0
51791920,"Пекарь (Смоленск, Попова, 99)",41200,49400,rub,"['Туризм, гостиницы, общественное питание', 'Промышленность, производство']","['Рестораны, кафе, столовые, фастфуд', 'Пищевая промышленность']",Смоленск,[],[],[],,2635306,более 5000,49868.0,Пятёрочка,Не имеет значения,Частичная занятость / Совместительство,Не имеет значения,,,https://smolensk.superjob.ru/vakansii/pekar-51791920.html,45300.0
51791923,"Пекарь (Новоукраинское, Новоукраинское, Красная, 113)",34000,44000,rub,"['Туризм, гостиницы, общественное питание', 'Промышленность, производство']","['Рестораны, кафе, столовые, фастфуд', 'Пищевая промышленность']",Казанская (Краснодарский край),[],[],[],,2635306,более 5000,49868.0,Пятёрочка,Не имеет значения,Частичная занятость / Совместительство,Не имеет значения,,,https://kropotkin.superjob.ru/vakansii/pekar-51791923.html,39000.0
51791930,"Пекарь (Шахты, Рабоче-Крестьянская, 42)",39800,54000,rub,"['Туризм, гостиницы, общественное питание', 'Промышленность, производство', 'Рабочий персонал']","['Рестораны, кафе, столовые, фастфуд', 'Пищевая промышленность', 'Рабочий персонал, разное']",Шахты,[],[],[],,2635306,более 5000,49868.0,Пятёрочка,Не имеет значения,Частичная занятость / Совместительство,Не имеет значения,,,https://shahty.superjob.ru/vakansii/pekar-51791930.html,46900.0
51791934,"Пекарь (Тверь, Макарова, 70Б)",43000,55000,rub,"['Туризм, гостиницы, общественное питание', 'Промышленность, производство']","['Рестораны, кафе, столовые, фастфуд', 'Пищевая промышленность']",Тверь,[],[],[],,2635306,более 5000,49868.0,Пятёрочка,Не имеет значения,Частичная занятость / Совместительство,Не имеет значения,,,https://tver.superjob.ru/vakansii/pekar-51791934.html,49000.0
51791935,"Пекарь (Юрьевец, Советская, 26)",43000,53000,rub,"['Туризм, гостиницы, общественное питание', 'Промышленность, производство']","['Рестораны, кафе, столовые, фастфуд', 'Пищевая промышленность']",Юрьевец,[],[],[],,2635306,более 5000,49868.0,Пятёрочка,Не имеет значения,Частичная занятость / Совместительство,Не имеет значения,,,https://ivanovskaya-oblast-yurevets.superjob.ru/vakansii/pekar-51791935.html,48000.0
51791937,"Пекарь (Иваново, Дальний, 9)",47000,57000,rub,"['Туризм, гостиницы, общественное питание', 'Промышленность, производство']","['Рестораны, кафе, столовые, фастфуд', 'Пищевая промышленность']",Иваново,[],[],[],,2635306,более 5000,49868.0,Пятёрочка,Не имеет значения,Частичная занятость / Совместительство,Не имеет значения,,,https://ivanovo.superjob.ru/vakansii/pekar-51791937.html,52000.0
51791940,"Пекарь (Иваново, Куконковых, 154)",47000,57000,rub,"['Туризм, гостиницы, общественное питание', 'Промышленность, производство']","['Рестораны, кафе, столовые, фастфуд', 'Пищевая промышленность']",Иваново,[],[],[],,2635306,более 5000,49868.0,Пятёрочка,Не имеет значения,Частичная занятость / Совместительство,Не имеет значения,,,https://ivanovo.superjob.ru/vakansii/pekar-51791940.html,52000.0
51791941,"Пекарь (Саратов, им Академика Навашина С. Г., 34А)",43000,58000,rub,"['Туризм, гостиницы, общественное питание', 'Промышленность, производство']","['Рестораны, кафе, столовые, фастфуд', 'Пищевая промышленность']",Саратов,[],[],[],,2635306,более 5000,49868.0,Пятёрочка,Не имеет значения,Частичная занятость / Совместительство,Не имеет значения,,,https://saratov.superjob.ru/vakansii/pekar-51791941.html,50500.0
51795144,Техник,85000,85000,rub,"['Промышленность, производство', 'Услуги, ремонт, сервисное обслуживание', 'Рабочий персонал']","['Промышленное оборудование', 'Промышленное оборудование', 'Квалифицированный рабочий']",Москва,"['Комсомольская', 'Площадь трёх вокзалов']","['Кольцевая', 'МЦД4']","['brown', 'mediumaquamarine']","Москва, Комсомольская площадь",2466656,более 5000,6387.0,Российские железные дороги,От 1 года,Полный рабочий день,Среднее специальное,55.775326,37.655643,https://www.superjob.ru/vakansii/tehnik-51795144.html,85000.0
51821164,"Пекарь (Мончегорск, Кондрикова, 16А)",61000,71000,rub,"['Туризм, гостиницы, общественное питание', 'Промышленность, производство']","['Рестораны, кафе, столовые, фастфуд', 'Пищевая промышленность']",Мончегорск,[],[],[],,2635306,более 5000,49868.0,Пятёрочка,Не имеет значения,Частичная занятость / Совместительство,Не имеет значения,,,https://monchegorsk.superjob.ru/vakansii/pekar-51821164.html,66000.0
51822347,"Пекарь (Энгельс, Тельмана, 6)",44520,60100,rub,"['Туризм, гостиницы, общественное питание', 'Промышленность, производство']","['Рестораны, кафе, столовые, фастфуд', 'Пищевая промышленность']",Энгельс,[],[],[],,2635306,более 5000,49868.0,Пятёрочка,Не имеет значения,Частичная занятость / Совместительство,Не имеет значения,,,https://engels.superjob.ru/vakansii/pekar-51822347.html,52310.0
51838740,"Пекарь (Кохма, Ивановская, 73)",47000,57000,rub,"['Туризм, гостиницы, общественное питание', 'Промышленность, производство']","['Рестораны, кафе, столовые, фастфуд', 'Пищевая промышленность']",Кохма,[],[],[],,2635306,более 5000,49868.0,Пятёрочка,Не имеет значения,Частичная занятость / Совместительство,Не имеет значения,,,https://kohma.superjob.ru/vakansii/pekar-51838740.html,52000.0
51838741,"Пекарь (Калуга, Фридриха Энгельса, 78А)",46000,56700,rub,"['Туризм, гостиницы, общественное питание', 'Промышленность, производство']","['Рестораны, кафе, столовые, фастфуд', 'Пищевая промышленность']",Калуга,[],[],[],,2635306,более 5000,49868.0,Пятёрочка,Не имеет значения,Частичная занятость / Совместительство,Не имеет значения,,,https://kaluga.superjob.ru/vakansii/pekar-51838741.html,51350.0
51838742,"Пекарь (Киров, Подгорная, 4)",49000,59000,rub,"['Туризм, гостиницы, общественное питание', 'Промышленность, производство']","['Рестораны, кафе, столовые, фастфуд', 'Пищевая промышленность']",Киров (Кировская область),[],[],[],,2635306,более 5000,49868.0,Пятёрочка,Не имеет значения,Частичная занятость / Совместительство,Не имеет значения,,,https://kirov.superjob.ru/vakansii/pekar-51838742.html,54000.0
51838744,"Пекарь (Салават, Хирургическая, 8)",37700,50900,rub,"['Туризм, гостиницы, общественное питание', 'Промышленность, производство']","['Рестораны, кафе, столовые, фастфуд', 'Пищевая промышленность']",Салават,[],[],[],,2635306,более 5000,49868.0,Пятёрочка,Не имеет значения,Частичная занятость / Совместительство,Не имеет значения,,,https://salavat.superjob.ru/vakansii/pekar-51838744.html,44300.0
51840766,"Пекарь (Алексин, Пахомова, 11А)",52000,64000,rub,"['Туризм, гостиницы, общественное питание', 'Промышленность, производство']","['Рестораны, кафе, столовые, фастфуд', 'Пищевая промышленность']",Алексин,[],[],[],,2635306,более 5000,49868.0,Пятёрочка,Не имеет значения,Частичная занятость / Совместительство,Не имеет значения,,,https://aleksin.superjob.ru/vakansii/pekar-51840766.html,58000.0
51854432,"Пекарь (Барда, Барда, Ленина, 37Г)",42000,57000,rub,"['Туризм, гостиницы, общественное питание', 'Промышленность, производство']","['Рестораны, кафе, столовые, фастфуд', 'Пищевая промышленность']",Барда (Пермский край),[],[],[],,2635306,более 5000,49868.0,Пятёрочка,Не имеет значения,Частичная занятость / Совместительство,Не имеет значения,,,https://barda.superjob.ru/vakansii/pekar-51854432.html,49500.0
51860555,"Пекарь (Липецк, Победы, 99)",55000,65000,rub,"['Туризм, гостиницы, общественное питание', 'Промышленность, производство']","['Рестораны, кафе, столовые, фастфуд', 'Пищевая промышленность']",Липецк,[],[],[],,2635306,более 5000,49868.0,Пятёрочка,Не имеет значения,Частичная занятость / Совместительство,Не имеет значения,,,https://lipetsk.superjob.ru/vakansii/pekar-51860555.html,60000.0
51698308,Мастер дорожный (на железной дороге),120000,130000,rub,"['Строительство, проектирование, недвижимость']","['Подводно-технические работы', 'Строительно-монтажные работы']",Ржев,[],[],[],,2466656,более 5000,6387.0,Российские железные дороги,От 1 года,Полный рабочий день,Высшее,,,https://rzhev.superjob.ru/vakansii/master-dorozhnyj-51698308.html,125000.0
51726915,Бетонщик,145000,150000,rub,"['Строительство, проектирование, недвижимость', 'Рабочий персонал']","['Строительно-монтажные работы', 'Рабочий персонал, разное']",Белогорск (Амурская область),[],[],[],,4899646,менее 50,7.0,Р-Строй,От 1 года,Полный рабочий день,Не имеет значения,,,https://belogorsk.superjob.ru/vakansii/betonschik-51726915.html,147500.0
51844060,"Директор магазина-партнер (Казань, Бондаренко, 28)",85000,120000,rub,"['Строительство, проектирование, недвижимость']","['Управление недвижимостью', 'Управление строительством, девелопмент']",Казань,[],[],[],,2635306,более 5000,49868.0,Пятёрочка,От 1 года,Полный рабочий день,Неполное высшее,,,https://kazan.superjob.ru/vakansii/direktor-magazina-partner-51844060.html,102500.0
51780785,Начинающий специалист по недвижимости,260000,380000,rub,"['Продажи', 'Строительство, проектирование, недвижимость']","['Агентства недвижимости, оценка недвижимости', 'Начало карьеры, мало опыта']",Москва,"['Киевская', 'Смоленская', 'Арбатская', 'Бауманская', 'Электрозаводская', 'Семёновская', 'Партизанская', 'Измайловская', 'Первомайская', 'Щёлковская']","['Филёвская', 'Филёвская', 'Филёвская', 'Арбатско-Покровская', 'МЦД3', 'Арбатско-Покровская', 'Арбатско-Покровская', 'Арбатско-Покровская', 'Арбатско-Покровская', 'Арбатско-Покровская']","['blue', 'blue', 'blue', 'darkblue', 'orangered', 'darkblue', 'darkblue', 'darkblue', 'darkblue', 'darkblue']",,813261,1000 — 5000,286.0,МИЭЛЬ,Без опыта,Полный рабочий день,Не имеет значения,,,https://www.superjob.ru/vakansii/nachinayuschij-specialist-po-nedvizhimosti-51780785.html,320000.0
51780804,Мастер сетевого района,71300,78200,rub,"['Строительство, проектирование, недвижимость']","['Подводно-технические работы', 'Проектирование', 'Управление строительством, девелопмент']",Ярославль,[],[],[],"Ярославль, Ленинградский проспект, 41",3842962,менее 50,0.0,ТГК-2,От 3 лет,Полный рабочий день,Высшее,57.675705,39.800415,https://yaroslavl.superjob.ru/vakansii/master-setevogo-rajona-51780804.html,74750.0
51801605,Продавец в зону готовой еды,59700,79500,rub,"['Продажи', 'Строительство, проектирование, недвижимость']","['Агентства недвижимости, оценка недвижимости', 'Управление недвижимостью']",Кировск (Мурманская обл.),[],[],[],"Кировск, Комсомольская, 3",280168,более 5000,18163.0,"Магнит, Розничная сеть",Не имеет значения,Сменный график работы,Не имеет значения,67.653099,33.703434,https://kirovsk-murmanskaya-oblast.superjob.ru/vakansii/prodavec-v-zonu-gotovoj-edy-51801605.html,69600.0
51848042,Монтажник турбоагрегатов и синхронных компенсаторов,310000,350000,rub,"['Строительство, проектирование, недвижимость', 'Рабочий персонал']","['Строительно-монтажные работы', 'Рабочий персонал, разное', 'Квалифицированный рабочий']",Ступино,[],[],[],Кашира,4595880,более 5000,68.0,Инжиниринговый холдинг «эВ-групп»,От 3 лет,Полный рабочий день,Не имеет значения,,,https://stupino.superjob.ru/vakansii/montazhnik-turboagregatov-i-sinhronnyh-kompensatorov-51848042.html,330000.0
51698059,Электрик,6090,7830,rub,"['Строительство, проектирование, недвижимость', 'Рабочий персонал']","['Строительно-монтажные работы', 'Электроснабжение', 'Рабочий персонал, разное', 'Квалифицированный рабочий']",Кострома,[],[],[],"Кострома, Кинешемское шоссе, 27",11714,100 — 500,68.0,Филиал ФКУ «Налог-Сервис» ФНС России по ЦОД в г. Москве,От 3 лет,Частичная занятость / Совместительство,Не имеет значения,57.751514,40.997746,https://kostroma.superjob.ru/vakansii/elektrik-51698059.html,6960.0
51850377,Разнорабочий по комплексному обслуживанию зданий на территории храма блаженной Матроны Московской,90000,100000,rub,"['Строительство, проектирование, недвижимость']","['ЖКХ', 'Подводно-технические работы']",Москва,[],[],[],"Москва, Профсоюзная улица, 132к7А",3802096,менее 50,3.0,Храм Иверской иконы Божией Матери в Беляево,От 1 года,Полный рабочий день,Не имеет значения,55.632526,37.507412,https://www.superjob.ru/vakansii/raznorabochij-po-kompleksnomu-obsluzhivaniyu-zdanij-na-territorii-hrama-blazhennoj-matrony-moskovskoj-51850377.html,95000.0
51850405,Монтажник,88000,170000,rub,"['Строительство, проектирование, недвижимость', 'Рабочий персонал']","['Строительно-монтажные работы', 'Рабочий персонал, разное', 'Квалифицированный рабочий']",Санкт-Петербург,[],[],[],,4156139,менее 50,51.0,"ФСК ""Мостоотряд-47""",От 1 года,Работа вахтовым методом,Не имеет значения,,,https://spb.superjob.ru/vakansii/montazhnik-51850405.html,129000.0
51792514,"Директор магазина-партнер (Ставрополь, Трунова, 97)",47800,100000,rub,"['Строительство, проектирование, недвижимость']","['Управление недвижимостью', 'Управление строительством, девелопмент']",Ставрополь,[],[],[],,2635306,более 5000,49868.0,Пятёрочка,От 1 года,Полный рабочий день,Неполное высшее,,,https://stavropol.superjob.ru/vakansii/direktor-magazina-partner-51792514.html,73900.0
51870205,Рабочий по комплексному обслуживанию здания,50000,60000,rub,"['Административная работа, секретариат, АХО', 'Строительство, проектирование, недвижимость', 'Рабочий персонал']","['АХО', 'Эксплуатация зданий', 'Рабочий персонал, разное']",Зеленоград,[],[],[],"Москва, Зеленоград, Каштановая аллея, 2А",4923433,менее 50,1.0,"АНО ""Школа ""Согласие""",От 1 года,Частичная занятость / Совместительство,Не имеет значения,55.985786,37.228962,https://zelenograd.superjob.ru/vakansii/rabochij-po-kompleksnomu-obsluzhivaniyu-zdaniya-51870205.html,55000.0
50393475,Строитель-универсал (стройка),130000,150000,rub,"['Строительство, проектирование, недвижимость', 'Рабочий персонал']","['Строительно-монтажные работы', 'Рабочий персонал, разное', 'Квалифицированный рабочий']",Москва,"['Профсоюзная', 'Тульская', 'Нагорная']","['Калужско-Рижская', 'Серпуховско-Тимирязевская', 'Серпуховско-Тимирязевская']","['orange', 'gray', 'gray']","Москва, Нагорная улица, 4А",71817,100 — 500,21.0,ЭКО центр,От 3 лет,Полный рабочий день,Не имеет значения,55.682301,37.609325,https://www.superjob.ru/vakansii/stroitel-universal-50393475.html,140000.0
50469020,Инженер-проектировщик электроснабжения,60000,60000,rub,"['Строительство, проектирование, недвижимость']","['Проектирование', 'Электроснабжение']",Йошкар-Ола,[],[],[],"Йошкар-Ола, Ленинский проспект, 59Г",4149648,менее 50,1.0,ПУ Парус,От 1 года,Полный рабочий день,Высшее,56.634754,47.874752,https://ioshkar-ola.superjob.ru/vakansii/inzhener-proektirovschik-elektrosnabzheniya-50469020.html,60000.0
50599238,Электромонтер по ремонту и обслуживанию электрооборудования 3-го разряда,25000,30000,rub,"['Услуги, ремонт, сервисное обслуживание', 'Рабочий персонал', 'Строительство, проектирование, недвижимость']","['Телекоммуникационное оборудование и сети', 'Промышленное оборудование', 'Рабочий персонал, разное', 'Слаботочные системы и сети']",Москва,['Савёловская'],['МЦД4'],['mediumaquamarine'],"Москва, улица Сущёвский Вал, 1",4887815,более 5000,62.0,Социальный фонд России,От 1 года,Сменный график работы,Не имеет значения,55.79351,37.590542,https://www.superjob.ru/vakansii/elektromonter-po-remontu-i-obsluzhivaniyu-elektrooborudovaniya-3-go-razryada-50599238.html,27500.0
34022945,Помощник настоятеля по строительной и технической части,60000,70000,rub,"['Строительство, проектирование, недвижимость', 'Рабочий персонал']","['Водоснабжение, канализация', 'Электроснабжение', 'Слаботочные системы и сети', 'Рабочий персонал, разное', 'Квалифицированный рабочий']",Москва,['Коньково'],['Калужско-Рижская'],['orange'],"Москва, Профсоюзная улица, 132к7А",3802096,менее 50,3.0,Храм Иверской иконы Божией Матери в Беляево,От 1 года,Полный рабочий день,Среднее,55.632526,37.507412,https://www.superjob.ru/vakansii/pomoschnik-nastoyatelya-po-stroitelnoj-i-tehnicheskoj-chasti-34022945.html,65000.0
51726841,Инженер-проектировщик ИССО,74675,74675,rub,"['Строительство, проектирование, недвижимость']",['Проектирование'],Саратов,[],[],[],"Саратов, Большая Садовая улица, 239",3440179,1000 — 5000,28.0,Росжелдорпроект,От 3 лет,Полный рабочий день,Не имеет значения,51.54866,46.00666,https://saratov.superjob.ru/vakansii/inzhener-proektirovschik-isso-51726841.html,74675.0
51735573,"Электрогазосварщик ручной сварки (НАКС СК 1, 2, 3, сварка составных свай)",155000,196000,rub,"['Строительство, проектирование, недвижимость', 'Рабочий персонал']","['Благоустройство территорий', 'Строительно-монтажные работы', 'Квалифицированный рабочий']",Хабаровск,[],[],[],,4407559,менее 50,21.0,ГСП-6,От 1 года,Полный рабочий день,Не имеет значения,,,https://habarovsk.superjob.ru/vakansii/elektrogazosvarschik-ruchnoj-svarki-51735573.html,175500.0
51733159,Главный специалист по работе с клиентми,27093,28000,rub,"['Дизайн', 'Строительство, проектирование, недвижимость']","['Дизайн интерьера', 'Подводно-технические работы']",Карачаевск,[],[],[],"Карачаевский район, аул Новая Теберда",14215,более 5000,1380.0,Почта России,Без опыта,Полный рабочий день,Не имеет значения,43.672798,41.895206,https://karachaevsk.superjob.ru/vakansii/glavnyj-specialist-po-rabote-s-klientmi-51733159.html,27546.5
51780800,Слесарь по обслуживанию тепловых сетей,59000,65000,rub,"['Строительство, проектирование, недвижимость']","['Отопление, вентиляция и кондиционирование']",Ярославль,[],[],[],"Ярославль, улица Полушкина Роща, 7",3842962,менее 50,0.0,ТГК-2,Без опыта,Полный рабочий день,Не имеет значения,57.648605,39.876312,https://yaroslavl.superjob.ru/vakansii/slesar-po-obsluzhivaniyu-teplovyh-setej-51780800.html,62000.0
51799221,"Электрогазосварщик, г. Саратов вахта 30/30",180000,200000,rub,"['Строительство, проектирование, недвижимость', 'Рабочий персонал']","['Благоустройство территорий', 'Строительно-монтажные работы', 'Квалифицированный рабочий']",Краснодар,[],[],[],,3925670,1000 — 5000,14.0,Бамтоннельстрой-Мост,От 1 года,Полный рабочий день,Не имеет значения,,,https://krasnodar.superjob.ru/vakansii/elektrogazosvarschik-51799221.html,190000.0
51801445,Инженер ПТО,100000,140000,rub,"['Строительство, проектирование, недвижимость']","['Технический надзор, строительная экспертиза / ПТО']",Москва,[],[],[],"Москва, Новослободская улица, 50/1с2",4959062,менее 50,1.0,Эквитас,Без опыта,Полный рабочий день,Не имеет значения,55.786995,37.594421,https://www.superjob.ru/vakansii/inzhener-pto-51801445.html,120000.0
51801589,Продавец в зону готовой еды,63200,89300,rub,"['Строительство, проектирование, недвижимость', 'Топ-персонал']","['Благоустройство территорий', 'Безопасность, службы охраны', 'Туризм, гостиницы, общественное питание']",Янино-1,[],[],[],"Ковалево, Ковалево, Поперечная, 79",280168,более 5000,18163.0,"Магнит, Розничная сеть",Не имеет значения,Сменный график работы,Не имеет значения,59.979191,30.568808,https://yanino-1.superjob.ru/vakansii/prodavec-v-zonu-gotovoj-edy-51801589.html,76250.0
51325715,Машинист экскаватора (тракторист),53000,60000,rub,"['Транспорт, логистика, ВЭД', 'Строительство, проектирование, недвижимость', 'Рабочий персонал']","['Автоперевозки', 'Благоустройство территорий', 'Рабочий персонал, разное', 'Квалифицированный рабочий']",Альметьевск,[],[],[],"Республика Татарстан (Татарстан), Альметьевск, Советская улица, 186с1",4243646,более 5000,1.0,Таттелеком,Без опыта,Полный рабочий день,Не имеет значения,54.912762,52.311279,https://almetyevsk.superjob.ru/vakansii/mashinist-ekskavatora-51325715.html,56500.0
51845990,Кассир ночной (м. Университет),109802,125000,rub,"['Строительство, проектирование, недвижимость']",['ЖКХ'],Москва,[],[],[],"Москва, Ленинский проспект, 69",248733,более 5000,67.0,Магнолия,Без опыта,Полный рабочий день,Не имеет значения,55.690372,37.550655,https://www.superjob.ru/vakansii/kassir-nochnoj-51845990.html,117401.0
51848035,Монтажник турбоагрегатов и синхронных компенсаторов,310000,350000,rub,"['Строительство, проектирование, недвижимость', 'Рабочий персонал']","['Строительно-монтажные работы', 'Рабочий персонал, разное', 'Квалифицированный рабочий']",Домодедово,[],[],[],Кашира,4595880,более 5000,68.0,Инжиниринговый холдинг «эВ-групп»,От 3 лет,Полный рабочий день,Не имеет значения,,,https://domodedovo.superjob.ru/vakansii/montazhnik-turboagregatov-i-sinhronnyh-kompensatorov-51848035.html,330000.0
51850359,Маляр АКЗ,135000,160000,rub,"['Строительство, проектирование, недвижимость', 'Рабочий персонал']","['Строительно-монтажные работы', 'Рабочий персонал, разное', 'Квалифицированный рабочий']",Иркутск,[],[],[],,2837310,более 5000,574.0,СтройТрансНефтеГаз,От 1 года,Полный рабочий день,Не имеет значения,,,https://irkutsk.superjob.ru/vakansii/malyar-akz-51850359.html,147500.0
51726920,Бетонщик,145000,150000,rub,"['Строительство, проектирование, недвижимость', 'Рабочий персонал']","['Строительно-монтажные работы', 'Рабочий персонал, разное']",Новосибирск,[],[],[],,4899646,менее 50,7.0,Р-Строй,От 1 года,Полный рабочий день,Не имеет значения,,,https://nsk.superjob.ru/vakansii/betonschik-51726920.html,147500.0
51649391,Сервисный инженер,64000,72000,rub,"['Услуги, ремонт, сервисное обслуживание', 'Строительство, проектирование, недвижимость']","['Телекоммуникационное оборудование и сети', 'Слаботочные системы и сети']",Большие Кайбицы,[],[],[],"Кайбицкий район, село Большие Кайбицы, Солнечный бульвар, 11",4243646,более 5000,1.0,Таттелеком,Без опыта,Полный рабочий день,Высшее,,,https://bolshie-kaybitsy.superjob.ru/vakansii/servisnyj-inzhener-51649391.html,68000.0
51780789,Слесарь по обслуживанию тепловых сетей,59000,65000,rub,"['Строительство, проектирование, недвижимость']","['Отопление, вентиляция и кондиционирование']",Ярославль,[],[],[],"Ярославль, улица Нефтяников, 11А",3842962,менее 50,0.0,ТГК-2,Без опыта,Полный рабочий день,Не имеет значения,57.579514,39.836849,https://yaroslavl.superjob.ru/vakansii/slesar-po-obsluzhivaniyu-teplovyh-setej-51780789.html,62000.0
51782675,Работник торгового зала в Гипермаркет Магнит,42200,58600,rub,"['Строительство, проектирование, недвижимость']","['Подводно-технические работы', 'Сметное дело']",Краснодар,[],[],[],"Краснодар, им. Александра Покрышкина, 3",280168,более 5000,18163.0,"Магнит, Розничная сеть",Не имеет значения,Сменный график работы,Не имеет значения,45.107685,38.949261,https://krasnodar.superjob.ru/vakansii/rabotnik-torgovogo-zala-v-gipermarket-magnit-51782675.html,50400.0
51799222,"Электрогазосварщик, г. Саратов вахта 30/30",180000,200000,rub,"['Строительство, проектирование, недвижимость', 'Рабочий персонал']","['Благоустройство территорий', 'Строительно-монтажные работы', 'Квалифицированный рабочий']",Чебоксары,[],[],[],,3925670,1000 — 5000,14.0,Бамтоннельстрой-Мост,От 1 года,Полный рабочий день,Не имеет значения,,,https://cheboksary.superjob.ru/vakansii/elektrogazosvarschik-51799222.html,190000.0
51834843,Электромонтер контактной сети,72000,72000,rub,"['Строительство, проектирование, недвижимость', 'Рабочий персонал']","['Электроснабжение', 'Квалифицированный рабочий']",Рязань,[],[],[],"Рязанская область, Сасовское направление Московской железной дороги, станция Листвянка",2466656,более 5000,6387.0,Российские железные дороги,Без опыта,Полный рабочий день,Не имеет значения,54.51125,39.976044,https://ryazan.superjob.ru/vakansii/elektromonter-kontaktnoj-seti-51834843.html,72000.0
51845962,Администратор магазина (м. Университет),103730,117260,rub,"['Продажи', 'Строительство, проектирование, недвижимость']","['Агентства недвижимости, оценка недвижимости', 'Управление недвижимостью']",Москва,[],[],[],"Москва, Ломоносовский проспект, 18",248733,более 5000,67.0,Магнолия,От 1 года,Полный рабочий день,Не имеет значения,55.692844,37.540352,https://www.superjob.ru/vakansii/administrator-magazina-51845962.html,110495.0
51848032,Монтажник турбоагрегатов и синхронных компенсаторов,310000,350000,rub,"['Строительство, проектирование, недвижимость', 'Рабочий персонал']","['Строительно-монтажные работы', 'Рабочий персонал, разное', 'Квалифицированный рабочий']",Кашира,[],[],[],Кашира,4595880,более 5000,68.0,Инжиниринговый холдинг «эВ-групп»,От 3 лет,Полный рабочий день,Не имеет значения,,,https://kashira.superjob.ru/vakansii/montazhnik-turboagregatov-i-sinhronnyh-kompensatorov-51848032.html,330000.0
51850360,Маляр АКЗ,135000,160000,rub,"['Строительство, проектирование, недвижимость', 'Рабочий персонал']","['Строительно-монтажные работы', 'Рабочий персонал, разное', 'Квалифицированный рабочий']",Новосибирск,[],[],[],,2837310,более 5000,574.0,СтройТрансНефтеГаз,От 1 года,Полный рабочий день,Не имеет значения,,,https://nsk.superjob.ru/vakansii/malyar-akz-51850360.html,147500.0
51864252,Водолаз,100000,100000,rub,"['Строительство, проектирование, недвижимость']",['Подводно-технические работы'],Селятино,[],[],[],"Московская область, Наро-Фоминский городской округ, деревня Алабино, Профессиональная улица, 1А",918144,100 — 500,2.0,"Акционерное общество ""Аварийно-технический центр Росатома""",От 3 лет,Полный рабочий день,Среднее специальное,55.526745,36.988068,https://selyatino.superjob.ru/vakansii/vodolaz-51864252.html,100000.0
51870257,Бригадир маркировки на производство,95000,114000,rub,"['Строительство, проектирование, недвижимость', 'Рабочий персонал']","['Строительно-монтажные работы', 'Эксплуатация зданий', 'Квалифицированный рабочий']",Москва,[],[],[],"Москва, Бирюлевская улица, 38",400494,более 5000,235.0,"КуулКлевер (МясновЪ, Отдохни)",От 1 года,Полный рабочий день,Не имеет значения,,,https://www.superjob.ru/vakansii/brigadir-markirovki-na-proizvodstvo-51870257.html,104500.0
51870379,Электросварщик,150000,167000,rub,"['Строительство, проектирование, недвижимость', 'Рабочий персонал']","['Строительно-монтажные работы', 'Квалифицированный рабочий']",Москва,['Авиамоторная'],['МЦД3'],['orangered'],,406175,более 5000,114.0,PRIDEX Group,От 1 года,Полный рабочий день,Не имеет значения,,,https://www.superjob.ru/vakansii/elektrosvarschik-51870379.html,158500.0
51847779,Мастер дорожный,90000,120000,rub,"['Строительство, проектирование, недвижимость']","['Транспортные системы (мосты, дороги, тоннели)']",Домодедово,[],[],[],Домодедово,817813,1000 — 5000,227.0,ГБУ МО Мосавтодор,От 1 года,Полный рабочий день,Не имеет значения,55.437176,37.768005,https://domodedovo.superjob.ru/vakansii/master-dorozhnyj-51847779.html,105000.0
51868245,Автокурьер на личном авто (Оплата патента),70000,160000,rub,"['Бухгалтерия, финансы, аудит', 'Строительство, проектирование, недвижимость']","['МСФО, IFRS, РСБУ', 'Начало карьеры, мало опыта']",Москва,['Лихоборы'],['МЦД3'],['orangered'],"г Москва, улица Автомоторная, д. 6. 6",0,,,,Без опыта,Полный рабочий день,Не имеет значения,55.849827,37.536491,https://www.superjob.ru/vakansii/avtokurer-na-lichnom-avto-51868245.html,115000.0
48359755,Электромонтер по ремонту и обслуживанию электрооборудования,55000,70000,rub,"['Строительство, проектирование, недвижимость', 'Промышленность, производство', 'Рабочий персонал']","['Электроснабжение', 'Слаботочные системы и сети', 'Металлургия', 'Производство металлических изделий и заготовок', 'Рабочий персонал, разное']",Ижевск,[],[],[],"Удмуртская Республика, Ижевск, улица Новоажимова, 6",173974,более 5000,67.0,Мечел,Без опыта,Полный рабочий день,Среднее специальное,56.836498,53.195911,https://izhevsk.superjob.ru/vakansii/elektromonter-po-remontu-i-obsluzhivaniyu-elektrooborudovaniya-48359755.html,62500.0
50874376,Слесарь по ремонту и обслуживанию систем вентиляции и кондиционирования,86688,86688,rub,"['Строительство, проектирование, недвижимость', 'Услуги, ремонт, сервисное обслуживание', 'Рабочий персонал']","['Отопление, вентиляция и кондиционирование', 'Торговое, складское, холодильное оборудование', 'Бытовая техника', 'Квалифицированный рабочий']",Москва,['Курская'],['МЦД4'],['mediumaquamarine'],"Москва, Мрузовский переулок, 11с1",202378,1000 — 5000,36.0,МОСГАЗ,Без опыта,Полный рабочий день,Не имеет значения,55.75745,37.667419,https://www.superjob.ru/vakansii/slesar-po-remontu-i-obsluzhivaniyu-sistem-ventilyacii-i-kondicionirovaniya-50874376.html,86688.0
51615147,Электромонтер 5 разряда,150000,150000,rub,"['Строительство, проектирование, недвижимость', 'Рабочий персонал']","['Электроснабжение', 'Квалифицированный рабочий']",Красноярск,[],[],[],,5033,более 5000,25.0,АЙЭФСИЭМ ГРУПП,От 1 года,Работа вахтовым методом,Не имеет значения,,,https://krasnoyarsk.superjob.ru/vakansii/elektromonter-5-razryada-51615147.html,150000.0
51780640,Персональный консультант по жилью,340000,450000,rub,"['Строительство, проектирование, недвижимость']","['Геодезия, картография, землеустроительство', 'Сметное дело', 'Строительно-монтажные работы', 'Строительство деревянных домов и конструкций']",Москва,"['Домодедовская', 'Орехово', 'Царицыно', 'Кантемировская', 'Коломенская', 'Автозаводская', 'Павелецкая', 'Новокузнецкая', 'Театральная', 'Технопарк']","['Замоскворецкая', 'Замоскворецкая', 'МЦД2', 'Замоскворецкая', 'Замоскворецкая', 'МЦК', 'Замоскворецкая', 'Замоскворецкая', 'Замоскворецкая', 'Замоскворецкая']","['green', 'green', 'fuchsia', 'green', 'green', 'lightpink', 'green', 'green', 'green', 'green']",,813261,1000 — 5000,286.0,МИЭЛЬ,Без опыта,Полный рабочий день,Не имеет значения,,,https://www.superjob.ru/vakansii/personalnyj-konsultant-po-zhilyu-51780640.html,395000.0
51784893,Электрик,120000,120000,rub,"['Строительство, проектирование, недвижимость', 'Рабочий персонал']","['Электроснабжение', 'Слаботочные системы и сети', 'Рабочий персонал, разное', 'Квалифицированный рабочий']",Москва,[],[],[],"Москва, 1-й Дорожный проезд, 9",3982843,менее 50,1.0,МСУ - 31 Промэлектромонтаж,От 1 года,Полный рабочий день,Не имеет значения,55.614227,37.625496,https://www.superjob.ru/vakansii/elektrik-51784893.html,120000.0
51799223,"Электрогазосварщик, г. Саратов вахта 30/30",180000,200000,rub,"['Строительство, проектирование, недвижимость', 'Рабочий персонал']","['Благоустройство территорий', 'Строительно-монтажные работы', 'Квалифицированный рабочий']",Липецк,[],[],[],,3925670,1000 — 5000,14.0,Бамтоннельстрой-Мост,От 1 года,Полный рабочий день,Не имеет значения,,,https://lipetsk.superjob.ru/vakansii/elektrogazosvarschik-51799223.html,190000.0
51844065,Электрогазосварщик,50000,55000,rub,"['Строительство, проектирование, недвижимость']","['Трубопроводы', 'Разработка генерального плана']",Казань,[],[],[],"Республика Татарстан (Татарстан), Казань, Прирельсовая улица, 1А",2466656,более 5000,6387.0,Российские железные дороги,Без опыта,Полный рабочий день,Среднее,55.813103,48.91864,https://kazan.superjob.ru/vakansii/elektrogazosvarschik-51844065.html,52500.0
51848024,Монтажник турбоагрегатов и синхронных компенсаторов,310000,350000,rub,"['Строительство, проектирование, недвижимость', 'Рабочий персонал']","['Строительно-монтажные работы', 'Рабочий персонал, разное', 'Квалифицированный рабочий']",Москва,[],[],[],Кашира,4595880,более 5000,68.0,Инжиниринговый холдинг «эВ-групп»,От 3 лет,Полный рабочий день,Не имеет значения,,,https://www.superjob.ru/vakansii/montazhnik-turboagregatov-i-sinhronnyh-kompensatorov-51848024.html,330000.0
51850327,Электромонтер по ремонту и обслуживанию электрооборудования,140000,165000,rub,"['Строительство, проектирование, недвижимость']","['Строительно-монтажные работы', 'Слаботочные системы и сети']",Новосибирск,[],[],[],,2837310,более 5000,574.0,СтройТрансНефтеГаз,От 1 года,Полный рабочий день,Не имеет значения,,,https://nsk.superjob.ru/vakansii/elektromonter-po-remontu-i-obsluzhivaniyu-elektrooborudovaniya-51850327.html,152500.0
51865139,Продавец в зону готовой еды,37000,49500,rub,"['Строительство, проектирование, недвижимость']",['ЖКХ'],Уфа,[],[],[],"Уфа, Глинки, 2",280168,более 5000,18163.0,"Магнит, Розничная сеть",Не имеет значения,Сменный график работы,Не имеет значения,54.785557,56.128849,https://ufa.superjob.ru/vakansii/prodavec-v-zonu-gotovoj-edy-51865139.html,43250.0
51838287,Ведущий инженер-проектировщик ОВиК,75000,90000,rub,"['Строительство, проектирование, недвижимость']","['Отопление, вентиляция и кондиционирование', 'Проектирование']",Воронеж,[],[],[],"Воронеж, улица Берёзовая Роща, 6А",3440179,1000 — 5000,28.0,Росжелдорпроект,От 1 года,Полный рабочий день,Не имеет значения,51.698463,39.224648,https://voronezh.superjob.ru/vakansii/veduschij-inzhener-proektirovschik-ovik-51838287.html,82500.0
51870377,Электросварщик,150000,167000,rub,"['Строительство, проектирование, недвижимость', 'Рабочий персонал']","['Строительно-монтажные работы', 'Квалифицированный рабочий']",Москва,['Волгоградский проспект'],['Таганско-Краснопресненская'],['violet'],,406175,более 5000,114.0,PRIDEX Group,От 1 года,Полный рабочий день,Не имеет значения,,,https://www.superjob.ru/vakansii/elektrosvarschik-51870377.html,158500.0
51845950,"Директор магазина-партнер (Мурманск, Алексея Позднякова, 1)",88000,158000,rub,"['Продажи', 'Строительство, проектирование, недвижимость']","['Агентства недвижимости, оценка недвижимости', 'Управление недвижимостью', 'Управление строительством, девелопмент']",Мурманск,[],[],[],,2635306,более 5000,49868.0,Пятёрочка,От 1 года,Полный рабочий день,Неполное высшее,,,https://murmansk.superjob.ru/vakansii/direktor-magazina-partner-51845950.html,123000.0
51834346,Электросварщик,80000,120000,rub,"['Строительство, проектирование, недвижимость', 'Рабочий персонал']","['Строительно-монтажные работы', 'Квалифицированный рабочий']",Челябинск,[],[],[],"г Челябинск, ул Радонежская, д 32",3797376,менее 50,337.0,JOBCART.RU,От 1 года,Полный рабочий день,Не имеет значения,55.229046,61.308067,https://chelyabinsk.superjob.ru/vakansii/elektrosvarschik-51834346.html,100000.0
51847773,Тракторист,80000,90000,rub,"['Транспорт, логистика, ВЭД', 'Строительство, проектирование, недвижимость', 'Рабочий персонал']","['Автоперевозки', 'Строительно-монтажные работы', 'Рабочий персонал, разное']",Домодедово,[],[],[],городской округ Домодедово,817813,1000 — 5000,227.0,ГБУ МО Мосавтодор,От 1 года,Полный рабочий день,Среднее,55.339287,37.808491,https://domodedovo.superjob.ru/vakansii/traktorist-51847773.html,85000.0
50738393,Машинист АГП,83300,125000,rub,"['Транспорт, логистика, ВЭД', 'Строительство, проектирование, недвижимость', 'Рабочий персонал']","['Автоперевозки', 'Электроснабжение', 'Слаботочные системы и сети', 'Рабочий персонал, разное']",Москва,"['Автозаводская', 'ЗИЛ']","['МЦК', 'МЦК']","['lightpink', 'lightpink']","Москва, 2-й Кожуховский проезд, 29к2с11",4019802,более 5000,44.0,Объединенная энергетическая компания,От 1 года,Сменный график работы,Среднее специальное,55.697777,37.65591,https://www.superjob.ru/vakansii/mashinist-agp-50738393.html,104150.0
51615148,Электромонтер 5 разряда,150000,150000,rub,"['Строительство, проектирование, недвижимость', 'Рабочий персонал']","['Электроснабжение', 'Квалифицированный рабочий']",Канск,[],[],[],,5033,более 5000,25.0,АЙЭФСИЭМ ГРУПП,От 1 года,Работа вахтовым методом,Не имеет значения,,,https://kansk.superjob.ru/vakansii/elektromonter-5-razryada-51615148.html,150000.0
51699878,Электромонтер-линейщик по монтажу воздушных линий высокого напряжения и контактной сети,111000,137000,rub,"['Строительство, проектирование, недвижимость']",['Электроснабжение'],Уфа,[],[],[],,2837310,более 5000,574.0,СтройТрансНефтеГаз,От 1 года,Полный рабочий день,Не имеет значения,,,https://ufa.superjob.ru/vakansii/elektromonter-linejschik-po-montazhu-vozdushnyh-linij-vysokogo-napryazheniya-i-kontaktnoj-seti-51699878.html,124000.0
51735685,Производитель работ,184000,220800,rub,"['Строительство, проектирование, недвижимость', 'Топ-персонал']","['Строительно-монтажные работы', 'Строительство, проектирование, недвижимость']",Москва,"['Подрезково', 'Новоподрезково', 'Молжаниново']","['МЦД3', 'МЦД3', 'МЦД3']","['orangered', 'orangered', 'orangered']","Москва, Новосходненское шоссе, 5А",4954091,менее 50,16.0,Страна Девелопмент,От 1 года,Полный рабочий день,Не имеет значения,55.918686,37.374031,https://www.superjob.ru/vakansii/proizvoditel-rabot-51735685.html,202400.0
51782673,Работник торгового зала в Гипермаркет Магнит,40000,60000,rub,"['Строительство, проектирование, недвижимость']","['Другое', 'Начало карьеры, мало опыта']",Горячий Ключ,[],[],[],"Горячий Ключ, Ленина, 193Г",280168,более 5000,18163.0,"Магнит, Розничная сеть",Не имеет значения,Сменный график работы,Не имеет значения,44.634853,39.138798,https://goryachij-klyuch.superjob.ru/vakansii/rabotnik-torgovogo-zala-v-gipermarket-magnit-51782673.html,50000.0
51799224,"Электрогазосварщик, г. Саратов вахта 30/30",180000,200000,rub,"['Строительство, проектирование, недвижимость', 'Рабочий персонал']","['Благоустройство территорий', 'Строительно-монтажные работы', 'Квалифицированный рабочий']",Казань,[],[],[],,3925670,1000 — 5000,14.0,Бамтоннельстрой-Мост,От 1 года,Полный рабочий день,Не имеет значения,,,https://kazan.superjob.ru/vakansii/elektrogazosvarschik-51799224.html,190000.0
51850244,Электромонтер главного щита управления электростанции 5 разряда,100100,100100,rub,"['Строительство, проектирование, недвижимость', 'Рабочий персонал']","['Электроснабжение', 'Квалифицированный рабочий']",Кемь,[],[],[],"Республика Карелия, Кемский муниципальный округ, посёлок Кривой Порог",289082,более 5000,60.0,Территориальная генерирующая компания №1,От 1 года,Полный рабочий день,Не имеет значения,65.039925,33.672325,https://kem.superjob.ru/vakansii/elektromonter-glavnogo-schita-upravleniya-elektrostancii-5-razryada-51850244.html,100100.0
51854313,Автокрановщик,210000,250000,rub,"['Строительство, проектирование, недвижимость', 'Рабочий персонал']","['Другое', 'Транспортные системы (мосты, дороги, тоннели)', 'Рабочий персонал, разное']",Ленск,[],[],[],,4595880,более 5000,68.0,Инжиниринговый холдинг «эВ-групп»,От 3 лет,Полный рабочий день,Не имеет значения,,,https://lensk.superjob.ru/vakansii/avtokranovschik-51854313.html,230000.0
51870375,Слесарь-сантехник,120000,136000,rub,"['Строительство, проектирование, недвижимость', 'Рабочий персонал']","['Водоснабжение, канализация', 'Рабочий персонал, разное', 'Квалифицированный рабочий']",Москва,['Баррикадная'],['Таганско-Краснопресненская'],['violet'],,406175,более 5000,114.0,PRIDEX Group,От 1 года,Полный рабочий день,Не имеет значения,,,https://www.superjob.ru/vakansii/slesar-santehnik-51870375.html,128000.0
48776295,Сборщик заказов,65000,80000,rub,"['Строительство, проектирование, недвижимость']",['Строительно-монтажные работы'],Москва,[],[],[],"Москва, Реутовская, 10А",2635306,более 5000,49868.0,Пятёрочка,Не имеет значения,Полный рабочий день,Не имеет значения,55.737984,37.835648,https://www.superjob.ru/vakansii/sborschik-zakazov-48776295.html,72500.0
51707520,Электромонтер контактной сети,51000,72000,rub,"['Строительство, проектирование, недвижимость', 'Рабочий персонал']","['Электроснабжение', 'Квалифицированный рабочий']",Батайск,[],[],[],"Батайск, Железнодорожная, 3А",2466656,более 5000,6387.0,Российские железные дороги,Без опыта,Полный рабочий день,Не имеет значения,47.154537,39.753277,https://bataisk.superjob.ru/vakansii/elektromonter-kontaktnoj-seti-51707520.html,61500.0
51863366,Автокурьер на личном авто (Оплата патента),70000,160000,rub,"['Строительство, проектирование, недвижимость', 'Топ-персонал']","['Конструирование', 'Услуги, ремонт, сервисное обслуживание']",Москва,['Парк Победы'],['Калининско-Солнцевская'],['yellow'],"г Москва, улица 1812 года, д. 2 к. 2. 2",0,,,,Без опыта,Полный рабочий день,Не имеет значения,55.73563,37.524506,https://www.superjob.ru/vakansii/avtokurer-na-lichnom-avto-51863366.html,115000.0
51717864,Техник по эксплуатации зданий и сооружений,80000,120000,rub,"['Строительство, проектирование, недвижимость']",['Эксплуатация зданий'],Москва,['Каширская'],['Большая кольцевая линия'],['cian'],,4216439,менее 50,1.0,АДМИРАЛ ИНЖИНИРИНГ,От 1 года,Полный рабочий день,Не имеет значения,,,https://www.superjob.ru/vakansii/tehnik-po-ekspluatacii-zdanij-i-sooruzhenij-51717864.html,100000.0
51844438,"Директор магазина-партнер (Самара, Кирова, 90)",58000,110000,rub,"['Строительство, проектирование, недвижимость']","['Проектирование', 'Управление недвижимостью']",Самара,[],[],[],,2635306,более 5000,45940.0,Пятёрочка,От 1 года,Полный рабочий день,Неполное высшее,,,https://samara.superjob.ru/vakansii/direktor-magazina-partner-51844438.html,84000.0
51868898,Автокурьер на личном авто (Оплата патента),70000,160000,rub,"['Строительство, проектирование, недвижимость']",['ЖКХ'],Москва,['Войковская'],['Замоскворецкая'],['green'],"г Москва, проезд Старопетровский, д. 4А. 4А",0,,,,Без опыта,Полный рабочий день,Не имеет значения,55.822704,37.501167,https://www.superjob.ru/vakansii/avtokurer-na-lichnom-avto-51868898.html,115000.0
40655947,Экономист,130000,130000,rub,"['Строительство, проектирование, недвижимость']","['Сметное дело', 'Экологическое сопровождение проектов']",Москва,['Славянский бульвар'],['МЦД1'],['darkorange'],"Москва, Дорогобужская улица, 13",2885715,менее 50,3.0,ГБОУ Школа № 1195,От 1 года,Полный рабочий день,Высшее,55.716179,37.415989,https://www.superjob.ru/vakansii/ekonomist-40655947.html,130000.0
49911395,Монтажник слаботочных систем,50000,100000,rub,"['Строительство, проектирование, недвижимость', 'Рабочий персонал']","['Строительно-монтажные работы', 'Рабочий персонал, разное', 'Квалифицированный рабочий']",Ульяновск,[],[],[],,4393094,менее 50,1.0,Байт,От 1 года,Полный рабочий день,Не имеет значения,,,https://ulyanovsk.superjob.ru/vakansii/montazhnik-slabotochnyh-sistem-49911395.html,75000.0
50895660,Столяр 6 разряда,84000,84000,rub,"['Промышленность, производство', 'Рабочий персонал', 'Строительство, проектирование, недвижимость']","['Мебельное производство', 'Квалифицированный рабочий', 'Строительство деревянных домов и конструкций']",Москва,['Курская'],['МЦД4'],['mediumaquamarine'],"Москва, Мрузовский переулок, 11с1",202378,1000 — 5000,36.0,МОСГАЗ,От 1 года,Полный рабочий день,Не имеет значения,55.75745,37.667419,https://www.superjob.ru/vakansii/stolyar-6-razryada-50895660.html,84000.0
51578076,Сервисный инженер по эксплуатации систем кондиционирования,124000,124000,rub,"['Строительство, проектирование, недвижимость', 'Промышленность, производство']","['Эксплуатация зданий', 'Автомобильная промышленность', 'Машиностроение, станкостроение', 'Нефтегазовое машиностроение', 'Промышленное оборудование']",Москва,['Парк Культуры'],['Кольцевая'],['brown'],"Москва, Зубовский бульвар, 4с1",4941795,1000 — 5000,9.0,RT,От 1 года,Полный рабочий день,Среднее специальное,55.737358,37.590496,https://www.superjob.ru/vakansii/servisnyj-inzhener-po-ekspluatacii-sistem-kondicionirovaniya-51578076.html,124000.0
51619131,Электрик,90000,90000,rub,"['Строительство, проектирование, недвижимость', 'Рабочий персонал']","['Электроснабжение', 'Слаботочные системы и сети', 'Рабочий персонал, разное', 'Квалифицированный рабочий']",Троицк,[],[],[],"Москва, Троицк, Физическая улица, 11с1",3388869,1000 — 5000,3.0,ФИАН,От 1 года,Полный рабочий день,Не имеет значения,55.461357,37.294483,https://troitsk.superjob.ru/vakansii/elektrik-51619131.html,90000.0
51692704,Специалист по модульному ремонту техники (ТЦ Мега Химки),97000,120000,rub,"['Строительство, проектирование, недвижимость', 'Промышленность, производство']","['Подводно-технические работы', 'Атомная энергетика']",Химки,[],[],[],"Московская область, Химки, микрорайон ИКЕА, к2",100593,более 5000,1143.0,"Группа ""М. Видео-Эльдорадо""",От 1 года,Полный рабочий день,Не имеет значения,55.910084,37.400692,https://himki.superjob.ru/vakansii/specialist-po-modulnomu-remontu-tehniki-51692704.html,108500.0
51780932,Стажер в отдел недвижимости,340000,450000,rub,"['Строительство, проектирование, недвижимость']","['Благоустройство территорий', 'Сметное дело', 'Строительно-монтажные работы', 'Начало карьеры, мало опыта']",Москва,"['Таганская', 'Выхино', 'Рязанский проспект', 'Кузьминки', 'Текстильщики', 'Волгоградский проспект', 'Пролетарская', 'Лермонтовский проспект', 'Жулебино', 'Котельники']","['Таганско-Краснопресненская', 'МЦД3', 'Таганско-Краснопресненская', 'Таганско-Краснопресненская', 'МЦД2', 'Таганско-Краснопресненская', 'Таганско-Краснопресненская', 'Таганско-Краснопресненская', 'Таганско-Краснопресненская', 'Таганско-Краснопресненская']","['violet', 'orangered', 'violet', 'violet', 'fuchsia', 'violet', 'violet', 'violet', 'violet', 'violet']",,813261,1000 — 5000,286.0,МИЭЛЬ,Без опыта,Полный рабочий день,Не имеет значения,,,https://www.superjob.ru/vakansii/stazher-v-otdel-nedvizhimosti-51780932.html,395000.0
51761739,Штукатур маляр,113000,144000,rub,"['Строительство, проектирование, недвижимость', 'Рабочий персонал']","['Строительно-монтажные работы', 'Отделочные работы', 'Рабочий персонал, разное']",Москва,[],[],[],"Москва, Волоколамский проезд, 6к2",406175,более 5000,112.0,PRIDEX Group,Без опыта,Полный рабочий день,Не имеет значения,55.826488,37.434505,https://www.superjob.ru/vakansii/shtukatur-malyar-51761739.html,128500.0
51835383,"Инженер-проектировщик ОВиК, ВК",100000,150000,rub,"['Строительство, проектирование, недвижимость']","['Отопление, вентиляция и кондиционирование', 'Водоснабжение, канализация', 'Проектирование']",Балашиха,[],[],[],"Московская область, Балашиха, улица Белякова, 2Б",1994470,50 — 100,2.0,Рефбилдинг групп,От 1 года,Полный рабочий день,Не имеет значения,55.800945,37.967064,https://balashiha.superjob.ru/vakansii/inzhener-proektirovschik-ovik-51835383.html,125000.0
51865979,Продавец в зону готовой еды,30200,48300,rub,"['Продажи', 'Строительство, проектирование, недвижимость']","['Агентства недвижимости, оценка недвижимости', 'Управление недвижимостью']",Ульяновск,[],[],[],"Ульяновск, Карбышева, 51",280168,более 5000,18164.0,"Магнит, Розничная сеть",Не имеет значения,Сменный график работы,Не имеет значения,54.391006,48.578259,https://ulyanovsk.superjob.ru/vakansii/prodavec-v-zonu-gotovoj-edy-51865979.html,39250.0
51870532,Плотник,80000,160000,rub,"['Строительство, проектирование, недвижимость']","['Подводно-технические работы', 'Управление строительством, девелопмент', 'Эксплуатация зданий']",Москва,[],[],[],,4156139,менее 50,0.0,"ФСК ""Мостоотряд-47""",От 1 года,Полный рабочий день,Не имеет значения,,,https://www.superjob.ru/vakansii/plotnik-51870532.html,120000.0
51870598,Монтажник натяжных потолков,150000,200000,rub,"['Строительство, проектирование, недвижимость', 'Рабочий персонал']","['Строительно-монтажные работы', 'Рабочий персонал, разное', 'Квалифицированный рабочий']",Москва,['Домодедовская'],['Замоскворецкая'],['green'],,4320216,менее 50,1.0,Сильянов Александр Сергеевич,От 3 лет,Полный рабочий день,Не имеет значения,,,https://www.superjob.ru/vakansii/montazhnik-natyazhnyh-potolkov-51870598.html,175000.0
51870687,Оператор по работе с клиентами,39840,49840,rub,"['Продажи', 'Строительство, проектирование, недвижимость']","['Агентства недвижимости, оценка недвижимости', 'Управление недвижимостью']",Воскресенск,[],[],[],"Московская область, Воскресенск, микрорайон Центральный, Октябрьская улица, 11",14215,более 5000,1380.0,Почта России,Без опыта,Полный рабочий день,Не имеет значения,55.322849,38.679588,https://voskresensk.superjob.ru/vakansii/operator-po-rabote-s-klientami-51870687.html,44840.0
50541256,"Слесарь по обслуживанию вентиляции, кондиционеров и сантехники",75000,75000,rub,"['Строительство, проектирование, недвижимость', 'Рабочий персонал']","['Отопление, вентиляция и кондиционирование', 'Водоснабжение, канализация', 'Рабочий персонал, разное', 'Квалифицированный рабочий']",Москва,['Лубянка'],['Сокольническая'],['red'],,2671282,100 — 500,14.0,Чистый город,От 1 года,Полный рабочий день,Среднее специальное,,,https://www.superjob.ru/vakansii/slesar-po-obsluzhivaniyu-ventilyacii-50541256.html,75000.0
51726951,Электромонтажник,160000,160000,rub,"['Строительство, проектирование, недвижимость', 'Рабочий персонал']","['Эксплуатация зданий', 'Электроснабжение', 'Квалифицированный рабочий']",Москва,[],[],[],,4899646,менее 50,7.0,Р-Строй,От 1 года,Полный рабочий день,Среднее специальное,,,https://www.superjob.ru/vakansii/elektromontazhnik-51726951.html,160000.0
51844103,Оператор заправочных станций г. Ленск,120000,175000,rub,"['Строительство, проектирование, недвижимость']","['Подводно-технические работы', 'Проектирование', 'Управление недвижимостью', 'Управление строительством, девелопмент']",Ленск,[],[],[],,4595880,более 5000,68.0,Инжиниринговый холдинг «эВ-групп»,От 1 года,Полный рабочий день,Не имеет значения,,,https://lensk.superjob.ru/vakansii/operator-zapravochnyh-stancij-g-51844103.html,147500.0
51844437,"Директор магазина-партнер (Самара, Строителей, 33)",58000,110000,rub,"['Продажи', 'Строительство, проектирование, недвижимость']","['Сельское хозяйство', 'Экологическое сопровождение проектов']",Самара,[],[],[],,2635306,более 5000,45940.0,Пятёрочка,От 1 года,Полный рабочий день,Неполное высшее,,,https://samara.superjob.ru/vakansii/direktor-magazina-partner-51844437.html,84000.0
51865964,Автокурьер на личном авто (Оплата патента),70000,160000,rub,"['Строительство, проектирование, недвижимость']","['Геодезия, картография, землеустроительство', 'ЖКХ', 'Конструирование', 'Проектирование', 'Другое']",Москва,['Тушинская'],['МЦД2'],['fuchsia'],"г Москва, улица Мещерякова, д. 7. 7",0,,,,Без опыта,Полный рабочий день,Не имеет значения,55.832268,37.450188,https://www.superjob.ru/vakansii/avtokurer-na-lichnom-avto-51865964.html,115000.0
51870516,Грузчик с выкладкой товара в Fix Price,63000,73000,rub,"['Строительство, проектирование, недвижимость']",['Благоустройство территорий'],Апрелевка,[],[],[],апрелевка ул горького д2а,75401,более 5000,11152.0,"""БЭСТ ПРАЙС"" / Fix Price",Без опыта,Полный рабочий день,Не имеет значения,,,https://aprelevka.superjob.ru/vakansii/gruzchik-s-vykladkoj-tovara-v-fix-price-51870516.html,68000.0
51619130,Слесарь-сантехник,80000,80000,rub,"['Строительство, проектирование, недвижимость', 'Рабочий персонал']","['Водоснабжение, канализация', 'Рабочий персонал, разное', 'Квалифицированный рабочий']",Москва,[],[],[],"Москва, Троицк, Физическая улица, 11с1",3388869,1000 — 5000,3.0,ФИАН,От 1 года,Полный рабочий день,Не имеет значения,55.461357,37.294483,https://www.superjob.ru/vakansii/slesar-santehnik-51619130.html,80000.0
51630994,Маляр,103700,103700,rub,"['Строительство, проектирование, недвижимость', 'Рабочий персонал']","['Строительно-монтажные работы', 'Рабочий персонал, разное', 'Квалифицированный рабочий']",Москва,"['Электрозаводская', 'Семёновская', 'Лефортово', 'Сортировочная']","['МЦД3', 'Арбатско-Покровская', 'Большая кольцевая линия', 'МЦД3']","['orangered', 'darkblue', 'cian', 'orangered']","Москва, Боровая улица, 3к1",4941795,1000 — 5000,9.0,RT,От 1 года,Полный рабочий день,Не имеет значения,55.771706,37.715084,https://www.superjob.ru/vakansii/malyar-51630994.html,103700.0
51781011,Продавец в зону готовой еды,45000,64500,rub,"['Продажи', 'Строительство, проектирование, недвижимость']","['Агентства недвижимости, оценка недвижимости', 'Подводно-технические работы', 'Проектирование']",Великий Новгород,[],[],[],"Великий Новгород, Мира, 34/11",280168,более 5000,18164.0,"Магнит, Розничная сеть",Не имеет значения,Сменный график работы,Не имеет значения,58.529892,31.23074,https://novgorod.superjob.ru/vakansii/prodavec-v-zonu-gotovoj-edy-51781011.html,54750.0
51850414,Электромонтер контактной сети,84300,180000,rub,"['Строительство, проектирование, недвижимость', 'Рабочий персонал']","['Электроснабжение', 'Квалифицированный рабочий']",Москва,[],[],[],,4156139,менее 50,0.0,"ФСК ""Мостоотряд-47""",От 1 года,Полный рабочий день,Не имеет значения,,,https://www.superjob.ru/vakansii/elektromonter-kontaktnoj-seti-51850414.html,132150.0
51870505,Участковый маркшейдер ПГР,300000,300000,rub,"['Строительство, проектирование, недвижимость', 'Сырье']","['Геодезия, картография, землеустроительство', 'Добыча']",Красноярск,[],[],[],,2841975,1000 — 5000,571.0,ГЕОПРОМАЙНИНГ,От 1 года,Полный рабочий день,Не имеет значения,,,https://krasnoyarsk.superjob.ru/vakansii/uchastkovyj-markshejder-pgr-51870505.html,300000.0
51726952,Электромонтажник,160000,160000,rub,"['Строительство, проектирование, недвижимость', 'Рабочий персонал']","['Эксплуатация зданий', 'Электроснабжение', 'Квалифицированный рабочий']",Иркутск,[],[],[],,4899646,менее 50,7.0,Р-Строй,От 1 года,Полный рабочий день,Среднее специальное,,,https://irkutsk.superjob.ru/vakansii/elektromontazhnik-51726952.html,160000.0
51742117,Электромонтер контактной сети,81750,81750,rub,"['Строительство, проектирование, недвижимость', 'Рабочий персонал']","['Электроснабжение', 'Квалифицированный рабочий']",Смоленск,[],[],[],"Смоленск, улица Энергетиков",2466656,более 5000,3173.0,Российские железные дороги,Без опыта,Полный рабочий день,Среднее,54.796261,31.814384,https://smolensk.superjob.ru/vakansii/elektromonter-kontaktnoj-seti-51742117.html,81750.0
51758631,"Пекарь (Зеленогорск, Строителей, 11А)",42000,54600,rub,"['Туризм, гостиницы, общественное питание', 'Строительство, проектирование, недвижимость', 'Промышленность, производство', 'Рабочий персонал']","['Рестораны, кафе, столовые, фастфуд', 'Строительно-монтажные работы', 'Пищевая промышленность', 'Рабочий персонал, разное']",Зеленогорск (Красноярский край),[],[],[],,2635306,более 5000,45940.0,Пятёрочка,Не имеет значения,Частичная занятость / Совместительство,Не имеет значения,,,https://zelenogorsk-kk.superjob.ru/vakansii/pekar-51758631.html,48300.0
51865585,Автокурьер на личном авто (Оплата патента),70000,160000,rub,"['Строительство, проектирование, недвижимость']","['ЖКХ', 'Технический надзор, строительная экспертиза / ПТО']",Одинцово,[],[],[],"Московская область, г. Одинцово, шоссе Можайское, д. 58А. 58А",0,,,,Без опыта,Полный рабочий день,Не имеет значения,55.679901,37.288548,https://odintsovo.superjob.ru/vakansii/avtokurer-na-lichnom-avto-51865585.html,115000.0
51765558,Стажёр в агентство недвижимости,300000,550000,rub,"['Строительство, проектирование, недвижимость']","['Сметное дело', 'Управление недвижимостью', 'Начало карьеры, мало опыта']",Москва,"['Аэропорт', 'Сокол', 'Панфиловская', 'Красный Балтиец']","['Замоскворецкая', 'Замоскворецкая', 'МЦК', 'МЦД2']","['green', 'green', 'lightpink', 'fuchsia']",,813261,1000 — 5000,286.0,МИЭЛЬ,Без опыта,Полный рабочий день,Не имеет значения,,,https://www.superjob.ru/vakansii/stazhjor-v-agentstvo-nedvizhimosti-51765558.html,425000.0
51782877,Продавец в зону готовой еды,63200,90500,rub,"['Строительство, проектирование, недвижимость', 'Промышленность, производство', 'Топ-персонал']","['Управление недвижимостью', 'Пищевая промышленность', 'Промышленность, производство, сельское хозяйство']",Санкт-Петербург,[],[],[],"Санкт-Петербург, Рыбацкий проспект, 17к1",280168,более 5000,18164.0,"Магнит, Розничная сеть",Не имеет значения,Сменный график работы,Не имеет значения,59.841869,30.496061,https://spb.superjob.ru/vakansii/prodavec-v-zonu-gotovoj-edy-51782877.html,76850.0
51850359,Маляр АКЗ,135000,160000,rub,"['Строительство, проектирование, недвижимость', 'Рабочий персонал']","['Строительно-монтажные работы', 'Рабочий персонал, разное', 'Квалифицированный рабочий']",Иркутск,[],[],[],,2837310,более 5000,65.0,СтройТрансНефтеГаз,От 1 года,Полный рабочий день,Не имеет значения,,,https://irkutsk.superjob.ru/vakansii/malyar-akz-51850359.html,147500.0
51850415,Электромонтер контактной сети,84300,180000,rub,"['Строительство, проектирование, недвижимость', 'Рабочий персонал']","['Электроснабжение', 'Квалифицированный рабочий']",Санкт-Петербург,[],[],[],,4156139,менее 50,0.0,"ФСК ""Мостоотряд-47""",От 1 года,Полный рабочий день,Не имеет значения,,,https://spb.superjob.ru/vakansii/elektromonter-kontaktnoj-seti-51850415.html,132150.0
51854694,Электромонтажник-расключник (вахта),176000,176000,rub,"['Строительство, проектирование, недвижимость', 'Рабочий персонал']","['Эксплуатация зданий', 'Электроснабжение', 'Квалифицированный рабочий']",Хабаровск,[],[],[],,3856938,менее 50,1832.0,"Барс Пром/ООО ""БАРС ПРОМ""",От 1 года,Полный рабочий день,Не имеет значения,,,https://habarovsk.superjob.ru/vakansii/elektromontazhnik-rasklyuchnik-51854694.html,176000.0
51870503,Участковый маркшейдер ПГР,300000,300000,rub,"['Строительство, проектирование, недвижимость', 'Сырье']","['Геодезия, картография, землеустроительство', 'Добыча']",Якутск,[],[],[],,2841975,1000 — 5000,571.0,ГЕОПРОМАЙНИНГ,От 1 года,Полный рабочий день,Не имеет значения,,,https://yakutsk.superjob.ru/vakansii/uchastkovyj-markshejder-pgr-51870503.html,300000.0
51799881,"Пекарь (Ухта, Строителей, 10)",51000,62000,rub,"['Туризм, гостиницы, общественное питание', 'Строительство, проектирование, недвижимость', 'Промышленность, производство', 'Рабочий персонал']","['Рестораны, кафе, столовые, фастфуд', 'Строительно-монтажные работы', 'Пищевая промышленность', 'Рабочий персонал, разное']",Ухта,[],[],[],,2635306,более 5000,45940.0,Пятёрочка,Не имеет значения,Частичная занятость / Совместительство,Не имеет значения,,,https://uhta.superjob.ru/vakansii/pekar-51799881.html,56500.0
51835313,Старший электромеханик,90000,110000,rub,"['Строительство, проектирование, недвижимость', 'Услуги, ремонт, сервисное обслуживание', 'Рабочий персонал']","['Электроснабжение', 'Промышленное оборудование', 'Квалифицированный рабочий']",Волоколамск,[],[],[],"Московская область, Волоколамск, Ямская улица",2466656,более 5000,3173.0,Российские железные дороги,Без опыта,Полный рабочий день,Не имеет значения,55.993443,35.958195,https://volokolamsk.superjob.ru/vakansii/starshij-elektromehanik-51835313.html,100000.0
51865322,Автокурьер на личном авто (Оплата патента),70000,160000,rub,"['Строительство, проектирование, недвижимость']","['Строительно-монтажные работы', 'Экологическое сопровождение проектов']",Москва,['Говорово'],['Калининско-Солнцевская'],['yellow'],"г Москва, улица 50 лет Октября, д. 4. 4",0,,,,Без опыта,Полный рабочий день,Не имеет значения,55.654606,37.416492,https://www.superjob.ru/vakansii/avtokurer-na-lichnom-avto-51865322.html,115000.0
51870381,Распиловщик форматно-раскроечного станка,90000,100000,rub,"['Строительство, проектирование, недвижимость', 'Промышленность, производство']","['Конструирование', 'Атомная энергетика']",Великий Новгород,[],[],[],"г Великий Новгород, ул Промышленная, д 13",3797376,менее 50,337.0,JOBCART.RU,От 1 года,Полный рабочий день,Не имеет значения,58.56004,31.269222,https://novgorod.superjob.ru/vakansii/raspilovschik-formatno-raskroechnogo-stanka-51870381.html,95000.0
51780978,Продавец в зону готовой еды,45600,68400,rub,"['Продажи', 'Строительство, проектирование, недвижимость']","['Агентства недвижимости, оценка недвижимости', 'Благоустройство территорий', 'Управление недвижимостью']",Мытищи,[],[],[],"Мытищи, Драчево, АОЗТ СХП Менжинец",280168,более 5000,18164.0,"Магнит, Розничная сеть",Не имеет значения,Сменный график работы,Не имеет значения,56.106403,37.572018,https://mytischi.superjob.ru/vakansii/prodavec-v-zonu-gotovoj-edy-51780978.html,57000.0
51850360,Маляр АКЗ,135000,160000,rub,"['Строительство, проектирование, недвижимость', 'Рабочий персонал']","['Строительно-монтажные работы', 'Рабочий персонал, разное', 'Квалифицированный рабочий']",Новосибирск,[],[],[],,2837310,более 5000,65.0,СтройТрансНефтеГаз,От 1 года,Полный рабочий день,Не имеет значения,,,https://nsk.superjob.ru/vakansii/malyar-akz-51850360.html,147500.0
51850416,Электромонтер контактной сети,84300,180000,rub,"['Строительство, проектирование, недвижимость', 'Рабочий персонал']","['Электроснабжение', 'Квалифицированный рабочий']",Великий Новгород,[],[],[],,4156139,менее 50,0.0,"ФСК ""Мостоотряд-47""",От 1 года,Полный рабочий день,Не имеет значения,,,https://novgorod.superjob.ru/vakansii/elektromonter-kontaktnoj-seti-51850416.html,132150.0
51854695,Электромонтажник-расключник (вахта),176000,176000,rub,"['Строительство, проектирование, недвижимость', 'Рабочий персонал']","['Эксплуатация зданий', 'Электроснабжение', 'Квалифицированный рабочий']",Владивосток,[],[],[],,3856938,менее 50,1832.0,"Барс Пром/ООО ""БАРС ПРОМ""",От 1 года,Полный рабочий день,Не имеет значения,,,https://vladivostok.superjob.ru/vakansii/elektromontazhnik-rasklyuchnik-51854695.html,176000.0
51870379,Электросварщик,150000,167000,rub,"['Строительство, проектирование, недвижимость', 'Рабочий персонал']","['Строительно-монтажные работы', 'Квалифицированный рабочий']",Москва,['Авиамоторная'],['МЦД3'],['orangered'],,406175,более 5000,112.0,PRIDEX Group,От 1 года,Полный рабочий день,Не имеет значения,,,https://www.superjob.ru/vakansii/elektrosvarschik-51870379.html,158500.0
51870504,Участковый маркшейдер ПГР,300000,300000,rub,"['Строительство, проектирование, недвижимость', 'Сырье']","['Геодезия, картография, землеустроительство', 'Добыча']",Иркутск,[],[],[],,2841975,1000 — 5000,571.0,ГЕОПРОМАЙНИНГ,От 1 года,Полный рабочий день,Не имеет значения,,,https://irkutsk.superjob.ru/vakansii/uchastkovyj-markshejder-pgr-51870504.html,300000.0
50947040,"Пекарь (Альметьевск, Строителей, 10А)",45000,51500,rub,"['Туризм, гостиницы, общественное питание', 'Строительство, проектирование, недвижимость', 'Промышленность, производство', 'Рабочий персонал']","['Рестораны, кафе, столовые, фастфуд', 'Строительно-монтажные работы', 'Пищевая промышленность', 'Рабочий персонал, разное']",Альметьевск,[],[],[],,2635306,более 5000,45940.0,Пятёрочка,Не имеет значения,Частичная занятость / Совместительство,Не имеет значения,,,https://almetyevsk.superjob.ru/vakansii/pekar-50947040.html,48250.0
51726954,Электромонтажник,160000,160000,rub,"['Строительство, проектирование, недвижимость', 'Рабочий персонал']","['Эксплуатация зданий', 'Электроснабжение', 'Квалифицированный рабочий']",Челябинск,[],[],[],,4899646,менее 50,7.0,Р-Строй,От 1 года,Полный рабочий день,Среднее специальное,,,https://chelyabinsk.superjob.ru/vakansii/elektromontazhnik-51726954.html,160000.0
51860915,Электромонтер контактной сети,73000,73000,rub,"['Строительство, проектирование, недвижимость', 'Рабочий персонал']","['Электроснабжение', 'Квалифицированный рабочий']",Красный,[],[],[],"Смоленская обл, Краснинский р-н, деревня Гусино, ул Вокзальная",2466656,более 5000,3173.0,Российские железные дороги,Без опыта,Полный рабочий день,Не имеет значения,,,https://krasniy.superjob.ru/vakansii/elektromonter-kontaktnoj-seti-51860915.html,73000.0
51870517,Автокурьер на личном авто (Оплата патента),70000,160000,rub,"['Строительство, проектирование, недвижимость']","['Благоустройство территорий', 'Отопление, вентиляция и кондиционирование', 'Строительно-монтажные работы']",Москва,['Новые Черёмушки'],['Калужско-Рижская'],['orange'],"г Москва, улица Профсоюзная, д. 56. 56",0,,,,Без опыта,Полный рабочий день,Не имеет значения,55.670021,37.552479,https://www.superjob.ru/vakansii/avtokurer-na-lichnom-avto-51870517.html,115000.0
51850327,Электромонтер по ремонту и обслуживанию электрооборудования,140000,165000,rub,"['Строительство, проектирование, недвижимость']","['Строительно-монтажные работы', 'Слаботочные системы и сети']",Новосибирск,[],[],[],,2837310,более 5000,65.0,СтройТрансНефтеГаз,От 1 года,Полный рабочий день,Не имеет значения,,,https://nsk.superjob.ru/vakansii/elektromonter-po-remontu-i-obsluzhivaniyu-elektrooborudovaniya-51850327.html,152500.0
51850410,Электромонтер,84300,170000,rub,"['Строительство, проектирование, недвижимость', 'Рабочий персонал']","['Эксплуатация зданий', 'Электроснабжение', 'Слаботочные системы и сети', 'Рабочий персонал, разное', 'Квалифицированный рабочий']",Москва,[],[],[],,4156139,менее 50,0.0,"ФСК ""Мостоотряд-47""",От 1 года,Полный рабочий день,Не имеет значения,,,https://www.superjob.ru/vakansii/elektromonter-51850410.html,127150.0
51854696,Электромонтажник-расключник (вахта),176000,176000,rub,"['Строительство, проектирование, недвижимость', 'Рабочий персонал']","['Эксплуатация зданий', 'Электроснабжение', 'Квалифицированный рабочий']",Благовещенск (Амурская область),[],[],[],,3856938,менее 50,1832.0,"Барс Пром/ООО ""БАРС ПРОМ""",От 1 года,Полный рабочий день,Не имеет значения,,,https://blagoveshensk.superjob.ru/vakansii/elektromontazhnik-rasklyuchnik-51854696.html,176000.0
51856873,Продавец в зону готовой еды,66300,87800,rub,"['Строительство, проектирование, недвижимость']","['Геодезия, картография, землеустроительство', 'Разработка генерального плана']",Троицк,[],[],[],"Троицк, Городская, 26",280168,более 5000,18164.0,"Магнит, Розничная сеть",Не имеет значения,Сменный график работы,Не имеет значения,55.492146,37.312279,https://troitsk.superjob.ru/vakansii/prodavec-v-zonu-gotovoj-edy-51856873.html,77050.0
51870377,Электросварщик,150000,167000,rub,"['Строительство, проектирование, недвижимость', 'Рабочий персонал']","['Строительно-монтажные работы', 'Квалифицированный рабочий']",Москва,['Волгоградский проспект'],['Таганско-Краснопресненская'],['violet'],,406175,более 5000,112.0,PRIDEX Group,От 1 года,Полный рабочий день,Не имеет значения,,,https://www.superjob.ru/vakansii/elektrosvarschik-51870377.html,158500.0
50494971,"Директор магазина-партнер (Борисоглебский,)",103000,131000,rub,"['Строительство, проектирование, недвижимость']","['ЖКХ', 'Строительно-монтажные работы']",Борисоглебский,[],[],[],"Борисоглебский, Кооперативная, 3Б",2635306,более 5000,45940.0,Пятёрочка,От 1 года,Полный рабочий день,Неполное высшее,57.262245,39.15601,https://yaroslavl.superjob.ru/vakansii/direktor-magazina-partner-50494971.html,117000.0
51726955,Электромонтажник,160000,160000,rub,"['Строительство, проектирование, недвижимость', 'Рабочий персонал']","['Эксплуатация зданий', 'Электроснабжение', 'Квалифицированный рабочий']",Новосибирск,[],[],[],,4899646,менее 50,7.0,Р-Строй,От 1 года,Полный рабочий день,Среднее специальное,,,https://nsk.superjob.ru/vakansii/elektromontazhnik-51726955.html,160000.0
51827450,Электромонтер по ремонту линий электропередачи,114700,114700,rub,"['Строительство, проектирование, недвижимость']","['Эксплуатация зданий', 'Электроснабжение']",Москва,"['Водный стадион', 'Коптево', 'Верхние Лихоборы']","['Замоскворецкая', 'МЦК', 'Люблинско-Дмитровская']","['green', 'lightpink', 'lime']","Москва, Михалковская улица",2466656,более 5000,3173.0,Российские железные дороги,Без опыта,Полный рабочий день,Не имеет значения,55.840572,37.523384,https://www.superjob.ru/vakansii/elektromonter-po-remontu-linij-elektroperedachi-51827450.html,114700.0
51699878,Электромонтер-линейщик по монтажу воздушных линий высокого напряжения и контактной сети,111000,137000,rub,"['Строительство, проектирование, недвижимость']",['Электроснабжение'],Уфа,[],[],[],,2837310,более 5000,65.0,СтройТрансНефтеГаз,От 1 года,Полный рабочий день,Не имеет значения,,,https://ufa.superjob.ru/vakansii/elektromonter-linejschik-po-montazhu-vozdushnyh-linij-vysokogo-napryazheniya-i-kontaktnoj-seti-51699878.html,124000.0
51765568,Менеджер по недвижимости,350000,415000,rub,"['Строительство, проектирование, недвижимость']","['Сметное дело', 'Начало карьеры, мало опыта', 'Экологическое сопровождение проектов']",Москва,"['Новокузнецкая', 'Третьяковская', 'Полянка']","['Замоскворецкая', 'Калужско-Рижская', 'Серпуховско-Тимирязевская']","['green', 'orange', 'gray']",,813261,1000 — 5000,286.0,МИЭЛЬ,Без опыта,Полный рабочий день,Не имеет значения,,,https://www.superjob.ru/vakansii/menedzher-po-nedvizhimosti-51765568.html,382500.0
51780958,Продавец в зону готовой еды,44200,59520,rub,"['Строительство, проектирование, недвижимость']","['Строительно-монтажные работы', 'Управление недвижимостью']",Видное,[],[],[],"Видное, Володарского, Центральная, 4",280168,более 5000,18164.0,"Магнит, Розничная сеть",Не имеет значения,Сменный график работы,Не имеет значения,55.501621,37.942356,https://vidnoe.superjob.ru/vakansii/prodavec-v-zonu-gotovoj-edy-51780958.html,51860.0
51850406,Электрогазосварщик,88000,175000,rub,"['Строительство, проектирование, недвижимость', 'Рабочий персонал']","['Благоустройство территорий', 'Строительно-монтажные работы', 'Квалифицированный рабочий']",Москва,[],[],[],,4156139,менее 50,0.0,"ФСК ""Мостоотряд-47""",От 1 года,Работа вахтовым методом,Не имеет значения,,,https://www.superjob.ru/vakansii/elektrogazosvarschik-51850406.html,131500.0
51854697,Электромонтажник-расключник (вахта),176000,176000,rub,"['Строительство, проектирование, недвижимость', 'Рабочий персонал']","['Эксплуатация зданий', 'Электроснабжение', 'Квалифицированный рабочий']",Чита,[],[],[],,3856938,менее 50,1832.0,"Барс Пром/ООО ""БАРС ПРОМ""",От 1 года,Полный рабочий день,Не имеет значения,,,https://chita.superjob.ru/vakansii/elektromontazhnik-rasklyuchnik-51854697.html,176000.0
51870375,Слесарь-сантехник,120000,136000,rub,"['Строительство, проектирование, недвижимость', 'Рабочий персонал']","['Водоснабжение, канализация', 'Рабочий персонал, разное', 'Квалифицированный рабочий']",Москва,['Баррикадная'],['Таганско-Краснопресненская'],['violet'],,406175,более 5000,112.0,PRIDEX Group,От 1 года,Полный рабочий день,Не имеет значения,,,https://www.superjob.ru/vakansii/slesar-santehnik-51870375.html,128000.0
50497048,Пекарь,39850,53800,rub,"['Туризм, гостиницы, общественное питание', 'Строительство, проектирование, недвижимость', 'Промышленность, производство', 'Рабочий персонал']","['Рестораны, кафе, столовые, фастфуд', 'Строительно-монтажные работы', 'Пищевая промышленность', 'Рабочий персонал, разное']",Краснокаменск (Забайкальский край),[],[],[],"Краснокаменск, Строителей, 7крп",2635306,более 5000,45940.0,Пятёрочка,Не имеет значения,Частичная занятость / Совместительство,Не имеет значения,50.101509,118.037148,https://chita.superjob.ru/vakansii/pekar-50497048.html,46825.0
51726956,Электромонтажник,160000,160000,rub,"['Строительство, проектирование, недвижимость', 'Рабочий персонал']","['Эксплуатация зданий', 'Электроснабжение', 'Квалифицированный рабочий']",Томск,[],[],[],,4899646,менее 50,7.0,Р-Строй,От 1 года,Полный рабочий день,Среднее специальное,,,https://tomsk.superjob.ru/vakansii/elektromontazhnik-51726956.html,160000.0
51801679,Разнорабочий по ремонту пути,66500,66500,rub,"['Бухгалтерия, финансы, аудит', 'Строительство, проектирование, недвижимость', 'Промышленность, производство']","['Бухгалтерский учет', 'Строительно-монтажные работы', 'Транспортные системы (мосты, дороги, тоннели)', 'Машиностроение, станкостроение']",Вурнары,[],[],[],"Чувашская Республика — Чувашия, посёлок городского типа Вурнары, улица Карла Маркса, 49",2466656,более 5000,3173.0,Российские железные дороги,Без опыта,Полный рабочий день,Не имеет значения,55.497334,46.953529,https://vurnary.superjob.ru/vakansii/raznorabochij-po-remontu-puti-51801679.html,66500.0
51825767,Продавец в зону готовой еды,54000,75200,rub,"['Строительство, проектирование, недвижимость', 'Промышленность, производство']","['Отопление, вентиляция и кондиционирование', 'Авиационная промышленность']",Домодедово,[],[],[],"Домодедово, Белые Столбы, Авенариуса, 8В",280168,более 5000,18164.0,"Магнит, Розничная сеть",Не имеет значения,Сменный график работы,Не имеет значения,55.331577,37.838612,https://domodedovo.superjob.ru/vakansii/prodavec-v-zonu-gotovoj-edy-51825767.html,64600.0
51850405,Монтажник,88000,170000,rub,"['Строительство, проектирование, недвижимость', 'Рабочий персонал']","['Строительно-монтажные работы', 'Рабочий персонал, разное', 'Квалифицированный рабочий']",Санкт-Петербург,[],[],[],,4156139,менее 50,0.0,"ФСК ""Мостоотряд-47""",От 1 года,Работа вахтовым методом,Не имеет значения,,,https://spb.superjob.ru/vakansii/montazhnik-51850405.html,129000.0
51854698,Электромонтажник-расключник (вахта),176000,176000,rub,"['Строительство, проектирование, недвижимость', 'Рабочий персонал']","['Эксплуатация зданий', 'Электроснабжение', 'Квалифицированный рабочий']",Иркутск,[],[],[],,3856938,менее 50,1832.0,"Барс Пром/ООО ""БАРС ПРОМ""",От 1 года,Полный рабочий день,Не имеет значения,,,https://irkutsk.superjob.ru/vakansii/elektromontazhnik-rasklyuchnik-51854698.html,176000.0
51870370,Слесарь-сантехник,120000,136000,rub,"['Строительство, проектирование, недвижимость', 'Рабочий персонал']","['Водоснабжение, канализация', 'Рабочий персонал, разное', 'Квалифицированный рабочий']",Москва,['Краснопресненская'],['Кольцевая'],['brown'],,406175,более 5000,112.0,PRIDEX Group,От 1 года,Полный рабочий день,Не имеет значения,,,https://www.superjob.ru/vakansii/slesar-santehnik-51870370.html,128000.0
50498360,"Сборщик заказов (, 1, 1/1)",45500,65500,rub,"['Строительство, проектирование, недвижимость']","['Управление недвижимостью', 'Другое']",Десногорск,[],[],[],Десногорск,2635306,более 5000,45940.0,Пятёрочка,Не имеет значения,Полный рабочий день,Не имеет значения,54.152351,33.28788,https://desnogorsk.superjob.ru/vakansii/sborschik-zakazov-50498360.html,55500.0
51726957,Электромонтажник,160000,160000,rub,"['Строительство, проектирование, недвижимость', 'Рабочий персонал']","['Эксплуатация зданий', 'Электроснабжение', 'Квалифицированный рабочий']",Красноярск,[],[],[],,4899646,менее 50,7.0,Р-Строй,От 1 года,Полный рабочий день,Среднее специальное,,,https://krasnoyarsk.superjob.ru/vakansii/elektromontazhnik-51726957.html,160000.0
50483619,Разнорабочий на строительный объект (прокладка кабеля),80000,100000,rub,"['Строительство, проектирование, недвижимость', 'Рабочий персонал']","['Строительно-монтажные работы', 'Рабочий персонал, разное']",Москва,[],[],[],,4416641,менее 50,2.0,Лабиринт-Информ,От 1 года,Полный рабочий день,Не имеет значения,,,https://www.superjob.ru/vakansii/raznorabochij-na-stroitelnyj-obekt-50483619.html,90000.0
51615149,Электромонтер 5 разряда,150000,150000,rub,"['Строительство, проектирование, недвижимость', 'Рабочий персонал']","['Электроснабжение', 'Квалифицированный рабочий']",Кемерово,[],[],[],,5033,более 5000,25.0,АЙЭФСИЭМ ГРУПП,От 1 года,Работа вахтовым методом,Не имеет значения,,,https://kemerovo.superjob.ru/vakansii/elektromonter-5-razryada-51615149.html,150000.0
51700205,Мастер СМР / Прораб (в Египет),185000,200000,rub,"['Строительство, проектирование, недвижимость']","['Проектирование', 'Строительно-монтажные работы', 'Управление проектами (ГИП)']",Москва,[],[],[],,970633,более 5000,2342.0,Трест Росспецэнергомонтаж,От 3 лет,Полный рабочий день,Не имеет значения,,,https://www.superjob.ru/vakansii/master-smr-51700205.html,192500.0
51706892,Электромонтер,48000,50000,rub,"['Строительство, проектирование, недвижимость', 'Рабочий персонал']","['Эксплуатация зданий', 'Электроснабжение', 'Слаботочные системы и сети', 'Рабочий персонал, разное', 'Квалифицированный рабочий']",Оренбург,[],[],[],"Оренбург, проспект Гагарина, 48/1",178200,1000 — 5000,61.0,Т Плюс,Без опыта,Полный рабочий день,Не имеет значения,51.7757,55.184135,https://orenburg.superjob.ru/vakansii/elektromonter-51706892.html,49000.0
51768201,Главный специалист по работе с клиентами,31157,32924,rub,"['Строительство, проектирование, недвижимость']",['Экологическое сопровождение проектов'],Экспериментальный (Оренбургская область),[],[],[],"Оренбургский район, посёлок Экспериментальный, Культурная улица",14215,более 5000,1380.0,Почта России,От 1 года,Частичная занятость / Совместительство,Не имеет значения,51.538155,55.027885,https://www.superjob.ru/vakansii/glavnyj-specialist-po-rabote-s-klientami-51768201.html,32040.5
51801680,Разнорабочий по ремонту пути,66500,66500,rub,"['Строительство, проектирование, недвижимость']","['Подводно-технические работы', 'Строительно-монтажные работы']",Шумерля,[],[],[],"Чувашская Республика — Чувашия, Шумерля, улица Маршала Жукова, 3А",2466656,более 5000,3173.0,Российские железные дороги,Без опыта,Полный рабочий день,Не имеет значения,55.495419,46.409401,https://shumerlya.superjob.ru/vakansii/raznorabochij-po-remontu-puti-51801680.html,66500.0
51854699,Электромонтажник-расключник (вахта),176000,176000,rub,"['Строительство, проектирование, недвижимость', 'Рабочий персонал']","['Эксплуатация зданий', 'Электроснабжение', 'Квалифицированный рабочий']",Красноярск,[],[],[],,3856938,менее 50,1832.0,"Барс Пром/ООО ""БАРС ПРОМ""",От 1 года,Полный рабочий день,Не имеет значения,,,https://krasnoyarsk.superjob.ru/vakansii/elektromontazhnik-rasklyuchnik-51854699.html,176000.0
51854737,Продавец в зону готовой еды,43300,57700,rub,"['Строительство, проектирование, недвижимость']","['Строительно-монтажные работы', 'Технический надзор, строительная экспертиза / ПТО']",Калуга,[],[],[],"Калуга, Маршала Жукова, 38",280168,более 5000,18164.0,"Магнит, Розничная сеть",Не имеет значения,Сменный график работы,Не имеет значения,54.516674,36.288551,https://kaluga.superjob.ru/vakansii/prodavec-v-zonu-gotovoj-edy-51854737.html,50500.0
51870368,Слесарь-сантехник,120000,136000,rub,"['Строительство, проектирование, недвижимость', 'Рабочий персонал']","['Водоснабжение, канализация', 'Рабочий персонал, разное', 'Квалифицированный рабочий']",Москва,['Деловой центр'],['Филёвская'],['blue'],,406175,более 5000,112.0,PRIDEX Group,От 1 года,Полный рабочий день,Не имеет значения,,,https://www.superjob.ru/vakansii/slesar-santehnik-51870368.html,128000.0
51726958,Электромонтажник,160000,160000,rub,"['Строительство, проектирование, недвижимость', 'Рабочий персонал']","['Эксплуатация зданий', 'Электроснабжение', 'Квалифицированный рабочий']",Омск,[],[],[],,4899646,менее 50,7.0,Р-Строй,От 1 года,Полный рабочий день,Среднее специальное,,,https://omsk.superjob.ru/vakansii/elektromontazhnik-51726958.html,160000.0
51768063,Прораб / Начальник участка,80000,100000,rub,"['Строительство, проектирование, недвижимость', 'Промышленность, производство']","['Строительно-монтажные работы', 'Электроснабжение', 'Трубопроводы', 'Транспортные системы (мосты, дороги, тоннели)', 'Производство стройматериалов']",Курган,[],[],[],"Курган, микрорайон Чистое Поле",4956375,менее 50,1.0,Михайлова Елена Николаевна,Без опыта,Полный рабочий день,Не имеет значения,55.493298,65.275879,https://kurgan.superjob.ru/vakansii/prorab-51768063.html,90000.0
51844224,"Продавец-кассир (Калининград, ГПК Железнодорожник, А, 88-90)",45000,76000,rub,"['Продажи', 'Строительство, проектирование, недвижимость']","['Агентства недвижимости, оценка недвижимости', 'Управление строительством, девелопмент']",Калининград,[],[],[],,2635306,более 5000,45940.0,Пятёрочка,Не имеет значения,Частичная занятость / Совместительство,Не имеет значения,,,https://kaliningrad.superjob.ru/vakansii/prodavec-kassir-51844224.html,60500.0
51849986,Главный специалист технического отдела,80000,80000,rub,"['Строительство, проектирование, недвижимость']","['Управление строительством, девелопмент']",Мытищи,[],[],[],"Московская область, городской округ Мытищи, посёлок Поведники",4928804,менее 50,2.0,Клязьма,От 3 лет,Полный рабочий день,Не имеет значения,55.977409,37.606434,https://mytischi.superjob.ru/vakansii/glavnyj-specialist-tehnicheskogo-otdela-51849986.html,80000.0
51870123,Автокурьер на личном авто (Оплата патента),70000,160000,rub,"['Строительство, проектирование, недвижимость']",['ЖКХ'],Москва,['Минская'],['МЦД4'],['mediumaquamarine'],"г Москва, улица Косыгина, д. 55. 55",0,,,,Без опыта,Полный рабочий день,Не имеет значения,55.716469,37.533443,https://www.superjob.ru/vakansii/avtokurer-na-lichnom-avto-51870123.html,115000.0
45358336,"Монтажник слаботочных систем, СКС",80000,120000,rub,"['Рабочий персонал', 'Строительство, проектирование, недвижимость']","['Рабочий персонал, разное', 'Квалифицированный рабочий', 'Слаботочные системы и сети']",Москва,[],[],[],,4416641,менее 50,2.0,Лабиринт-Информ,От 3 лет,Полный рабочий день,Не имеет значения,,,https://www.superjob.ru/vakansii/montazhnik-slabotochnyh-sistem-45358336.html,100000.0
46374140,Техник-сантехник,45500,52000,rub,"['Строительство, проектирование, недвижимость']","['Водоснабжение, канализация']",Москва,[],[],[],"Москва, Волгоградский проспект, 43к2",4466582,менее 50,0.0,ГРИН КОМФОРТ,От 1 года,Сменный график работы,Среднее,55.713863,37.71962,https://www.superjob.ru/vakansii/tehnik-santehnik-46374140.html,48750.0
50644232,Электромонтер аварийно-восстановительной бригады наружного освещения,84000,110000,rub,"['Строительство, проектирование, недвижимость', 'Рабочий персонал']","['Электроснабжение', 'Слаботочные системы и сети', 'Рабочий персонал, разное']",Москва,"['Отрадное', 'Владыкино']","['Серпуховско-Тимирязевская', 'МЦК']","['gray', 'lightpink']","Москва, Отрадная улица, 2Бс6",4019802,более 5000,44.0,Объединенная энергетическая компания,От 1 года,Сменный график работы,Среднее специальное,55.856564,37.599506,https://www.superjob.ru/vakansii/elektromonter-avarijno-vosstanovitelnoj-brigady-naruzhnogo-osvescheniya-50644232.html,97000.0
51615150,Электромонтер 5 разряда,150000,150000,rub,"['Строительство, проектирование, недвижимость', 'Рабочий персонал']","['Электроснабжение', 'Квалифицированный рабочий']",Ачинск,[],[],[],,5033,более 5000,25.0,АЙЭФСИЭМ ГРУПП,От 1 года,Работа вахтовым методом,Не имеет значения,,,https://achinsk.superjob.ru/vakansii/elektromonter-5-razryada-51615150.html,150000.0
51623637,Специалист по сопровождению сделок с недвижимостью,80000,180000,rub,"['Строительство, проектирование, недвижимость']",['Управление недвижимостью'],Ставрополь,[],[],[],"Ставрополь, улица Мира, 330А",4943868,менее 50,4.0,«Этажи 26»,Без опыта,Полный рабочий день,Не имеет значения,45.035496,41.954586,https://stavropol.superjob.ru/vakansii/specialist-po-soprovozhdeniyu-sdelok-s-nedvizhimostyu-51623637.html,130000.0
51799217,"Электрогазосварщик, г. Саратов вахта 30/30",180000,200000,rub,"['Строительство, проектирование, недвижимость', 'Рабочий персонал']","['Благоустройство территорий', 'Строительно-монтажные работы', 'Квалифицированный рабочий']",Волгоград,[],[],[],,3925670,1000 — 5000,14.0,Бамтоннельстрой-Мост,От 1 года,Полный рабочий день,Не имеет значения,,,https://volgograd.superjob.ru/vakansii/elektrogazosvarschik-51799217.html,190000.0
51801681,Разнорабочий по ремонту пути (пгт. Вурнары),66500,66500,rub,"['Бухгалтерия, финансы, аудит', 'Строительство, проектирование, недвижимость']","['Казначейство', 'Благоустройство территорий']",Канаш,[],[],[],,2466656,более 5000,3173.0,Российские железные дороги,Без опыта,Полный рабочий день,Не имеет значения,,,https://kanash.superjob.ru/vakansii/raznorabochij-po-remontu-puti-51801681.html,66500.0
51844115,Продавец магазина Магнит,43000,57300,rub,"['Строительство, проектирование, недвижимость']","['Конструирование', 'Управление недвижимостью']",Челябинск,[],[],[],"Челябинск, Братьев Кашириных, 93А",280168,более 5000,18164.0,"Магнит, Розничная сеть",Не имеет значения,Полный рабочий день,Не имеет значения,55.177303,61.36356,https://chelyabinsk.superjob.ru/vakansii/prodavec-magazina-magnit-51844115.html,50150.0
51854700,Электромонтажник-расключник (вахта),176000,176000,rub,"['Строительство, проектирование, недвижимость', 'Рабочий персонал']","['Эксплуатация зданий', 'Электроснабжение', 'Квалифицированный рабочий']",Новосибирск,[],[],[],,3856938,менее 50,1832.0,"Барс Пром/ООО ""БАРС ПРОМ""",От 1 года,Полный рабочий день,Не имеет значения,,,https://nsk.superjob.ru/vakansii/elektromontazhnik-rasklyuchnik-51854700.html,176000.0
51870365,Слесарь-сантехник,120000,136000,rub,"['Строительство, проектирование, недвижимость', 'Рабочий персонал']","['Водоснабжение, канализация', 'Рабочий персонал, разное', 'Квалифицированный рабочий']",Москва,['Улица 1905 года'],['Таганско-Краснопресненская'],['violet'],,406175,более 5000,112.0,PRIDEX Group,От 1 года,Полный рабочий день,Не имеет значения,,,https://www.superjob.ru/vakansii/slesar-santehnik-51870365.html,128000.0
51596762,Рабочий по комплексному обслуживанию зданий (на спортивный объект),50000,55000,rub,"['Административная работа, секретариат, АХО', 'Строительство, проектирование, недвижимость', 'Рабочий персонал']","['АХО', 'Эксплуатация зданий', 'Рабочий персонал, разное']",Москва,"['Аэропорт', 'ЦСКА']","['Замоскворецкая', 'Большая кольцевая линия']","['green', 'cian']","Москва, улица Авиаконструктора Микояна, 10",4899694,более 5000,2.0,ЦСКА,Без опыта,Сменный график работы,Не имеет значения,55.793076,37.535545,https://www.superjob.ru/vakansii/rabochij-po-kompleksnomu-obsluzhivaniyu-zdanij-51596762.html,52500.0
51726959,Электромонтажник,160000,160000,rub,"['Строительство, проектирование, недвижимость', 'Рабочий персонал']","['Эксплуатация зданий', 'Электроснабжение', 'Квалифицированный рабочий']",Калининград,[],[],[],,4899646,менее 50,7.0,Р-Строй,От 1 года,Полный рабочий день,Среднее специальное,,,https://kaliningrad.superjob.ru/vakansii/elektromontazhnik-51726959.html,160000.0
51789745,Техник по ремонту и обслуживанию зданий,80000,95000,rub,"['Административная работа, секретариат, АХО', 'Строительство, проектирование, недвижимость']","['АХО', 'Эксплуатация зданий']",Москва,"['Площадь Ильича', 'Римская']","['Калининско-Солнцевская', 'Люблинско-Дмитровская']","['yellow', 'lime']",,4884805,1000 — 5000,2.0,ГКУ ЦОДД,От 1 года,Полный рабочий день,Не имеет значения,,,https://www.superjob.ru/vakansii/tehnik-po-remontu-i-obsluzhivaniyu-zdanij-51789745.html,87500.0
51844218,"Продавец-кассир (Москва, Южнобутовская, 13)",65000,75000,rub,"['Строительство, проектирование, недвижимость']",['Сметное дело'],Москва,[],[],[],,2635306,более 5000,45940.0,Пятёрочка,Не имеет значения,Частичная занятость / Совместительство,Не имеет значения,,,https://www.superjob.ru/vakansii/prodavec-kassir-51844218.html,70000.0
51846028,Электромонтер по ремонту линий электропередачи,85000,140000,rub,"['Строительство, проектирование, недвижимость']","['Эксплуатация зданий', 'Электроснабжение']",Москва,"['Щукинская', 'Спартак', 'Покровское', 'Покровское-Стрешнево']","['МЦД2', 'Таганско-Краснопресненская', 'МЦД2', 'МЦД2']","['fuchsia', 'violet', 'fuchsia', 'fuchsia']","Москва, Врачебный проезд",2466656,более 5000,3173.0,Российские железные дороги,Без опыта,Полный рабочий день,Не имеет значения,55.81366,37.457466,https://www.superjob.ru/vakansii/elektromonter-po-remontu-linij-elektroperedachi-51846028.html,112500.0
49910179,Столяр-станочник,80000,115000,rub,"['Строительство, проектирование, недвижимость', 'Промышленность, производство', 'Рабочий персонал']","['Строительно-монтажные работы', 'Мебельное производство', 'Квалифицированный рабочий']",Щелково,[],[],[],"Московская область, городской округ Щёлково, территория Домостроитель, 4А",2187516,менее 50,1.0,БАЛЧУГ ВУД,От 1 года,Полный рабочий день,Не имеет значения,55.924622,37.941261,https://schelkovo.superjob.ru/vakansii/stolyar-stanochnik-49910179.html,97500.0
49709759,Главный специалист отдела капитального строительства и эксплуатации,43300,48000,rub,"['Строительство, проектирование, недвижимость', 'Рабочий персонал']","['Эксплуатация зданий', 'Квалифицированный рабочий']",Рязань,[],[],[],"Рязань, Почтовая улица, 49",14215,более 5000,1380.0,Почта России,От 1 года,Полный рабочий день,Среднее специальное,54.629337,39.742081,https://ryazan.superjob.ru/vakansii/glavnyj-specialist-otdela-kapitalnogo-stroitelstva-i-ekspluatacii-49709759.html,45650.0
50683334,Машинист автогидроподъемника,80000,121000,rub,"['Строительство, проектирование, недвижимость', 'Рабочий персонал']","['Строительно-монтажные работы', 'Другое', 'Рабочий персонал, разное']",Москва,"['Отрадное', 'Владыкино']","['Серпуховско-Тимирязевская', 'МЦК']","['gray', 'lightpink']","Москва, Отрадная улица, 2Бс6",4019802,более 5000,44.0,Объединенная энергетическая компания,От 1 года,Сменный график работы,Среднее специальное,55.856564,37.599506,https://www.superjob.ru/vakansii/mashinist-avtogidropodemnika-50683334.html,100500.0
46374144,Техник-электрик,45500,52000,rub,"['Строительство, проектирование, недвижимость']",['Электроснабжение'],Москва,[],[],[],"Москва, Волгоградский проспект, 43к1",4466582,менее 50,0.0,ГРИН КОМФОРТ,От 3 лет,Сменный график работы,Среднее,55.714725,37.718147,https://www.superjob.ru/vakansii/tehnik-elektrik-46374144.html,48750.0
51540116,Машинист экскаватора 6 разряда (ГГОК),157800,157800,rub,"['Строительство, проектирование, недвижимость', 'Рабочий персонал']","['Благоустройство территорий', 'Квалифицированный рабочий']",Красноярск,[],[],[],"Красноярский край, Мотыгинский район",3943353,менее 50,25.0,Новоангарский обогатительный комбинат,От 1 года,Работа вахтовым методом,Не имеет значения,58.551361,94.55658,https://krasnoyarsk.superjob.ru/vakansii/mashinist-ekskavatora-6-razryada-51540116.html,157800.0
51615151,Электромонтер 5 разряда,150000,150000,rub,"['Строительство, проектирование, недвижимость', 'Рабочий персонал']","['Электроснабжение', 'Квалифицированный рабочий']",Черемхово (Иркутская область),[],[],[],,5033,более 5000,25.0,АЙЭФСИЭМ ГРУПП,От 1 года,Работа вахтовым методом,Не имеет значения,,,https://cheremhovo.superjob.ru/vakansii/elektromonter-5-razryada-51615151.html,150000.0
51696641,Машинист ручной буровой установки УБШМ,185000,185000,rub,"['Строительство, проектирование, недвижимость']","['Подводно-технические работы', 'Сметное дело', 'Технический надзор, строительная экспертиза / ПТО']",Набережные Челны,[],[],[],,2837310,более 5000,65.0,СтройТрансНефтеГаз,От 1 года,Полный рабочий день,Не имеет значения,,,https://naberezhnye-chelny.superjob.ru/vakansii/mashinist-ruchnoj-burovoj-ustanovki-ubshm-51696641.html,185000.0
51732777,"Электрогазосварщик ручной сварки (НАКС СК 1, 2, 3, сварка составных свай)",155000,196000,rub,"['Строительство, проектирование, недвижимость', 'Рабочий персонал']","['Благоустройство территорий', 'Строительно-монтажные работы', 'Квалифицированный рабочий']",Сургут,[],[],[],,4407559,менее 50,21.0,ГСП-6,От 3 лет,Полный рабочий день,Не имеет значения,,,https://surgut.superjob.ru/vakansii/elektrogazosvarschik-ruchnoj-svarki-51732777.html,175500.0
51780906,Эксперт по заключению сделок,260000,380000,rub,"['Строительство, проектирование, недвижимость']","['Проектирование', 'Сметное дело']",Москва,"['Медведково', 'Бабушкинская', 'Свиблово', 'Ботанический сад', 'ВДНХ', 'Алексеевская', 'Рижская', 'Проспект Мира', 'Тургеневская', 'Китай-город']","['Калужско-Рижская', 'Калужско-Рижская', 'Калужско-Рижская', 'МЦК', 'Калужско-Рижская', 'Калужско-Рижская', 'МЦД2', 'Калужско-Рижская', 'Калужско-Рижская', 'Калужско-Рижская']","['orange', 'orange', 'orange', 'lightpink', 'orange', 'orange', 'fuchsia', 'orange', 'orange', 'orange']",,813261,1000 — 5000,286.0,МИЭЛЬ,Без опыта,Полный рабочий день,Не имеет значения,,,https://www.superjob.ru/vakansii/ekspert-po-zaklyucheniyu-sdelok-51780906.html,320000.0
51799218,"Электрогазосварщик, г. Саратов вахта 30/30",180000,200000,rub,"['Строительство, проектирование, недвижимость', 'Рабочий персонал']","['Благоустройство территорий', 'Строительно-монтажные работы', 'Квалифицированный рабочий']",Воронеж,[],[],[],,3925670,1000 — 5000,14.0,Бамтоннельстрой-Мост,От 1 года,Полный рабочий день,Не имеет значения,,,https://voronezh.superjob.ru/vakansii/elektrogazosvarschik-51799218.html,190000.0
51854701,Электромонтажник-расключник (вахта),176000,176000,rub,"['Строительство, проектирование, недвижимость', 'Рабочий персонал']","['Эксплуатация зданий', 'Электроснабжение', 'Квалифицированный рабочий']",Омск,[],[],[],,3856938,менее 50,1832.0,"Барс Пром/ООО ""БАРС ПРОМ""",От 1 года,Полный рабочий день,Не имеет значения,,,https://omsk.superjob.ru/vakansii/elektromontazhnik-rasklyuchnik-51854701.html,176000.0
51858200,Продавец в зону готовой еды,55700,78700,rub,"['Строительство, проектирование, недвижимость']","['Благоустройство территорий', 'Сметное дело', 'Управление недвижимостью']",Сосновый Бор (Ленинградская область),[],[],[],"Сосновый Бор, Сибирская, 7",280168,более 5000,18164.0,"Магнит, Розничная сеть",Не имеет значения,Сменный график работы,Не имеет значения,59.895439,29.091751,https://sosnovyi-bor.superjob.ru/vakansii/prodavec-v-zonu-gotovoj-edy-51858200.html,67200.0
51870363,Слесарь-сантехник,120000,136000,rub,"['Строительство, проектирование, недвижимость', 'Рабочий персонал']","['Водоснабжение, канализация', 'Рабочий персонал, разное', 'Квалифицированный рабочий']",Москва,['Шелепиха'],['Большая кольцевая линия'],['cian'],,406175,более 5000,112.0,PRIDEX Group,От 1 года,Полный рабочий день,Не имеет значения,,,https://www.superjob.ru/vakansii/slesar-santehnik-51870363.html,128000.0
51726960,Электромонтажник,160000,160000,rub,"['Строительство, проектирование, недвижимость', 'Рабочий персонал']","['Эксплуатация зданий', 'Электроснабжение', 'Квалифицированный рабочий']",Улан-Удэ,[],[],[],,4899646,менее 50,7.0,Р-Строй,От 1 года,Полный рабочий день,Среднее специальное,,,https://ulan-ude.superjob.ru/vakansii/elektromontazhnik-51726960.html,160000.0
51844220,"Продавец-кассир (Саратов, Мира, 20В)",43000,58000,rub,"['Строительство, проектирование, недвижимость']","['ЖКХ', 'Строительно-монтажные работы']",Саратов,[],[],[],,2635306,более 5000,45940.0,Пятёрочка,Не имеет значения,Частичная занятость / Совместительство,Не имеет значения,,,https://saratov.superjob.ru/vakansii/prodavec-kassir-51844220.html,50500.0
50683358,Электромонтер по ремонту и монтажу кабельных линий,83000,124000,rub,"['Строительство, проектирование, недвижимость', 'Рабочий персонал']","['Электроснабжение', 'Слаботочные системы и сети', 'Рабочий персонал, разное']",Троицк,[],[],[],"Москва, Троицкий административный округ, Краснопахорский район, село Красная Пахра",4019802,более 5000,44.0,Объединенная энергетическая компания,От 1 года,Сменный график работы,Среднее специальное,55.430851,37.275181,https://troitsk.superjob.ru/vakansii/elektromonter-po-remontu-i-montazhu-kabelnyh-linij-50683358.html,103500.0
51184132,Комендант,85000,85000,rub,"['Административная работа, секретариат, АХО', 'Строительство, проектирование, недвижимость']","['АХО', 'Эксплуатация зданий']",Москва,"['Бульвар Рокоссовского', 'Белокаменная']","['МЦК', 'МЦК']","['lightpink', 'lightpink']","Москва, Лосиноостровская улица, 24с1",314091,1000 — 5000,5.0,"ФГБОУ ВО РГСУ, РГСУ, РОССИЙСКИЙ ГОСУДАРСТВЕННЫЙ СОЦИАЛЬНЫЙ УНИВЕРСИТЕТ",Без опыта,Полный рабочий день,Не имеет значения,55.82579,37.719173,https://www.superjob.ru/vakansii/komendant-51184132.html,85000.0
51607266,Машинист экскаватора 5 разряда (ГГОК),157800,157800,rub,"['Строительство, проектирование, недвижимость', 'Рабочий персонал']","['Благоустройство территорий', 'Квалифицированный рабочий']",Красноярск,[],[],[],"Красноярский край, Мотыгинский район",3943353,менее 50,25.0,Новоангарский обогатительный комбинат,От 1 года,Работа вахтовым методом,Не имеет значения,58.551361,94.55658,https://krasnoyarsk.superjob.ru/vakansii/mashinist-ekskavatora-5-razryada-51607266.html,157800.0
51615152,Электромонтер 5 разряда,150000,150000,rub,"['Строительство, проектирование, недвижимость', 'Рабочий персонал']","['Электроснабжение', 'Квалифицированный рабочий']",Новосибирск,[],[],[],,5033,более 5000,25.0,АЙЭФСИЭМ ГРУПП,От 1 года,Работа вахтовым методом,Не имеет значения,,,https://nsk.superjob.ru/vakansii/elektromonter-5-razryada-51615152.html,150000.0
51799219,"Электрогазосварщик, г. Саратов вахта 30/30",180000,200000,rub,"['Строительство, проектирование, недвижимость', 'Рабочий персонал']","['Благоустройство территорий', 'Строительно-монтажные работы', 'Квалифицированный рабочий']",Москва,[],[],[],,3925670,1000 — 5000,14.0,Бамтоннельстрой-Мост,От 1 года,Полный рабочий день,Не имеет значения,,,https://www.superjob.ru/vakansii/elektrogazosvarschik-51799219.html,190000.0
51801605,Продавец в зону готовой еды,59700,79500,rub,"['Продажи', 'Строительство, проектирование, недвижимость']","['Агентства недвижимости, оценка недвижимости', 'Управление недвижимостью']",Кировск (Мурманская обл.),[],[],[],"Кировск, Комсомольская, 3",280168,более 5000,18164.0,"Магнит, Розничная сеть",Не имеет значения,Сменный график работы,Не имеет значения,67.653099,33.703434,https://kirovsk-murmanskaya-oblast.superjob.ru/vakansii/prodavec-v-zonu-gotovoj-edy-51801605.html,69600.0
51854702,Электромонтажник-расключник (вахта),176000,176000,rub,"['Строительство, проектирование, недвижимость', 'Рабочий персонал']","['Эксплуатация зданий', 'Электроснабжение', 'Квалифицированный рабочий']",Уфа,[],[],[],,3856938,менее 50,1832.0,"Барс Пром/ООО ""БАРС ПРОМ""",От 1 года,Полный рабочий день,Не имеет значения,,,https://ufa.superjob.ru/vakansii/elektromontazhnik-rasklyuchnik-51854702.html,176000.0
51870359,Слесарь-сантехник,120000,136000,rub,"['Строительство, проектирование, недвижимость', 'Рабочий персонал']","['Водоснабжение, канализация', 'Рабочий персонал, разное', 'Квалифицированный рабочий']",Москва,['Авиамоторная'],['МЦД3'],['orangered'],,406175,более 5000,112.0,PRIDEX Group,От 1 года,Полный рабочий день,Не имеет значения,,,https://www.superjob.ru/vakansii/slesar-santehnik-51870359.html,128000.0
51726938,Монтажник ЖБК,160000,160000,rub,"['Строительство, проектирование, недвижимость', 'Рабочий персонал']","['Строительно-монтажные работы', 'Рабочий персонал, разное', 'Квалифицированный рабочий']",Свободный,[],[],[],,4899646,менее 50,7.0,Р-Строй,От 1 года,Полный рабочий день,Не имеет значения,,,https://svobodniy.superjob.ru/vakansii/montazhnik-zhbk-51726938.html,160000.0
51782746,Электромонтер по ремонту воздушных линий электропередачи,67000,67000,rub,"['Строительство, проектирование, недвижимость', 'Промышленность, производство']","['Электроснабжение', 'Энергетика']",Ряжск,[],[],[],"Рязанская область, Ряжск, улица Ильича",2466656,более 5000,3173.0,Российские железные дороги,Без опыта,Полный рабочий день,Среднее,53.707775,40.105492,https://ryazhsk.superjob.ru/vakansii/elektromonter-po-remontu-vozdushnyh-linij-elektroperedachi-51782746.html,67000.0
51844191,"Администратор магазина (Илек, Илек, Мира, 20в)",38000,50000,rub,"['Строительство, проектирование, недвижимость']","['Подводно-технические работы', 'Проектирование', 'Управление недвижимостью']",Илек,[],[],[],,2635306,более 5000,45940.0,Пятёрочка,От 1 года,Полный рабочий день,Не имеет значения,,,https://ilek.superjob.ru/vakansii/administrator-magazina-51844191.html,44000.0
51615153,Электромонтер 5 разряда,150000,150000,rub,"['Строительство, проектирование, недвижимость', 'Рабочий персонал']","['Электроснабжение', 'Квалифицированный рабочий']",Шарыпово,[],[],[],,5033,более 5000,25.0,АЙЭФСИЭМ ГРУПП,От 1 года,Работа вахтовым методом,Не имеет значения,,,https://sharypovo.superjob.ru/vakansii/elektromonter-5-razryada-51615153.html,150000.0
51690823,"Электромонтер по ремонту и обслуживанию электрооборудования 5, 6 разряда",82000,92000,rub,"['Строительство, проектирование, недвижимость']","['Строительно-монтажные работы', 'Электроснабжение']",Москва,"['Речной вокзал', 'Алтуфьево', 'Лихоборы', 'Ховрино', 'Селигерская', 'Грачёвская', 'Яхромская']","['Замоскворецкая', 'Серпуховско-Тимирязевская', 'МЦД3', 'МЦД3', 'Люблинско-Дмитровская', 'МЦД3', 'Люблинско-Дмитровская']","['green', 'gray', 'orangered', 'orangered', 'lime', 'orangered', 'lime']","Москва, Коровинское шоссе, 37Ас1",220831,более 5000,22.0,Московская объединенная энергетическая компания,От 1 года,Полный рабочий день,Не имеет значения,55.885132,37.511662,https://www.superjob.ru/vakansii/elektromonter-po-remontu-i-obsluzhivaniyu-elektrooborudovaniya-5-51690823.html,87000.0
51733164,Главный специалист по работе с клиентми,27093,28000,rub,"['Дизайн', 'Строительство, проектирование, недвижимость']","['Дизайн интерьера', 'Подводно-технические работы']",Адыге-Хабль,[],[],[],"Карачаево-Черкесская Республика, Адыге-Хабльский район, Апсуанское муниципальное образование, село Спарта, Набережный переулок, 7",14215,более 5000,1380.0,Почта России,Без опыта,Полный рабочий день,Не имеет значения,44.411659,41.798054,https://www.superjob.ru/vakansii/glavnyj-specialist-po-rabote-s-klientmi-51733164.html,27546.5
51799220,"Электрогазосварщик, г. Саратов вахта 30/30",180000,200000,rub,"['Строительство, проектирование, недвижимость', 'Рабочий персонал']","['Благоустройство территорий', 'Строительно-монтажные работы', 'Квалифицированный рабочий']",Уфа,[],[],[],,3925670,1000 — 5000,14.0,Бамтоннельстрой-Мост,От 1 года,Полный рабочий день,Не имеет значения,,,https://ufa.superjob.ru/vakansii/elektrogazosvarschik-51799220.html,190000.0
51801589,Продавец в зону готовой еды,63200,89300,rub,"['Строительство, проектирование, недвижимость', 'Топ-персонал']","['Благоустройство территорий', 'Безопасность, службы охраны', 'Туризм, гостиницы, общественное питание']",Янино-1,[],[],[],"Ковалево, Ковалево, Поперечная, 79",280168,более 5000,18164.0,"Магнит, Розничная сеть",Не имеет значения,Сменный график работы,Не имеет значения,59.979191,30.568808,https://yanino-1.superjob.ru/vakansii/prodavec-v-zonu-gotovoj-edy-51801589.html,76250.0
51824691,Электрослесарь ТЭЦ-2,60600,60600,rub,"['Строительство, проектирование, недвижимость', 'Рабочий персонал']","['Электроснабжение', 'Квалифицированный рабочий']",Ижевск,[],[],[],"Удмуртская Республика, Ижевск, Воткинское шоссе, 284",178200,1000 — 5000,61.0,Т Плюс,Без опыта,Полный рабочий день,Не имеет значения,56.89344,53.341217,https://izhevsk.superjob.ru/vakansii/elektroslesar-tec-2-51824691.html,60600.0
51751479,"Инженер ПТО/Ведущий инженер ПТО (дороги, сваи)",145000,256000,rub,"['Строительство, проектирование, недвижимость']","['Строительно-монтажные работы', 'Технический надзор, строительная экспертиза / ПТО']",Тамбей (Ямальский район),[],[],[],,4407559,менее 50,21.0,ГСП-6,От 3 лет,Полный рабочий день,Не имеет значения,,,https://www.superjob.ru/vakansii/inzhener-pto-51751479.html,200500.0
51833924,Распределитель работ (Египет),100000,100000,rub,"['Строительство, проектирование, недвижимость']","['Строительно-монтажные работы', 'Технический надзор, строительная экспертиза / ПТО']",Сочи,[],[],[],,970633,более 5000,2342.0,Трест Росспецэнергомонтаж,От 1 года,Полный рабочий день,Не имеет значения,,,https://sochi.superjob.ru/vakansii/raspredelitel-rabot-51833924.html,100000.0
51849895,Электромонтажник КИПиА,150000,175000,rub,"['Строительство, проектирование, недвижимость', 'Рабочий персонал']","['Электроснабжение', 'Квалифицированный рабочий']",Краснодар,[],[],[],,509989,1000 — 5000,127.0,Ленгазспецстрой,От 1 года,Полный рабочий день,Не имеет значения,,,https://krasnodar.superjob.ru/vakansii/elektromontazhnik-kipia-51849895.html,162500.0
51854628,Каменщик (вахта),167000,167000,rub,"['Строительство, проектирование, недвижимость', 'Рабочий персонал']","['Строительно-монтажные работы', 'Рабочий персонал, разное']",Хабаровск,[],[],[],,3856938,менее 50,1832.0,"Барс Пром/ООО ""БАРС ПРОМ""",От 1 года,Полный рабочий день,Не имеет значения,,,https://habarovsk.superjob.ru/vakansii/kamenschik-51854628.html,167000.0
51870357,Слесарь-сантехник,120000,136000,rub,"['Строительство, проектирование, недвижимость', 'Рабочий персонал']","['Водоснабжение, канализация', 'Рабочий персонал, разное', 'Квалифицированный рабочий']",Москва,['Крестьянская застава'],['Люблинско-Дмитровская'],['lime'],,406175,более 5000,112.0,PRIDEX Group,От 1 года,Полный рабочий день,Не имеет значения,,,https://www.superjob.ru/vakansii/slesar-santehnik-51870357.html,128000.0
51726939,Монтажник ЖБК,160000,160000,rub,"['Строительство, проектирование, недвижимость', 'Рабочий персонал']","['Строительно-монтажные работы', 'Рабочий персонал, разное', 'Квалифицированный рабочий']",Новосибирск,[],[],[],,4899646,менее 50,7.0,Р-Строй,От 1 года,Полный рабочий день,Не имеет значения,,,https://nsk.superjob.ru/vakansii/montazhnik-zhbk-51726939.html,160000.0
51766365,"Пекарь (Строитель, Строитель, Придорожная, 22)",35000,60000,rub,"['Туризм, гостиницы, общественное питание', 'Строительство, проектирование, недвижимость', 'Промышленность, производство', 'Рабочий персонал']","['Рестораны, кафе, столовые, фастфуд', 'Строительно-монтажные работы', 'Пищевая промышленность', 'Рабочий персонал, разное']",Строитель (Тамбовская область),[],[],[],,2635306,более 5000,45940.0,Пятёрочка,Не имеет значения,Частичная занятость / Совместительство,Не имеет значения,,,https://tambovskaya-oblast-stroitel.superjob.ru/vakansii/pekar-51766365.html,47500.0
51869782,Инженер-сметчик,110000,150000,rub,"['Строительство, проектирование, недвижимость']",['Сметное дело'],Москва,[],[],[],"г Москва, пер Живарев, д 8 стр 3",3797376,менее 50,337.0,JOBCART.RU,От 1 года,Полный рабочий день,Не имеет значения,55.776588,37.643505,https://www.superjob.ru/vakansii/inzhener-smetchik-51869782.html,130000.0
44708692,Электромонтер по эксплуатации распределительных сетей 4-5 разряд,79050,101750,rub,"['Строительство, проектирование, недвижимость', 'Промышленность, производство', 'Рабочий персонал']","['Эксплуатация зданий', 'Электроснабжение', 'Энергетика', 'Рабочий персонал, разное', 'Квалифицированный рабочий']",Бронницы,[],[],[],"Московская область, Бронницы",335586,более 5000,40.0,«Оборонэнерго»,От 1 года,Полный рабочий день,Среднее специальное,55.425652,38.264244,https://bronnitsi.superjob.ru/vakansii/elektromonter-po-ekspluatacii-raspredelitelnyh-setej-4-5-razryad-44708692.html,90400.0
50393515,Электрик / Электромонтер,90000,90000,rub,"['Административная работа, секретариат, АХО', 'Строительство, проектирование, недвижимость', 'Рабочий персонал']","['АХО', 'Эксплуатация зданий', 'Электроснабжение', 'Рабочий персонал, разное', 'Квалифицированный рабочий']",Москва,"['Профсоюзная', 'Тульская', 'Нагорная']","['Калужско-Рижская', 'Серпуховско-Тимирязевская', 'Серпуховско-Тимирязевская']","['orange', 'gray', 'gray']","Москва, Нагорная улица, 4А",71817,100 — 500,21.0,ЭКО центр,От 3 лет,Полный рабочий день,Не имеет значения,55.682301,37.609325,https://www.superjob.ru/vakansii/elektrik-50393515.html,90000.0
50683364,Мастер бригады по ремонту наружного освещения,92000,138000,rub,"['Строительство, проектирование, недвижимость', 'Рабочий персонал']","['Электроснабжение', 'Слаботочные системы и сети', 'Рабочий персонал, разное', 'Квалифицированный рабочий']",Москва,"['Отрадное', 'Владыкино']","['Серпуховско-Тимирязевская', 'МЦК']","['gray', 'lightpink']","Москва, Отрадная улица, 2Бс6",4019802,более 5000,44.0,Объединенная энергетическая компания,От 1 года,Сменный график работы,Среднее специальное,55.856564,37.599506,https://www.superjob.ru/vakansii/master-brigady-po-remontu-naruzhnogo-osvescheniya-50683364.html,115000.0
50805870,Инженер-конструктор,58498,85000,rub,"['Строительство, проектирование, недвижимость', 'Промышленность, производство']","['Конструирование', 'Авиационная промышленность', 'Машиностроение, станкостроение', 'Промышленное оборудование', 'Энергомашиностроение']",Заречный (Пензенская область),[],[],[],"Пензенская область, Заречный",4912961,1000 — 5000,21.0,"ПО ""Старт""",Без опыта,Полный рабочий день,Высшее,53.196087,45.169071,https://zarechniy.superjob.ru/vakansii/inzhener-konstruktor-50805870.html,71749.0
50888508,Слесарь-сантехник,77000,78000,rub,"['Строительство, проектирование, недвижимость', 'Рабочий персонал']","['Водоснабжение, канализация', 'Рабочий персонал, разное', 'Квалифицированный рабочий']",Якутск,[],[],[],"Республика Саха (Якутия), Якутск, улица Чернышевского, 6",3514049,менее 50,5.0,«АДК»,От 3 лет,Сменный график работы,Не имеет значения,62.027122,129.746475,https://yakutsk.superjob.ru/vakansii/slesar-santehnik-50888508.html,77500.0
51239858,Инженер-геодезист ((Усть-Луга)),140000,140000,rub,"['Строительство, проектирование, недвижимость']","['Геодезия, картография, землеустроительство']",Усть-Луга,[],[],[],"Ленинградская область, Кингисеппский район, посёлок Усть-Луга",4862987,более 5000,2.0,Международный EPC-проект Генеральный подрядчик,От 1 года,Полный рабочий день,Не имеет значения,59.657677,28.26664,https://spb.superjob.ru/vakansii/inzhener-geodezist-51239858.html,140000.0
51615154,Электромонтер 5 разряда,150000,150000,rub,"['Строительство, проектирование, недвижимость', 'Рабочий персонал']","['Электроснабжение', 'Квалифицированный рабочий']",Саяногорск,[],[],[],,5033,более 5000,25.0,АЙЭФСИЭМ ГРУПП,От 1 года,Работа вахтовым методом,Не имеет значения,,,https://sayanogorsk.superjob.ru/vakansii/elektromonter-5-razryada-51615154.html,150000.0
51707581,Дорожный рабочий,60000,80000,rub,"['Рабочий персонал', 'Строительство, проектирование, недвижимость']","['Рабочий персонал, разное', 'Транспортные системы (мосты, дороги, тоннели)']",Кисляковская,[],[],[],"посёлок Кисляковка, Восточная улица, 7",2466656,более 5000,3173.0,Российские железные дороги,Без опыта,Полный рабочий день,Не имеет значения,,,https://krasnodar.superjob.ru/vakansii/dorozhnyj-rabochij-51707581.html,70000.0
51755355,Начальник отделения почтовой связи,31157,34430,rub,"['Строительство, проектирование, недвижимость', 'Топ-персонал']","['Управление недвижимостью', 'Государственная служба, некоммерческие организации']",Пригородный (Оренбургская область),[],[],[],"Оренбургский район, посёлок Пригородный, Центральная улица",14215,более 5000,1380.0,Почта России,От 1 года,Полный рабочий день,Не имеет значения,51.76297,55.268948,https://www.superjob.ru/vakansii/nachalnik-otdeleniya-pochtovoj-svyazi-51755355.html,32793.5
51782675,Работник торгового зала в Гипермаркет Магнит,42200,58600,rub,"['Строительство, проектирование, недвижимость']","['Подводно-технические работы', 'Сметное дело']",Краснодар,[],[],[],"Краснодар, им. Александра Покрышкина, 3",280168,более 5000,18164.0,"Магнит, Розничная сеть",Не имеет значения,Сменный график работы,Не имеет значения,45.107685,38.949261,https://krasnodar.superjob.ru/vakansii/rabotnik-torgovogo-zala-v-gipermarket-magnit-51782675.html,50400.0
51799215,"Электрогазосварщик, г. Саратов вахта 30/30",180000,200000,rub,"['Строительство, проектирование, недвижимость', 'Рабочий персонал']","['Благоустройство территорий', 'Строительно-монтажные работы', 'Квалифицированный рабочий']",Саратов,[],[],[],,3925670,1000 — 5000,14.0,Бамтоннельстрой-Мост,От 1 года,Полный рабочий день,Не имеет значения,,,https://saratov.superjob.ru/vakansii/elektrogazosvarschik-51799215.html,190000.0
51833925,Распределитель работ (Египет),100000,100000,rub,"['Строительство, проектирование, недвижимость', 'Промышленность, производство']","['Управление строительством, девелопмент', 'Атомная энергетика']",Краснодар,[],[],[],,970633,более 5000,2342.0,Трест Росспецэнергомонтаж,От 1 года,Полный рабочий день,Не имеет значения,,,https://krasnodar.superjob.ru/vakansii/raspredelitel-rabot-51833925.html,100000.0
51849896,Электромонтажник КИПиА,150000,175000,rub,"['Строительство, проектирование, недвижимость', 'Рабочий персонал']","['Электроснабжение', 'Квалифицированный рабочий']",Красноярск,[],[],[],,509989,1000 — 5000,127.0,Ленгазспецстрой,От 1 года,Полный рабочий день,Не имеет значения,,,https://krasnoyarsk.superjob.ru/vakansii/elektromontazhnik-kipia-51849896.html,162500.0
51854629,Каменщик (вахта),167000,167000,rub,"['Строительство, проектирование, недвижимость', 'Рабочий персонал']","['Строительно-монтажные работы', 'Рабочий персонал, разное']",Владивосток,[],[],[],,3856938,менее 50,1832.0,"Барс Пром/ООО ""БАРС ПРОМ""",От 1 года,Полный рабочий день,Не имеет значения,,,https://vladivostok.superjob.ru/vakansii/kamenschik-51854629.html,167000.0
51870354,Слесарь-сантехник,120000,136000,rub,"['Строительство, проектирование, недвижимость', 'Рабочий персонал']","['Водоснабжение, канализация', 'Рабочий персонал, разное', 'Квалифицированный рабочий']",Москва,['Пролетарская'],['Таганско-Краснопресненская'],['violet'],,406175,более 5000,112.0,PRIDEX Group,От 1 года,Полный рабочий день,Не имеет значения,,,https://www.superjob.ru/vakansii/slesar-santehnik-51870354.html,128000.0
50277393,Слесарь по ремонту КИПиА,84000,84000,rub,"['Услуги, ремонт, сервисное обслуживание', 'Рабочий персонал']","['Промышленное оборудование', 'Рабочий персонал, разное', 'Квалифицированный рабочий']",Одинцово,[],[],[],"посёлок Внуково, Заводское шоссе, 19А",2720788,1000 — 5000,47.0,Международный аэропорт Внуково,От 1 года,Полный рабочий день,Не имеет значения,55.604713,37.252724,https://odintsovo.superjob.ru/vakansii/slesar-po-remontu-kipia-50277393.html,84000.0
50359548,Уборщик/Уборщица,75000,100000,rub,"['Услуги, ремонт, сервисное обслуживание', 'Рабочий персонал']","['Клининг', 'Рабочий персонал, разное']",Москва,['Домодедовская'],['Замоскворецкая'],['green'],"городской округ Домодедово, аэропорт Домодедово имени М.В. Ломоносова, 8",4016438,более 5000,44.0,Московский аэропорт Домодедово,Без опыта,Сменный график работы,Среднее,55.418175,37.889797,https://www.superjob.ru/vakansii/uborschik-50359548.html,87500.0
27517905,Сервисный инженер (механик) по холодильному оборудованию,120000,150000,rub,"['Услуги, ремонт, сервисное обслуживание']","['Торговое, складское, холодильное оборудование']",Москва,[],[],[],,1994470,50 — 100,2.0,Рефбилдинг групп,От 3 лет,Полный рабочий день,Среднее специальное,,,https://www.superjob.ru/vakansii/servisnyj-inzhener-27517905.html,135000.0
38895328,Уборщик служебных помещений,35000,45000,rub,"['Услуги, ремонт, сервисное обслуживание']",['Клининг'],Санкт-Петербург,['Комендантский проспект'],['Фрунзенско-Приморская'],['violet'],"Санкт-Петербург, Шуваловский проспект, 37к2",136004,50 — 100,4.0,ГБОУ школа № 154 Приморского района Санкт-Петербурга,Без опыта,Полный рабочий день,Не имеет значения,60.032116,30.244909,https://spb.superjob.ru/vakansii/uborschik-sluzhebnyh-pomeschenij-38895328.html,40000.0
50514685,Слесарь-ремонтник (5 разряд),75000,80000,rub,"['Услуги, ремонт, сервисное обслуживание', 'Рабочий персонал']","['Промышленное оборудование', 'Рабочий персонал, разное', 'Квалифицированный рабочий']",Видное,[],[],[],"Московская область, Ленинский городской округ, Видное, Южная промзона, вл17",2631007,более 5000,37.0,ЦЕМРОС,От 1 года,Сменный график работы,Среднее специальное,55.538509,37.761086,https://vidnoe.superjob.ru/vakansii/slesar-remontnik-50514685.html,77500.0
50088692,Автослесарь,70000,70000,rub,"['Услуги, ремонт, сервисное обслуживание']",['Автосервис'],Красногорск,[],[],[],"Московская область, Красногорск, Международная улица, 6",3551066,более 5000,43.0,Твой Дом,От 1 года,Полный рабочий день,Не имеет значения,55.817226,37.387684,https://krasnogorsk.superjob.ru/vakansii/avtoslesar-50088692.html,70000.0
51782725,Товаровед-оценщик,60000,100000,rub,"['Услуги, ремонт, сервисное обслуживание', 'Продажи']","['Другое', 'Ювелирные изделия', 'Другое']",Москва,"['Филёвский парк', 'Пионерская', 'Славянский бульвар']","['Филёвская', 'Филёвская', 'МЦД1']","['blue', 'blue', 'darkorange']","Москва, Малая Филёвская улица, д. 22",4353589,менее 50,340.0,Jobers,От 1 года,Сменный график работы,Не имеет значения,55.73666,37.465973,https://www.superjob.ru/vakansii/tovaroved-ocenschik-51782725.html,80000.0
51782850,Грузчик-котломойщик,88000,88000,rub,"['Транспорт, логистика, ВЭД', 'Услуги, ремонт, сервисное обслуживание', 'Рабочий персонал']","['Складское хозяйство', 'Клининг', 'Рабочий персонал, разное']",Москва,[],[],[],,72326,1000 — 5000,106.0,Образовательный холдинг СИНЕРГИЯ,От 1 года,Полный рабочий день,Не имеет значения,,,https://www.superjob.ru/vakansii/gruzchik-kotlomojschik-51782850.html,88000.0
51848111,Специалист по модульному ремонту техники (ТЦ Красный Кит),97000,120000,rub,"['Услуги, ремонт, сервисное обслуживание']","['Телекоммуникационное оборудование и сети', 'Компьютеры и оргтехника']",Мытищи,[],[],[],"Мытищи, Шараповский проезд, вл2",100593,более 5000,1143.0,"Группа ""М. Видео-Эльдорадо""",От 1 года,Сменный график работы,Не имеет значения,55.916679,37.759266,https://mytischi.superjob.ru/vakansii/specialist-po-modulnomu-remontu-tehniki-51848111.html,108500.0
51850431,Уборщик/Уборщица в ресторан,86000,129000,rub,"['Услуги, ремонт, сервисное обслуживание']",['Клининг'],Москва,['Технопарк'],['Замоскворецкая'],['green'],,174527,1000 — 5000,0.0,Теремок - Инвест,Без опыта,Полный рабочий день,Не имеет значения,,,https://www.superjob.ru/vakansii/uborschik-51850431.html,107500.0
51865968,Приемщик в Гипермаркет Магнит,30000,41600,rub,"['Транспорт, логистика, ВЭД', 'Услуги, ремонт, сервисное обслуживание']","['Складское хозяйство', 'Автосервис']",Кропоткин,[],[],[],"Кропоткин, Казанский, 14",280168,более 5000,18164.0,"Магнит, Розничная сеть",Не имеет значения,Сменный график работы,Не имеет значения,45.432137,40.537807,https://kropotkin.superjob.ru/vakansii/priemschik-v-gipermarket-magnit-51865968.html,35800.0
51869653,Уборщица общих помещений бизнес-центра,65000,65000,rub,"['Услуги, ремонт, сервисное обслуживание']",['Клининг'],Москва,[],[],[],"Москва, улица Докукина, 16с1",306126,менее 50,0.0,Офис Лайн,От 1 года,Полный рабочий день,Не имеет значения,55.841171,37.650433,https://www.superjob.ru/vakansii/uborschica-obschih-pomeschenij-biznes-centra-51869653.html,65000.0
51689045,"Администратор магазина (Волгодонск, Ленина, 8)",54506,70900,rub,"['Маркетинг, реклама, PR', 'Услуги, ремонт, сервисное обслуживание', 'Продажи']","['Мерчандайзинг', 'Клининг', 'Логистика']",Волгодонск,[],[],[],,2635306,более 5000,45940.0,Пятёрочка,От 1 года,Полный рабочий день,Не имеет значения,,,https://volgodonsk.superjob.ru/vakansii/administrator-magazina-51689045.html,62703.0
51766274,Слесарь-ремонтник,59000,59000,rub,"['Услуги, ремонт, сервисное обслуживание', 'Рабочий персонал']","['Промышленное оборудование', 'Рабочий персонал, разное', 'Квалифицированный рабочий']",Рязань,[],[],[],"Рязань, Вокзальная улица, 28",2466656,более 5000,3173.0,Российские железные дороги,Без опыта,Полный рабочий день,Среднее,54.633331,39.710892,https://ryazan.superjob.ru/vakansii/slesar-remontnik-51766274.html,59000.0
51834783,Ведущий инженер по обслуживанию компьютерной техники,80000,100000,rub,"['Услуги, ремонт, сервисное обслуживание']",['Компьютеры и оргтехника'],Москва,['Кузьминки'],['Таганско-Краснопресненская'],['violet'],"Москва, Волгоградский проспект, 121",3278398,100 — 500,1.0,МГТ,От 3 лет,Полный рабочий день,Не имеет значения,55.708076,37.767117,https://www.superjob.ru/vakansii/veduschij-inzhener-po-obsluzhivaniyu-kompyuternoj-tehniki-51834783.html,90000.0
49421310,Сервисный инженер / Техник по ремонту кофейного оборудования,60000,90000,rub,"['Услуги, ремонт, сервисное обслуживание']","['Оборудование для индустрии развлечения и спортивного инвентаря', 'Телекоммуникационное оборудование и сети', 'Промышленное оборудование', 'Торговое, складское, холодильное оборудование']",Владимир,[],[],[],,2114041,50 — 100,4.0,Сервис Про Бизнес,Без опыта,Полный рабочий день,Среднее специальное,,,https://vladimir.superjob.ru/vakansii/servisnyj-inzhener-49421310.html,75000.0
40412313,Электромонтер по ремонту и обслуживанию электрооборудования,83000,100000,rub,"['Услуги, ремонт, сервисное обслуживание', 'Рабочий персонал']","['Промышленное оборудование', 'Квалифицированный рабочий']",Балахна,[],[],[],"Нижегородская область, Балахна, улица Горького, 1",4126093,менее 50,21.0,Волга,От 1 года,Полный рабочий день,Не имеет значения,56.529327,43.560287,https://balahna.superjob.ru/vakansii/elektromonter-po-remontu-i-obsluzhivaniyu-elektrooborudovaniya-40412313.html,91500.0
50809454,Слесарь-ремонтник,47510,80000,rub,"['Услуги, ремонт, сервисное обслуживание', 'Рабочий персонал']","['Промышленное оборудование', 'Рабочий персонал, разное', 'Квалифицированный рабочий']",Заречный (Пензенская область),[],[],[],"Пензенская область, Заречный",4912961,1000 — 5000,21.0,"ПО ""Старт""",Без опыта,Полный рабочий день,Не имеет значения,53.196087,45.169071,https://zarechniy.superjob.ru/vakansii/slesar-remontnik-50809454.html,63755.0
51735014,Дневной мойщик посуды (м. Пятницкое шоссе),63000,65000,rub,"['Туризм, гостиницы, общественное питание', 'Услуги, ремонт, сервисное обслуживание', 'Рабочий персонал']","['Рестораны, кафе, столовые, фастфуд', 'Клининг', 'Рабочий персонал, разное']",Москва,[],[],[],"Московская область, городской округ Красногорск, посёлок городского типа Отрадное, вл2с1",249006,более 5000,928.0,"Группа Компаний ""Медси""/АО ""ГРУППА КОМПАНИЙ ""МЕДСИ""",Без опыта,Полный рабочий день,Не имеет значения,55.873329,37.32457,https://www.superjob.ru/vakansii/dnevnoj-mojschik-posudy-51735014.html,64000.0
51835464,Приемщик в Гипермаркет Магнит,40500,54000,rub,"['Транспорт, логистика, ВЭД', 'Услуги, ремонт, сервисное обслуживание']","['Складское хозяйство', 'Автосервис']",Армавир (Краснодарский край),[],[],[],"Армавир, Энгельса, 57/2",280168,более 5000,18164.0,"Магнит, Розничная сеть",Не имеет значения,Сменный график работы,Не имеет значения,44.999275,41.119617,https://armavir.superjob.ru/vakansii/priemschik-v-gipermarket-magnit-51835464.html,47250.0
51737660,Уборщик служебных помещений,60000,90000,rub,"['Услуги, ремонт, сервисное обслуживание']",['Клининг'],Москва,"['Юго-Западная', 'Беляево', 'Тропарёво', 'Новаторская', 'Университет Дружбы Народов']","['Сокольническая', 'Калужско-Рижская', 'Сокольническая', 'Троицкая', 'Троицкая']","['red', 'orange', 'red', 'darkspringgreen', 'darkspringgreen']","Москва, улица Саморы Машела, 1",4821130,1000 — 5000,11.0,«НМИЦ ДГОИ им. Дмитрия Рогачева» Минздрава России,Без опыта,Полный рабочий день,Не имеет значения,55.653061,37.493156,https://www.superjob.ru/vakansii/uborschik-sluzhebnyh-pomeschenij-51737660.html,75000.0
51766215,Наладчик железнодорожно-строительных машин и механизмов,75000,75000,rub,"['Промышленность, производство', 'Услуги, ремонт, сервисное обслуживание', 'Рабочий персонал']","['Промышленное оборудование', 'Промышленное оборудование', 'Квалифицированный рабочий']",Рязань,[],[],[],"Рязань, Вокзальная улица, 28",2466656,более 5000,3173.0,Российские железные дороги,Без опыта,Полный рабочий день,Среднее специальное,54.633331,39.710892,https://ryazan.superjob.ru/vakansii/naladchik-zheleznodorozhno-stroitelnyh-mashin-i-mehanizmov-51766215.html,75000.0
43582027,"Механик-моторист по ремонту грузовых автомобилей (Газон, Газель, Хино, Исудзу)",120000,160000,rub,"['Услуги, ремонт, сервисное обслуживание', 'Рабочий персонал']","['Автосервис', 'Квалифицированный рабочий']",Долгопрудный,[],[],[],"Московская область, Долгопрудный",4346771,менее 50,2.0,Центрефтранс,От 3 лет,Полный рабочий день,Не имеет значения,55.933304,37.514229,https://dolgoprudniy.superjob.ru/vakansii/mehanik-motorist-po-remontu-gruzovyh-avtomobilej-43582027.html,140000.0
50303321,Разнорабочий на склад,167062,222750,rub,"['Услуги, ремонт, сервисное обслуживание', 'Службы доставки']","['Клининг', 'Пункты выдачи заказов']",Сургут,[],[],[],,166099,100 — 500,239.0,ГК АКМЭ,Без опыта,Работа вахтовым методом,Не имеет значения,,,https://surgut.superjob.ru/vakansii/raznorabochij-na-sklad-50303321.html,194906.0
45087043,Слесарь-ремонтник,62000,104000,rub,"['Услуги, ремонт, сервисное обслуживание', 'Рабочий персонал']","['Промышленное оборудование', 'Рабочий персонал, разное', 'Квалифицированный рабочий']",Балахна,[],[],[],"Нижегородская область, Балахна, улица Горького, 1",4126093,менее 50,21.0,Волга,Без опыта,Полный рабочий день,Не имеет значения,56.529327,43.560287,https://balahna.superjob.ru/vakansii/slesar-remontnik-45087043.html,83000.0
50937992,Санитарка,43000,71000,rub,"['Административная работа, секретариат, АХО', 'Медицина, фармацевтика, ветеринария', 'Услуги, ремонт, сервисное обслуживание']","['Архивное дело', 'Средний и младший медицинский персонал', 'Клининг']",Красногорск,[],[],[],,4304113,менее 50,8.0,"МЧУЖЗ ""БЕЛАЯ РОЗА""",Без опыта,Полный рабочий день,Не имеет значения,,,https://krasnogorsk.superjob.ru/vakansii/sanitarka-50937992.html,57000.0
51181140,"Горничная на вахту на север (ЯНАО, ХМАО, Чукотка, Таймыр)",109000,142500,rub,"['Услуги, ремонт, сервисное обслуживание', 'Домашний персонал']","['Клининг', 'Уборка и помощь по дому']",Пермь,[],[],[],,4744563,1000 — 5000,4189.0,АКС,Без опыта,Работа вахтовым методом,Не имеет значения,,,https://perm.superjob.ru/vakansii/gornichnaya-na-vahtu-na-sever-51181140.html,125750.0
51780945,Приемщик в Гипермаркет Магнит,43000,63000,rub,"['Транспорт, логистика, ВЭД', 'Услуги, ремонт, сервисное обслуживание']","['Складское хозяйство', 'Автосервис']",Новороссийск,[],[],[],"Новороссийск, Ленина, 48",280168,более 5000,18164.0,"Магнит, Розничная сеть",Не имеет значения,Сменный график работы,Не имеет значения,44.692001,37.789295,https://novorossiysk.superjob.ru/vakansii/priemschik-v-gipermarket-magnit-51780945.html,53000.0
51834471,Мастер по ремонту и обслуживанию электрооборудования (сервисный инженер),70000,120000,rub,"['Услуги, ремонт, сервисное обслуживание']",['Промышленное оборудование'],Ижевск,[],[],[],"Ижевск, Ленина, д. 146",4353589,менее 50,340.0,Jobers,Без опыта,Полный рабочий день,Учащийся школы,56.84322,53.29195,https://izhevsk.superjob.ru/vakansii/master-po-remontu-i-obsluzhivaniyu-elektrooborudovaniya-51834471.html,95000.0
51852573,Санитарка-уборщица,90000,112500,rub,"['Медицина, фармацевтика, ветеринария', 'Услуги, ремонт, сервисное обслуживание', 'Рабочий персонал']","['Другое', 'Клининг', 'Рабочий персонал, разное']",Москва,[],[],[],"Москва, Казанский вокзал",3057449,500 — 1000,6.0,"Сеть пансионатов ""Теплые беседы""",От 1 года,Работа вахтовым методом,Не имеет значения,55.773449,37.655331,https://www.superjob.ru/vakansii/sanitarka-uborschica-51852573.html,101250.0
51870252,Техник (Механик) по обслуживанию и ремонту оборудования,85000,100000,rub,"['Услуги, ремонт, сервисное обслуживание', 'Рабочий персонал']","['Оборудование для индустрии развлечения и спортивного инвентаря', 'Телекоммуникационное оборудование и сети', 'Промышленное оборудование', 'Торговое, складское, холодильное оборудование', 'Квалифицированный рабочий']",Одинцово,[],[],[],"Московская область, Одинцово, Молодёжная улица, 25",4447029,менее 50,1.0,НОДАЛ,От 1 года,Полный рабочий день,Не имеет значения,55.679111,37.273075,https://odintsovo.superjob.ru/vakansii/tehnik-51870252.html,92500.0
51679815,Уборщик территории,40000,50000,rub,"['Услуги, ремонт, сервисное обслуживание', 'Рабочий персонал']","['Клининг', 'Рабочий персонал, разное']",Мытищи,[],[],[],"Московская область, городской округ Мытищи, посёлок Поведники, Санаторная улица",4928804,менее 50,2.0,Клязьма,Без опыта,Полный рабочий день,Не имеет значения,55.979504,37.605049,https://mytischi.superjob.ru/vakansii/uborschik-territorii-51679815.html,45000.0
51850193,Уборщик в лабораторию,40000,50000,rub,"['Услуги, ремонт, сервисное обслуживание']",['Клининг'],Москва,"['Октябрьская', 'Шаболовская']","['Калужско-Рижская', 'Калужско-Рижская']","['orange', 'orange']","Москва, Ленинский проспект, 10к13",4958400,1000 — 5000,4.0,ГКБ № 1 им. Н. И. Пирогова,Без опыта,Полный рабочий день,Не имеет значения,,,https://www.superjob.ru/vakansii/uborschik-v-laboratoriyu-51850193.html,45000.0
49199079,Дворник,60000,60000,rub,"['Услуги, ремонт, сервисное обслуживание', 'Рабочий персонал']","['Клининг', 'Рабочий персонал, разное']",Москва,[],[],[],"Москва, Балаклавский проспект, вл28",824148,1000 — 5000,2.0,"ФЕДЕРАЛЬНОЕ БЮДЖЕТНОЕ УЧРЕЖДЕНИЕ ""НАУЧНО-ИССЛЕДОВАТЕЛЬСКИЙ ЦЕНТР ПРИКЛАДНОЙ МЕТРОЛОГИИ-РОСТЕСТ""",Без опыта,Полный рабочий день,Не имеет значения,55.644093,37.586384,https://www.superjob.ru/vakansii/dvornik-49199079.html,60000.0
25484617,Санитарка-уборщица,60000,65000,rub,"['Медицина, фармацевтика, ветеринария', 'Услуги, ремонт, сервисное обслуживание', 'Рабочий персонал']","['Средний и младший медицинский персонал', 'Клининг', 'Рабочий персонал, разное']",Москва,"['Жулебино', 'Котельники']","['Таганско-Краснопресненская', 'Таганско-Краснопресненская']","['violet', 'violet']","Московская область, Люберцы, микрорайон Городок Б, улица 3-е Почтовое Отделение, 102",802560,50 — 100,48.0,"Многопрофильная Медицинская Клиника ""ЕВРОМЕДКЛИНИК 24""",Без опыта,Сменный график работы,Не имеет значения,55.681599,37.865219,https://www.superjob.ru/vakansii/sanitarka-uborschica-25484617.html,62500.0
50723619,Мастер бригады по ремонту наружного освещения,92000,138000,rub,"['Услуги, ремонт, сервисное обслуживание', 'Рабочий персонал']","['Промышленное оборудование', 'Рабочий персонал, разное', 'Квалифицированный рабочий']",Троицк,[],[],[],"Москва, Троицкий административный округ, Краснопахорский район, деревня Красная Пахра, 127",4019802,более 5000,44.0,Объединенная энергетическая компания,От 1 года,Сменный график работы,Среднее специальное,55.447239,37.287891,https://troitsk.superjob.ru/vakansii/master-brigady-po-remontu-naruzhnogo-osvescheniya-50723619.html,115000.0
51181139,"Горничная на вахту на север (ЯНАО, ХМАО, Чукотка, Таймыр)",109000,142500,rub,"['Туризм, гостиницы, общественное питание', 'Услуги, ремонт, сервисное обслуживание']","['Гостиницы, отели, кемпинги, мотели', 'Клининг']",Самара,[],[],[],,4744563,1000 — 5000,4189.0,АКС,Без опыта,Работа вахтовым методом,Не имеет значения,,,https://samara.superjob.ru/vakansii/gornichnaya-na-vahtu-na-sever-51181139.html,125750.0
51713441,Уборщик производственных и служебных помещений,50000,50000,rub,"['Услуги, ремонт, сервисное обслуживание', 'Рабочий персонал']","['Клининг', 'Рабочий персонал, разное']",Москва,['Калужская'],['Калужско-Рижская'],['orange'],"Москва, Профсоюзная улица, 86с1",4745650,менее 50,5.0,ФГБУ Российский научный центр рентгенорадиологии Минздрава РФ,Без опыта,Полный рабочий день,Не имеет значения,55.652782,37.53368,https://www.superjob.ru/vakansii/uborschik-proizvodstvennyh-i-sluzhebnyh-pomeschenij-51713441.html,50000.0
51782770,Мастер по модульному ремонту цифровой техники (ТЦ Мега Белая Дача),97000,120000,rub,"['Услуги, ремонт, сервисное обслуживание']","['Автосервис', 'Телекоммуникационное оборудование и сети', 'Медицинская техника', 'Бытовая техника', 'Компьютеры и оргтехника']",Москва,"['Жулебино', 'Котельники', 'Ухтомская']","['Таганско-Краснопресненская', 'Таганско-Краснопресненская', 'МЦД3']","['violet', 'violet', 'orangered']","Московская область, Котельники, 1-й Покровский проезд, 1",100593,более 5000,1143.0,"Группа ""М. Видео-Эльдорадо""",От 1 года,Полный рабочий день,Не имеет значения,55.65826,37.845097,https://www.superjob.ru/vakansii/master-po-modulnomu-remontu-cifrovoj-tehniki-51782770.html,108500.0
51789978,Электромонтер по ремонту и обслуживанию электрооборудования,40000,50000,rub,"['Услуги, ремонт, сервисное обслуживание']","['Телекоммуникационное оборудование и сети', 'Промышленное оборудование']",Москва,[],[],[],"Московская область, Химки, микрорайон Новогорск, Ивановская улица, 15А",4803612,менее 50,0.0,ФГБУ ФКЦ ВМТ ФМБА РОССИИ,От 1 года,Полный рабочий день,Не имеет значения,55.905106,37.336212,https://www.superjob.ru/vakansii/elektromonter-po-remontu-i-obsluzhivaniyu-elektrooborudovaniya-51789978.html,45000.0
51845649,Уборщик служебных помещений,50000,60000,rub,"['Услуги, ремонт, сервисное обслуживание']",['Клининг'],Москва,['Кожуховская'],['Люблинско-Дмитровская'],['lime'],"Москва, 2-й Южнопортовый проезд, 25к1",341216,50 — 100,1.0,Детская городская поликлиника № 61,Без опыта,Полный рабочий день,Не имеет значения,55.702675,37.687508,https://www.superjob.ru/vakansii/uborschik-sluzhebnyh-pomeschenij-51845649.html,55000.0
51850170,Уборщик служебных помещений (работа на теплоходе),60722,60722,rub,"['Услуги, ремонт, сервисное обслуживание']",['Клининг'],Ханты-Мансийск,[],[],[],"Ханты-Мансийск, улица Гагарина 3",2005167,500 — 1000,18.0,"ХМАО-Югры ""Центр профессиональной патологии""",Без опыта,Полный рабочий день,Не имеет значения,,,https://khanty-mansiisk.superjob.ru/vakansii/uborschik-sluzhebnyh-pomeschenij-51850170.html,60722.0
51867540,Начальник автоколонны,80500,86000,rub,"['Транспорт, логистика, ВЭД', 'Услуги, ремонт, сервисное обслуживание', 'Топ-персонал']","['Автоперевозки', 'Автосервис', 'Транспорт, логистика, ВЭД']",Пермь,[],[],[],"Пермь, Пихтовая улица, 47",14215,более 5000,1380.0,Почта России,От 1 года,Полный рабочий день,Не имеет значения,57.973412,56.285301,https://perm.superjob.ru/vakansii/nachalnik-avtokolonny-51867540.html,83250.0
51656266,"Гладильщица / Гладильщик (Московская область, Чеховский район)",45000,45000,rub,"['Услуги, ремонт, сервисное обслуживание', 'Рабочий персонал']","['Ателье', 'Рабочий персонал, разное']",Чехов,[],[],[],деревня Гришенки,4821130,1000 — 5000,11.0,«НМИЦ ДГОИ им. Дмитрия Рогачева» Минздрава России,Без опыта,Полный рабочий день,Не имеет значения,55.096684,37.430695,https://chehov.superjob.ru/vakansii/gladilschica-51656266.html,45000.0
51707569,Техник,43000,47620,rub,"['Промышленность, производство', 'Услуги, ремонт, сервисное обслуживание', 'Рабочий персонал']","['Промышленное оборудование', 'Промышленное оборудование', 'Квалифицированный рабочий']",Краснодар,[],[],[],"Краснодар, Привокзальная площадь, 1",2466656,более 5000,3173.0,Российские железные дороги,Без опыта,Полный рабочий день,Не имеет значения,45.018581,38.98877,https://krasnodar.superjob.ru/vakansii/tehnik-51707569.html,45310.0
51869798,Автослесарь / автомеханик,140000,200000,rub,"['Промышленность, производство', 'Услуги, ремонт, сервисное обслуживание', 'Рабочий персонал']","['Автомобильная промышленность', 'Автосервис', 'Квалифицированный рабочий']",Раменское,[],[],[],"Московская обл, г Раменское, деревня Дергаево, ул Центральная, стр 176",3797376,менее 50,337.0,JOBCART.RU,От 1 года,Полный рабочий день,Не имеет значения,55.577835,38.26955,https://ramenskoe.superjob.ru/vakansii/avtoslesar-51869798.html,170000.0
29649847,Кухонный рабочий,60000,70000,rub,"['Услуги, ремонт, сервисное обслуживание', 'Рабочий персонал']","['Клининг', 'Рабочий персонал, разное']",Москва,['Коньково'],['Калужско-Рижская'],['orange'],"Москва, улица Академика Капицы, 11",951984,100 — 500,10.0,Детский санаторий №15,Без опыта,Полный рабочий день,Среднее,55.62495,37.524319,https://www.superjob.ru/vakansii/kuhonnyj-rabochij-29649847.html,65000.0
44575956,Слесарь по ремонту автомобильных турбин,100000,100000,rub,"['Услуги, ремонт, сервисное обслуживание', 'Рабочий персонал']","['Промышленное оборудование', 'Рабочий персонал, разное', 'Квалифицированный рабочий']",Москва,[],[],[],"Москва, Краснобогатырская улица, 2с26",3446838,менее 50,1.0,Шериф 24,От 1 года,Полный рабочий день,Не имеет значения,55.814262,37.688358,https://www.superjob.ru/vakansii/slesar-po-remontu-avtomobilnyh-turbin-44575956.html,100000.0
48359752,Слесарь-ремонтник,55000,65000,rub,"['Промышленность, производство', 'Услуги, ремонт, сервисное обслуживание', 'Рабочий персонал']","['Металлургия', 'Производство металлических изделий и заготовок', 'Промышленное оборудование', 'Рабочий персонал, разное', 'Квалифицированный рабочий']",Ижевск,[],[],[],"Удмуртская Республика, Ижевск, улица Новоажимова, 6",173974,более 5000,67.0,Мечел,Без опыта,Сменный график работы,Среднее,56.836498,53.195911,https://izhevsk.superjob.ru/vakansii/slesar-remontnik-48359752.html,60000.0
49497491,Начальник транспортного участка,19250,20500,rub,"['Транспорт, логистика, ВЭД', 'Услуги, ремонт, сервисное обслуживание', 'Топ-персонал']","['Автоперевозки', 'Логистика', 'Автосервис', 'Транспорт, логистика, ВЭД']",Жердевка,[],[],[],"Тамбовская область, Жердевка, Первомайская улица, 122",14215,более 5000,1380.0,Почта России,От 1 года,Полный рабочий день,Не имеет значения,51.843918,41.47121,https://zherdevka.superjob.ru/vakansii/nachalnik-transportnogo-uchastka-49497491.html,19875.0
49709972,Уборщица,46000,51000,rub,"['Услуги, ремонт, сервисное обслуживание', 'Рабочий персонал']","['Клининг', 'Рабочий персонал, разное']",Люберцы,[],[],[],"Московская область, городской округ Люберцы, посёлок городского типа Томилино, улица Гоголя, 39/1",3494540,менее 50,4.0,Салина Трейд,Без опыта,Полный рабочий день,Не имеет значения,55.666374,37.947731,https://lyubertsy.superjob.ru/vakansii/uborschica-49709972.html,48500.0
50805342,Электромонтер по ремонту и обслуживанию электрооборудования,47510,80000,rub,"['Строительство, проектирование, недвижимость', 'Услуги, ремонт, сервисное обслуживание', 'Рабочий персонал']","['Электроснабжение', 'Слаботочные системы и сети', 'Телекоммуникационное оборудование и сети', 'Промышленное оборудование', 'Рабочий персонал, разное']",Заречный (Пензенская область),[],[],[],"Пензенская область, Заречный",4912961,1000 — 5000,21.0,"ПО ""Старт""",Без опыта,Полный рабочий день,Не имеет значения,53.196087,45.169071,https://zarechniy.superjob.ru/vakansii/elektromonter-po-remontu-i-obsluzhivaniyu-elektrooborudovaniya-50805342.html,63755.0
51003552,Уборщик,55000,55000,rub,"['Услуги, ремонт, сервисное обслуживание', 'Домашний персонал']","['Клининг', 'Уборка и помощь по дому']",Москва,[],[],[],"Москва, Лобненская улица, 10",2592033,1000 — 5000,22.0,"ГБУЗ ""Городская клиническая больница имени В. В. Вересаева ДЗМ""",Без опыта,Полный рабочий день,Не имеет значения,55.889771,37.532654,https://www.superjob.ru/vakansii/uborschik-51003552.html,55000.0
51181161,Горничная,120000,142500,rub,"['Туризм, гостиницы, общественное питание', 'Услуги, ремонт, сервисное обслуживание', 'Рабочий персонал']","['Гостиницы, отели, кемпинги, мотели', 'Клининг', 'Рабочий персонал, разное']",Новый Уренгой,[],[],[],,4744563,1000 — 5000,4189.0,АКС,От 1 года,Работа вахтовым методом,Не имеет значения,,,https://novyi-urengoi.superjob.ru/vakansii/gornichnaya-51181161.html,131250.0
51765280,Уборщик на фармацевтический склад,60000,60000,rub,"['Услуги, ремонт, сервисное обслуживание']",['Клининг'],Новосаратовка (Ленинградская обл.),[],[],[],"Ленинградская область, Всеволожский район, Свердловское городское поселение, деревня Новосаратовка, Рабочая улица, 6",2652897,1000 — 5000,139.0,Аптека Невис,От 1 года,Полный рабочий день,Не имеет значения,59.84713,30.526514,https://www.superjob.ru/vakansii/uborschik-na-farmacevticheskij-sklad-51765280.html,60000.0
51782765,Мастер по модульному ремонту цифровой техники (ТЦ Европолис),97000,125000,rub,"['Услуги, ремонт, сервисное обслуживание']","['Автосервис', 'Телекоммуникационное оборудование и сети', 'Медицинская техника', 'Бытовая техника', 'Компьютеры и оргтехника']",Москва,"['Свиблово', 'Ботанический сад', 'Ростокино']","['Калужско-Рижская', 'МЦК', 'МЦК']","['orange', 'lightpink', 'lightpink']","Москва, проспект Мира, 211к2",100593,более 5000,1143.0,"Группа ""М. Видео-Эльдорадо""",От 1 года,Полный рабочий день,Не имеет значения,55.845856,37.662094,https://www.superjob.ru/vakansii/master-po-modulnomu-remontu-cifrovoj-tehniki-51782765.html,111000.0
51797969,Слесарь по ремонту гидрооборудования,140000,280000,rub,"['Услуги, ремонт, сервисное обслуживание', 'Рабочий персонал']","['Промышленное оборудование', 'Рабочий персонал, разное', 'Квалифицированный рабочий']",Красноярск,[],[],[],,3925670,1000 — 5000,14.0,Бамтоннельстрой-Мост,От 3 лет,Полный рабочий день,Не имеет значения,,,https://krasnoyarsk.superjob.ru/vakansii/slesar-po-remontu-gidrooborudovaniya-51797969.html,210000.0
51833849,Слесарь по ремонту автомобилей (гидравлических систем и оборудования),185500,229000,rub,"['Промышленность, производство', 'Услуги, ремонт, сервисное обслуживание', 'Рабочий персонал']","['Автомобильная промышленность', 'Автосервис', 'Квалифицированный рабочий']",Бованенково (газовое месторождение),[],[],[],,4407559,менее 50,21.0,ГСП-6,От 1 года,Полный рабочий день,Не имеет значения,,,https://bovanenkovo.superjob.ru/vakansii/slesar-po-remontu-avtomobilej-51833849.html,207250.0
51849836,Автомаляр-кузовщик,100000,150000,rub,"['Услуги, ремонт, сервисное обслуживание']",['Автосервис'],Клин,[],[],[],"Московская область, Клин, Волоколамское шоссе, 22",4961184,менее 50,1.0,Техцентр ВилГуд г Клин,От 1 года,Полный рабочий день,Не имеет значения,56.3279,36.702145,https://klin.superjob.ru/vakansii/avtomalyar-kuzovschik-51849836.html,125000.0
51826684,Слесарь по ремонту автомобилей,70000,70000,rub,"['Промышленность, производство', 'Услуги, ремонт, сервисное обслуживание', 'Рабочий персонал']","['Автомобильная промышленность', 'Автосервис', 'Квалифицированный рабочий']",Серпухов,[],[],[],"посёлок Пролетарский, Центральная улица, 28",817813,1000 — 5000,227.0,ГБУ МО Мосавтодор,От 1 года,Полный рабочий день,Не имеет значения,55.028126,37.404312,https://serpukhov.superjob.ru/vakansii/slesar-po-remontu-avtomobilej-51826684.html,70000.0
51833813,Оператор – заправщик АЗК,60000,70000,rub,"['Услуги, ремонт, сервисное обслуживание', 'Рабочий персонал']","['Автосервис', 'Рабочий персонал, разное']",Москва,[],[],[],,1989605,100 — 500,81.0,Консул медиа,Без опыта,Полный рабочий день,Не имеет значения,,,https://www.superjob.ru/vakansii/operator-51833813.html,65000.0
43300991,Автоэлектрик-диагност,60000,85000,rub,"['Услуги, ремонт, сервисное обслуживание']",['Автосервис'],Волгоград,[],[],[],"Волгоград, проспект имени В.И. Ленина, 98Л/1",3906639,менее 50,0.0,ВПП,От 1 года,Полный рабочий день,Не имеет значения,48.748352,44.551929,https://volgograd.superjob.ru/vakansii/avtoelektrik-diagnost-43300991.html,72500.0
37803121,Слесарь-наладчик,55000,85000,rub,"['Промышленность, производство', 'Услуги, ремонт, сервисное обслуживание', 'Рабочий персонал']","['Промышленное оборудование', 'Промышленное оборудование', 'Рабочий персонал, разное', 'Квалифицированный рабочий']",Волгоград,[],[],[],"Волгоград, улица Лавренёва, 19Д",2542843,менее 50,4.0,Гидросервис,Без опыта,Полный рабочий день,Не имеет значения,48.822735,44.609917,https://volgograd.superjob.ru/vakansii/slesar-naladchik-37803121.html,70000.0
50599521,Уборщик служебных помещений,17000,20000,rub,"['Услуги, ремонт, сервисное обслуживание', 'Рабочий персонал']","['Клининг', 'Рабочий персонал, разное']",Москва,"['Савёловская', 'Марьина роща']","['МЦД4', 'МЦД4']","['mediumaquamarine', 'mediumaquamarine']","Москва, 3-й проезд Марьиной Рощи, 40с1, Сущевский Вал дом 1",4887815,более 5000,62.0,Социальный фонд России,Без опыта,Частичная занятость / Совместительство,Не имеет значения,,,https://www.superjob.ru/vakansii/uborschik-sluzhebnyh-pomeschenij-50599521.html,18500.0
50951782,Уборщик служебных помещений,45000,45000,rub,"['Услуги, ремонт, сервисное обслуживание']",['Клининг'],Москва,[],[],[],"Москва, улица Родионовская, дом 47, корпус 1,ул.Вишневая,д20К.,",2406888,500 — 1000,4.0,ГБУЗ Детская городская поликлиника №94 ДЗМ,Без опыта,Полный рабочий день,Не имеет значения,,,https://www.superjob.ru/vakansii/uborschik-sluzhebnyh-pomeschenij-50951782.html,45000.0
51133381,Дефектовщик авиационной техники,50000,65000,rub,"['Промышленность, производство', 'Услуги, ремонт, сервисное обслуживание', 'Рабочий персонал']","['Машиностроение, станкостроение', 'Промышленное оборудование', 'Автосервис', 'Промышленное оборудование', 'Квалифицированный рабочий']",Ейск,[],[],[],"Краснодарский край, Ейск, улица Шмидта, 291",572951,1000 — 5000,27.0,ОДК-СЕРВИС,От 1 года,Полный рабочий день,Не имеет значения,46.702366,38.246754,https://yeisk.superjob.ru/vakansii/defektovschik-aviacionnoj-tehniki-51133381.html,57500.0
51181162,"Горничная на вахту на север (ЯНАО, ХМАО, Чукотка, Таймыр)",109000,142500,rub,"['Услуги, ремонт, сервисное обслуживание', 'Домашний персонал']","['Клининг', 'Уборка и помощь по дому']",Нижневартовск,[],[],[],,4744563,1000 — 5000,4189.0,АКС,Без опыта,Работа вахтовым методом,Не имеет значения,,,https://nizhnevartovsk.superjob.ru/vakansii/gornichnaya-na-vahtu-na-sever-51181162.html,125750.0
51765500,Специалист по модульному ремонту техники (на Кирова),97000,120000,rub,"['Услуги, ремонт, сервисное обслуживание']","['Промышленное оборудование', 'Торговое, складское, холодильное оборудование', 'Бытовая техника', 'Компьютеры и оргтехника']",Подольск,[],[],[],"Московская область, Подольск, улица Кирова, 31",100593,более 5000,1143.0,"Группа ""М. Видео-Эльдорадо""",Без опыта,Полный рабочий день,Не имеет значения,55.424862,37.528019,https://podolsk.superjob.ru/vakansii/specialist-po-modulnomu-remontu-tehniki-51765500.html,108500.0
51845782,Слесарь по ремонту котельных и пылеприготовительных цехов,61500,61500,rub,"['Услуги, ремонт, сервисное обслуживание', 'Рабочий персонал']","['Промышленное оборудование', 'Рабочий персонал, разное', 'Квалифицированный рабочий']",Челябинск,[],[],[],"Челябинск, 2-я Павелецкая улица, 4",173974,более 5000,67.0,Мечел,От 1 года,Полный рабочий день,Не имеет значения,55.260178,61.418777,https://chelyabinsk.superjob.ru/vakansii/slesar-po-remontu-kotelnyh-i-pyleprigotovitelnyh-cehov-51845782.html,61500.0
51658054,Дежурный (техник) по обслуживанию аппаратов,2500,3000,rub,"['Услуги, ремонт, сервисное обслуживание', 'Рабочий персонал']","['Промышленное оборудование', 'Торговое, складское, холодильное оборудование', 'Рабочий персонал, разное', 'Квалифицированный рабочий']",Тамбов,[],[],[],,4946530,менее 50,0.0,Лесной источник,Без опыта,Частичная занятость / Совместительство,Не имеет значения,,,https://tambov.superjob.ru/vakansii/dezhurnyj-51658054.html,2750.0
51847055,Продавец-кассир,40000,45000,rub,"['Услуги, ремонт, сервисное обслуживание']","['Обувь', 'Оборудование для индустрии развлечения и спортивного инвентаря']",Белгород,[],[],[],"Белгород, Попова, 36",4311,более 5000,3349.0,Перекресток,Без опыта,Полный рабочий день,Не имеет значения,50.59988,36.590553,https://belgorod.superjob.ru/vakansii/prodavec-kassir-51847055.html,42500.0
48993656,Электрослесарь,140000,160000,rub,"['Строительство, проектирование, недвижимость', 'Услуги, ремонт, сервисное обслуживание']","['Электроснабжение', 'Промышленное оборудование']",Якутск,[],[],[],"Республика Саха (Якутия), муниципальный район Усть-Майский улус, посёлок городского типа Югорёнок, улица Ленина, 22",3885033,менее 50,7.0,"Рудник ""Дуэт""",От 3 лет,Полный рабочий день,Среднее специальное,59.751328,137.688049,https://yakutsk.superjob.ru/vakansii/elektroslesar-48993656.html,150000.0
48218038,Контролер технического состояния автотранспорта,25000,29000,rub,"['Услуги, ремонт, сервисное обслуживание']",['Автосервис'],Рязань,[],[],[],"Рязань, улица Военных Автомобилистов, 9",14215,более 5000,1380.0,Почта России,Без опыта,Сменный график работы,Среднее специальное,54.61842,39.681454,https://ryazan.superjob.ru/vakansii/kontroler-tehnicheskogo-sostoyaniya-avtotransporta-48218038.html,27000.0
50546351,Уборщик территории,27093,27093,rub,"['Услуги, ремонт, сервисное обслуживание', 'Рабочий персонал']","['Клининг', 'Рабочий персонал, разное']",Нижний Новгород,[],[],[],"Нижний Новгород, улица Минина, 20К",4887815,более 5000,62.0,Социальный фонд России,Без опыта,Полный рабочий день,Среднее,56.327976,44.02034,https://nn.superjob.ru/vakansii/uborschik-territorii-50546351.html,27093.0
51019574,Техник по зданию,78000,85000,rub,"['Промышленность, производство', 'Услуги, ремонт, сервисное обслуживание', 'Рабочий персонал']","['Промышленное оборудование', 'Промышленное оборудование', 'Квалифицированный рабочий']",Москва,"['Комсомольская', 'Площадь трёх вокзалов']","['Кольцевая', 'МЦД4']","['brown', 'mediumaquamarine']","Москва, Орликов переулок, 5с3",24345,1000 — 5000,8914.0,«Группа ГУТА»,От 3 лет,Полный рабочий день,Среднее специальное,55.772629,37.650871,https://www.superjob.ru/vakansii/tehnik-po-zdaniyu-51019574.html,81500.0
51022334,Водитель доставки бытовой техники,114000,140000,rub,"['Транспорт, логистика, ВЭД', 'Услуги, ремонт, сервисное обслуживание']","['Автоперевозки', 'Автосервис']",Чехов,[],[],[],"Новоселки, промышленная зона Новоселки, 11 стр 5",100593,более 5000,1143.0,"Группа ""М. Видео-Эльдорадо""",От 1 года,Сменный график работы,Не имеет значения,,,https://chehov.superjob.ru/vakansii/voditel-dostavki-bytovoj-tehniki-51022334.html,127000.0
51181163,"Горничная на вахту на север (ЯНАО, ХМАО, Чукотка, Таймыр)",109000,142500,rub,"['Услуги, ремонт, сервисное обслуживание', 'Домашний персонал']","['Клининг', 'Уборка и помощь по дому']",Томск,[],[],[],,4744563,1000 — 5000,4189.0,АКС,Без опыта,Работа вахтовым методом,Не имеет значения,,,https://tomsk.superjob.ru/vakansii/gornichnaya-na-vahtu-na-sever-51181163.html,125750.0
51781705,Уборщица / уборщик служебных помещений,27093,35000,rub,"['Услуги, ремонт, сервисное обслуживание']",['Клининг'],Великий Новгород,[],[],[],"Великий Новгород, улица Державина, 1",4923270,100 — 500,18.0,Государственное областное бюджетное учреждение здравоохранения НОВГОРОДСКИЙ ОБЛАСТНОЙ КЛИНИЧЕСКИЙ ПЕРИНАТАЛЬНЫЙ ИМЕНИ В. Ю. МИШЕКУРИНА,Без опыта,Полный рабочий день,Не имеет значения,58.548073,31.304293,https://novgorod.superjob.ru/vakansii/uborschica-51781705.html,31046.5
51801666,Приемщик в Гипермаркет Магнит,43600,60500,rub,"['Транспорт, логистика, ВЭД', 'Услуги, ремонт, сервисное обслуживание']","['Складское хозяйство', 'Автосервис']",Краснодар,[],[],[],"Краснодар, Березовый, Ейское Шоссе, 40",280168,более 5000,18164.0,"Магнит, Розничная сеть",Не имеет значения,Сменный график работы,Не имеет значения,45.158104,39.000816,https://krasnodar.superjob.ru/vakansii/priemschik-v-gipermarket-magnit-51801666.html,52050.0
51833831,Электромонтер по ремонту и обслуживанию электрооборудования,180000,196000,rub,"['Услуги, ремонт, сервисное обслуживание']","['Телекоммуникационное оборудование и сети', 'Промышленное оборудование']",Бованенково (газовое месторождение),[],[],[],,4407559,менее 50,21.0,ГСП-6,От 1 года,Полный рабочий день,Не имеет значения,,,https://bovanenkovo.superjob.ru/vakansii/elektromonter-po-remontu-i-obsluzhivaniyu-elektrooborudovaniya-51833831.html,188000.0
51869626,Слесарь по ремонту технологического оборудования 5 разряд (обогатительная фабрика),194000,222000,rub,"['Услуги, ремонт, сервисное обслуживание', 'Рабочий персонал']","['Промышленное оборудование', 'Рабочий персонал, разное', 'Квалифицированный рабочий']",Якутск,[],[],[],"Республика Саха (Якутия), Якутск, улица Орджоникидзе, 36/1",211545,500 — 1000,237.0,Прогноз,От 3 лет,Полный рабочий день,Не имеет значения,62.030087,129.73024,https://yakutsk.superjob.ru/vakansii/slesar-po-remontu-tehnologicheskogo-oborudovaniya-5-razryad-51869626.html,208000.0
51869650,Уборщица 2/2,45000,45000,rub,"['Услуги, ремонт, сервисное обслуживание']",['Клининг'],Петергоф,[],[],[],"Санкт-Петербург, Петергоф, Гофмейстерская улица, 1",2291725,менее 50,3.0,СРМ ПРОМАЛЬП,Без опыта,Полный рабочий день,Не имеет значения,59.861336,29.97662,https://petergof.superjob.ru/vakansii/uborschica-2-51869650.html,45000.0
51550698,Моторист,120000,250000,rub,"['Услуги, ремонт, сервисное обслуживание', 'Рабочий персонал']","['Автосервис', 'Рабочий персонал, разное', 'Квалифицированный рабочий']",Москва,['Преображенская площадь'],['Сокольническая'],['red'],"Москва, Суворовская улица, 29с2",2973256,менее 50,64.0,ГУ Автомобильные дороги ВАО,От 1 года,Полный рабочий день,Не имеет значения,55.79158,37.710079,https://www.superjob.ru/vakansii/motorist-51550698.html,185000.0
33110778,Электромонтер по ремонту и обслуживанию электрооборудования (ХА),79000,92000,rub,"['Услуги, ремонт, сервисное обслуживание']","['Телекоммуникационное оборудование и сети', 'Промышленное оборудование']",Хабаровск,[],[],[],"Хабаровск, Железнодорожный район",2464328,1000 — 5000,40.0,Хабаровский аэропорт,От 3 лет,Полный рабочий день,Среднее специальное,48.489887,135.13652,https://habarovsk.superjob.ru/vakansii/elektromonter-po-remontu-i-obsluzhivaniyu-elektrooborudovaniya-33110778.html,85500.0
34206889,Электромонтер по обслуживанию электрооборудования,35000,45000,rub,"['Безопасность, службы охраны', 'Строительство, проектирование, недвижимость', 'Услуги, ремонт, сервисное обслуживание']","['Видеонаблюдение', 'ЖКХ', 'Электроснабжение', 'Слаботочные системы и сети', 'Телекоммуникационное оборудование и сети']",Бердск,[],[],[],"Новосибирская область, Бердск, улица Ленина, 89/15",2005203,менее 50,1.0,Сервис-Телеком,От 1 года,Полный рабочий день,Среднее специальное,54.757572,83.114601,https://berdsk.superjob.ru/vakansii/elektromonter-po-obsluzhivaniyu-elektrooborudovaniya-34206889.html,40000.0
50815893,Слесарь по ремонту автомобилей-автоэлектрик,180000,230000,rub,"['Промышленность, производство', 'Услуги, ремонт, сервисное обслуживание', 'Рабочий персонал']","['Автомобильная промышленность', 'Автосервис', 'Квалифицированный рабочий']",Балей,[],[],[],,938739,более 5000,34.0,Горно-металлургический комплекс,От 1 года,Работа вахтовым методом,Не имеет значения,,,https://balej.superjob.ru/vakansii/slesar-po-remontu-avtomobilej-avtoelektrik-50815893.html,205000.0
51022449,Водитель-экспедитор на доставку бытовой техники,114000,140000,rub,"['Транспорт, логистика, ВЭД', 'Услуги, ремонт, сервисное обслуживание']","['Автоперевозки', 'Складское хозяйство', 'Автосервис']",Алексин,[],[],[],"Московская область, муниципальный округ Чехов, село Новосёлки, промышленная зона Новосёлки, вл11с5",100593,более 5000,1143.0,"Группа ""М. Видео-Эльдорадо""",От 1 года,Сменный график работы,Не имеет значения,55.123512,37.549759,https://aleksin.superjob.ru/vakansii/voditel-ekspeditor-na-dostavku-bytovoj-tehniki-51022449.html,127000.0
51154490,Оператор-наладчик линии этикетировки консервной продукции,80000,100000,rub,"['Промышленность, производство', 'Услуги, ремонт, сервисное обслуживание', 'Рабочий персонал']","['Промышленное оборудование', 'Промышленное оборудование', 'Рабочий персонал, разное', 'Квалифицированный рабочий']",Балашиха,[],[],[],"Московская область, Балашиха, микрорайон Саввино, Саввинская улица, 12",3955009,менее 50,13.0,Заднепровская Анна Сергеевна,От 1 года,Полный рабочий день,Не имеет значения,55.727142,38.029324,https://balashiha.superjob.ru/vakansii/operator-naladchik-linii-etiketirovki-konservnoj-produkcii-51154490.html,90000.0
51181154,"Горничная на вахту на север (ЯНАО, ХМАО, Чукотка, Таймыр)",109000,142500,rub,"['Услуги, ремонт, сервисное обслуживание', 'Домашний персонал']","['Клининг', 'Уборка и помощь по дому']",Сыктывкар,[],[],[],,4744563,1000 — 5000,4189.0,АКС,Без опыта,Работа вахтовым методом,Не имеет значения,,,https://syktyvkar.superjob.ru/vakansii/gornichnaya-na-vahtu-na-sever-51181154.html,125750.0
51734522,Автослесарь по ремонту грузовых автомобилей,100000,140000,rub,"['Услуги, ремонт, сервисное обслуживание', 'Рабочий персонал']","['Автосервис', 'Квалифицированный рабочий']",Москва,[],[],[],"Москва, Старопокровский проезд",3726411,менее 50,4.0,СтройПроект-М,От 3 лет,Полный рабочий день,Не имеет значения,55.614323,37.61882,https://www.superjob.ru/vakansii/avtoslesar-po-remontu-gruzovyh-avtomobilej-51734522.html,120000.0
50340941,Автоэлектрик,69000,69000,rub,"['Транспорт, логистика, ВЭД', 'Услуги, ремонт, сервисное обслуживание', 'Рабочий персонал']","['Автоперевозки', 'Автосервис', 'Другое', 'Начало карьеры, мало опыта', 'Квалифицированный рабочий']",Шлиссельбург,[],[],[],"Ленинградская область, Кировский район, Шлиссельбург",666117,1000 — 5000,80.0,Птицефабрика Синявинская,От 1 года,Полный рабочий день,Не имеет значения,59.944958,31.034754,https://shlisselburg.superjob.ru/vakansii/avtoelektrik-50340941.html,69000.0
51767230,Слесарь по ремонту газового оборудования,100000,150000,rub,"['Услуги, ремонт, сервисное обслуживание', 'Рабочий персонал']","['Промышленное оборудование', 'Квалифицированный рабочий']",Москва,[],[],[],"Москва, Мрузовский переулок, 11с1",202378,1000 — 5000,36.0,МОСГАЗ,От 1 года,Полный рабочий день,Не имеет значения,55.75745,37.667419,https://www.superjob.ru/vakansii/slesar-po-remontu-gazovogo-oborudovaniya-51767230.html,125000.0
51767151,Ведущий инженер по подключению абонентов,55000,60000,rub,"['Промышленность, производство', 'Услуги, ремонт, сервисное обслуживание', 'Строительство, проектирование, недвижимость']","['Промышленное оборудование', 'Телекоммуникационное оборудование и сети', 'Слаботочные системы и сети']",Уруссу,[],[],[],"Республика Татарстан (Татарстан), Ютазинский район, посёлок городского типа Уруссу, Уруссинская улица, 44",4243646,более 5000,1.0,Таттелеком,От 1 года,Полный рабочий день,Не имеет значения,54.599434,53.467258,https://urussu.superjob.ru/vakansii/veduschij-inzhener-po-podklyucheniyu-abonentov-51767151.html,57500.0
51827373,Приемщик в Гипермаркет Магнит,42200,58600,rub,"['Транспорт, логистика, ВЭД', 'Услуги, ремонт, сервисное обслуживание']","['Складское хозяйство', 'Автосервис']",Краснодар,[],[],[],"Краснодар, Ставропольская, 100",280168,более 5000,18164.0,"Магнит, Розничная сеть",Не имеет значения,Сменный график работы,Не имеет значения,45.019066,38.998642,https://krasnodar.superjob.ru/vakansii/priemschik-v-gipermarket-magnit-51827373.html,50400.0
51830816,Электромонтер по ремонту и обслуживанию электрооборудования,169000,196000,rub,"['Строительство, проектирование, недвижимость', 'Услуги, ремонт, сервисное обслуживание', 'Рабочий персонал']","['Строительно-монтажные работы', 'Электроснабжение', 'Телекоммуникационное оборудование и сети', 'Промышленное оборудование', 'Квалифицированный рабочий']",Бованенково (газовое месторождение),[],[],[],,4407559,менее 50,21.0,ГСП-6,От 1 года,Полный рабочий день,Не имеет значения,,,https://bovanenkovo.superjob.ru/vakansii/elektromonter-po-remontu-i-obsluzhivaniyu-elektrooborudovaniya-51830816.html,182500.0
51846548,"Пекарь (Заволжье, Дзержинского, 35)",50400,57900,rub,"['Услуги, ремонт, сервисное обслуживание', 'Продажи']","['Химчистки, прачечные', 'Оптовая торговля']",Заволжье,[],[],[],,2635306,более 5000,45940.0,Пятёрочка,Не имеет значения,Частичная занятость / Совместительство,Не имеет значения,,,https://zavolzhe.superjob.ru/vakansii/pekar-51846548.html,54150.0
51833640,Автоэлектрик грузовых автомобилей,350000,500000,rub,"['Услуги, ремонт, сервисное обслуживание', 'Рабочий персонал']","['Автосервис', 'Квалифицированный рабочий']",Домодедово,[],[],[],"Московская область, Домодедово, Центральный микрорайон, Станционная улица, 3а",0,,,,От 1 года,Работа вахтовым методом,Не имеет значения,55.444492,37.774551,https://domodedovo.superjob.ru/vakansii/avtoelektrik-gruzovyh-avtomobilej-51833640.html,425000.0
43638869,Электромонтер по ремонту и монтажу кабельных линий (ХА),79000,92000,rub,"['Строительство, проектирование, недвижимость', 'Услуги, ремонт, сервисное обслуживание', 'Рабочий персонал']","['Строительно-монтажные работы', 'Телекоммуникационное оборудование и сети', 'Промышленное оборудование', 'Квалифицированный рабочий']",Хабаровск,[],[],[],"Хабаровск, Железнодорожный район",2464328,1000 — 5000,40.0,Хабаровский аэропорт,От 1 года,Полный рабочий день,Среднее специальное,48.489887,135.13652,https://habarovsk.superjob.ru/vakansii/elektromonter-po-remontu-i-montazhu-kabelnyh-linij-43638869.html,85500.0
47171493,Администратор автосервиса,28000,60000,rub,"['Административная работа, секретариат, АХО', 'Услуги, ремонт, сервисное обслуживание']","['Секретариат, ресепшн, офис-менеджмент', 'Автосервис']",Ангарск,[],[],[],"Иркутская область, Ангарск, 257-й квартал, 4",4515326,менее 50,1.0,Зырянов Петр Игоревич,От 1 года,Сменный график работы,Не имеет значения,52.503723,103.870026,https://angarsk.superjob.ru/vakansii/administrator-avtoservisa-47171493.html,44000.0
48641459,Электрослесарь (слесарь) дежурный и по ремонту оборудования (с и. о. аккумуляторщика),150000,183000,rub,"['Строительство, проектирование, недвижимость', 'Услуги, ремонт, сервисное обслуживание', 'Рабочий персонал']","['Электроснабжение', 'Промышленное оборудование', 'Рабочий персонал, разное', 'Квалифицированный рабочий']",Хабаровск,[],[],[],,465572,1000 — 5000,559.0,"Артель старателей ""Амур""",От 1 года,Работа вахтовым методом,Не имеет значения,,,https://habarovsk.superjob.ru/vakansii/elektroslesar-48641459.html,166500.0
49656440,Мастер по обслуживанию абонентов,50000,65000,rub,"['IT, Интернет, связь, телеком', 'Строительство, проектирование, недвижимость', 'Услуги, ремонт, сервисное обслуживание', 'Рабочий персонал']","['Телекоммуникации и связь', 'Электроснабжение', 'Слаботочные системы и сети', 'Телекоммуникационное оборудование и сети', 'Рабочий персонал, разное']",Димитровград,[],[],[],Димитровград,24172,более 5000,72.0,Ростелеком,Без опыта,Полный рабочий день,Среднее,,,https://dimitrovgrad.superjob.ru/vakansii/master-po-obsluzhivaniyu-abonentov-49656440.html,57500.0
47907819,Слесарь по ремонту автомобилей,32900,37800,rub,"['Промышленность, производство', 'Услуги, ремонт, сервисное обслуживание', 'Рабочий персонал']","['Автомобильная промышленность', 'Автосервис', 'Квалифицированный рабочий']",Рязань,[],[],[],"Рязань, улица Военных Автомобилистов, 9",14215,более 5000,1380.0,Почта России,Без опыта,Полный рабочий день,Среднее специальное,54.61842,39.681454,https://ryazan.superjob.ru/vakansii/slesar-po-remontu-avtomobilej-47907819.html,35350.0
51022461,Водитель доставки бытовой техники,114000,140000,rub,"['Транспорт, логистика, ВЭД', 'Услуги, ремонт, сервисное обслуживание']","['Автоперевозки', 'Автосервис']",Серпухов,[],[],[],"Московская область, муниципальный округ Чехов, село Новосёлки, промышленная зона Новосёлки, вл11с5",100593,более 5000,1143.0,"Группа ""М. Видео-Эльдорадо""",От 1 года,Сменный график работы,Не имеет значения,55.123512,37.549759,https://serpukhov.superjob.ru/vakansii/voditel-dostavki-bytovoj-tehniki-51022461.html,127000.0
51181158,"Горничная на вахту на север (ЯНАО, ХМАО, Чукотка, Таймыр)",109000,142500,rub,"['Туризм, гостиницы, общественное питание', 'Услуги, ремонт, сервисное обслуживание']","['Гостиницы, отели, кемпинги, мотели', 'Клининг']",Волгоград,[],[],[],,4744563,1000 — 5000,4189.0,АКС,Без опыта,Работа вахтовым методом,Не имеет значения,,,https://volgograd.superjob.ru/vakansii/gornichnaya-na-vahtu-na-sever-51181158.html,125750.0
51767149,Оператор поломоечной машины,75680,75680,rub,"['Услуги, ремонт, сервисное обслуживание']",['Клининг'],Москва,['Курская'],['МЦД4'],['mediumaquamarine'],"Москва, Мрузовский переулок, 11с1",202378,1000 — 5000,36.0,МОСГАЗ,Без опыта,Полный рабочий день,Не имеет значения,55.75745,37.667419,https://www.superjob.ru/vakansii/operator-polomoechnoj-mashiny-51767149.html,75680.0
51769958,Электромонтер по ремонту электрооборудования электростанций 4 разряда,55000,65000,rub,"['Строительство, проектирование, недвижимость', 'Услуги, ремонт, сервисное обслуживание', 'Рабочий персонал']","['Эксплуатация зданий', 'Электроснабжение', 'Промышленное оборудование', 'Рабочий персонал, разное', 'Квалифицированный рабочий']",Вологда,[],[],[],"Вологда, Советский проспект, 141А",3842962,менее 50,0.0,ТГК-2,От 1 года,Полный рабочий день,Не имеет значения,59.192348,39.945244,https://vologda.superjob.ru/vakansii/elektromonter-po-remontu-elektrooborudovaniya-elektrostancij-4-razryada-51769958.html,60000.0
51793927,Мастер бригады по ремонту наружного освещения (Юг),92100,138150,rub,"['Услуги, ремонт, сервисное обслуживание']","['Автосервис', 'Металлоремонт', 'Телекоммуникационное оборудование и сети', 'Торговое, складское, холодильное оборудование', 'Бытовая техника']",Москва,[],[],[],"Москва, Днепропетровский проезд, 4А",4019802,более 5000,44.0,Объединенная энергетическая компания,От 1 года,Полный рабочий день,Не имеет значения,55.619732,37.61496,https://www.superjob.ru/vakansii/master-brigady-po-remontu-naruzhnogo-osvescheniya-51793927.html,115125.0
51152096,"Инженер по организации, эксплуатации и ремонту инженерно-технических средств охраны",58500,58500,rub,"['Промышленность, производство', 'Услуги, ремонт, сервисное обслуживание']","['Другое', 'Другое']",Арамиль,[],[],[],"Арамиль, улица Гарнизон, 11Ас1",572951,1000 — 5000,27.0,ОДК-СЕРВИС,От 1 года,Полный рабочий день,Не имеет значения,56.697681,60.799534,https://aramil.superjob.ru/vakansii/inzhener-po-organizacii-51152096.html,58500.0
51799625,Водитель уборочной техники,70000,82000,rub,"['Транспорт, логистика, ВЭД', 'Услуги, ремонт, сервисное обслуживание']","['Автоперевозки', 'Автосервис']",Москва,['Фрунзенская'],['Сокольническая'],['red'],"Москва, Фрунзенская набережная, 22стр4",0,,,,Без опыта,Частичная занятость / Совместительство,Не имеет значения,55.72654,37.589912,https://www.superjob.ru/vakansii/voditel-uborochnoj-tehniki-51799625.html,76000.0
51846528,"Администратор магазина (Белгород, Юности, 5Б)",50000,75000,rub,"['Административная работа, секретариат, АХО', 'Услуги, ремонт, сервисное обслуживание']","['Архивное дело', 'Диспетчерская служба', 'Психологическое консультирование']",Белгород,[],[],[],,2635306,более 5000,45940.0,Пятёрочка,От 1 года,Полный рабочий день,Не имеет значения,,,https://belgorod.superjob.ru/vakansii/administrator-magazina-51846528.html,62500.0
46915740,Автомеханик,80000,120000,rub,"['Услуги, ремонт, сервисное обслуживание']",['Автосервис'],Нахабино,[],[],[],"Московская область, городской округ Истра, деревня Чёрная",4482610,менее 50,1.0,ATVTUN,Без опыта,Полный рабочий день,Среднее специальное,55.844284,37.13163,https://nakhabino.superjob.ru/vakansii/avtomehanik-46915740.html,100000.0
48641468,Электрослесарь (слесарь) дежурный и по ремонту оборудования (с и. о. аккумуляторщика),150000,183000,rub,"['Строительство, проектирование, недвижимость', 'Услуги, ремонт, сервисное обслуживание', 'Рабочий персонал']","['Электроснабжение', 'Промышленное оборудование', 'Рабочий персонал, разное', 'Квалифицированный рабочий']",Благовещенск (Амурская область),[],[],[],,465572,1000 — 5000,559.0,"Артель старателей ""Амур""",От 1 года,Работа вахтовым методом,Не имеет значения,,,https://blagoveshensk.superjob.ru/vakansii/elektroslesar-48641468.html,166500.0
49105858,Автослесарь-автомеханик,100000,200000,rub,"['Промышленность, производство', 'Услуги, ремонт, сервисное обслуживание', 'Рабочий персонал']","['Автомобильная промышленность', 'Автосервис', 'Квалифицированный рабочий']",Москва,[],[],[],,11854,1000 — 5000,2.0,СП БИЗНЕС КАР,От 1 года,Сменный график работы,Не имеет значения,,,https://www.superjob.ru/vakansii/avtoslesar-avtomehanik-49105858.html,150000.0
51013788,Электромонтер по ремонту и обслуживанию электрооборудования,43900,48500,rub,"['Услуги, ремонт, сервисное обслуживание']","['Телекоммуникационное оборудование и сети', 'Промышленное оборудование']",Володарск,[],[],[],,2531979,более 5000,97.0,Башнефть-Розница,От 1 года,Полный рабочий день,Не имеет значения,,,https://volodarsk.superjob.ru/vakansii/elektromonter-po-remontu-i-obsluzhivaniyu-elektrooborudovaniya-51013788.html,46200.0
51181160,"Горничная на вахту на север (ЯНАО, ХМАО, Чукотка, Таймыр)",109000,142500,rub,"['Туризм, гостиницы, общественное питание', 'Услуги, ремонт, сервисное обслуживание', 'Домашний персонал']","['Гостиницы, отели, кемпинги, мотели', 'Клининг', 'Уборка и помощь по дому']",Астрахань,[],[],[],,4744563,1000 — 5000,4189.0,АКС,Без опыта,Работа вахтовым методом,Не имеет значения,,,https://astrakhan.superjob.ru/vakansii/gornichnaya-na-vahtu-na-sever-51181160.html,125750.0
51279588,Автоэлектрик,80000,80000,rub,"['Услуги, ремонт, сервисное обслуживание', 'Рабочий персонал']","['Автосервис', 'Квалифицированный рабочий']",Комсомольск-на-Амуре,[],[],[],"Хабаровский край, Комсомольск-на-Амуре, Красная улица, 18",4811026,менее 50,3.0,ДСИ,От 1 года,Полный рабочий день,Не имеет значения,50.563091,137.027725,https://komsomolsk-na-amure.superjob.ru/vakansii/avtoelektrik-51279588.html,80000.0
51799499,Автослесарь по ремонту грузовых автомобилей,120000,250000,rub,"['Услуги, ремонт, сервисное обслуживание', 'Рабочий персонал']","['Автосервис', 'Квалифицированный рабочий']",Чехов,[],[],[],,4955729,менее 50,6.0,Грузовой сервис,От 1 года,Полный рабочий день,Среднее специальное,,,https://chehov.superjob.ru/vakansii/avtoslesar-po-remontu-gruzovyh-avtomobilej-51799499.html,185000.0
51809166,Инженер по ремонту цифровой техники,116000,127000,rub,"['Услуги, ремонт, сервисное обслуживание']","['Компьютеры и оргтехника', 'Фото, аудио, видео услуги']",Люберцы,[],[],[],"Московская область, Котельники, Яничкин проезд, 5",100593,более 5000,1143.0,"Группа ""М. Видео-Эльдорадо""",Без опыта,Полный рабочий день,Высшее,55.653107,37.880688,https://lyubertsy.superjob.ru/vakansii/inzhener-po-remontu-cifrovoj-tehniki-51809166.html,121500.0
51864741,Приемщик в Гипермаркет Магнит,48410,67236,rub,"['Транспорт, логистика, ВЭД', 'Услуги, ремонт, сервисное обслуживание']","['Складское хозяйство', 'Автосервис']",Тверь,[],[],[],"Тверь, Октябрьский, 30",280168,более 5000,18164.0,"Магнит, Розничная сеть",Не имеет значения,Сменный график работы,Не имеет значения,56.828709,35.894669,https://tver.superjob.ru/vakansii/priemschik-v-gipermarket-magnit-51864741.html,57823.0
51868896,Механик автотранспортного участка,75000,85000,rub,"['Услуги, ремонт, сервисное обслуживание', 'Рабочий персонал']","['Автосервис', 'Квалифицированный рабочий']","Новоникольское (Тамбовская, Мичуринский)",[],[],[],,4930866,менее 50,13.0,Транснефть - Дружба,От 1 года,Полный рабочий день,Не имеет значения,,,https://www.superjob.ru/vakansii/mehanik-avtotransportnogo-uchastka-51868896.html,80000.0
49466821,Электромеханик,100000,120000,rub,"['Транспорт, логистика, ВЭД', 'Услуги, ремонт, сервисное обслуживание', 'Рабочий персонал']","['Железнодорожные перевозки', 'Промышленное оборудование', 'Рабочий персонал, разное', 'Квалифицированный рабочий']",Кандалакша,[],[],[],"Россия, Мурманская обл, г Кандалакша, ул Мурманская, д 26",2466656,более 5000,3173.0,Российские железные дороги,От 1 года,Полный рабочий день,Среднее специальное,,,https://kandalaksha.superjob.ru/vakansii/elektromehanik-49466821.html,110000.0
51780855,Уборщик дворовых территорий (Краснинское шоссе),32000,32000,rub,"['Услуги, ремонт, сервисное обслуживание', 'Рабочий персонал']","['Клининг', 'Рабочий персонал, разное']",Смоленск,[],[],[],"Смоленск, Краснинское шоссе",4262900,менее 50,31.0,Гражданстрой,Без опыта,Полный рабочий день,Не имеет значения,54.769268,31.993832,https://smolensk.superjob.ru/vakansii/uborschik-dvorovyh-territorij-51780855.html,32000.0
51846502,"Администратор магазина (Ярославль, Менделеева, 21)",65000,78000,rub,"['Службы доставки', 'Услуги, ремонт, сервисное обслуживание']","['Пункты выдачи заказов', 'Психологическое консультирование']",Ярославль,[],[],[],,2635306,более 5000,45940.0,Пятёрочка,От 1 года,Полный рабочий день,Не имеет значения,,,https://yaroslavl.superjob.ru/vakansii/administrator-magazina-51846502.html,71500.0
45007965,Инженер по организации эксплуатации и ремонту,54000,62000,rub,"['Промышленность, производство', 'Услуги, ремонт, сервисное обслуживание']","['Другое', 'Другое']",Ижевск,[],[],[],"Удмуртская Республика, Ижевск, улица Новоажимова, 6",173974,более 5000,67.0,Мечел,От 1 года,Полный рабочий день,Высшее,56.836498,53.195911,https://izhevsk.superjob.ru/vakansii/inzhener-po-organizacii-ekspluatacii-i-remontu-45007965.html,58000.0
48641458,Электрослесарь (слесарь) дежурный и по ремонту оборудования (с и. о. аккумуляторщика),150000,183000,rub,"['Строительство, проектирование, недвижимость', 'Услуги, ремонт, сервисное обслуживание', 'Рабочий персонал']","['Электроснабжение', 'Промышленное оборудование', 'Рабочий персонал, разное', 'Квалифицированный рабочий']",Николаевск-на-Амуре,[],[],[],,465572,1000 — 5000,559.0,"Артель старателей ""Амур""",От 1 года,Работа вахтовым методом,Не имеет значения,,,https://nikolaevsk-na-amure.superjob.ru/vakansii/elektroslesar-48641458.html,166500.0
48786469,Автослесарь по ремонту грузовых автомобилей,70000,100000,rub,"['Услуги, ремонт, сервисное обслуживание', 'Рабочий персонал']","['Автосервис', 'Квалифицированный рабочий']",Мурманск,[],[],[],"Мурманск, проспект Героев-Североморцев, 102",4590252,менее 50,1.0,ЛОГИТЕХ,От 1 года,Полный рабочий день,Среднее специальное,69.019005,33.112053,https://murmansk.superjob.ru/vakansii/avtoslesar-po-remontu-gruzovyh-avtomobilej-48786469.html,85000.0
50790381,Уборщица,59000,59000,rub,"['Услуги, ремонт, сервисное обслуживание']",['Клининг'],Москва,"['Курская', 'Щёлковская', 'Щукинская', 'Нижегородская']","['МЦД4', 'Арбатско-Покровская', 'МЦД2', 'МЦД4']","['mediumaquamarine', 'darkblue', 'fuchsia', 'mediumaquamarine']","Москва, Мрузовский переулок, 11с1",202378,1000 — 5000,36.0,МОСГАЗ,Без опыта,Полный рабочий день,Не имеет значения,55.75745,37.667419,https://www.superjob.ru/vakansii/uborschica-50790381.html,59000.0
51181147,"Горничная на вахту на север (ЯНАО, ХМАО, Чукотка, Таймыр)",109000,142500,rub,"['Туризм, гостиницы, общественное питание', 'Услуги, ремонт, сервисное обслуживание']","['HORECA', 'Клининг']",Сургут,[],[],[],,4744563,1000 — 5000,4189.0,АКС,Без опыта,Работа вахтовым методом,Не имеет значения,,,https://surgut.superjob.ru/vakansii/gornichnaya-na-vahtu-na-sever-51181147.html,125750.0
51717931,Электромонтер по ремонту и обслуживанию электрооборудования,42000,45000,rub,"['Строительство, проектирование, недвижимость', 'Услуги, ремонт, сервисное обслуживание', 'Рабочий персонал']","['Электроснабжение', 'Слаботочные системы и сети', 'Телекоммуникационное оборудование и сети', 'Промышленное оборудование', 'Рабочий персонал, разное']",Воронеж,[],[],[],"Воронежская область, Новоусманский район п Софьино",4930866,менее 50,13.0,Транснефть - Дружба,Без опыта,Полный рабочий день,Среднее,51.519173,39.39922,https://voronezh.superjob.ru/vakansii/elektromonter-po-remontu-i-obsluzhivaniyu-elektrooborudovaniya-51717931.html,43500.0
51799097,Оператор-наладчик,100000,150000,rub,"['Промышленность, производство', 'Услуги, ремонт, сервисное обслуживание', 'Рабочий персонал']","['Промышленное оборудование', 'Промышленное оборудование', 'Квалифицированный рабочий']",Москва,[],[],[],"Москва, Новомосковский административный округ, Щербинка, Восточная улица, 17",430069,100 — 500,2.0,СЛАВКОФЕ,От 1 года,Полный рабочий день,Среднее,55.494751,37.573814,https://www.superjob.ru/vakansii/operator-naladchik-51799097.html,125000.0
51799234,Санитарка-уборщица / Санитар-уборщик,30000,40000,rub,"['Медицина, фармацевтика, ветеринария', 'Услуги, ремонт, сервисное обслуживание', 'Рабочий персонал']","['Другое', 'Клининг', 'Рабочий персонал, разное']",Городецкий (Нижегородская область),[],[],[],"Нижегородская область, Городецкий муниципальный округ, сельский посёлок Городецкий, 1",4762818,100 — 500,7.0,Городецкий Санаторий,Без опыта,Полный рабочий день,Не имеет значения,56.579945,43.651108,https://www.superjob.ru/vakansii/sanitarka-uborschica-51799234.html,35000.0
51799260,Уборщик/уборщица офисного помещения,50000,80000,rub,"['Услуги, ремонт, сервисное обслуживание']",['Клининг'],Москва,[],[],[],"Москва, Бумажный проезд, 19с2",4808782,1000 — 5000,1.0,Клиника Фомина,От 3 лет,Полный рабочий день,Не имеет значения,55.78986,37.585629,https://www.superjob.ru/vakansii/uborschik-51799260.html,65000.0
51799469,Автослесарь по ремонту грузовых автомобилей,120000,250000,rub,"['Услуги, ремонт, сервисное обслуживание', 'Рабочий персонал']","['Автосервис', 'Квалифицированный рабочий']",Ярославль,[],[],[],,4955729,менее 50,6.0,Грузовой сервис,От 1 года,Полный рабочий день,Среднее специальное,,,https://yaroslavl.superjob.ru/vakansii/avtoslesar-po-remontu-gruzovyh-avtomobilej-51799469.html,185000.0
51809165,Инженер по ремонту цифровой техники,116000,127000,rub,"['Услуги, ремонт, сервисное обслуживание']","['Компьютеры и оргтехника', 'Фото, аудио, видео услуги']",Москва,[],[],[],"Московская область, Котельники, Яничкин проезд, 5",100593,более 5000,1143.0,"Группа ""М. Видео-Эльдорадо""",Без опыта,Полный рабочий день,Высшее,55.653107,37.880688,https://www.superjob.ru/vakansii/inzhener-po-remontu-cifrovoj-tehniki-51809165.html,121500.0
51864715,Приемщик в Гипермаркет Магнит,33600,49900,rub,"['Транспорт, логистика, ВЭД', 'Услуги, ремонт, сервисное обслуживание']","['Складское хозяйство', 'Автосервис']",Балашов,[],[],[],"Балашов, Энтузиастов, 1",280168,более 5000,18164.0,"Магнит, Розничная сеть",Не имеет значения,Сменный график работы,Не имеет значения,51.546688,43.215057,https://balashov.superjob.ru/vakansii/priemschik-v-gipermarket-magnit-51864715.html,41750.0
51846407,"Продавец-кассир (Писковичи, Писковичи)",41000,47000,rub,"['Услуги, ремонт, сервисное обслуживание', 'Службы доставки']","['Обувь', 'Комплектация заказов']",Псков,[],[],[],,2635306,более 5000,45940.0,Пятёрочка,Не имеет значения,Частичная занятость / Совместительство,Не имеет значения,,,https://pskov.superjob.ru/vakansii/prodavec-kassir-51846407.html,44000.0
46002622,Инженер,62000,71000,rub,"['Строительство, проектирование, недвижимость', 'Промышленность, производство', 'Услуги, ремонт, сервисное обслуживание']","['Другое', 'Энергетика', 'Другое']",Ижевск,[],[],[],"Удмуртская Республика, Ижевск, улица Новоажимова, 6",173974,более 5000,67.0,Мечел,От 1 года,Полный рабочий день,Высшее,56.836498,53.195911,https://izhevsk.superjob.ru/vakansii/inzhener-46002622.html,66500.0
46523485,Менеджер по работе с клиентами,50000,110000,rub,"['Продажи', 'Услуги, ремонт, сервисное обслуживание']","['Call Center', 'Компьютеры, оргтехника, ПО', 'Электротехническое оборудование, светотехника', 'Бытовая техника', 'Компьютеры и оргтехника']",Владивосток,[],[],[],"Приморский край, Владивосток, Посьетская улица, 14",4479695,50 — 100,1.0,Поляков Денис,Без опыта,Полный рабочий день,Не имеет значения,43.109055,131.878616,https://vladivostok.superjob.ru/vakansii/menedzher-po-rabote-s-klientami-46523485.html,80000.0
50426186,Автомеханик,120000,130000,rub,"['Услуги, ремонт, сервисное обслуживание', 'Рабочий персонал']","['Автосервис', 'Квалифицированный рабочий']",Калининград,[],[],[],"Калининград, Московский проспект, 2Б",3266310,100 — 500,0.0,Парфёнов,От 1 года,Полный рабочий день,Не имеет значения,54.709423,20.490824,https://kaliningrad.superjob.ru/vakansii/avtomehanik-50426186.html,125000.0
51181150,"Горничная на вахту на север (ЯНАО, ХМАО, Чукотка, Таймыр)",109000,142500,rub,"['Услуги, ремонт, сервисное обслуживание']",['Клининг'],Орск,[],[],[],,4744563,1000 — 5000,4189.0,АКС,Без опыта,Работа вахтовым методом,Не имеет значения,,,https://orsk.superjob.ru/vakansii/gornichnaya-na-vahtu-na-sever-51181150.html,125750.0
51577417,Сервисный инженер отдела вентиляции (теплотехник),124000,124000,rub,"['Услуги, ремонт, сервисное обслуживание']","['Автосервис', 'Телекоммуникационное оборудование и сети', 'Промышленное оборудование', 'Торговое, складское, холодильное оборудование', 'Компьютеры и оргтехника']",Москва,['Парк Культуры'],['Кольцевая'],['brown'],"Москва, Зубовский бульвар, 4с1",4941795,1000 — 5000,9.0,RT,От 1 года,Полный рабочий день,Среднее специальное,55.737358,37.590496,https://www.superjob.ru/vakansii/servisnyj-inzhener-otdela-ventilyacii-51577417.html,124000.0
51717905,Электромонтер по ремонту и обслуживанию электрооборудования,58000,64000,rub,"['Строительство, проектирование, недвижимость', 'Услуги, ремонт, сервисное обслуживание', 'Рабочий персонал']","['Электроснабжение', 'Слаботочные системы и сети', 'Телекоммуникационное оборудование и сети', 'Промышленное оборудование', 'Рабочий персонал, разное']",Воронеж,[],[],[],"Воронежская область, Новоусманский район п Софьино",4930866,менее 50,13.0,Транснефть - Дружба,От 1 года,Полный рабочий день,Не имеет значения,51.519173,39.39922,https://voronezh.superjob.ru/vakansii/elektromonter-po-remontu-i-obsluzhivaniyu-elektrooborudovaniya-51717905.html,61000.0
51719278,Инженер по энергообеспечению,85000,95000,rub,"['Услуги, ремонт, сервисное обслуживание', 'Рабочий персонал']","['Промышленное оборудование', 'Рабочий персонал, разное', 'Квалифицированный рабочий']",Знаменка (Тамбовская область),[],[],[],,874575,1000 — 5000,8229.0,ГК Русагро,От 1 года,Полный рабочий день,Высшее,,,https://tambovskaya-oblast-znamenka.superjob.ru/vakansii/inzhener-po-energoobespecheniyu-51719278.html,90000.0
51718576,Инженер по ремонту цифровой техники,116000,127000,rub,"['Услуги, ремонт, сервисное обслуживание']","['Компьютеры и оргтехника', 'Фото, аудио, видео услуги']",Котельники,[],[],[],"Московская область, Котельники, Яничкин проезд, 5",100593,более 5000,1143.0,"Группа ""М. Видео-Эльдорадо""",Без опыта,Полный рабочий день,Высшее,55.653107,37.880688,https://kotelniki.superjob.ru/vakansii/inzhener-po-remontu-cifrovoj-tehniki-51718576.html,121500.0
50484451,Слесарь по ремонту автомобилей,55000,60000,rub,"['Промышленность, производство', 'Услуги, ремонт, сервисное обслуживание', 'Рабочий персонал']","['Автомобильная промышленность', 'Автосервис', 'Квалифицированный рабочий']",Тверь,[],[],[],"Тверь, улица Склизкова, 43",14215,более 5000,1380.0,Почта России,От 1 года,Полный рабочий день,Среднее специальное,56.839993,35.915051,https://tver.superjob.ru/vakansii/slesar-po-remontu-avtomobilej-50484451.html,57500.0
51798321,Мойщик посуды,29000,30000,rub,"['Туризм, гостиницы, общественное питание', 'Услуги, ремонт, сервисное обслуживание', 'Рабочий персонал']","['Рестораны, кафе, столовые, фастфуд', 'Клининг', 'Рабочий персонал, разное']",Владимир,[],[],[],"Владимир, Судогодское шоссе, 69",4744104,менее 50,6.0,"ГБУСОВО ""ОКРЦ""",Без опыта,Полный рабочий день,Не имеет значения,56.102753,40.447777,https://vladimir.superjob.ru/vakansii/mojschik-posudy-51798321.html,29500.0
51799467,Автослесарь по ремонту грузовых автомобилей,120000,250000,rub,"['Услуги, ремонт, сервисное обслуживание', 'Рабочий персонал']","['Автосервис', 'Квалифицированный рабочий']",Москва,[],[],[],,4955729,менее 50,6.0,Грузовой сервис,От 1 года,Полный рабочий день,Среднее специальное,,,https://www.superjob.ru/vakansii/avtoslesar-po-remontu-gruzovyh-avtomobilej-51799467.html,185000.0
51864475,Приемщик в Гипермаркет Магнит,44000,66000,rub,"['Транспорт, логистика, ВЭД', 'Услуги, ремонт, сервисное обслуживание']","['Складское хозяйство', 'Автосервис']",Челябинск,[],[],[],"Челябинск, Братьев Кашириных, 80",280168,более 5000,18164.0,"Магнит, Розничная сеть",Не имеет значения,Сменный график работы,Не имеет значения,55.179508,61.34306,https://chelyabinsk.superjob.ru/vakansii/priemschik-v-gipermarket-magnit-51864475.html,55000.0
51868707,Уборщица в ДОЛ Маяк,30000,37600,rub,"['Услуги, ремонт, сервисное обслуживание']",['Клининг'],Приозерск,[],[],[],"Ленинградская область, Приозерский район, Петровское сельское поселение, посёлок при железнодорожной станции Петяярви",2466656,более 5000,3173.0,Российские железные дороги,Без опыта,Полный рабочий день,Не имеет значения,60.631207,30.107792,https://priozersk.superjob.ru/vakansii/uborschica-v-dol-mayak-51868707.html,33800.0
27088873,Уборщик служебных помещений,55000,60000,rub,"['Медицина, фармацевтика, ветеринария', 'Услуги, ремонт, сервисное обслуживание', 'Рабочий персонал']","['Больницы, поликлиники, диагностические центры, лаборатории', 'Клининг', 'Рабочий персонал, разное']",Москва,['Селигерская'],['Люблинско-Дмитровская'],['lime'],"Москва, улица Ивана Сусанина, 3",493048,500 — 1000,9.0,ФГБУ ФБ МСЭ Минтруда России,Без опыта,Полный рабочий день,Среднее,55.870358,37.525711,https://www.superjob.ru/vakansii/uborschik-sluzhebnyh-pomeschenij-27088873.html,57500.0
51830781,Автослесарь / автомеханик (ремонт и установка автостекол),90000,120000,rub,"['Промышленность, производство', 'Услуги, ремонт, сервисное обслуживание', 'Рабочий персонал']","['Автомобильная промышленность', 'Автосервис', 'Квалифицированный рабочий']",Москва,[],[],[],,3797376,менее 50,337.0,JOBCART.RU,Без опыта,Полный рабочий день,Не имеет значения,,,https://www.superjob.ru/vakansii/avtoslesar-51830781.html,105000.0
51846400,"Продавец-кассир (Вешенская, Вешенская, Калинина, 167Г)",26400,34300,rub,"['Услуги, ремонт, сервисное обслуживание']","['Клининг', 'Обувь']",Вешенская,[],[],[],,2635306,более 5000,45940.0,Пятёрочка,Не имеет значения,Частичная занятость / Совместительство,Не имеет значения,,,https://veshenskaya.superjob.ru/vakansii/prodavec-kassir-51846400.html,30350.0
31932896,Слесарь-сборщик,50000,65000,rub,"['Услуги, ремонт, сервисное обслуживание', 'Рабочий персонал', 'Промышленность, производство']","['Промышленное оборудование', 'Рабочий персонал, разное', 'Квалифицированный рабочий', 'Производство металлических изделий и заготовок']",Рязань,[],[],[],"Рязань, Ряжское шоссе, 20с1",3444908,менее 50,1.0,КОМФОВЕНТ,От 1 года,Полный рабочий день,Не имеет значения,54.553558,39.781055,https://ryazan.superjob.ru/vakansii/slesar-sborschik-31932896.html,57500.0
33688547,Уборщица офисных помещений,30000,30000,rub,"['Услуги, ремонт, сервисное обслуживание', 'Рабочий персонал']","['Клининг', 'Рабочий персонал, разное']",Химки,[],[],[],"Москва, Юровская улица",3749882,менее 50,1.0,Гаранина Марина Владимировна,От 1 года,Частичная занятость / Совместительство,Не имеет значения,55.898907,37.384792,https://himki.superjob.ru/vakansii/uborschica-ofisnyh-pomeschenij-33688547.html,30000.0
42544836,Электромонтер по ремонту и обслуживанию электрооборудования,46000,53000,rub,"['Услуги, ремонт, сервисное обслуживание']","['Телекоммуникационное оборудование и сети', 'Промышленное оборудование']",Ижевск,[],[],[],"Удмуртская Республика, Ижевск, улица Новоажимова, 6",173974,более 5000,67.0,Мечел,От 1 года,Полный рабочий день,Среднее специальное,56.836498,53.195911,https://izhevsk.superjob.ru/vakansii/elektromonter-po-remontu-i-obsluzhivaniyu-elektrooborudovaniya-42544836.html,49500.0
45485872,Автослесарь,50000,80000,rub,"['Транспорт, логистика, ВЭД', 'Промышленность, производство', 'Услуги, ремонт, сервисное обслуживание', 'Рабочий персонал']","['Автоперевозки', 'Автомобильная промышленность', 'Автосервис', 'Рабочий персонал, разное', 'Квалифицированный рабочий']",Рыбинск,[],[],[],"Ярославская область, Рыбинск, 2-я Большая Тоговщинская улица, 14",4374679,менее 50,1.0,АТЦ «Самолёт «,От 1 года,Полный рабочий день,Не имеет значения,58.06712,38.785572,https://rybinsk.superjob.ru/vakansii/avtoslesar-45485872.html,65000.0
45578827,Электромонтер по ремонту обмоток и изоляции электрооборудования,35000,50000,rub,"['Строительство, проектирование, недвижимость', 'Услуги, ремонт, сервисное обслуживание', 'Рабочий персонал']","['Электроснабжение', 'Слаботочные системы и сети', 'Промышленное оборудование', 'Рабочий персонал, разное', 'Квалифицированный рабочий']",Воронеж,[],[],[],"Воронежская область, Нововоронеж",4426584,менее 50,36.0,АТОМИНФО,От 1 года,Полный рабочий день,Не имеет значения,51.309212,39.216278,https://voronezh.superjob.ru/vakansii/elektromonter-po-remontu-obmotok-i-izolyacii-elektrooborudovaniya-45578827.html,42500.0
49656684,Мастер по подключению интернета,80000,110000,rub,"['IT, Интернет, связь, телеком', 'Строительство, проектирование, недвижимость', 'Услуги, ремонт, сервисное обслуживание', 'Рабочий персонал']","['Телекоммуникации и связь', 'Электроснабжение', 'Слаботочные системы и сети', 'Телекоммуникационное оборудование и сети', 'Рабочий персонал, разное']",Киров (Кировская область),[],[],[],,24172,более 5000,72.0,Ростелеком,Без опыта,Сменный график работы,Среднее,,,https://kirov.superjob.ru/vakansii/master-po-podklyucheniyu-interneta-49656684.html,95000.0
50253605,Шиномонтажник (в грузовой автосервис),90000,150000,rub,"['Услуги, ремонт, сервисное обслуживание', 'Рабочий персонал']","['Автосервис', 'Рабочий персонал, разное', 'Квалифицированный рабочий']",Быльники (Смоленская область),[],[],[],"Смоленский муниципальный округ, деревня Быльники",2537309,более 5000,12.0,ОПТИТРАНС,От 1 года,Сменный график работы,Не имеет значения,54.864655,32.044342,https://www.superjob.ru/vakansii/shinomontazhnik-50253605.html,120000.0
31441713,"Наладчик оборудования, механик, техник",135000,180000,rub,"['Промышленность, производство', 'Услуги, ремонт, сервисное обслуживание', 'Рабочий персонал']","['Пищевая промышленность', 'Промышленное оборудование', 'Промышленное оборудование', 'Квалифицированный рабочий']",Дмитров,[],[],[],"Московская область, городской округ Мытищи, посёлок Птицефабрики, Фабричная улица, вл8с3",3512555,100 — 500,2.0,Фабрика АХМАД ТИ,Без опыта,Сменный график работы,Среднее специальное,55.995537,37.543327,https://dmitrov.superjob.ru/vakansii/naladchik-oborudovaniya-31441713.html,157500.0
50758555,Наладчик линии розлива,75000,75000,rub,"['Услуги, ремонт, сервисное обслуживание', 'Рабочий персонал']","['Промышленное оборудование', 'Рабочий персонал, разное', 'Квалифицированный рабочий']",Ростов-на-Дону,[],[],[],"Ростов-на-Дону, улица Вавилова, 68/1",3492418,менее 50,32.0,Юнитор,От 1 года,Полный рабочий день,Не имеет значения,47.279373,39.685799,https://rnd.superjob.ru/vakansii/naladchik-linii-rozliva-50758555.html,75000.0
51181151,"Горничная на вахту на север (ЯНАО, ХМАО, Чукотка, Таймыр)",109000,142500,rub,"['Услуги, ремонт, сервисное обслуживание']",['Клининг'],Челябинск,[],[],[],,4744563,1000 — 5000,4189.0,АКС,Без опыта,Работа вахтовым методом,Не имеет значения,,,https://chelyabinsk.superjob.ru/vakansii/gornichnaya-na-vahtu-na-sever-51181151.html,125750.0
51719251,Мастер по электрооборудованию,85000,95000,rub,"['Услуги, ремонт, сервисное обслуживание', 'Рабочий персонал']","['Промышленное оборудование', 'Рабочий персонал, разное', 'Квалифицированный рабочий']",Знаменка (Тамбовская область),[],[],[],,874575,1000 — 5000,8229.0,ГК Русагро,От 1 года,Полный рабочий день,Среднее специальное,,,https://tambovskaya-oblast-znamenka.superjob.ru/vakansii/master-po-elektrooborudovaniyu-51719251.html,90000.0
51798233,Шиномонтажник на выездной шиномонтаж,150000,200000,rub,"['Услуги, ремонт, сервисное обслуживание']",['Автосервис'],Мурино,[],[],[],"Мурино, Лесная улица, д. 3Б",4353589,менее 50,340.0,Jobers,Без опыта,Полный рабочий день,Не имеет значения,60.04314,30.475256,https://murino.superjob.ru/vakansii/shinomontazhnik-na-vyezdnoj-shinomontazh-51798233.html,175000.0
51799461,Автослесарь по ремонту грузовых автомобилей,120000,250000,rub,"['Услуги, ремонт, сервисное обслуживание', 'Рабочий персонал']","['Автосервис', 'Квалифицированный рабочий']",Тула,[],[],[],,4955729,менее 50,6.0,Грузовой сервис,От 1 года,Полный рабочий день,Среднее специальное,,,https://tula.superjob.ru/vakansii/avtoslesar-po-remontu-gruzovyh-avtomobilej-51799461.html,185000.0
51864322,Приемщик в Гипермаркет Магнит,40600,60900,rub,"['Транспорт, логистика, ВЭД', 'Услуги, ремонт, сервисное обслуживание']","['Складское хозяйство', 'Автосервис']",Уфа,[],[],[],"Уфа, Дагестанская, 2",280168,более 5000,18164.0,"Магнит, Розничная сеть",Не имеет значения,Сменный график работы,Не имеет значения,54.705849,55.847164,https://ufa.superjob.ru/vakansii/priemschik-v-gipermarket-magnit-51864322.html,50750.0
51867973,Продавец-кассир (метро Марксистская),68000,75000,rub,"['Услуги, ремонт, сервисное обслуживание']","['Клининг', 'Обувь']",Москва,"['Курская', 'Таганская', 'Марксистская']","['МЦД4', 'Таганско-Краснопресненская', 'Калининско-Солнцевская']","['mediumaquamarine', 'violet', 'yellow']","Москва, Марксистская улица, 3с1",75401,более 5000,11152.0,"""БЭСТ ПРАЙС"" / Fix Price",Без опыта,Полный рабочий день,Не имеет значения,55.738361,37.661564,https://www.superjob.ru/vakansii/prodavec-kassir-51867973.html,71500.0
51868708,Уборщица в ДОЛ Маяк,30000,37600,rub,"['Услуги, ремонт, сервисное обслуживание']",['Клининг'],Санкт-Петербург,[],[],[],"Псков, Зональное шоссе, 30",2466656,более 5000,3173.0,Российские железные дороги,Без опыта,Частичная занятость / Совместительство,Не имеет значения,,,https://spb.superjob.ru/vakansii/uborschica-v-dol-mayak-51868708.html,33800.0
51795242,Электроник,125000,125000,rub,"['IT, Интернет, связь, телеком']",['Инжиниринг'],Москва,"['Комсомольская', 'Площадь трёх вокзалов']","['Кольцевая', 'МЦД4']","['brown', 'mediumaquamarine']","Москва, Комсомольская площадь",2466656,более 5000,3173.0,Российские железные дороги,От 1 года,Полный рабочий день,Среднее специальное,55.775326,37.655643,https://www.superjob.ru/vakansii/elektronik-51795242.html,125000.0
50735545,Работник торгового зала,40000,50000,rub,"['Топ-персонал', 'IT, Интернет, связь, телеком']","['Консалтинг, стратегическое развитие', 'Внедрение и сопровождение ПО']",Москва,[],[],[],"Москва, Родионовская, 12",2635306,более 5000,45940.0,Пятёрочка,Не имеет значения,Частичная занятость / Совместительство,Неполное высшее,55.893852,37.389606,https://www.superjob.ru/vakansii/rabotnik-torgovogo-zala-50735545.html,45000.0
51780706,Начинающий продавец домашнего интернета (подработка),50000,95000,rub,"['IT, Интернет, связь, телеком']","['Web-верстка', 'Передача данных и доступ в интернет']",Москва,"['Арбатская', 'Курская', 'Партизанская', 'Крылатское', 'Парк Победы']","['Филёвская', 'МЦД4', 'Арбатско-Покровская', 'Арбатско-Покровская', 'Калининско-Солнцевская']","['blue', 'mediumaquamarine', 'darkblue', 'darkblue', 'yellow']",,38260,более 5000,402.0,Билайн,Без опыта,Частичная занятость / Совместительство,Не имеет значения,,,https://www.superjob.ru/vakansii/nachinayuschij-prodavec-domashnego-interneta-51780706.html,72500.0
51787990,Продавец в зону готовой еды,63100,87600,rub,"['IT, Интернет, связь, телеком']",['Администрирование баз данных'],Москва,[],[],[],"Москва, Ферганский проезд, 14к3",280168,более 5000,18164.0,"Магнит, Розничная сеть",Не имеет значения,Сменный график работы,Не имеет значения,55.694096,37.817242,https://www.superjob.ru/vakansii/prodavec-v-zonu-gotovoj-edy-51787990.html,75350.0
50735268,Работник торгового зала,40000,50000,rub,"['Туризм, гостиницы, общественное питание', 'Маркетинг, реклама, PR', 'IT, Интернет, связь, телеком']","['Рестораны, кафе, столовые, фастфуд', 'Мерчандайзинг', 'Киберспорт']",Москва,[],[],[],"Москва, Керченская, 13",2635306,более 5000,45940.0,Пятёрочка,Не имеет значения,Частичная занятость / Совместительство,Неполное высшее,55.647503,37.57774,https://www.superjob.ru/vakansii/rabotnik-torgovogo-zala-50735268.html,45000.0
51844087,Продавец – консультант галереи вин Отдохни (м. Яхромская),115000,250000,rub,"['IT, Интернет, связь, телеком', 'Продажи', 'Службы доставки']","['Киберспорт', 'Логистика', 'Комплектация заказов']",Москва,"['Селигерская', 'Лианозово', 'Бескудниково', 'Яхромская']","['Люблинско-Дмитровская', 'МЦД1', 'МЦД1', 'Люблинско-Дмитровская']","['lime', 'darkorange', 'darkorange', 'lime']","Москва, Люблинско-Дмитровская линия, метро Яхромская",400494,более 5000,236.0,"КуулКлевер (МясновЪ, Отдохни)",Без опыта,Полный рабочий день,Не имеет значения,55.879906,37.545429,https://www.superjob.ru/vakansii/prodavec-51844087.html,182500.0
51870064,Автокурьер на личном авто (Оплата патента),70000,160000,rub,"['IT, Интернет, связь, телеком']",['Администрирование баз данных'],Москва,['Каховская'],['Большая кольцевая линия'],['cian'],"г Москва, улица Азовская, д. 19 к. 1. 19",0,,,,Без опыта,Полный рабочий день,Не имеет значения,55.65493,37.59956,https://www.superjob.ru/vakansii/avtokurer-na-lichnom-avto-51870064.html,115000.0
51681637,Продавец-консультант отдела МясновЪ (м. Орехово),115000,250000,rub,"['Административная работа, секретариат, АХО', 'IT, Интернет, связь, телеком']","['Секретариат, ресепшн, офис-менеджмент', 'Передача данных и доступ в интернет']",Москва,"['Домодедовская', 'Орехово', 'Царицыно']","['Замоскворецкая', 'Замоскворецкая', 'МЦД2']","['green', 'green', 'fuchsia']","Москва, Замоскворецкая линия, метро Орехово",400494,более 5000,236.0,"КуулКлевер (МясновЪ, Отдохни)",Без опыта,Полный рабочий день,Не имеет значения,55.612934,37.695267,https://www.superjob.ru/vakansii/prodavec-konsultant-otdela-myasnov-51681637.html,182500.0
51703169,"Кассир торгового зала, продавец",68000,75000,rub,"['Дизайн', 'IT, Интернет, связь, телеком', 'Строительство, проектирование, недвижимость']","['Web-дизайн (UI/UX)', 'Web-верстка', 'Администрирование баз данных', 'ЖКХ', 'Строительно-монтажные работы']",Москва,['Нижегородская'],['МЦД4'],['mediumaquamarine'],"Москва, Некрасовская линия, метро Нижегородская",75401,более 5000,3198.0,"""БЭСТ ПРАЙС"" / Fix Price",Без опыта,Полный рабочий день,Не имеет значения,55.731712,37.730591,https://www.superjob.ru/vakansii/kassir-torgovogo-zala-51703169.html,71500.0
51702654,"Старший продавец-кассир, администратор в магазин",75500,82500,rub,"['Дизайн', 'IT, Интернет, связь, телеком']","['Web-дизайн (UI/UX)', 'Web-верстка', 'Интернет, создание и поддержка сайтов']",Москва,['Братиславская'],['Люблинско-Дмитровская'],['lime'],"Москва, Люблинско-Дмитровская линия, метро Братиславская",75401,более 5000,3198.0,"""БЭСТ ПРАЙС"" / Fix Price",От 1 года,Полный рабочий день,Не имеет значения,55.659649,37.75074,https://www.superjob.ru/vakansii/starshij-prodavec-kassir-51702654.html,79000.0
51700730,"Продавец, кассир в магазин",68000,75000,rub,"['Дизайн', 'IT, Интернет, связь, телеком', 'Строительство, проектирование, недвижимость']","['Web-дизайн (UI/UX)', 'Web-верстка', 'Технический надзор, строительная экспертиза / ПТО']",Москва,[],[],[],"Москва, улица Обручева, 11",75401,более 5000,3198.0,"""БЭСТ ПРАЙС"" / Fix Price",Без опыта,Полный рабочий день,Не имеет значения,55.660225,37.515144,https://www.superjob.ru/vakansii/prodavec-51700730.html,71500.0
50836216,"Пекарь (Москва, Болотниковская, 52А)",80000,100000,rub,"['Туризм, гостиницы, общественное питание', 'Промышленность, производство']","['Рестораны, кафе, столовые, фастфуд', 'Пищевая промышленность']",Москва,[],[],[],,2635306,более 5000,45940.0,Пятёрочка,Не имеет значения,Частичная занятость / Совместительство,Не имеет значения,,,https://www.superjob.ru/vakansii/pekar-50836216.html,90000.0
51795144,Техник,85000,85000,rub,"['Промышленность, производство', 'Услуги, ремонт, сервисное обслуживание', 'Рабочий персонал']","['Промышленное оборудование', 'Промышленное оборудование', 'Квалифицированный рабочий']",Москва,"['Комсомольская', 'Площадь трёх вокзалов']","['Кольцевая', 'МЦД4']","['brown', 'mediumaquamarine']","Москва, Комсомольская площадь",2466656,более 5000,3173.0,Российские железные дороги,От 1 года,Полный рабочий день,Среднее специальное,55.775326,37.655643,https://www.superjob.ru/vakansii/tehnik-51795144.html,85000.0
51868872,Автокурьер на личном авто (Оплата патента),70000,160000,rub,"['Бухгалтерия, финансы, аудит', 'Промышленность, производство']","['Кассовые операции', 'Машиностроение, станкостроение']",Москва,['Новопеределкино'],['МЦД4'],['mediumaquamarine'],"г Москва, улица Шолохова, д. 19А. 19А",0,,,,Без опыта,Полный рабочий день,Не имеет значения,55.642612,37.341393,https://www.superjob.ru/vakansii/avtokurer-na-lichnom-avto-51868872.html,115000.0
50326192,Разнорабочий / Сборщик на склад,143550,287100,rub,"['Транспорт, логистика, ВЭД', 'Промышленность, производство', 'Рабочий персонал']","['Складское хозяйство', 'Автомобильная промышленность', 'Сельскохозяйственная техника', 'Рабочий персонал, разное']",Москва,[],[],[],,166099,100 — 500,239.0,ГК АКМЭ,Без опыта,Работа вахтовым методом,Не имеет значения,,,https://www.superjob.ru/vakansii/raznorabochij-50326192.html,215325.0
51720618,Продавец–консультант КуулКлевер Кафе (м. Южная),115000,250000,rub,"['Промышленность, производство']",['Пищевая промышленность'],Москва,"['Чертановская', 'Южная', 'Пражская', 'Улица Академика Янгеля']","['Серпуховско-Тимирязевская', 'Серпуховско-Тимирязевская', 'Серпуховско-Тимирязевская', 'Серпуховско-Тимирязевская']","['gray', 'gray', 'gray', 'gray']","Москва, Серпуховско-Тимирязевская линия, метро Южная",400494,более 5000,236.0,"КуулКлевер (МясновЪ, Отдохни)",Без опыта,Полный рабочий день,Не имеет значения,55.622276,37.608986,https://www.superjob.ru/vakansii/prodavec-51720618.html,182500.0
51782810,Повар на производство (ночь),97110,129480,rub,"['Туризм, гостиницы, общественное питание', 'Промышленность, производство']","['Рестораны, кафе, столовые, фастфуд', 'Пищевая промышленность']",Москва,['Парк Культуры'],['Кольцевая'],['brown'],Москва,174527,1000 — 5000,0.0,Теремок - Инвест,Без опыта,Полный рабочий день,Не имеет значения,55.755863,37.617699,https://www.superjob.ru/vakansii/povar-na-proizvodstvo-51782810.html,113295.0
51801728,Инженер по наладке и испытаниям электрооборудования,220000,220000,rub,"['Промышленность, производство']",['Другое'],Москва,[],[],[],,4899646,менее 50,7.0,Р-Строй,От 1 года,Полный рабочий день,Не имеет значения,,,https://www.superjob.ru/vakansii/inzhener-po-naladke-i-ispytaniyam-elektrooborudovaniya-51801728.html,220000.0
51810764,Продавец в зону готовой еды,73100,97600,rub,"['Промышленность, производство']",['Пищевая промышленность'],Москва,[],[],[],"Москва, 1-й Зборовский, 9",280168,более 5000,18164.0,"Магнит, Розничная сеть",Не имеет значения,Сменный график работы,Не имеет значения,55.799095,37.704681,https://www.superjob.ru/vakansii/prodavec-v-zonu-gotovoj-edy-51810764.html,85350.0
49479587,Пекарь,80000,100000,rub,"['Туризм, гостиницы, общественное питание', 'Промышленность, производство', 'Продажи']","['Рестораны, кафе, столовые, фастфуд', 'Пищевая промышленность', 'Начало карьеры, мало опыта']",Москва,[],[],[],"Москва, Перовское, 2",2635306,более 5000,45940.0,Пятёрочка,От 1 года,Частичная занятость / Совместительство,Не имеет значения,55.733345,37.733536,https://www.superjob.ru/vakansii/pekar-49479587.html,90000.0
51845222,Пекарь,88700,93000,rub,"['Туризм, гостиницы, общественное питание', 'Промышленность, производство']","['Рестораны, кафе, столовые, фастфуд', 'Пищевая промышленность']",Москва,[],[],[],"Москва, Ленинградский, 31А",4311,более 5000,3349.0,Перекресток,Без опыта,Полный рабочий день,Среднее специальное,55.783588,37.560169,https://www.superjob.ru/vakansii/pekar-51845222.html,90850.0
30658365,Токарь,130000,170000,rub,"['Промышленность, производство', 'Рабочий персонал']","['Промышленное оборудование', 'Рабочий персонал, разное', 'Квалифицированный рабочий']",Москва,[],[],[],"Москва, Алтуфьевское шоссе, 79Ас3",3428740,500 — 1000,8.0,«Московский конструкторско-производственный комплекс «Универсал» им. А. И. Привалова»,От 1 года,Полный рабочий день,Среднее специальное,55.883701,37.585636,https://www.superjob.ru/vakansii/tokar-30658365.html,150000.0
51636685,Инженер отдела звукотехники,120000,120000,rub,"['Искусство, культура, развлечения', 'Промышленность, производство']","['Кино, мультипликация', 'Музыка, пение', 'Развлечения, игры, отдых, анимация', 'Промышленное оборудование', 'Другое']",Москва,"['Электрозаводская', 'Семёновская', 'Лефортово', 'Сортировочная']","['МЦД3', 'Арбатско-Покровская', 'Большая кольцевая линия', 'МЦД3']","['orangered', 'darkblue', 'cian', 'orangered']","Москва, Боровая улица, 3к1",4941795,1000 — 5000,9.0,RT,От 1 года,Полный рабочий день,Высшее,55.771706,37.715084,https://www.superjob.ru/vakansii/inzhener-otdela-zvukotehniki-51636685.html,120000.0
51698011,Инженер-энергетик,80000,90000,rub,"['Промышленность, производство']",['Энергетика'],Москва,['Селигерская'],['Люблинско-Дмитровская'],['lime'],"Москва, улица Ивана Сусанина, 3",493048,500 — 1000,9.0,ФГБУ ФБ МСЭ Минтруда России,От 3 лет,Полный рабочий день,Высшее,55.870358,37.525711,https://www.superjob.ru/vakansii/inzhener-energetik-51698011.html,85000.0
51782803,Повар дневной смены на производство,90145,120200,rub,"['Туризм, гостиницы, общественное питание', 'Промышленность, производство']","['Рестораны, кафе, столовые, фастфуд', 'Пищевая промышленность']",Москва,['Алма-Атинская'],['Замоскворецкая'],['green'],Москва,174527,1000 — 5000,0.0,Теремок - Инвест,Без опыта,Полный рабочий день,Не имеет значения,55.755863,37.617699,https://www.superjob.ru/vakansii/povar-dnevnoj-smeny-na-proizvodstvo-51782803.html,105172.5
51780736,Специалист КСП / Специалист календарно-сетевого планирования,180000,200000,rub,"['Бухгалтерия, финансы, аудит', 'Строительство, проектирование, недвижимость', 'Промышленность, производство']","['Планово-экономическое управление', 'Управление строительством, девелопмент', 'Управление проектами (ГИП)', 'Другое']",Москва,['Улица 1905 года'],['Таганско-Краснопресненская'],['violet'],"Москва, 2-я Звенигородская улица, 13с41",4595880,более 5000,68.0,Инжиниринговый холдинг «эВ-групп»,От 3 лет,Полный рабочий день,Не имеет значения,55.761395,37.55267,https://www.superjob.ru/vakansii/specialist-ksp-51780736.html,190000.0
51800809,Метролог-поверитель (Москва),80000,150000,rub,"['Промышленность, производство']","['Контроль качества, сертификация, экспертиза']",Москва,"['Каширская', 'Варшавская', 'Коломенская']","['Большая кольцевая линия', 'Большая кольцевая линия', 'Замоскворецкая']","['cian', 'cian', 'green']","Москва, Варшавское шоссе, д. 42",4353589,менее 50,340.0,Jobers,От 1 года,Неполная дистанционная занятость,Среднее специальное,55.675961,37.625065,https://www.superjob.ru/vakansii/metrolog-poveritel-51800809.html,115000.0
51833916,Распределитель работ (Египет),100000,100000,rub,"['Строительство, проектирование, недвижимость', 'Промышленность, производство']","['Строительно-монтажные работы', 'Атомная энергетика']",Москва,[],[],[],,970633,более 5000,2342.0,Трест Росспецэнергомонтаж,От 1 года,Полный рабочий день,Не имеет значения,,,https://www.superjob.ru/vakansii/raspredelitel-rabot-51833916.html,100000.0
51838598,Электромонтажник по кабельным сетям,90000,100000,rub,"['Строительство, проектирование, недвижимость', 'Промышленность, производство', 'Рабочий персонал']","['Строительно-монтажные работы', 'Эксплуатация зданий', 'Электроснабжение', 'Энергетика', 'Квалифицированный рабочий']",Москва,[],[],[],,4057473,500 — 1000,248.0,Публично-правовая компания «Военно-строительная компания»,От 3 лет,Полный рабочий день,Не имеет значения,,,https://www.superjob.ru/vakansii/elektromontazhnik-po-kabelnym-setyam-51838598.html,95000.0
51856871,Продавец в зону готовой еды,61000,81333,rub,"['Промышленность, производство']",['Пищевая промышленность'],Москва,[],[],[],"Москва, Ясный, 26",280168,более 5000,18164.0,"Магнит, Розничная сеть",Не имеет значения,Сменный график работы,Не имеет значения,55.876522,37.621838,https://www.superjob.ru/vakansii/prodavec-v-zonu-gotovoj-edy-51856871.html,71166.5
50970457,"Пекарь (Москва, Ленинский, 64)",80000,100000,rub,"['Туризм, гостиницы, общественное питание', 'Промышленность, производство']","['Рестораны, кафе, столовые, фастфуд', 'Пищевая промышленность']",Москва,[],[],[],,2635306,более 5000,45940.0,Пятёрочка,Не имеет значения,Частичная занятость / Совместительство,Не имеет значения,,,https://www.superjob.ru/vakansii/pekar-50970457.html,90000.0
51845209,Пекарь,90600,96000,rub,"['Туризм, гостиницы, общественное питание', 'Промышленность, производство']","['Рестораны, кафе, столовые, фастфуд', 'Пищевая промышленность']",Москва,[],[],[],"Москва, Ладожская, 13",4311,более 5000,3349.0,Перекресток,Без опыта,Полный рабочий день,Среднее специальное,55.771858,37.684792,https://www.superjob.ru/vakansii/pekar-51845209.html,93300.0
35223679,Теплотехник,60300,60300,rub,"['Промышленность, производство']",['Энергетика'],Москва,[],[],[],"Москва, Западный административный округ, район Раменки",220831,более 5000,22.0,Московская объединенная энергетическая компания,От 1 года,Полный рабочий день,Среднее специальное,55.704838,37.513988,https://www.superjob.ru/vakansii/teplotehnik-35223679.html,60300.0
50702234,Технико-коммерческий инженер НКУ,120000,180000,rub,"['Промышленность, производство']","['Промышленное оборудование', 'Производство металлических изделий и заготовок']",Москва,[],[],[],"Москва, Бесединское шоссе, 9",2528761,менее 50,0.0,АВВ-ЭЛЕКТРОЩИТ,От 3 лет,Полный рабочий день,Высшее,55.628029,37.754639,https://www.superjob.ru/vakansii/tehniko-kommercheskij-inzhener-nku-50702234.html,150000.0
50715422,Ведущий инженер производственно-технического отдела,142500,142500,rub,"['Строительство, проектирование, недвижимость', 'Промышленность, производство']","['Технический надзор, строительная экспертиза / ПТО', 'Энергетика']",Москва,['Сокольники'],['Большая кольцевая линия'],['cian'],"Москва, Большая Оленья улица",335586,более 5000,40.0,«Оборонэнерго»,От 1 года,Полный рабочий день,Высшее,55.805676,37.691891,https://www.superjob.ru/vakansii/veduschij-inzhener-proizvodstvenno-tehnicheskogo-otdela-50715422.html,142500.0
50935659,Портная на участок пришивания пуговиц,40000,41800,rub,"['Промышленность, производство', 'Услуги, ремонт, сервисное обслуживание']","['Легкая промышленность', 'Ателье']",Москва,['Парк Победы'],['Калининско-Солнцевская'],['yellow'],"Москва, Поклонная улица, 15",3058622,1000 — 5000,79.0,"Сеть химчисток ""Диана""",От 1 года,Полный рабочий день,Не имеет значения,55.733353,37.520527,https://www.superjob.ru/vakansii/portnaya-na-uchastok-prishivaniya-pugovic-50935659.html,40900.0
51320291,Начинающий специалист по осмотру газового оборудования в квартирах (Слесарь),85000,160000,rub,"['Промышленность, производство', 'Рабочий персонал']","['Промышленное оборудование', 'Рабочий персонал, разное', 'Квалифицированный рабочий']",Москва,[],[],[],"Москва, Мрузовский переулок, 11с1",202378,1000 — 5000,36.0,МОСГАЗ,Без опыта,Полный рабочий день,Не имеет значения,55.75745,37.667419,https://www.superjob.ru/vakansii/nachinayuschij-specialist-po-osmotru-gazovogo-oborudovaniya-v-kvartirah-51320291.html,122500.0
51639489,Сварщик МК (Металлоконструкции),180000,238000,rub,"['Промышленность, производство', 'Рабочий персонал']","['Машиностроение, станкостроение', 'Производство металлических изделий и заготовок', 'Рабочий персонал, разное', 'Квалифицированный рабочий']",Москва,[],[],[],,2837310,более 5000,65.0,СтройТрансНефтеГаз,От 1 года,Полный рабочий день,Не имеет значения,,,https://www.superjob.ru/vakansii/svarschik-mk-51639489.html,209000.0
51658027,Инженер-конструктор ПТО,90000,120000,rub,"['Строительство, проектирование, недвижимость', 'Промышленность, производство']","['Технический надзор, строительная экспертиза / ПТО', 'Авиационная промышленность', 'Машиностроение, станкостроение', 'Приборостроение', 'Промышленное оборудование']",Москва,[],[],[],,4553430,менее 50,9.0,"ФИРМА ""ГАЗКОМПЛЕКТ""",От 1 года,Полный рабочий день,Не имеет значения,,,https://www.superjob.ru/vakansii/inzhener-konstruktor-pto-51658027.html,105000.0
51705830,Дежурный электромонтер по обслуживанию западной подстанции,75700,113550,rub,"['Строительство, проектирование, недвижимость', 'Промышленность, производство', 'Рабочий персонал']","['Эксплуатация зданий', 'Электроснабжение', 'Энергетика', 'Квалифицированный рабочий']",Москва,[],[],[],,4019802,более 5000,44.0,Объединенная энергетическая компания,От 1 года,Полный рабочий день,Не имеет значения,,,https://www.superjob.ru/vakansii/dezhurnyj-elektromonter-po-obsluzhivaniyu-zapadnoj-podstancii-51705830.html,94625.0
51734855,Слесарь по ремонту подвижного состава в Тынде,180000,190000,rub,"['Транспорт, логистика, ВЭД', 'Промышленность, производство', 'Рабочий персонал']","['Железнодорожные перевозки', 'Железнодорожное машиностроение', 'Рабочий персонал, разное', 'Квалифицированный рабочий']",Москва,[],[],[],,2466656,более 5000,3173.0,Российские железные дороги,Без опыта,Работа вахтовым методом,Среднее,,,https://www.superjob.ru/vakansii/slesar-po-remontu-podvizhnogo-sostava-v-tynde-51734855.html,185000.0
51780966,Продавец в зону готовой еды,47000,57000,rub,"['Промышленность, производство']",['Пищевая промышленность'],Москва,[],[],[],"Москва, Чистова, 16",280168,более 5000,18164.0,"Магнит, Розничная сеть",Не имеет значения,Сменный график работы,Не имеет значения,55.696789,37.745239,https://www.superjob.ru/vakansii/prodavec-v-zonu-gotovoj-edy-51780966.html,52000.0
50804020,Электромонтажник-наладчик,100000,120000,rub,"['Строительство, проектирование, недвижимость', 'Промышленность, производство', 'Рабочий персонал']","['Электроснабжение', 'Слаботочные системы и сети', 'Энергетика', 'Рабочий персонал, разное', 'Квалифицированный рабочий']",Москва,[],[],[],,4595880,более 5000,68.0,Инжиниринговый холдинг «эВ-групп»,От 1 года,Полный рабочий день,Среднее специальное,,,https://www.superjob.ru/vakansii/elektromontazhnik-naladchik-50804020.html,110000.0
51782800,Повар на производство (ночь),97110,129480,rub,"['Туризм, гостиницы, общественное питание', 'Промышленность, производство']","['Рестораны, кафе, столовые, фастфуд', 'Пищевая промышленность']",Москва,['Говорово'],['Калининско-Солнцевская'],['yellow'],Москва,174527,1000 — 5000,0.0,Теремок - Инвест,Без опыта,Полный рабочий день,Не имеет значения,55.755863,37.617699,https://www.superjob.ru/vakansii/povar-na-proizvodstvo-51782800.html,113295.0
51800800,Столяр,100000,150000,rub,"['Промышленность, производство', 'Рабочий персонал', 'Строительство, проектирование, недвижимость']","['Мебельное производство', 'Квалифицированный рабочий', 'Строительство деревянных домов и конструкций']",Москва,"['Братиславская', 'Марьино', 'Перерва']","['Люблинско-Дмитровская', 'Люблинско-Дмитровская', 'МЦД2']","['lime', 'lime', 'fuchsia']","Москва, Иловайская улица, д. 12Ас1",4353589,менее 50,340.0,Jobers,Без опыта,Неполная дистанционная занятость,Не имеет значения,55.6609,37.721264,https://www.superjob.ru/vakansii/stolyar-51800800.html,125000.0
51838641,Электромонтажник по силовым сетям,90000,100000,rub,"['Строительство, проектирование, недвижимость', 'Промышленность, производство', 'Рабочий персонал']","['Строительно-монтажные работы', 'Эксплуатация зданий', 'Электроснабжение', 'Энергетика', 'Квалифицированный рабочий']",Москва,[],[],[],,4057473,500 — 1000,248.0,Публично-правовая компания «Военно-строительная компания»,От 3 лет,Полный рабочий день,Не имеет значения,,,https://www.superjob.ru/vakansii/elektromontazhnik-po-silovym-setyam-51838641.html,95000.0
51847772,Начинающий специалист по промышленной безопасности 2 категории,85000,93000,rub,"['Промышленность, производство']",['Промышленная безопасность'],Москва,[],[],[],"Москва, Ленинградское шоссе, 58",2738853,500 — 1000,11.0,Научно-исследовательский машиностроительный институт имени В. В. Бахирева,От 1 года,Полный рабочий день,Не имеет значения,55.839527,37.48288,https://www.superjob.ru/vakansii/nachinayuschij-specialist-po-promyshlennoj-bezopasnosti-2-kategorii-51847772.html,89000.0
51848822,Упаковщик на производство,70000,90000,rub,"['Промышленность, производство', 'Рабочий персонал']","['Другое', 'Рабочий персонал, разное']",Москва,['Бульвар Рокоссовского'],['МЦК'],['lightpink'],"Москва, Пермская улица, 1с7-8",2367016,1000 — 5000,24.0,ПРОФБИЗНЕС,Без опыта,Полный рабочий день,Не имеет значения,55.819923,37.748116,https://www.superjob.ru/vakansii/upakovschik-na-proizvodstvo-51848822.html,80000.0
51854760,Слесарь-механик радиоэлектронной аппаратуры и приборов 5 разряда,115000,115000,rub,"['Промышленность, производство', 'Рабочий персонал']","['Радиотехническая и электронная промышленность', 'Ракетно-космическая отрасль', 'Производство металлических изделий и заготовок', 'Рабочий персонал, разное', 'Квалифицированный рабочий']",Москва,['Авиамоторная'],['МЦД3'],['orangered'],"Москва, Авиамоторная улица, 53к2",542741,более 5000,10.0,Российские космические системы,От 1 года,Полный рабочий день,Не имеет значения,55.746204,37.722767,https://www.superjob.ru/vakansii/slesar-mehanik-radioelektronnoj-apparatury-i-priborov-5-razryada-51854760.html,115000.0
51757882,Дизайнер-консультант мебели Mr.Doors,60000,150000,rub,"['Дизайн', 'Промышленность, производство', 'Продажи']","['Дизайн интерьера', 'Мебельное производство', 'Мебель']",Москва,['Шелепиха'],['Большая кольцевая линия'],['cian'],"Москва, Береговой проезд, 3",4930492,менее 50,1.0,Ателье мебели MrDoors,От 1 года,Полный рабочий день,Не имеет значения,55.757378,37.508865,https://www.superjob.ru/vakansii/dizajner-konsultant-mebeli-mr-51757882.html,105000.0
51795625,"Пекарь (Москва, Хорошёвское, 48)",80000,100000,rub,"['Туризм, гостиницы, общественное питание', 'Промышленность, производство']","['Рестораны, кафе, столовые, фастфуд', 'Пищевая промышленность']",Москва,[],[],[],,2635306,более 5000,45940.0,Пятёрочка,Не имеет значения,Частичная занятость / Совместительство,Не имеет значения,,,https://www.superjob.ru/vakansii/pekar-51795625.html,90000.0
51847092,Пекарь,75000,85000,rub,"['Туризм, гостиницы, общественное питание', 'Промышленность, производство']","['Рестораны, кафе, столовые, фастфуд', 'Пищевая промышленность']",Москва,[],[],[],"Москва, Лазоревый, 5",4311,более 5000,3349.0,Перекресток,Без опыта,Полный рабочий день,Среднее специальное,55.847713,37.636608,https://www.superjob.ru/vakansii/pekar-51847092.html,80000.0
51847604,Старший смены,75000,89000,rub,"['Промышленность, производство']",['Другое'],Москва,[],[],[],,1989605,100 — 500,81.0,Консул медиа,От 1 года,Полный рабочий день,Не имеет значения,,,https://www.superjob.ru/vakansii/starshij-smeny-51847604.html,82000.0
51848072,Сварщик,130000,140000,rub,"['Промышленность, производство', 'Рабочий персонал']","['Машиностроение, станкостроение', 'Производство металлических изделий и заготовок', 'Рабочий персонал, разное', 'Квалифицированный рабочий']",Москва,['Перово'],['МЦД3'],['orangered'],"Москва, 1-я Карачаровская улица, 8с2",0,,,,От 3 лет,Полный рабочий день,Не имеет значения,55.735085,37.755123,https://www.superjob.ru/vakansii/svarschik-51848072.html,135000.0
47790081,"Оператор на пищевое производство (соусный, бакалейный цех)",90000,110000,rub,"['Промышленность, производство', 'Рабочий персонал']","['Пищевая промышленность', 'Рабочий персонал, разное']",Москва,['Нагорная'],['Серпуховско-Тимирязевская'],['gray'],"Москва, Электролитный проезд, 3с1",4347512,100 — 500,3.0,РАСПАК,Без опыта,Сменный график работы,Не имеет значения,55.674549,37.615631,https://www.superjob.ru/vakansii/operator-na-pischevoe-proizvodstvo-47790081.html,100000.0
50717459,Инженер-технолог (ОП-56),100000,100000,rub,"['Промышленность, производство']","['Приборостроение', 'Радиотехническая и электронная промышленность']",Москва,"['Автозаводская', 'Дубровка']","['МЦК', 'МЦК']","['lightpink', 'lightpink']","Москва, Велозаводская улица, 5",653944,1000 — 5000,8.0,«Корпорация «Комета»,От 3 лет,Полный рабочий день,Высшее,55.714218,37.665775,https://www.superjob.ru/vakansii/inzhener-tehnolog-50717459.html,100000.0
49179184,Ведущий инженер-проектировщик,150000,150000,rub,"['Строительство, проектирование, недвижимость', 'Промышленность, производство']","['Проектирование', 'Производство товаров народного потребления', 'Промышленное оборудование']",Москва,['Окружная'],['МЦД1'],['darkorange'],"Москва, Локомотивный проезд",870917,менее 50,2.0,"ООО ""Современные Транспортные Технологии""",От 3 лет,Полный рабочий день,Высшее,55.84269,37.575432,https://www.superjob.ru/vakansii/veduschij-inzhener-proektirovschik-49179184.html,150000.0
51560027,Ведущий инженер дизель-генераторных установок (ДГУ) источников бесперебойного питания (ИБП),120000,120000,rub,"['Наука, образование, повышение квалификации', 'Промышленность, производство']","['НИИ, КБ', 'Промышленное оборудование']",Москва,['Парк Культуры'],['Кольцевая'],['brown'],"Москва, Зубовский бульвар, 4с1",4941795,1000 — 5000,9.0,RT,От 3 лет,Полный рабочий день,Высшее,55.737358,37.590496,https://www.superjob.ru/vakansii/veduschij-inzhener-dizel-generatornyh-ustanovok-51560027.html,120000.0
51658014,Инженер-конструктор металлоконструкций,90000,100000,rub,"['Промышленность, производство']","['Авиационная промышленность', 'Машиностроение, станкостроение', 'Приборостроение', 'Промышленное оборудование', 'Энергомашиностроение']",Москва,[],[],[],,4553430,менее 50,9.0,"ФИРМА ""ГАЗКОМПЛЕКТ""",От 1 года,Полный рабочий день,Не имеет значения,,,https://www.superjob.ru/vakansii/inzhener-konstruktor-metallokonstrukcij-51658014.html,95000.0
51726968,Инженер измерительной лаборатории,80000,80000,rub,"['Промышленность, производство']","['Контроль качества, сертификация, экспертиза', 'Другое']",Москва,[],[],[],"Москва, улица Трофимова",2168125,500 — 1000,10.0,Экоофис,От 1 года,Полный рабочий день,Среднее специальное,55.702934,37.672729,https://www.superjob.ru/vakansii/inzhener-izmeritelnoj-laboratorii-51726968.html,80000.0
51778149,Упаковщик на производство,70000,90000,rub,"['Промышленность, производство', 'Рабочий персонал']","['Другое', 'Рабочий персонал, разное']",Москва,['Бульвар Рокоссовского'],['МЦК'],['lightpink'],"Москва, Пермская улица, 1с7-8",2367016,1000 — 5000,24.0,ПРОФБИЗНЕС,Без опыта,Полный рабочий день,Не имеет значения,55.819923,37.748116,https://www.superjob.ru/vakansii/upakovschik-na-proizvodstvo-51778149.html,80000.0
51780005,Сменный технолог (кондитерский цех),145000,167000,rub,"['Туризм, гостиницы, общественное питание', 'Промышленность, производство']","['Рестораны, кафе, столовые, фастфуд', 'Пищевая промышленность']",Москва,['Новокосино'],['Калининско-Солнцевская'],['yellow'],,3513522,500 — 1000,2.0,Эко-меню,От 3 лет,Полный рабочий день,Не имеет значения,,,https://www.superjob.ru/vakansii/smennyj-tehnolog-51780005.html,156000.0
51780670,Печатник,100000,140000,rub,"['Промышленность, производство', 'Рабочий персонал']","['Полиграфическое производство', 'Рабочий персонал, разное', 'Квалифицированный рабочий']",Москва,"['Отрадное', 'Владыкино']","['Серпуховско-Тимирязевская', 'МЦК']","['gray', 'lightpink']","Москва, Сигнальный проезд, д. 19",4353589,менее 50,340.0,Jobers,От 1 года,Сменный график работы,Не имеет значения,55.854225,37.593445,https://www.superjob.ru/vakansii/pechatnik-51780670.html,120000.0
51782790,Повар-блинопек,93260,139890,rub,"['Туризм, гостиницы, общественное питание', 'Промышленность, производство']","['Рестораны, кафе, столовые, фастфуд', 'Пищевая промышленность']",Москва,['Третьяковская'],['Калужско-Рижская'],['orange'],,174527,1000 — 5000,0.0,Теремок - Инвест,Без опыта,Полный рабочий день,Не имеет значения,,,https://www.superjob.ru/vakansii/povar-blinopek-51782790.html,116575.0
51793899,Инженер по технологическим присоединениям,85600,128400,rub,"['Промышленность, производство']","['Машиностроение, станкостроение', 'Приборостроение', 'Производство товаров народного потребления', 'Промышленное оборудование', 'Другое']",Москва,"['Чертановская', 'Южная', 'Пражская', 'Улица Академика Янгеля']","['Серпуховско-Тимирязевская', 'Серпуховско-Тимирязевская', 'Серпуховско-Тимирязевская', 'Серпуховско-Тимирязевская']","['gray', 'gray', 'gray', 'gray']","Москва, Днепропетровский проезд, 4А",4019802,более 5000,44.0,Объединенная энергетическая компания,Без опыта,Полный рабочий день,Не имеет значения,55.619732,37.61496,https://www.superjob.ru/vakansii/inzhener-po-tehnologicheskim-prisoedineniyam-51793899.html,107000.0
51846026,Продавец в зону готовой еды,68000,97600,rub,"['Промышленность, производство', 'Продажи']","['Пищевая промышленность', 'Производство товаров народного потребления', 'Продукты питания']",Москва,[],[],[],"Москва, Маршала Тухачевского, 34",280168,более 5000,18164.0,"Магнит, Розничная сеть",Не имеет значения,Сменный график работы,Не имеет значения,55.785053,37.471912,https://www.superjob.ru/vakansii/prodavec-v-zonu-gotovoj-edy-51846026.html,82800.0
51867639,Старший кладовщик/Начальник смены,98000,104000,rub,"['Транспорт, логистика, ВЭД', 'Промышленность, производство']","['Складское хозяйство', 'Полиграфическое производство', 'Автомобильная промышленность', 'Металлургия', 'Пищевая промышленность']",Москва,"['Петровско-Разумовская', 'Окружная', 'Лихоборы']","['МЦД3', 'МЦД1', 'МЦД3']","['orangered', 'darkorange', 'orangered']",Прянишникова дом 19 А стр 2,4768235,менее 50,0.0,Юникстайл,От 1 года,Полный рабочий день,Не имеет значения,,,https://www.superjob.ru/vakansii/starshij-kladovschik-51867639.html,101000.0
29629571,Заготовщик верха обуви / Швея (на обувное производство),84000,85000,rub,"['Промышленность, производство']",['Легкая промышленность'],Москва,['Шоссе Энтузиастов'],['МЦК'],['lightpink'],"Москва, улица Плющева, 18к2",2925313,менее 50,3.0,Метеор,От 1 года,Полный рабочий день,Среднее специальное,55.74136,37.76054,https://www.superjob.ru/vakansii/zagotovschik-verha-obuvi-29629571.html,84500.0
50779162,Пекарь,80000,100000,rub,"['Туризм, гостиницы, общественное питание', 'Промышленность, производство']","['Рестораны, кафе, столовые, фастфуд', 'Пищевая промышленность']",Москва,[],[],[],"Москва, Ярцевская, 34",2635306,более 5000,45940.0,Пятёрочка,Не имеет значения,Частичная занятость / Совместительство,Не имеет значения,55.742092,37.418732,https://www.superjob.ru/vakansii/pekar-50779162.html,90000.0
51845191,Пекарь,75000,100000,rub,"['Туризм, гостиницы, общественное питание', 'Промышленность, производство']","['Рестораны, кафе, столовые, фастфуд', 'Пищевая промышленность']",Москва,[],[],[],"Москва, Большой Овчинниковский, 16",4311,более 5000,3349.0,Перекресток,Без опыта,Полный рабочий день,Среднее специальное,55.744461,37.630222,https://www.superjob.ru/vakansii/pekar-51845191.html,87500.0
44297370,Кладовщик,113000,113000,rub,"['Транспорт, логистика, ВЭД', 'Промышленность, производство']","['Складское хозяйство', 'Радиотехническая и электронная промышленность']",Москва,"['Полежаевская', 'Шелепиха']","['Таганско-Краснопресненская', 'Большая кольцевая линия']","['violet', 'cian']","Москва, 2-й Магистральный тупик",692390,менее 50,7.0,Центр Новых Технологий,От 1 года,Полный рабочий день,Среднее специальное,55.768036,37.522999,https://www.superjob.ru/vakansii/kladovschik-44297370.html,113000.0
51577440,Инженер по эксплуатации систем холодоснабжения (чиллеры и кондиционеры),124000,124000,rub,"['Строительство, проектирование, недвижимость', 'Промышленность, производство']","['Эксплуатация зданий', 'Автомобильная промышленность', 'Машиностроение, станкостроение', 'Нефтегазовое машиностроение', 'Промышленное оборудование']",Москва,"['Электрозаводская', 'Семёновская', 'Лефортово']","['МЦД3', 'Арбатско-Покровская', 'Большая кольцевая линия']","['orangered', 'darkblue', 'cian']","Москва, Боровая улица, 3к1",4941795,1000 — 5000,9.0,RT,От 3 лет,Полный рабочий день,Среднее специальное,55.771706,37.715084,https://www.superjob.ru/vakansii/inzhener-po-ekspluatacii-sistem-holodosnabzheniya-51577440.html,124000.0
51725789,Слесарь-обходчик,73000,85000,rub,"['Промышленность, производство', 'Рабочий персонал']","['Промышленное оборудование', 'Рабочий персонал, разное', 'Квалифицированный рабочий']",Москва,[],[],[],"Москва, улица Лобачевского, 118с1",202378,1000 — 5000,36.0,МОСГАЗ,Без опыта,Полный рабочий день,Не имеет значения,55.691887,37.475155,https://www.superjob.ru/vakansii/slesar-obhodchik-51725789.html,79000.0
51780004,Сменный технолог (кондитерский цех),145000,167000,rub,"['Туризм, гостиницы, общественное питание', 'Промышленность, производство']","['Рестораны, кафе, столовые, фастфуд', 'Пищевая промышленность']",Москва,[],[],[],,3513522,500 — 1000,2.0,Эко-меню,От 3 лет,Полный рабочий день,Не имеет значения,,,https://www.superjob.ru/vakansii/smennyj-tehnolog-51780004.html,156000.0
51782186,Продавец в зону готовой еды,78100,104900,rub,"['Промышленность, производство']",['Пищевая промышленность'],Москва,[],[],[],"Москва, Хамовнический Вал, 34",280168,более 5000,18164.0,"Магнит, Розничная сеть",Не имеет значения,Сменный график работы,Не имеет значения,55.721897,37.563477,https://www.superjob.ru/vakansii/prodavec-v-zonu-gotovoj-edy-51782186.html,91500.0
51794966,Лаборант,51000,57000,rub,"['Медицина, фармацевтика, ветеринария', 'Строительство, проектирование, недвижимость', 'Промышленность, производство']","['Больницы, поликлиники, диагностические центры, лаборатории', 'Начало карьеры, мало опыта', 'Начало карьеры, мало опыта']",Москва,[],[],[],"Москва, Шипиловская улица, 40",1993556,50 — 100,2.0,ДОКТОР Н,Без опыта,Полный рабочий день,Не имеет значения,55.620716,37.725758,https://www.superjob.ru/vakansii/laborant-51794966.html,54000.0
51808385,Инженер по сварке,240000,240000,rub,"['Строительство, проектирование, недвижимость', 'Промышленность, производство']","['Строительно-монтажные работы', 'Трубопроводы', 'Металлургия', 'Промышленное оборудование', 'Производство металлических изделий и заготовок']",Москва,[],[],[],,4595880,более 5000,68.0,Инжиниринговый холдинг «эВ-групп»,От 3 лет,Полный рабочий день,Не имеет значения,,,https://www.superjob.ru/vakansii/inzhener-po-svarke-51808385.html,240000.0
51829391,Микробиолог,80000,80000,rub,"['Медицина, фармацевтика, ветеринария', 'Промышленность, производство']","['Санитарно-эпидемиологический надзор', 'Пищевая промышленность', 'Химическая промышленность', 'Контроль качества, сертификация, экспертиза']",Москва,['Каширская'],['Большая кольцевая линия'],['cian'],"Каширское шоссе, 24",3637784,менее 50,0.0,"""НМИЦ онкологии им. Н. Н. Блохина"" Минздрава России",От 1 года,Полный рабочий день,Не имеет значения,,,https://www.superjob.ru/vakansii/mikrobiolog-51829391.html,80000.0
51829458,"Автослесарь, автомеханик",200000,350000,rub,"['Промышленность, производство', 'Услуги, ремонт, сервисное обслуживание', 'Рабочий персонал']","['Автомобильная промышленность', 'Автосервис', 'Квалифицированный рабочий']",Москва,['Медведково'],['Калужско-Рижская'],['orange'],"Москва, Полярная улица, д. 37",4353589,менее 50,340.0,Jobers,От 3 лет,Сменный график работы,Не имеет значения,55.889805,37.644432,https://www.superjob.ru/vakansii/avtoslesar-51829458.html,275000.0
51850440,Повар-блинопек,93260,139890,rub,"['Туризм, гостиницы, общественное питание', 'Промышленность, производство']","['Рестораны, кафе, столовые, фастфуд', 'Пищевая промышленность']",Москва,['Лианозово'],['МЦД1'],['darkorange'],,174527,1000 — 5000,0.0,Теремок - Инвест,Без опыта,Полный рабочий день,Не имеет значения,,,https://www.superjob.ru/vakansii/povar-blinopek-51850440.html,116575.0
51863927,Прораб / Начальник участка,150000,180000,rub,"['Строительство, проектирование, недвижимость', 'Промышленность, производство']","['Строительно-монтажные работы', 'Электроснабжение', 'Трубопроводы', 'Транспортные системы (мосты, дороги, тоннели)', 'Производство стройматериалов']",Москва,[],[],[],"Москва, 7-я улица Лазенки, 15",4946252,менее 50,1.0,ЭСК,От 3 лет,Полный рабочий день,Не имеет значения,55.656391,37.349731,https://www.superjob.ru/vakansii/prorab-51863927.html,165000.0
51854757,Регулировщик РЭА и приборов 4-5 разряд,110000,140000,rub,"['Промышленность, производство', 'Рабочий персонал']","['Радиотехническая и электронная промышленность', 'Ракетно-космическая отрасль', 'Квалифицированный рабочий']",Москва,['Авиамоторная'],['МЦД3'],['orangered'],"Москва, Авиамоторная улица, 53к2",542741,более 5000,10.0,Российские космические системы,От 3 лет,Полный рабочий день,Не имеет значения,55.746204,37.722767,https://www.superjob.ru/vakansii/regulirovschik-rea-i-priborov-4-5-razryad-51854757.html,125000.0
50779864,Пекарь,80000,100000,rub,"['Туризм, гостиницы, общественное питание', 'Промышленность, производство', 'Продажи']","['Рестораны, кафе, столовые, фастфуд', 'Пищевая промышленность', 'Начало карьеры, мало опыта']",Москва,[],[],[],"Москва, Лебедянская, 28",2635306,более 5000,45940.0,Пятёрочка,От 1 года,Частичная занятость / Совместительство,Не имеет значения,55.584084,37.690308,https://www.superjob.ru/vakansii/pekar-50779864.html,90000.0
51679852,"Специалист-эксперт по драгоценным камням, геммолог",80000,120000,rub,"['Промышленность, производство']",['Ювелирная промышленность'],Москва,[],[],[],"Москва, Смольная улица, 12",4934132,менее 50,4.0,Федеральная пробирная палата,От 3 лет,Полный рабочий день,Высшее,55.849873,37.497387,https://www.superjob.ru/vakansii/specialist-ekspert-po-dragocennym-kamnyam-51679852.html,100000.0
51725105,Главный специалист календарно-сетевого планирования (в Египет),185000,200000,rub,"['Строительство, проектирование, недвижимость', 'Промышленность, производство']","['Управление строительством, девелопмент', 'Управление проектами (ГИП)', 'Атомная энергетика']",Москва,[],[],[],город Эль-Дабаа,970633,более 5000,2342.0,Трест Росспецэнергомонтаж,От 3 лет,Полный рабочий день,Не имеет значения,31.027443,28.438936,https://www.superjob.ru/vakansii/glavnyj-specialist-kalendarno-setevogo-planirovaniya-51725105.html,192500.0
51845163,Пекарь,89700,95000,rub,"['Туризм, гостиницы, общественное питание', 'Промышленность, производство']","['Рестораны, кафе, столовые, фастфуд', 'Пищевая промышленность']",Москва,[],[],[],"Москва, Скульптора Мухиной, 12",4311,более 5000,3349.0,Перекресток,Без опыта,Полный рабочий день,Среднее специальное,55.639751,37.341591,https://www.superjob.ru/vakansii/pekar-51845163.html,92350.0
49969495,Печатник трафаретной печати (шелкография),70000,100000,rub,"['Промышленность, производство', 'Рабочий персонал']","['Полиграфическое производство', 'Рабочий персонал, разное']",Москва,"['Электрозаводская', 'Авиамоторная', 'Лефортово']","['МЦД3', 'МЦД3', 'Большая кольцевая линия']","['orangered', 'orangered', 'cian']","Москва, Боровая улица, 7с7",470358,менее 50,1.0,КолорЭлектроникс,Без опыта,Полный рабочий день,Не имеет значения,55.768356,37.717476,https://www.superjob.ru/vakansii/pechatnik-trafaretnoj-pechati-49969495.html,85000.0
51576715,"Ведущий инженер (АВР, ВРУ)",120000,120000,rub,"['Наука, образование, повышение квалификации', 'Промышленность, производство']","['НИИ, КБ', 'Промышленное оборудование']",Москва,['Парк Культуры'],['Кольцевая'],['brown'],"Москва, Зубовский бульвар, 4с1",4941795,1000 — 5000,9.0,RT,От 3 лет,Полный рабочий день,Высшее,55.737358,37.590496,https://www.superjob.ru/vakansii/veduschij-inzhener-51576715.html,120000.0
51680263,Ведущий инженер теплотехнического оборудования,120000,120000,rub,"['Наука, образование, повышение квалификации', 'Промышленность, производство']","['НИИ, КБ', 'Промышленное оборудование']",Москва,['Каширская'],['Большая кольцевая линия'],['cian'],"Москва, Каширское шоссе, 24с2",3637784,менее 50,0.0,"""НМИЦ онкологии им. Н. Н. Блохина"" Минздрава России",От 3 лет,Полный рабочий день,Не имеет значения,55.65522,37.644897,https://www.superjob.ru/vakansii/veduschij-inzhener-teplotehnicheskogo-oborudovaniya-51680263.html,120000.0
50454963,"Инженер по вентиляционному, климатическому и сантехническому оборудованию (стационарный)",130000,130000,rub,"['Промышленность, производство', 'Сырье']","['Приборостроение', 'Промышленное оборудование', 'Оборудование']",Москва,['Лубянка'],['Сокольническая'],['red'],,2671282,100 — 500,14.0,Чистый город,От 3 лет,Полный рабочий день,Среднее специальное,,,https://www.superjob.ru/vakansii/inzhener-po-ventilyacionnomu-50454963.html,130000.0
51801674,Повар-блинопек,93260,139890,rub,"['Туризм, гостиницы, общественное питание', 'Промышленность, производство']","['Рестораны, кафе, столовые, фастфуд', 'Пищевая промышленность']",Москва,['Проспект Мира'],['Калужско-Рижская'],['orange'],,174527,1000 — 5000,0.0,Теремок - Инвест,Без опыта,Полный рабочий день,Не имеет значения,,,https://www.superjob.ru/vakansii/povar-blinopek-51801674.html,116575.0
51825531,Ведущий инженер,100000,110000,rub,"['Наука, образование, повышение квалификации', 'Промышленность, производство']","['НИИ, КБ', 'Промышленное оборудование']",Москва,[],[],[],"Москва, улица Академика Королёва, дом 15, к.2",3974341,более 5000,984.0,РТРС,Без опыта,Полный рабочий день,Не имеет значения,,,https://www.superjob.ru/vakansii/veduschij-inzhener-51825531.html,105000.0
51843438,Продавец в зону готовой еды,68000,97600,rub,"['Промышленность, производство']",['Пищевая промышленность'],Москва,[],[],[],"Москва, Нижние Мнёвники, 20",280168,более 5000,18164.0,"Магнит, Розничная сеть",Не имеет значения,Сменный график работы,Не имеет значения,55.748775,37.458687,https://www.superjob.ru/vakansii/prodavec-v-zonu-gotovoj-edy-51843438.html,82800.0
51844125,Продавец – консультант галереи вин Отдохни (г. Красногорск),115000,250000,rub,"['Промышленность, производство']",['Пищевая промышленность'],Москва,"['Митино', 'Пенягино', 'Павшино', 'Красногорская']","['Арбатско-Покровская', 'МЦД2', 'МЦД2', 'МЦД2']","['darkblue', 'fuchsia', 'fuchsia', 'fuchsia']","Московская область, Красногорск",400494,более 5000,236.0,"КуулКлевер (МясновЪ, Отдохни)",Без опыта,Полный рабочий день,Не имеет значения,55.82037,37.319485,https://www.superjob.ru/vakansii/prodavec-51844125.html,182500.0
51845650,Машинист буровой установки,140000,190000,rub,"['Промышленность, производство', 'Сырье', 'Строительство, проектирование, недвижимость']","['Промышленное оборудование', 'Разведка и разработка месторождений', 'Экологическое сопровождение проектов']",Москва,[],[],[],,4156139,менее 50,0.0,"ФСК ""Мостоотряд-47""",От 1 года,Работа вахтовым методом,Не имеет значения,,,https://www.superjob.ru/vakansii/mashinist-burovoj-ustanovki-51845650.html,165000.0
51854739,Инженер-схемотехник (космическая отрасль),80000,180000,rub,"['Промышленность, производство']","['Приборостроение', 'Радиотехническая и электронная промышленность']",Москва,[],[],[],,542741,более 5000,10.0,Российские космические системы,От 1 года,Полный рабочий день,Не имеет значения,,,https://www.superjob.ru/vakansii/inzhener-shemotehnik-51854739.html,130000.0
50766924,Пекарь,80000,100000,rub,"['Туризм, гостиницы, общественное питание', 'Промышленность, производство']","['Рестораны, кафе, столовые, фастфуд', 'Пищевая промышленность']",Москва,[],[],[],"Москва, Берзарина, 32",2635306,более 5000,45940.0,Пятёрочка,Не имеет значения,Частичная занятость / Совместительство,Не имеет значения,55.790783,37.470177,https://www.superjob.ru/vakansii/pekar-50766924.html,90000.0
51846179,Швея,80000,120000,rub,"['Промышленность, производство', 'Услуги, ремонт, сервисное обслуживание']","['Легкая промышленность', 'Ателье']",Москва,[],[],[],"Москва, Кантемировская улица",0,,,,От 1 года,Полный рабочий день,Не имеет значения,55.638527,37.650551,https://www.superjob.ru/vakansii/shveya-51846179.html,100000.0
51847068,Пекарь,75000,95000,rub,"['Промышленность, производство', 'Топ-персонал']","['Пищевая промышленность', 'Промышленность, производство, сельское хозяйство']",Москва,[],[],[],"Москва, Румянцево, 1",4311,более 5000,3349.0,Перекресток,Без опыта,Полный рабочий день,Среднее специальное,55.623844,37.44347,https://www.superjob.ru/vakansii/pekar-51847068.html,85000.0
51847123,Мастер-приёмщик слесарного цеха,100000,180000,rub,"['Промышленность, производство']","['Машиностроение, станкостроение']",Москва,[],[],[],"г Москва, Дмитровское шоссе, д 163 стр 1",3797376,менее 50,337.0,JOBCART.RU,От 1 года,Полный рабочий день,Не имеет значения,55.911362,37.538422,https://www.superjob.ru/vakansii/master-prijomschik-slesarnogo-ceha-51847123.html,140000.0
38731834,Печатник в типографию,100000,130000,rub,"['СМИ, издательства', 'Промышленность, производство', 'Маркетинг, реклама, PR']","['Печатные издания', 'Издательская деятельность', 'Начало карьеры, мало опыта', 'Полиграфическое производство', 'Печатная реклама']",Москва,['Румянцево'],['Сокольническая'],['red'],"Москва, деревня Румянцево",705817,менее 50,2.0,Студия 3Графика,От 1 года,Полный рабочий день,Не имеет значения,55.633698,37.425053,https://www.superjob.ru/vakansii/pechatnik-v-tipografiyu-38731834.html,115000.0
42543190,Менеджер по продажам промышленного оборудования,150000,350000,rub,"['Промышленность, производство', 'Продажи']","['Машиностроение, станкостроение', 'Приборостроение', 'Оборудование', 'Сырье', 'Тендеры']",Москва,[],[],[],"Москва, Автозаводская улица, 23Ак2",4243498,менее 50,1.0,АВХ-терминал,От 1 года,Полный рабочий день,Высшее,55.70285,37.648476,https://www.superjob.ru/vakansii/menedzher-po-prodazham-promyshlennogo-oborudovaniya-42543190.html,250000.0
51186778,Специалист отдела контроля качества,45000,55000,rub,"['Промышленность, производство']","['Контроль качества, сертификация, экспертиза']",Москва,"['Домодедовская', 'Шипиловская']","['Замоскворецкая', 'Люблинско-Дмитровская']","['green', 'lime']","Москва, Шипиловская улица, 40",1993556,50 — 100,2.0,ДОКТОР Н,Без опыта,Полный рабочий день,Не имеет значения,55.620716,37.725758,https://www.superjob.ru/vakansii/specialist-otdela-kontrolya-kachestva-51186778.html,50000.0
51649922,Ведущий инженер,124600,124600,rub,"['Наука, образование, повышение квалификации', 'Промышленность, производство']","['НИИ, КБ', 'Промышленное оборудование']",Москва,"['Электрозаводская', 'Семёновская', 'Лефортово', 'Сортировочная']","['МЦД3', 'Арбатско-Покровская', 'Большая кольцевая линия', 'МЦД3']","['orangered', 'darkblue', 'cian', 'orangered']","Москва, Боровая улица, 3к1",4941795,1000 — 5000,9.0,RT,От 3 лет,Полный рабочий день,Не имеет значения,55.771706,37.715084,https://www.superjob.ru/vakansii/veduschij-inzhener-51649922.html,124600.0
51680242,Инженер теплотехнического оборудования,120000,120000,rub,"['Промышленность, производство']","['Машиностроение, станкостроение', 'Приборостроение', 'Производство товаров народного потребления', 'Промышленное оборудование', 'Другое']",Москва,['Каширская'],['Большая кольцевая линия'],['cian'],"Москва, Каширское шоссе, 24с2",3637784,менее 50,0.0,"""НМИЦ онкологии им. Н. Н. Блохина"" Минздрава России",От 3 лет,Полный рабочий день,Не имеет значения,55.65522,37.644897,https://www.superjob.ru/vakansii/inzhener-teplotehnicheskogo-oborudovaniya-51680242.html,120000.0
51698275,Лаборант (Прием биологического материала),57471,57471,rub,"['Промышленность, производство', 'Сырье']","['Атомная энергетика', 'Технологии']",Москва,[],[],[],"Москва, Полимерная улица, 8",355437,100 — 500,5115.0,ФБУН ЦНИИ Эпидемиологии Роспотребнадзора,Без опыта,Полный рабочий день,Не имеет значения,55.746059,37.799706,https://www.superjob.ru/vakansii/laborant-51698275.html,57471.0
51726699,Специалист по промышленной безопасности 1 категории,100000,110000,rub,"['Промышленность, производство']",['Промышленная безопасность'],Москва,['Водный стадион'],['Замоскворецкая'],['green'],,2738853,500 — 1000,11.0,Научно-исследовательский машиностроительный институт имени В. В. Бахирева,От 1 года,Полный рабочий день,Не имеет значения,,,https://www.superjob.ru/vakansii/specialist-po-promyshlennoj-bezopasnosti-1-kategorii-51726699.html,105000.0
51791707,Печатник офсетной печати (А1),100000,130000,rub,"['Промышленность, производство', 'Рабочий персонал']","['Полиграфическое производство', 'Рабочий персонал, разное', 'Квалифицированный рабочий']",Москва,['Авиамоторная'],['МЦД3'],['orangered'],"Москва, 2-я Кабельная улица, д. 2с5",4353589,менее 50,340.0,Jobers,От 3 лет,Сменный график работы,Не имеет значения,55.748074,37.71413,https://www.superjob.ru/vakansii/pechatnik-ofsetnoj-pechati-51791707.html,115000.0
51801670,Повар (ночь) на производство,97110,129480,rub,"['Туризм, гостиницы, общественное питание', 'Промышленность, производство']","['Рестораны, кафе, столовые, фастфуд', 'Пищевая промышленность']",Москва,['Москворечье'],['МЦД2'],['fuchsia'],Москва,174527,1000 — 5000,0.0,Теремок - Инвест,Без опыта,Полный рабочий день,Не имеет значения,55.755863,37.617699,https://www.superjob.ru/vakansii/povar-51801670.html,113295.0
51823741,Монтажник РЭА и приборов (3-4 разрядов),110000,130000,rub,"['Промышленность, производство']",['Радиотехническая и электронная промышленность'],Москва,['Планерная'],['Таганско-Краснопресненская'],['violet'],"Москва, улица Героев Панфиловцев, 10с6А",859013,500 — 1000,1.0,ПАО Радиофизика,От 3 лет,Полный рабочий день,Не имеет значения,55.858547,37.437332,https://www.superjob.ru/vakansii/montazhnik-rea-i-priborov-51823741.html,120000.0
51841528,Мастер по турбине,200000,250000,rub,"['Строительство, проектирование, недвижимость', 'Промышленность, производство']","['Эксплуатация зданий', 'Атомная энергетика']",Москва,['Бутырская'],['Люблинско-Дмитровская'],['lime'],"Москва, Огородный проезд, 14",2347718,100 — 500,1.0,Теплоэнергомонтаж,От 3 лет,Полный рабочий день,Не имеет значения,55.814346,37.601707,https://www.superjob.ru/vakansii/master-po-turbine-51841528.html,225000.0
51841788,Главный энергетик,140000,210000,rub,"['Промышленность, производство', 'Топ-персонал']","['Энергетика', 'Энергомашиностроение', 'Строительство, проектирование, недвижимость', 'Промышленность, производство, сельское хозяйство']",Москва,[],[],[],"Московская область, Лобня, Краснополянский тупик, 10",196244,более 5000,28.0,Металл Профиль,От 1 года,Полный рабочий день,Не имеет значения,56.0257,37.444054,https://www.superjob.ru/vakansii/glavnyj-energetik-51841788.html,175000.0
51842734,Продавец в зону готовой еды,73100,97600,rub,"['Промышленность, производство']",['Пищевая промышленность'],Москва,[],[],[],"Москва, Адмирала Лазарева, 40",280168,более 5000,18164.0,"Магнит, Розничная сеть",Не имеет значения,Сменный график работы,Не имеет значения,55.544258,37.523251,https://www.superjob.ru/vakansii/prodavec-v-zonu-gotovoj-edy-51842734.html,85350.0
50753149,Пекарь,80000,100000,rub,"['Туризм, гостиницы, общественное питание', 'Промышленность, производство', 'Продажи']","['Рестораны, кафе, столовые, фастфуд', 'Пищевая промышленность', 'Начало карьеры, мало опыта']",Москва,[],[],[],"Москва, Новочеркасский, 21А",2635306,более 5000,45940.0,Пятёрочка,От 1 года,Частичная занятость / Совместительство,Не имеет значения,55.647964,37.72784,https://www.superjob.ru/vakansii/pekar-50753149.html,90000.0
51829435,Сварщик-монтажник,88000,202500,rub,"['Промышленность, производство', 'Рабочий персонал']","['Машиностроение, станкостроение', 'Производство металлических изделий и заготовок', 'Рабочий персонал, разное', 'Квалифицированный рабочий']",Москва,[],[],[],,3797376,менее 50,337.0,JOBCART.RU,От 1 года,Полный рабочий день,Не имеет значения,,,https://www.superjob.ru/vakansii/svarschik-montazhnik-51829435.html,145250.0
51845143,Пекарь,90600,95000,rub,"['Туризм, гостиницы, общественное питание', 'Промышленность, производство']","['Рестораны, кафе, столовые, фастфуд', 'Пищевая промышленность']",Москва,[],[],[],"Москва, Марксистская, 1",4311,более 5000,3349.0,Перекресток,Без опыта,Полный рабочий день,Среднее специальное,55.740177,37.659389,https://www.superjob.ru/vakansii/pekar-51845143.html,92800.0
25893412,Водитель автобуса,75000,75000,rub,"['Транспорт, логистика, ВЭД', 'Промышленность, производство']","['Автоперевозки', 'ВЭД', 'Авиационная промышленность', 'Автомобильная промышленность', 'Промышленное оборудование']",Москва,"['Кунцевская', 'Славянский бульвар', 'Давыдково']","['МЦД1', 'МЦД1', 'Большая кольцевая линия']","['darkorange', 'darkorange', 'cian']","Москва, Верейская улица, 29",123971,100 — 500,1.0,Оборонительные системы,От 3 лет,Полный рабочий день,Среднее,55.711033,37.436291,https://www.superjob.ru/vakansii/voditel-avtobusa-25893412.html,75000.0
39513112,Слесарь механосборочных работ 3-6 разряда,75000,120000,rub,"['Промышленность, производство', 'Рабочий персонал']","['Машиностроение, станкостроение', 'Производство металлических изделий и заготовок', 'Рабочий персонал, разное', 'Квалифицированный рабочий']",Москва,[],[],[],"Москва, Алтуфьевское шоссе, 79Ас3",3428740,500 — 1000,8.0,«Московский конструкторско-производственный комплекс «Универсал» им. А. И. Привалова»,От 1 года,Полный рабочий день,Среднее специальное,55.883701,37.585636,https://www.superjob.ru/vakansii/slesar-mehanosborochnyh-rabot-3-6-razryada-39513112.html,97500.0
43269199,Повар,110000,110000,rub,"['Туризм, гостиницы, общественное питание', 'Промышленность, производство']","['Кейтеринг', 'Рестораны, кафе, столовые, фастфуд', 'Другое', 'Пищевая промышленность']",Москва,['Домодедовская'],['Замоскворецкая'],['green'],"Москва, МКАД, 24-й километр, 1",3551066,более 5000,43.0,Твой Дом,Без опыта,Полный рабочий день,Не имеет значения,55.586807,37.724976,https://www.superjob.ru/vakansii/povar-43269199.html,110000.0
48786092,Швея на пошив одежды,90000,170000,rub,"['Промышленность, производство', 'Услуги, ремонт, сервисное обслуживание']","['Легкая промышленность', 'Ателье']",Москва,[],[],[],"Московская область, Химки, Вашутинское шоссе",951177,менее 50,1.0,Алабер,От 1 года,Полный рабочий день,Не имеет значения,55.921825,37.412579,https://www.superjob.ru/vakansii/shveya-na-poshiv-odezhdy-48786092.html,130000.0
50368890,Автослесарь,120000,180000,rub,"['Транспорт, логистика, ВЭД', 'Промышленность, производство', 'Услуги, ремонт, сервисное обслуживание', 'Рабочий персонал']","['Автоперевозки', 'Автомобильная промышленность', 'Автосервис', 'Рабочий персонал, разное', 'Квалифицированный рабочий']",Москва,[],[],[],"Москва, Московская улица, 12",3408879,менее 50,3.0,Стора,От 1 года,Полный рабочий день,Не имеет значения,55.669777,37.413429,https://www.superjob.ru/vakansii/avtoslesar-50368890.html,150000.0
47767747,Радиомонтажник,60000,100000,rub,"['Промышленность, производство', 'Рабочий персонал']","['Приборостроение', 'Промышленное оборудование', 'Радиотехническая и электронная промышленность', 'Начало карьеры, мало опыта', 'Квалифицированный рабочий']",Москва,[],[],[],"Москва, Колодезный переулок, 2Ас1",3752863,менее 50,2.0,ТОР,От 3 лет,Полный рабочий день,Не имеет значения,55.799046,37.6954,https://www.superjob.ru/vakansii/radiomontazhnik-47767747.html,80000.0
50704773,Слесарь ВДГО,85000,160000,rub,"['Промышленность, производство', 'Рабочий персонал']","['Промышленное оборудование', 'Рабочий персонал, разное', 'Квалифицированный рабочий']",Москва,[],[],[],"Москва, Мрузовский переулок, 11с1",202378,1000 — 5000,36.0,МОСГАЗ,Без опыта,Полный рабочий день,Среднее специальное,55.75745,37.667419,https://www.superjob.ru/vakansii/slesar-vdgo-50704773.html,122500.0
44872532,Главный механик сектора по промышленной безопасности,117100,117100,rub,"['Услуги, ремонт, сервисное обслуживание', 'Топ-персонал', 'Промышленность, производство']","['Автосервис', 'Промышленное оборудование', 'Промышленность, производство, сельское хозяйство', 'Услуги, ремонт, сервисное обслуживание', 'Промышленная безопасность']",Москва,['Говорово'],['Калининско-Солнцевская'],['yellow'],"Москва, улица Терёшково, 3",220831,более 5000,22.0,Московская объединенная энергетическая компания,От 3 лет,Полный рабочий день,Высшее,55.660488,37.405678,https://www.superjob.ru/vakansii/glavnyj-mehanik-sektora-po-promyshlennoj-bezopasnosti-44872532.html,117100.0
51622814,Шлифовщик-полировщик,100000,130000,rub,"['Промышленность, производство', 'Рабочий персонал']","['Промышленное оборудование', 'Рабочий персонал, разное', 'Квалифицированный рабочий']",Москва,"['Перово', 'Андроновка', 'Нижегородская', 'Чухлинка']","['МЦД3', 'МЦД3', 'МЦД4', 'МЦД4']","['orangered', 'orangered', 'mediumaquamarine', 'mediumaquamarine']","Москва, 1-я Карачаровская улица, 8с1",431570,50 — 100,3.0,СКС,От 1 года,Полный рабочий день,Не имеет значения,55.735909,37.754044,https://www.superjob.ru/vakansii/shlifovschik-polirovschik-51622814.html,115000.0
51656200,Автослесарь по ремонту грузовых автомобилей,100000,120000,rub,"['Промышленность, производство', 'Услуги, ремонт, сервисное обслуживание']","['Автомобильная промышленность', 'Автосервис']",Москва,[],[],[],,3726411,менее 50,4.0,СтройПроект-М,От 3 лет,Полный рабочий день,Не имеет значения,,,https://www.superjob.ru/vakansii/avtoslesar-po-remontu-gruzovyh-avtomobilej-51656200.html,110000.0
51680294,Начальник смены фармацевтического производства филиал,107000,107000,rub,"['Промышленность, производство']","['Полиграфическое производство', 'Пищевая промышленность', 'Производство алкогольных и безалкогольных напитков', 'Производство товаров народного потребления']",Москва,['Каширская'],['Большая кольцевая линия'],['cian'],"Москва, Каширское шоссе, 24с2",3637784,менее 50,0.0,"""НМИЦ онкологии им. Н. Н. Блохина"" Минздрава России",От 1 года,Полный рабочий день,Не имеет значения,55.65522,37.644897,https://www.superjob.ru/vakansii/nachalnik-smeny-farmacevticheskogo-proizvodstva-filial-51680294.html,107000.0
51790287,Механик по ремонту спецтехники,80000,150000,rub,"['Промышленность, производство', 'Услуги, ремонт, сервисное обслуживание', 'Рабочий персонал']","['Автомобильная промышленность', 'Сельскохозяйственная техника', 'Автосервис', 'Рабочий персонал, разное', 'Квалифицированный рабочий']",Москва,"['Лианозово', 'Физтех', 'Лианозово']","['МЦД1', 'Люблинско-Дмитровская', 'Люблинско-Дмитровская']","['darkorange', 'lime', 'lime']","Москва, Дмитровское шоссе, д. 165к1",4353589,менее 50,340.0,Jobers,От 1 года,Полный рабочий день,Не имеет значения,55.914234,37.539616,https://www.superjob.ru/vakansii/mehanik-po-remontu-spectehniki-51790287.html,115000.0
26560492,Менеджер по работе с клиентами в типографии,110000,140000,rub,"['СМИ, издательства', 'Промышленность, производство', 'Маркетинг, реклама, PR']","['Печатные издания', 'Издательская деятельность', 'Полиграфическое производство', 'Наружная реклама', 'Печатная реклама']",Москва,['Румянцево'],['Сокольническая'],['red'],"Москва, Сокольническая линия, метро Румянцево",705817,менее 50,2.0,Студия 3Графика,От 1 года,Полный рабочий день,Не имеет значения,55.633026,37.441402,https://www.superjob.ru/vakansii/menedzher-po-rabote-s-klientami-v-tipografii-26560492.html,125000.0
51801662,Повар (ночь) в пищевой цех,97110,129480,rub,"['Промышленность, производство']",['Пищевая промышленность'],Москва,['Марьино'],['Люблинско-Дмитровская'],['lime'],Москва,174527,1000 — 5000,0.0,Теремок - Инвест,Без опыта,Полный рабочий день,Не имеет значения,55.755863,37.617699,https://www.superjob.ru/vakansii/povar-51801662.html,113295.0
51840603,Повар универсал,100000,130000,rub,"['Туризм, гостиницы, общественное питание', 'Промышленность, производство']","['Рестораны, кафе, столовые, фастфуд', 'Пищевая промышленность']",Москва,['Аэропорт'],['Замоскворецкая'],['green'],"Москва, Ленинградский проспект, 39с14",4960485,менее 50,0.0,РУЖИЦКАЯ В. В.,От 1 года,Полный рабочий день,Не имеет значения,55.796673,37.538879,https://www.superjob.ru/vakansii/povar-universal-51840603.html,115000.0
51854000,Слесарь КИПиА,110000,120000,rub,"['Промышленность, производство', 'Строительство, проектирование, недвижимость', 'Рабочий персонал']","['Промышленное оборудование', 'Слаботочные системы и сети', 'Квалифицированный рабочий']",Москва,[],[],[],"Москва, улица Бутлерова, 17Б",3384548,менее 50,1.0,ГК ЖКХ Ресурс,От 3 лет,Полный рабочий день,Не имеет значения,55.648212,37.540855,https://www.superjob.ru/vakansii/slesar-kipia-51854000.html,115000.0
51859237,Старший смены собственного производства в Гипермаркет Магнит,104700,114000,rub,"['Промышленность, производство']",['Другое'],Москва,[],[],[],"Москва, Бартеневская, 12",280168,более 5000,18164.0,"Магнит, Розничная сеть",От 1 года,Полный рабочий день,Не имеет значения,55.551628,37.528072,https://www.superjob.ru/vakansii/starshij-smeny-sobstvennogo-proizvodstva-v-gipermarket-magnit-51859237.html,109350.0
51854730,Токарь,110000,145000,rub,"['Промышленность, производство', 'Рабочий персонал']","['Радиотехническая и электронная промышленность', 'Ракетно-космическая отрасль', 'Производство металлических изделий и заготовок', 'Рабочий персонал, разное', 'Квалифицированный рабочий']",Москва,[],[],[],,542741,более 5000,10.0,Российские космические системы,От 3 лет,Полный рабочий день,Среднее специальное,,,https://www.superjob.ru/vakansii/tokar-51854730.html,127500.0
45855920,Лаборант (лаборатории контроля качества),80000,80000,rub,"['Медицина, фармацевтика, ветеринария', 'Строительство, проектирование, недвижимость', 'Промышленность, производство']","['Больницы, поликлиники, диагностические центры, лаборатории', 'Начало карьеры, мало опыта', 'Начало карьеры, мало опыта']",Москва,"['Каховская', 'Нахимовский проспект']","['Большая кольцевая линия', 'Серпуховско-Тимирязевская']","['cian', 'gray']","Москва, Симферопольский бульвар, 8",4112170,менее 50,1.0,"Научно-производственный центр ""ФОКС и Ко""",От 1 года,Полный рабочий день,Среднее специальное,55.658497,37.606091,https://www.superjob.ru/vakansii/laborant-45855920.html,80000.0
50863942,Пекарь-кондитер (на производство),114000,171000,rub,"['Туризм, гостиницы, общественное питание', 'Промышленность, производство']","['Рестораны, кафе, столовые, фастфуд', 'Пищевая промышленность']",Москва,['Озёрная'],['Калининско-Солнцевская'],['yellow'],,1989605,100 — 500,81.0,Консул медиа,Без опыта,Полный рабочий день,Не имеет значения,,,https://www.superjob.ru/vakansii/pekar-konditer-50863942.html,142500.0
50970612,"Пекарь (Москва, Криворожская, 29)",80000,100000,rub,"['Туризм, гостиницы, общественное питание', 'Промышленность, производство']","['Рестораны, кафе, столовые, фастфуд', 'Пищевая промышленность']",Москва,[],[],[],,2635306,более 5000,45940.0,Пятёрочка,Не имеет значения,Частичная занятость / Совместительство,Не имеет значения,,,https://www.superjob.ru/vakansii/pekar-50970612.html,90000.0
50973042,"Пекарь (Москва, Старобитцевская, 21А)",67320,91341,rub,"['Туризм, гостиницы, общественное питание', 'Промышленность, производство']","['Рестораны, кафе, столовые, фастфуд', 'Пищевая промышленность']",Москва,[],[],[],,2635306,более 5000,45940.0,Пятёрочка,Не имеет значения,Частичная занятость / Совместительство,Не имеет значения,,,https://www.superjob.ru/vakansii/pekar-50973042.html,79330.5
51794929,Мастер цеха СТО,100000,250000,rub,"['Промышленность, производство', 'Рабочий персонал']","['Другое', 'Рабочий персонал, разное']",Москва,[],[],[],"г Москва, Дмитровское шоссе, д 163 стр 1",3797376,менее 50,337.0,JOBCART.RU,От 1 года,Полный рабочий день,Не имеет значения,55.911362,37.538422,https://www.superjob.ru/vakansii/master-ceha-sto-51794929.html,175000.0
51808745,Пекарь,75000,90000,rub,"['Туризм, гостиницы, общественное питание', 'Промышленность, производство']","['Рестораны, кафе, столовые, фастфуд', 'Пищевая промышленность']",Москва,[],[],[],"Москва, Братьев Весниных, 2",4311,более 5000,3349.0,Перекресток,Без опыта,Полный рабочий день,Среднее специальное,55.698807,37.638531,https://www.superjob.ru/vakansii/pekar-51808745.html,82500.0
51850492,Инженер-металлург,90000,110000,rub,"['Промышленность, производство']",['Металлургия'],Москва,[],[],[],"Москва, Большая Семёновская улица, 49",4961417,менее 50,1.0,TOOLDIRECT,От 3 лет,Полный рабочий день,Не имеет значения,55.781677,37.715649,https://www.superjob.ru/vakansii/inzhener-metallurg-51850492.html,100000.0
46546777,Маляр порошковой покраски,100000,110000,rub,"['Промышленность, производство']",['Производство металлических изделий и заготовок'],Москва,[],[],[],"Москва, 1-я Карачаровская улица, 8с3",431570,50 — 100,3.0,СКС,От 1 года,Сменный график работы,Не имеет значения,55.735882,37.756165,https://www.superjob.ru/vakansii/malyar-poroshkovoj-pokraski-46546777.html,105000.0
51073565,Инженер,60000,70000,rub,"['Строительство, проектирование, недвижимость', 'Промышленность, производство']","['Строительно-монтажные работы', 'Технический надзор, строительная экспертиза / ПТО', 'Производство стройматериалов', 'Производство товаров народного потребления', 'Контроль качества, сертификация, экспертиза']",Москва,['Войковская'],['Замоскворецкая'],['green'],"Москва, улица Зои и Александра Космодемьянских, 8к1",3107146,менее 50,9.0,Академия управления МВД России,От 1 года,Полный рабочий день,Высшее,55.819599,37.506947,https://www.superjob.ru/vakansii/inzhener-51073565.html,65000.0
51668135,Упаковщик на мясное производство,72000,86400,rub,"['Промышленность, производство', 'Рабочий персонал']","['Другое', 'Рабочий персонал, разное']",Москва,"['Орехово', 'Царицыно', 'Красный Строитель']","['Замоскворецкая', 'МЦД2', 'МЦД2']","['green', 'fuchsia', 'fuchsia']","Москва, Бирюлёвская улица, 38с3",400494,более 5000,236.0,"КуулКлевер (МясновЪ, Отдохни)",Без опыта,Полный рабочий день,Не имеет значения,55.588043,37.664078,https://www.superjob.ru/vakansii/upakovschik-na-myasnoe-proizvodstvo-51668135.html,79200.0
51692409,"Продавец-кассир в магазин, продавец консультант в магазин",68000,75000,rub,"['Промышленность, производство']",['Атомная энергетика'],Москва,[],[],[],"Москва, Щёлковское шоссе, 26Б",75401,более 5000,3198.0,"""БЭСТ ПРАЙС"" / Fix Price",Без опыта,Полный рабочий день,Не имеет значения,55.809204,37.780903,https://www.superjob.ru/vakansii/prodavec-kassir-v-magazin-51692409.html,71500.0
51801653,Грузчик на производство,92032,122712,rub,"['Транспорт, логистика, ВЭД', 'Промышленность, производство']","['Складское хозяйство', 'Другое']",Москва,['ЗИЛ'],['МЦК'],['lightpink'],,174527,1000 — 5000,0.0,Теремок - Инвест,Без опыта,Полный рабочий день,Не имеет значения,,,https://www.superjob.ru/vakansii/gruzchik-na-proizvodstvo-51801653.html,107372.0
51833774,Фасовщик в отдел Гастрономия,67100,84200,rub,"['Промышленность, производство']",['Пищевая промышленность'],Москва,"['Выхино', 'Рязанский проспект', 'Люблино', 'Лермонтовский проспект', 'Жулебино', 'Котельники', 'Косино', 'Юго-Восточная', 'Ухтомская', 'Люберцы']","['МЦД3', 'Таганско-Краснопресненская', 'Люблинско-Дмитровская', 'Таганско-Краснопресненская', 'Таганско-Краснопресненская', 'Таганско-Краснопресненская', 'МЦД3', 'Некрасовская', 'МЦД3', 'МЦД3']","['orangered', 'violet', 'lime', 'violet', 'violet', 'violet', 'orangered', 'hotpink', 'orangered', 'orangered']","Московская область, Котельники, 1-й Покровский проезд, 5",154882,более 5000,605.0,Ашан,Без опыта,Полный рабочий день,Не имеет значения,55.653297,37.844215,https://www.superjob.ru/vakansii/fasovschik-v-otdel-gastronomiya-51833774.html,75650.0
51838842,Сварщики 4-6 разряд,135000,235000,rub,"['Строительство, проектирование, недвижимость', 'Промышленность, производство']","['Строительно-монтажные работы', 'Трубопроводы', 'Атомная энергетика']",Москва,[],[],[],,970633,более 5000,2342.0,Трест Росспецэнергомонтаж,От 1 года,Полный рабочий день,Не имеет значения,,,https://www.superjob.ru/vakansii/svarschiki-4-6-razryad-51838842.html,185000.0
51846854,Продавец магазина Магнит,63100,87600,rub,"['Строительство, проектирование, недвижимость', 'Промышленность, производство']","['Управление недвижимостью', 'Авиационная промышленность']",Москва,[],[],[],"Москва, Рязанский проспект, 33",280168,более 5000,18164.0,"Магнит, Розничная сеть",Не имеет значения,Полный рабочий день,Не имеет значения,55.729645,37.750748,https://www.superjob.ru/vakansii/prodavec-magazina-magnit-51846854.html,75350.0
51852668,Сантехник-сварщик,70000,100000,rub,"['Строительство, проектирование, недвижимость', 'Промышленность, производство', 'Рабочий персонал']","['Водоснабжение, канализация', 'Машиностроение, станкостроение', 'Производство металлических изделий и заготовок', 'Рабочий персонал, разное', 'Квалифицированный рабочий']",Москва,"['Рассказовка', 'Филатов Луг']","['Калининско-Солнцевская', 'Сокольническая']","['yellow', 'red']","Москва, Новомосковский административный округ, Филимонковский район, Московский, 1-й микрорайон, 23Г",4408618,менее 50,2.0,УК АНЕМОН,От 1 года,Полный рабочий день,Не имеет значения,55.603439,37.355812,https://www.superjob.ru/vakansii/santehnik-svarschik-51852668.html,85000.0
51854771,Инженер в плановый отдел производства,70000,95000,rub,"['Промышленность, производство']","['Машиностроение, станкостроение', 'Радиотехническая и электронная промышленность', 'Ракетно-космическая отрасль', 'Контроль качества, сертификация, экспертиза']",Москва,['Авиамоторная'],['МЦД3'],['orangered'],"Москва, Авиамоторная улица, 53к2",542741,более 5000,10.0,Российские космические системы,От 1 года,Полный рабочий день,Не имеет значения,55.746204,37.722767,https://www.superjob.ru/vakansii/inzhener-v-planovyj-otdel-proizvodstva-51854771.html,82500.0
48264000,Пекарь,80000,100000,rub,"['Туризм, гостиницы, общественное питание', 'Промышленность, производство', 'Продажи']","['Рестораны, кафе, столовые, фастфуд', 'Пищевая промышленность', 'Начало карьеры, мало опыта']",Москва,[],[],[],"Москва, Медынская, 7",2635306,более 5000,45940.0,Пятёрочка,От 1 года,Частичная занятость / Совместительство,Не имеет значения,55.586411,37.648212,https://www.superjob.ru/vakansii/pekar-48264000.html,90000.0
48768988,Пекарь,80000,100000,rub,"['Туризм, гостиницы, общественное питание', 'Промышленность, производство']","['Рестораны, кафе, столовые, фастфуд', 'Пищевая промышленность']",Москва,[],[],[],"Москва, Маршала Рыбалко, 5",2635306,более 5000,45940.0,Пятёрочка,Не имеет значения,Частичная занятость / Совместительство,Не имеет значения,55.79649,37.493038,https://www.superjob.ru/vakansii/pekar-48768988.html,90000.0
48772771,Пекарь,81000,100000,rub,"['Туризм, гостиницы, общественное питание', 'Промышленность, производство']","['Рестораны, кафе, столовые, фастфуд', 'Пищевая промышленность']",Москва,[],[],[],"Москва, Ферганская, 6",2635306,более 5000,45940.0,Пятёрочка,Не имеет значения,Частичная занятость / Совместительство,Не имеет значения,55.708042,37.801178,https://www.superjob.ru/vakansii/pekar-48772771.html,90500.0
48776602,Пекарь,80000,100000,rub,"['Туризм, гостиницы, общественное питание', 'Промышленность, производство', 'Продажи']","['Рестораны, кафе, столовые, фастфуд', 'Пищевая промышленность', 'Начало карьеры, мало опыта']",Москва,[],[],[],"Москва, Люблинская, 108А",2635306,более 5000,45940.0,Пятёрочка,От 1 года,Частичная занятость / Совместительство,Не имеет значения,55.651234,37.741234,https://www.superjob.ru/vakansii/pekar-48776602.html,90000.0
48779425,Пекарь,80000,100000,rub,"['Туризм, гостиницы, общественное питание', 'Промышленность, производство', 'Продажи']","['Рестораны, кафе, столовые, фастфуд', 'Пищевая промышленность', 'Начало карьеры, мало опыта']",Москва,[],[],[],"Москва, Неманский, 1",2635306,более 5000,45940.0,Пятёрочка,Не имеет значения,Частичная занятость / Совместительство,Не имеет значения,55.815884,37.393982,https://www.superjob.ru/vakansii/pekar-48779425.html,90000.0
50564823,Пекарь,80000,100000,rub,"['Туризм, гостиницы, общественное питание', 'Промышленность, производство']","['Рестораны, кафе, столовые, фастфуд', 'Пищевая промышленность']",Москва,[],[],[],"Москва, Мира, 131",2635306,более 5000,45940.0,Пятёрочка,Не имеет значения,Частичная занятость / Совместительство,Не имеет значения,55.832134,37.650551,https://www.superjob.ru/vakansii/pekar-50564823.html,90000.0
50575062,Пекарь,80000,100000,rub,"['Туризм, гостиницы, общественное питание', 'Промышленность, производство', 'Продажи']","['Рестораны, кафе, столовые, фастфуд', 'Пищевая промышленность', 'Начало карьеры, мало опыта']",Москва,[],[],[],"Москва, Дегунинская, 10",2635306,более 5000,45940.0,Пятёрочка,От 1 года,Частичная занятость / Совместительство,Не имеет значения,55.865475,37.537647,https://www.superjob.ru/vakansii/pekar-50575062.html,90000.0
50587764,Пекарь,80000,100000,rub,"['Туризм, гостиницы, общественное питание', 'Промышленность, производство']","['Рестораны, кафе, столовые, фастфуд', 'Пищевая промышленность']",Москва,[],[],[],"Москва, Салтыковская, 31",2635306,более 5000,45940.0,Пятёрочка,Не имеет значения,Частичная занятость / Совместительство,Не имеет значения,55.739948,37.874542,https://www.superjob.ru/vakansii/pekar-50587764.html,90000.0
50596624,Пекарь,80000,100000,rub,"['Туризм, гостиницы, общественное питание', 'Промышленность, производство']","['Рестораны, кафе, столовые, фастфуд', 'Пищевая промышленность']",Москва,[],[],[],"Москва, Максимова, 18",2635306,более 5000,45940.0,Пятёрочка,Не имеет значения,Частичная занятость / Совместительство,Не имеет значения,55.796692,37.464985,https://www.superjob.ru/vakansii/pekar-50596624.html,90000.0
50598585,Пекарь,80000,100000,rub,"['Туризм, гостиницы, общественное питание', 'Промышленность, производство', 'Продажи']","['Рестораны, кафе, столовые, фастфуд', 'Пищевая промышленность', 'Начало карьеры, мало опыта']",Москва,[],[],[],"Москва, Полярная, 21",2635306,более 5000,45940.0,Пятёрочка,От 1 года,Частичная занятость / Совместительство,Не имеет значения,55.879421,37.634605,https://www.superjob.ru/vakansii/pekar-50598585.html,90000.0
50606252,Пекарь,80000,100000,rub,"['Туризм, гостиницы, общественное питание', 'Промышленность, производство']","['Рестораны, кафе, столовые, фастфуд', 'Пищевая промышленность']",Москва,[],[],[],"Москва, Юрловский, 13",2635306,более 5000,45940.0,Пятёрочка,Не имеет значения,Частичная занятость / Совместительство,Не имеет значения,55.867916,37.62244,https://www.superjob.ru/vakansii/pekar-50606252.html,90000.0
50614103,Пекарь,80000,100000,rub,"['Туризм, гостиницы, общественное питание', 'Промышленность, производство']","['Рестораны, кафе, столовые, фастфуд', 'Пищевая промышленность']",Москва,[],[],[],"Москва, Башиловская, 12",2635306,более 5000,45940.0,Пятёрочка,Не имеет значения,Частичная занятость / Совместительство,Не имеет значения,55.797119,37.576996,https://www.superjob.ru/vakansii/pekar-50614103.html,90000.0
50619653,"Пекарь (Москва, Горбунова, 7)",80000,100000,rub,"['Туризм, гостиницы, общественное питание', 'Промышленность, производство']","['Рестораны, кафе, столовые, фастфуд', 'Пищевая промышленность']",Москва,[],[],[],"Москва, Горбунова, 2",2635306,более 5000,45940.0,Пятёрочка,Не имеет значения,Частичная занятость / Совместительство,Не имеет значения,55.72517,37.396282,https://www.superjob.ru/vakansii/pekar-50619653.html,90000.0
50619655,Пекарь,80000,100000,rub,"['Туризм, гостиницы, общественное питание', 'Промышленность, производство']","['Рестораны, кафе, столовые, фастфуд', 'Пищевая промышленность']",Москва,[],[],[],"Москва, Кулакова, 16",2635306,более 5000,45940.0,Пятёрочка,Не имеет значения,Частичная занятость / Совместительство,Не имеет значения,55.806934,37.393848,https://www.superjob.ru/vakansii/pekar-50619655.html,90000.0
50645349,Пекарь,80000,100000,rub,"['Туризм, гостиницы, общественное питание', 'Промышленность, производство', 'Продажи']","['Рестораны, кафе, столовые, фастфуд', 'Пищевая промышленность', 'Начало карьеры, мало опыта']",Москва,[],[],[],"Москва, Тагильская, 3",2635306,более 5000,45940.0,Пятёрочка,От 1 года,Частичная занятость / Совместительство,Не имеет значения,55.81665,37.757637,https://www.superjob.ru/vakansii/pekar-50645349.html,90000.0
50706007,Пекарь,80000,100000,rub,"['Туризм, гостиницы, общественное питание', 'Промышленность, производство', 'Продажи']","['Рестораны, кафе, столовые, фастфуд', 'Пищевая промышленность', 'Начало карьеры, мало опыта']",Москва,[],[],[],"Москва, Михалковская, 52",2635306,более 5000,45940.0,Пятёрочка,От 1 года,Частичная занятость / Совместительство,Не имеет значения,55.838375,37.510826,https://www.superjob.ru/vakansii/pekar-50706007.html,90000.0
50718284,Пекарь,67000,86000,rub,"['Туризм, гостиницы, общественное питание', 'Промышленность, производство', 'Продажи']","['Рестораны, кафе, столовые, фастфуд', 'Пищевая промышленность', 'Начало карьеры, мало опыта']",Москва,[],[],[],"Москва, Прокшинский, 7",2635306,более 5000,45940.0,Пятёрочка,От 1 года,Частичная занятость / Совместительство,Не имеет значения,55.592007,37.430939,https://www.superjob.ru/vakansii/pekar-50718284.html,76500.0
50738243,Пекарь,80000,100000,rub,"['Туризм, гостиницы, общественное питание', 'Промышленность, производство']","['Рестораны, кафе, столовые, фастфуд', 'Пищевая промышленность']",Москва,[],[],[],"Москва, Таллинская, 26",2635306,более 5000,45940.0,Пятёрочка,Не имеет значения,Частичная занятость / Совместительство,Не имеет значения,55.799881,37.407627,https://www.superjob.ru/vakansii/pekar-50738243.html,90000.0
50741411,Пекарь,80000,100000,rub,"['Туризм, гостиницы, общественное питание', 'Промышленность, производство', 'Продажи']","['Рестораны, кафе, столовые, фастфуд', 'Пищевая промышленность', 'Начало карьеры, мало опыта']",Москва,[],[],[],"Москва, Марии Поливановой, 6",2635306,более 5000,45940.0,Пятёрочка,От 1 года,Частичная занятость / Совместительство,Не имеет значения,55.678307,37.452999,https://www.superjob.ru/vakansii/pekar-50741411.html,90000.0
50741521,Пекарь,80000,100000,rub,"['Туризм, гостиницы, общественное питание', 'Промышленность, производство']","['Рестораны, кафе, столовые, фастфуд', 'Пищевая промышленность']",Москва,[],[],[],"Москва, Соболевский, 22",2635306,более 5000,45940.0,Пятёрочка,Не имеет значения,Частичная занятость / Совместительство,Не имеет значения,55.833809,37.52314,https://www.superjob.ru/vakansii/pekar-50741521.html,90000.0
50742346,Пекарь,90000,110000,rub,"['Туризм, гостиницы, общественное питание', 'Промышленность, производство', 'Продажи']","['Рестораны, кафе, столовые, фастфуд', 'Пищевая промышленность', 'Начало карьеры, мало опыта']",Москва,[],[],[],"Москва, Протопоповский, 38",2635306,более 5000,45940.0,Пятёрочка,От 1 года,Частичная занятость / Совместительство,Не имеет значения,55.779469,37.643505,https://www.superjob.ru/vakansii/pekar-50742346.html,100000.0
50742546,Пекарь,80000,100000,rub,"['Туризм, гостиницы, общественное питание', 'Промышленность, производство', 'Продажи']","['Рестораны, кафе, столовые, фастфуд', 'Пищевая промышленность', 'Начало карьеры, мало опыта']",Москва,[],[],[],"Москва, Чертановская, 7А",2635306,более 5000,45940.0,Пятёрочка,От 1 года,Частичная занятость / Совместительство,Не имеет значения,55.630867,37.601357,https://www.superjob.ru/vakansii/pekar-50742546.html,90000.0
50742787,Пекарь,80000,100000,rub,"['Туризм, гостиницы, общественное питание', 'Промышленность, производство', 'Продажи']","['Рестораны, кафе, столовые, фастфуд', 'Пищевая промышленность', 'Начало карьеры, мало опыта']",Москва,[],[],[],"Москва, Жулебинский, 15",2635306,более 5000,45940.0,Пятёрочка,От 1 года,Частичная занятость / Совместительство,Не имеет значения,55.695644,37.851582,https://www.superjob.ru/vakansii/pekar-50742787.html,90000.0
50742917,Пекарь,80000,100000,rub,"['Туризм, гостиницы, общественное питание', 'Промышленность, производство']","['Рестораны, кафе, столовые, фастфуд', 'Пищевая промышленность']",Москва,[],[],[],"Москва, Осенний, 8А",2635306,более 5000,45940.0,Пятёрочка,Не имеет значения,Частичная занятость / Совместительство,Не имеет значения,55.756092,37.409271,https://www.superjob.ru/vakansii/pekar-50742917.html,90000.0
50742933,Пекарь,67000,91300,rub,"['Туризм, гостиницы, общественное питание', 'Промышленность, производство']","['Рестораны, кафе, столовые, фастфуд', 'Пищевая промышленность']",Москва,[],[],[],"Москва, Старобитцевская, 11",2635306,более 5000,45940.0,Пятёрочка,Не имеет значения,Частичная занятость / Совместительство,Не имеет значения,55.574806,37.587856,https://www.superjob.ru/vakansii/pekar-50742933.html,79150.0
50744210,Пекарь,80000,100000,rub,"['Туризм, гостиницы, общественное питание', 'Промышленность, производство', 'Продажи']","['Рестораны, кафе, столовые, фастфуд', 'Пищевая промышленность', 'Начало карьеры, мало опыта']",Москва,[],[],[],"Москва, Молостовых, 1А",2635306,более 5000,45940.0,Пятёрочка,От 1 года,Частичная занятость / Совместительство,Не имеет значения,55.765347,37.833267,https://www.superjob.ru/vakansii/pekar-50744210.html,90000.0
50746138,Пекарь,80000,100000,rub,"['Туризм, гостиницы, общественное питание', 'Промышленность, производство']","['Рестораны, кафе, столовые, фастфуд', 'Пищевая промышленность']",Москва,[],[],[],"Москва, Василия Ботылёва, 14А",2635306,более 5000,45940.0,Пятёрочка,Не имеет значения,Частичная занятость / Совместительство,Не имеет значения,55.787937,37.355652,https://www.superjob.ru/vakansii/pekar-50746138.html,90000.0
50746402,Пекарь,80000,100000,rub,"['Туризм, гостиницы, общественное питание', 'Промышленность, производство', 'Продажи']","['Рестораны, кафе, столовые, фастфуд', 'Пищевая промышленность', 'Начало карьеры, мало опыта']",Москва,[],[],[],"Москва, Декабристов, 20",2635306,более 5000,45940.0,Пятёрочка,От 1 года,Частичная занятость / Совместительство,Не имеет значения,55.861691,37.609821,https://www.superjob.ru/vakansii/pekar-50746402.html,90000.0
51202410,"Пекарь (Москва, Ивана Сусанина, 2)",80000,100000,rub,"['Туризм, гостиницы, общественное питание', 'Промышленность, производство']","['Рестораны, кафе, столовые, фастфуд', 'Пищевая промышленность']",Москва,[],[],[],,2635306,более 5000,45940.0,Пятёрочка,Не имеет значения,Частичная занятость / Совместительство,Не имеет значения,,,https://www.superjob.ru/vakansii/pekar-51202410.html,90000.0
51745259,"Пекарь (Москва, Зелёный, 1А)",80000,100000,rub,"['Туризм, гостиницы, общественное питание', 'Промышленность, производство']","['Рестораны, кафе, столовые, фастфуд', 'Пищевая промышленность']",Москва,[],[],[],,2635306,более 5000,45940.0,Пятёрочка,Не имеет значения,Частичная занятость / Совместительство,Не имеет значения,,,https://www.superjob.ru/vakansii/pekar-51745259.html,90000.0
51745269,"Пекарь (Москва, Зелёный, 6)",80000,100000,rub,"['Туризм, гостиницы, общественное питание', 'Промышленность, производство']","['Рестораны, кафе, столовые, фастфуд', 'Пищевая промышленность']",Москва,[],[],[],,2635306,более 5000,45940.0,Пятёрочка,Не имеет значения,Частичная занятость / Совместительство,Не имеет значения,,,https://www.superjob.ru/vakansii/pekar-51745269.html,90000.0
51755985,"Пекарь (Москва, Верхоянская, 10)",80000,100000,rub,"['Туризм, гостиницы, общественное питание', 'Промышленность, производство']","['Рестораны, кафе, столовые, фастфуд', 'Пищевая промышленность']",Москва,[],[],[],,2635306,более 5000,45940.0,Пятёрочка,Не имеет значения,Частичная занятость / Совместительство,Не имеет значения,,,https://www.superjob.ru/vakansii/pekar-51755985.html,90000.0
51757329,"Пекарь (Москва, Ярославская, 10)",80000,100000,rub,"['Туризм, гостиницы, общественное питание', 'Промышленность, производство']","['Рестораны, кафе, столовые, фастфуд', 'Пищевая промышленность']",Москва,[],[],[],,2635306,более 5000,45940.0,Пятёрочка,Не имеет значения,Частичная занятость / Совместительство,Не имеет значения,,,https://www.superjob.ru/vakansii/pekar-51757329.html,90000.0
51758721,"Пекарь (Москва, Первомайская, 110)",80000,100000,rub,"['Туризм, гостиницы, общественное питание', 'Промышленность, производство']","['Рестораны, кафе, столовые, фастфуд', 'Пищевая промышленность']",Москва,[],[],[],,2635306,более 5000,45940.0,Пятёрочка,Не имеет значения,Частичная занятость / Совместительство,Не имеет значения,,,https://www.superjob.ru/vakansii/pekar-51758721.html,90000.0
51821361,"Пекарь (Москва, 9-я Парковая, 33)",80000,100000,rub,"['Туризм, гостиницы, общественное питание', 'Промышленность, производство']","['Рестораны, кафе, столовые, фастфуд', 'Пищевая промышленность']",Москва,[],[],[],,2635306,более 5000,45940.0,Пятёрочка,Не имеет значения,Частичная занятость / Совместительство,Не имеет значения,,,https://www.superjob.ru/vakansii/pekar-51821361.html,90000.0
51821383,"Пекарь (Москва, Партизанская, 10)",80000,100000,rub,"['Туризм, гостиницы, общественное питание', 'Промышленность, производство']","['Рестораны, кафе, столовые, фастфуд', 'Пищевая промышленность']",Москва,[],[],[],,2635306,более 5000,45940.0,Пятёрочка,Не имеет значения,Частичная занятость / Совместительство,Не имеет значения,,,https://www.superjob.ru/vakansii/pekar-51821383.html,90000.0
51822640,"Пекарь (Москва, Гурьянова, 3)",80000,100000,rub,"['Туризм, гостиницы, общественное питание', 'Промышленность, производство']","['Рестораны, кафе, столовые, фастфуд', 'Пищевая промышленность']",Москва,[],[],[],,2635306,более 5000,45940.0,Пятёрочка,Не имеет значения,Частичная занятость / Совместительство,Не имеет значения,,,https://www.superjob.ru/vakansii/pekar-51822640.html,90000.0
51822661,"Пекарь (Москва, Энергетическая, 11)",80000,100000,rub,"['Туризм, гостиницы, общественное питание', 'Промышленность, производство']","['Рестораны, кафе, столовые, фастфуд', 'Пищевая промышленность']",Москва,[],[],[],,2635306,более 5000,45940.0,Пятёрочка,Не имеет значения,Частичная занятость / Совместительство,Не имеет значения,,,https://www.superjob.ru/vakansii/pekar-51822661.html,90000.0
51822674,"Пекарь (Москва, Новоданиловская, 6)",80000,100000,rub,"['Туризм, гостиницы, общественное питание', 'Промышленность, производство']","['Рестораны, кафе, столовые, фастфуд', 'Пищевая промышленность']",Москва,[],[],[],,2635306,более 5000,45940.0,Пятёрочка,Не имеет значения,Частичная занятость / Совместительство,Не имеет значения,,,https://www.superjob.ru/vakansii/pekar-51822674.html,90000.0
51822696,"Пекарь (Москва, Маресьева, 7)",80000,100000,rub,"['Туризм, гостиницы, общественное питание', 'Промышленность, производство']","['Рестораны, кафе, столовые, фастфуд', 'Пищевая промышленность']",Москва,[],[],[],,2635306,более 5000,45940.0,Пятёрочка,Не имеет значения,Частичная занятость / Совместительство,Не имеет значения,,,https://www.superjob.ru/vakansii/pekar-51822696.html,90000.0
48284053,Пекарь,67320,91341,rub,"['Туризм, гостиницы, общественное питание', 'Промышленность, производство', 'Продажи']","['Рестораны, кафе, столовые, фастфуд', 'Пищевая промышленность', 'Начало карьеры, мало опыта']",Москва,[],[],[],"Москва, Южнобутовская, 81",2635306,более 5000,45940.0,Пятёрочка,От 1 года,Частичная занятость / Совместительство,Не имеет значения,55.53355,37.52491,https://www.superjob.ru/vakansii/pekar-48284053.html,79330.5
48767502,"Пекарь (Москва, Плеханова, 16А)",80000,100000,rub,"['Туризм, гостиницы, общественное питание', 'Промышленность, производство', 'Рабочий персонал']","['Рестораны, кафе, столовые, фастфуд', 'Другое', 'Пищевая промышленность', 'Квалифицированный рабочий']",Москва,[],[],[],"Москва, улица Плеханова, 16к1",2635306,более 5000,45940.0,Пятёрочка,Не имеет значения,Частичная занятость / Совместительство,Не имеет значения,55.744976,37.764843,https://www.superjob.ru/vakansii/pekar-48767502.html,90000.0
49063619,Пекарь,80000,100000,rub,"['Туризм, гостиницы, общественное питание', 'Промышленность, производство', 'Продажи']","['Рестораны, кафе, столовые, фастфуд', 'Пищевая промышленность', 'Начало карьеры, мало опыта']",Москва,[],[],[],"Москва, Народного Ополчения, 21",2635306,более 5000,45940.0,Пятёрочка,От 1 года,Частичная занятость / Совместительство,Не имеет значения,55.777504,37.476189,https://www.superjob.ru/vakansii/pekar-49063619.html,90000.0
49333993,Пекарь,80000,100000,rub,"['Туризм, гостиницы, общественное питание', 'Промышленность, производство']","['Рестораны, кафе, столовые, фастфуд', 'Пищевая промышленность']",Москва,[],[],[],"Москва, Россошанская, 4",2635306,более 5000,45940.0,Пятёрочка,Не имеет значения,Частичная занятость / Совместительство,Не имеет значения,55.591064,37.61026,https://www.superjob.ru/vakansii/pekar-49333993.html,90000.0
49505853,Пекарь,80000,100000,rub,"['Туризм, гостиницы, общественное питание', 'Промышленность, производство', 'Продажи']","['Рестораны, кафе, столовые, фастфуд', 'Пищевая промышленность', 'Начало карьеры, мало опыта']",Москва,[],[],[],"Москва, Шипиловская, 1",2635306,более 5000,45940.0,Пятёрочка,От 1 года,Частичная занятость / Совместительство,Не имеет значения,55.617825,37.696945,https://www.superjob.ru/vakansii/pekar-49505853.html,90000.0
49747148,"Пекарь (Москва, Говорова, 8)",80000,100000,rub,"['Туризм, гостиницы, общественное питание', 'Промышленность, производство', 'Продажи']","['Рестораны, кафе, столовые, фастфуд', 'Пищевая промышленность', 'Начало карьеры, мало опыта']",Москва,[],[],[],"Москва, улица Говорова, 8к1",2635306,более 5000,45940.0,Пятёрочка,Не имеет значения,Частичная занятость / Совместительство,Не имеет значения,55.717968,37.396854,https://www.superjob.ru/vakansii/pekar-49747148.html,90000.0
49877877,"Пекарь (Москва, Грина, 11Б)",67320,91341,rub,"['Туризм, гостиницы, общественное питание', 'Промышленность, производство']","['Рестораны, кафе, столовые, фастфуд', 'Пищевая промышленность']",Москва,[],[],[],"Москва, улица Грина, 11Б",2635306,более 5000,45940.0,Пятёрочка,Не имеет значения,Частичная занятость / Совместительство,Не имеет значения,55.566879,37.566654,https://www.superjob.ru/vakansii/pekar-49877877.html,79330.5
50124381,Пекарь,80000,100000,rub,"['Туризм, гостиницы, общественное питание', 'Промышленность, производство']","['Рестораны, кафе, столовые, фастфуд', 'Пищевая промышленность']",Москва,[],[],[],"Москва, 3-я Хорошёвская, 7",2635306,более 5000,45940.0,Пятёрочка,Не имеет значения,Частичная занятость / Совместительство,Не имеет значения,55.773544,37.536572,https://www.superjob.ru/vakansii/pekar-50124381.html,90000.0
50125319,Пекарь,80000,100000,rub,"['Туризм, гостиницы, общественное питание', 'Промышленность, производство']","['Рестораны, кафе, столовые, фастфуд', 'Пищевая промышленность']",Москва,[],[],[],"Москва, Маршала Жукова, 60",2635306,более 5000,45940.0,Пятёрочка,Не имеет значения,Частичная занятость / Совместительство,Не имеет значения,55.778198,37.461426,https://www.superjob.ru/vakansii/pekar-50125319.html,90000.0
50129767,Пекарь,80000,100000,rub,"['Туризм, гостиницы, общественное питание', 'Промышленность, производство']","['Рестораны, кафе, столовые, фастфуд', 'Пищевая промышленность']",Москва,[],[],[],"Москва, Туристская, 8",2635306,более 5000,45940.0,Пятёрочка,Не имеет значения,Частичная занятость / Совместительство,Не имеет значения,55.850613,37.424416,https://www.superjob.ru/vakansii/pekar-50129767.html,90000.0
50190490,Пекарь,80000,100000,rub,"['Туризм, гостиницы, общественное питание', 'Промышленность, производство', 'Продажи']","['Рестораны, кафе, столовые, фастфуд', 'Пищевая промышленность', 'Начало карьеры, мало опыта']",Москва,[],[],[],"Москва, Профсоюзная, 109Б",2635306,более 5000,45940.0,Пятёрочка,От 1 года,Частичная занятость / Совместительство,Не имеет значения,55.631844,37.51981,https://www.superjob.ru/vakansii/pekar-50190490.html,90000.0
50293601,Пекарь,80000,100000,rub,"['Туризм, гостиницы, общественное питание', 'Промышленность, производство']","['Рестораны, кафе, столовые, фастфуд', 'Пищевая промышленность']",Москва,[],[],[],"Москва, Кировоградский, 3А",2635306,более 5000,45940.0,Пятёрочка,Не имеет значения,Частичная занятость / Совместительство,Не имеет значения,55.603714,37.595581,https://www.superjob.ru/vakansii/pekar-50293601.html,90000.0
50380312,Пекарь,80000,100000,rub,"['Туризм, гостиницы, общественное питание', 'Промышленность, производство']","['Рестораны, кафе, столовые, фастфуд', 'Пищевая промышленность']",Москва,[],[],[],"Москва, Адмирала Макарова, 41",2635306,более 5000,45940.0,Пятёрочка,Не имеет значения,Частичная занятость / Совместительство,Не имеет значения,55.838009,37.487289,https://www.superjob.ru/vakansii/pekar-50380312.html,90000.0
50393179,Пекарь,80000,100000,rub,"['Туризм, гостиницы, общественное питание', 'Промышленность, производство']","['Рестораны, кафе, столовые, фастфуд', 'Пищевая промышленность']",Москва,[],[],[],"Москва, 16-я Парковая, 21А",2635306,более 5000,45940.0,Пятёрочка,Не имеет значения,Частичная занятость / Совместительство,Не имеет значения,55.800133,37.825802,https://www.superjob.ru/vakansii/pekar-50393179.html,90000.0
50496891,Пекарь,80000,100000,rub,"['Туризм, гостиницы, общественное питание', 'Промышленность, производство', 'Продажи']","['Рестораны, кафе, столовые, фастфуд', 'Пищевая промышленность', 'Начало карьеры, мало опыта']",Москва,[],[],[],"Москва, Ленинский, 83",2635306,более 5000,45940.0,Пятёрочка,От 1 года,Частичная занятость / Совместительство,Не имеет значения,55.682129,37.537773,https://www.superjob.ru/vakansii/pekar-50496891.html,90000.0
50547195,Пекарь,80000,100000,rub,"['Туризм, гостиницы, общественное питание', 'Промышленность, производство', 'Продажи']","['Рестораны, кафе, столовые, фастфуд', 'Пищевая промышленность', 'Начало карьеры, мало опыта']",Москва,[],[],[],"Москва, Боженко, 8А",2635306,более 5000,45940.0,Пятёрочка,От 1 года,Частичная занятость / Совместительство,Не имеет значения,55.730988,37.409027,https://www.superjob.ru/vakansii/pekar-50547195.html,90000.0
50547941,Пекарь,80000,100000,rub,"['Туризм, гостиницы, общественное питание', 'Промышленность, производство']","['Рестораны, кафе, столовые, фастфуд', 'Пищевая промышленность']",Москва,[],[],[],"Москва, Рублёвское, 30",2635306,более 5000,45940.0,Пятёрочка,Не имеет значения,Частичная занятость / Совместительство,Не имеет значения,55.747227,37.420345,https://www.superjob.ru/vakansii/pekar-50547941.html,90000.0
50550184,Пекарь,80000,100000,rub,"['Туризм, гостиницы, общественное питание', 'Промышленность, производство', 'Продажи']","['Рестораны, кафе, столовые, фастфуд', 'Пищевая промышленность', 'Начало карьеры, мало опыта']",Москва,[],[],[],"Москва, 3-й Митинский, 4",2635306,более 5000,45940.0,Пятёрочка,От 1 года,Частичная занятость / Совместительство,Не имеет значения,55.847687,37.352856,https://www.superjob.ru/vakansii/pekar-50550184.html,90000.0
50550200,Пекарь,80000,100000,rub,"['Туризм, гостиницы, общественное питание', 'Промышленность, производство']","['Рестораны, кафе, столовые, фастфуд', 'Пищевая промышленность']",Москва,[],[],[],"Москва, 6-я Радиальная, 5",2635306,более 5000,45940.0,Пятёрочка,От 1 года,Частичная занятость / Совместительство,Не имеет значения,55.606518,37.658348,https://www.superjob.ru/vakansii/pekar-50550200.html,90000.0
50550350,Пекарь,80000,100000,rub,"['Туризм, гостиницы, общественное питание', 'Промышленность, производство']","['Рестораны, кафе, столовые, фастфуд', 'Пищевая промышленность']",Москва,[],[],[],"Москва, Маршала Новикова, 14",2635306,более 5000,45940.0,Пятёрочка,Не имеет значения,Частичная занятость / Совместительство,Не имеет значения,55.804947,37.462387,https://www.superjob.ru/vakansii/pekar-50550350.html,90000.0
50551311,Пекарь,80000,100000,rub,"['Туризм, гостиницы, общественное питание', 'Промышленность, производство', 'Продажи']","['Рестораны, кафе, столовые, фастфуд', 'Пищевая промышленность', 'Начало карьеры, мало опыта']",Москва,[],[],[],"Москва, Волжский, 8",2635306,более 5000,45940.0,Пятёрочка,От 1 года,Частичная занятость / Совместительство,Не имеет значения,55.717682,37.739017,https://www.superjob.ru/vakansii/pekar-50551311.html,90000.0
50552569,Пекарь,80000,100000,rub,"['Туризм, гостиницы, общественное питание', 'Промышленность, производство', 'Продажи']","['Рестораны, кафе, столовые, фастфуд', 'Пищевая промышленность', 'Начало карьеры, мало опыта']",Москва,[],[],[],"Москва, Коломенская, 23",2635306,более 5000,45940.0,Пятёрочка,От 1 года,Частичная занятость / Совместительство,Не имеет значения,55.677116,37.692142,https://www.superjob.ru/vakansii/pekar-50552569.html,90000.0
50567293,Пекарь,80000,100000,rub,"['Туризм, гостиницы, общественное питание', 'Промышленность, производство']","['Рестораны, кафе, столовые, фастфуд', 'Пищевая промышленность']",Москва,[],[],[],"Москва, Ивана Франко, 6",2635306,более 5000,45940.0,Пятёрочка,Не имеет значения,Частичная занятость / Совместительство,Не имеет значения,55.72784,37.450871,https://www.superjob.ru/vakansii/pekar-50567293.html,90000.0
50567528,"Пекарь (Москва, Гренадерская, 9)",61000,65000,rub,"['Туризм, гостиницы, общественное питание', 'Промышленность, производство']","['Рестораны, кафе, столовые, фастфуд', 'Пищевая промышленность']",Москва,[],[],[],"Район Вороново, село Клёново, ДНТ Звезда-95, 45",2635306,более 5000,45940.0,Пятёрочка,Не имеет значения,Частичная занятость / Совместительство,Не имеет значения,55.344879,37.370651,https://www.superjob.ru/vakansii/pekar-50567528.html,63000.0
50588510,Пекарь,80000,100000,rub,"['Туризм, гостиницы, общественное питание', 'Промышленность, производство']","['Рестораны, кафе, столовые, фастфуд', 'Пищевая промышленность']",Москва,[],[],[],"Москва, Грайвороновский 2-й, 42",2635306,более 5000,45940.0,Пятёрочка,Не имеет значения,Частичная занятость / Совместительство,Не имеет значения,55.7248,37.744694,https://www.superjob.ru/vakansii/pekar-50588510.html,90000.0
50742148,Пекарь,80000,100000,rub,"['Туризм, гостиницы, общественное питание', 'Промышленность, производство']","['Рестораны, кафе, столовые, фастфуд', 'Пищевая промышленность']",Москва,[],[],[],"Москва, Перекопская, 22А",2635306,более 5000,45940.0,Пятёрочка,Не имеет значения,Частичная занятость / Совместительство,Не имеет значения,55.660942,37.572945,https://www.superjob.ru/vakansii/pekar-50742148.html,90000.0
51733923,"Пекарь (Москва, Красных Зорь, 19)",80000,100000,rub,"['Туризм, гостиницы, общественное питание', 'Промышленность, производство']","['Рестораны, кафе, столовые, фастфуд', 'Пищевая промышленность']",Москва,[],[],[],,2635306,более 5000,45940.0,Пятёрочка,Не имеет значения,Частичная занятость / Совместительство,Не имеет значения,,,https://www.superjob.ru/vakansii/pekar-51733923.html,90000.0
51742946,"Пекарь (Москва, Горбунова, 7)",80000,100000,rub,"['Туризм, гостиницы, общественное питание', 'Промышленность, производство']","['Рестораны, кафе, столовые, фастфуд', 'Пищевая промышленность']",Москва,[],[],[],,2635306,более 5000,45940.0,Пятёрочка,Не имеет значения,Частичная занятость / Совместительство,Не имеет значения,,,https://www.superjob.ru/vakansii/pekar-51742946.html,90000.0
51745308,"Пекарь (Москва, Люблинская, 147)",80000,100000,rub,"['Туризм, гостиницы, общественное питание', 'Промышленность, производство']","['Рестораны, кафе, столовые, фастфуд', 'Пищевая промышленность']",Москва,[],[],[],,2635306,более 5000,45940.0,Пятёрочка,Не имеет значения,Частичная занятость / Совместительство,Не имеет значения,,,https://www.superjob.ru/vakansii/pekar-51745308.html,90000.0
51745348,"Пекарь (Москва, Ставропольская, 60)",80000,100000,rub,"['Туризм, гостиницы, общественное питание', 'Промышленность, производство']","['Рестораны, кафе, столовые, фастфуд', 'Пищевая промышленность']",Москва,[],[],[],,2635306,более 5000,45940.0,Пятёрочка,Не имеет значения,Частичная занятость / Совместительство,Не имеет значения,,,https://www.superjob.ru/vakansii/pekar-51745348.html,90000.0
51758493,"Пекарь (Москва, Марьино, 10б)",61000,65000,rub,"['Туризм, гостиницы, общественное питание', 'Промышленность, производство']","['Рестораны, кафе, столовые, фастфуд', 'Пищевая промышленность']",Москва,[],[],[],,2635306,более 5000,45940.0,Пятёрочка,Не имеет значения,Частичная занятость / Совместительство,Не имеет значения,,,https://www.superjob.ru/vakansii/pekar-51758493.html,63000.0
51758675,"Пекарь (Москва, Чусовская, 8)",80000,100000,rub,"['Туризм, гостиницы, общественное питание', 'Промышленность, производство']","['Рестораны, кафе, столовые, фастфуд', 'Пищевая промышленность']",Москва,[],[],[],,2635306,более 5000,45940.0,Пятёрочка,Не имеет значения,Частичная занятость / Совместительство,Не имеет значения,,,https://www.superjob.ru/vakansii/pekar-51758675.html,90000.0
51764066,"Пекарь (Москва, Центральный (поселок ЛМС), 26)",56000,63000,rub,"['Туризм, гостиницы, общественное питание', 'Промышленность, производство']","['Рестораны, кафе, столовые, фастфуд', 'Пищевая промышленность']",Москва,[],[],[],,2635306,более 5000,45940.0,Пятёрочка,Не имеет значения,Частичная занятость / Совместительство,Не имеет значения,,,https://www.superjob.ru/vakansii/pekar-51764066.html,59500.0
51764070,"Пекарь (Москва, Большое Понизовье, 8)",67000,86000,rub,"['Туризм, гостиницы, общественное питание', 'Промышленность, производство']","['Рестораны, кафе, столовые, фастфуд', 'Пищевая промышленность']",Москва,[],[],[],,2635306,более 5000,45940.0,Пятёрочка,Не имеет значения,Частичная занятость / Совместительство,Не имеет значения,,,https://www.superjob.ru/vakansii/pekar-51764070.html,76500.0
51825657,"Пекарь (Москва, Берёзовая, 19)",80000,100000,rub,"['Туризм, гостиницы, общественное питание', 'Промышленность, производство']","['Рестораны, кафе, столовые, фастфуд', 'Пищевая промышленность']",Москва,[],[],[],,2635306,более 5000,45940.0,Пятёрочка,Не имеет значения,Частичная занятость / Совместительство,Не имеет значения,,,https://www.superjob.ru/vakansii/pekar-51825657.html,90000.0
51840834,"Пекарь (Москва, Константинова, 11А)",80000,100000,rub,"['Туризм, гостиницы, общественное питание', 'Промышленность, производство']","['Рестораны, кафе, столовые, фастфуд', 'Пищевая промышленность']",Москва,[],[],[],,2635306,более 5000,45940.0,Пятёрочка,Не имеет значения,Частичная занятость / Совместительство,Не имеет значения,,,https://www.superjob.ru/vakansii/pekar-51840834.html,90000.0
51840863,"Пекарь (Москва, Лобановский Лес, 9)",67000,86000,rub,"['Туризм, гостиницы, общественное питание', 'Промышленность, производство']","['Рестораны, кафе, столовые, фастфуд', 'Пищевая промышленность']",Москва,[],[],[],,2635306,более 5000,45940.0,Пятёрочка,Не имеет значения,Частичная занятость / Совместительство,Не имеет значения,,,https://www.superjob.ru/vakansii/pekar-51840863.html,76500.0
51844299,"Пекарь (Москва, Маломосковская, 14)",80000,100000,rub,"['Туризм, гостиницы, общественное питание', 'Промышленность, производство']","['Рестораны, кафе, столовые, фастфуд', 'Пищевая промышленность']",Москва,[],[],[],,2635306,более 5000,45940.0,Пятёрочка,Не имеет значения,Частичная занятость / Совместительство,Не имеет значения,,,https://www.superjob.ru/vakansii/pekar-51844299.html,90000.0
51844327,"Пекарь (Москва, Лихачёва, 22)",80000,100000,rub,"['Туризм, гостиницы, общественное питание', 'Промышленность, производство']","['Рестораны, кафе, столовые, фастфуд', 'Пищевая промышленность']",Москва,[],[],[],,2635306,более 5000,45940.0,Пятёрочка,Не имеет значения,Частичная занятость / Совместительство,Не имеет значения,,,https://www.superjob.ru/vakansii/pekar-51844327.html,90000.0
51801651,Повар дневной смены на производство,90145,120200,rub,"['Туризм, гостиницы, общественное питание', 'Промышленность, производство']","['Рестораны, кафе, столовые, фастфуд', 'Пищевая промышленность']",Москва,['Лубянка'],['Сокольническая'],['red'],Москва,174527,1000 — 5000,0.0,Теремок - Инвест,Без опыта,Полный рабочий день,Не имеет значения,55.755863,37.617699,https://www.superjob.ru/vakansii/povar-dnevnoj-smeny-na-proizvodstvo-51801651.html,105172.5
48769847,Пекарь,80000,100000,rub,"['Туризм, гостиницы, общественное питание', 'Промышленность, производство']","['Рестораны, кафе, столовые, фастфуд', 'Пищевая промышленность']",Москва,[],[],[],"Москва, Строгинский, 1",2635306,более 5000,45940.0,Пятёрочка,Не имеет значения,Частичная занятость / Совместительство,Не имеет значения,55.806046,37.395466,https://www.superjob.ru/vakansii/pekar-48769847.html,90000.0
48770842,Пекарь,80000,100000,rub,"['Туризм, гостиницы, общественное питание', 'Промышленность, производство', 'Продажи']","['Рестораны, кафе, столовые, фастфуд', 'Пищевая промышленность', 'Начало карьеры, мало опыта']",Москва,[],[],[],"Москва, Маршала Неделина, 4",2635306,более 5000,45940.0,Пятёрочка,Без опыта,Частичная занятость / Совместительство,Не имеет значения,55.724251,37.401787,https://www.superjob.ru/vakansii/pekar-48770842.html,90000.0
48771034,Пекарь,80000,100000,rub,"['Туризм, гостиницы, общественное питание', 'Промышленность, производство']","['Рестораны, кафе, столовые, фастфуд', 'Пищевая промышленность']",Москва,[],[],[],"Москва, Исаковского, 33",2635306,более 5000,45940.0,Пятёрочка,Не имеет значения,Частичная занятость / Совместительство,Не имеет значения,55.805023,37.41925,https://www.superjob.ru/vakansii/pekar-48771034.html,90000.0
48771449,Пекарь,54700,75500,rub,"['Туризм, гостиницы, общественное питание', 'Промышленность, производство']","['Рестораны, кафе, столовые, фастфуд', 'Пищевая промышленность']",Москва,[],[],[],"Москва, Ивана Франко, 32",2635306,более 5000,45940.0,Пятёрочка,Не имеет значения,Полный рабочий день,Не имеет значения,55.728088,37.42149,https://www.superjob.ru/vakansii/pekar-48771449.html,65100.0
48771764,Пекарь,80000,100000,rub,"['Туризм, гостиницы, общественное питание', 'Промышленность, производство']","['Рестораны, кафе, столовые, фастфуд', 'Пищевая промышленность']",Москва,[],[],[],"Москва, Осенний, 12",2635306,более 5000,45940.0,Пятёрочка,Не имеет значения,Частичная занятость / Совместительство,Не имеет значения,55.759239,37.409252,https://www.superjob.ru/vakansii/pekar-48771764.html,90000.0
48771969,Пекарь,80000,100000,rub,"['Туризм, гостиницы, общественное питание', 'Промышленность, производство', 'Продажи']","['Рестораны, кафе, столовые, фастфуд', 'Пищевая промышленность', 'Начало карьеры, мало опыта']",Москва,[],[],[],"Москва, Маршала Бирюзова, 20",2635306,более 5000,45940.0,Пятёрочка,От 1 года,Частичная занятость / Совместительство,Не имеет значения,55.795536,37.49057,https://www.superjob.ru/vakansii/pekar-48771969.html,90000.0
48775392,Пекарь,80000,100000,rub,"['Туризм, гостиницы, общественное питание', 'Промышленность, производство', 'Продажи']","['Рестораны, кафе, столовые, фастфуд', 'Пищевая промышленность', 'Начало карьеры, мало опыта']",Москва,[],[],[],"Москва, Малыгина, 1",2635306,более 5000,45940.0,Пятёрочка,От 1 года,Частичная занятость / Совместительство,Не имеет значения,55.87598,37.701843,https://www.superjob.ru/vakansii/pekar-48775392.html,90000.0
48776531,Пекарь,80000,100000,rub,"['Туризм, гостиницы, общественное питание', 'Промышленность, производство']","['Рестораны, кафе, столовые, фастфуд', 'Пищевая промышленность']",Москва,[],[],[],"Москва, Строгинский, 9",2635306,более 5000,45940.0,Пятёрочка,Не имеет значения,Частичная занятость / Совместительство,Не имеет значения,55.805092,37.399929,https://www.superjob.ru/vakansii/pekar-48776531.html,90000.0
48779698,Пекарь,80000,100000,rub,"['Туризм, гостиницы, общественное питание', 'Промышленность, производство']","['Рестораны, кафе, столовые, фастфуд', 'Пищевая промышленность']",Москва,[],[],[],"Москва, Маршала Неделина, 15",2635306,более 5000,45940.0,Пятёрочка,Не имеет значения,Частичная занятость / Совместительство,Не имеет значения,55.725632,37.405075,https://www.superjob.ru/vakansii/pekar-48779698.html,90000.0
48813701,Пекарь,80000,100000,rub,"['Туризм, гостиницы, общественное питание', 'Промышленность, производство']","['Рестораны, кафе, столовые, фастфуд', 'Пищевая промышленность']",Москва,[],[],[],"Москва, Пятницкое, 9",2635306,более 5000,45940.0,Пятёрочка,Не имеет значения,Частичная занятость / Совместительство,Не имеет значения,55.83942,37.385357,https://www.superjob.ru/vakansii/pekar-48813701.html,90000.0
50567469,Пекарь,80000,100000,rub,"['Туризм, гостиницы, общественное питание', 'Промышленность, производство']","['Рестораны, кафе, столовые, фастфуд', 'Пищевая промышленность']",Москва,[],[],[],"Москва, Грайвороновская, 12",2635306,более 5000,45940.0,Пятёрочка,Не имеет значения,Частичная занятость / Совместительство,Не имеет значения,55.720463,37.731998,https://www.superjob.ru/vakansii/pekar-50567469.html,90000.0
51675904,"Пекарь (Москва, Панфилова, 12)",80000,100000,rub,"['Туризм, гостиницы, общественное питание', 'Промышленность, производство']","['Рестораны, кафе, столовые, фастфуд', 'Пищевая промышленность']",Москва,[],[],[],,2635306,более 5000,45940.0,Пятёрочка,Не имеет значения,Частичная занятость / Совместительство,Не имеет значения,,,https://www.superjob.ru/vakansii/pekar-51675904.html,90000.0
51740344,"Пекарь (Москва, Расплетина, 20)",80000,100000,rub,"['Туризм, гостиницы, общественное питание', 'Промышленность, производство']","['Рестораны, кафе, столовые, фастфуд', 'Пищевая промышленность']",Москва,[],[],[],,2635306,более 5000,45940.0,Пятёрочка,Не имеет значения,Частичная занятость / Совместительство,Не имеет значения,,,https://www.superjob.ru/vakansii/pekar-51740344.html,90000.0
51752442,"Пекарь (Москва, Осенняя, 24)",80000,100000,rub,"['Туризм, гостиницы, общественное питание', 'Промышленность, производство']","['Рестораны, кафе, столовые, фастфуд', 'Пищевая промышленность']",Москва,[],[],[],,2635306,более 5000,45940.0,Пятёрочка,Не имеет значения,Частичная занятость / Совместительство,Не имеет значения,,,https://www.superjob.ru/vakansii/pekar-51752442.html,90000.0
51766149,"Пекарь (Москва, Первомайская, 28/24)",80000,100000,rub,"['Туризм, гостиницы, общественное питание', 'Промышленность, производство']","['Рестораны, кафе, столовые, фастфуд', 'Пищевая промышленность']",Москва,[],[],[],,2635306,более 5000,45940.0,Пятёрочка,Не имеет значения,Частичная занятость / Совместительство,Не имеет значения,,,https://www.superjob.ru/vakansii/pekar-51766149.html,90000.0
51768496,"Пекарь (Москва, Черняховского, 4)",80000,100000,rub,"['Туризм, гостиницы, общественное питание', 'Промышленность, производство']","['Рестораны, кафе, столовые, фастфуд', 'Пищевая промышленность']",Москва,[],[],[],,2635306,более 5000,45940.0,Пятёрочка,Не имеет значения,Частичная занятость / Совместительство,Не имеет значения,,,https://www.superjob.ru/vakansii/pekar-51768496.html,90000.0
51791413,"Пекарь (Москва, Островитянова, 19/22)",80000,100000,rub,"['Туризм, гостиницы, общественное питание', 'Промышленность, производство']","['Рестораны, кафе, столовые, фастфуд', 'Пищевая промышленность']",Москва,[],[],[],,2635306,более 5000,45940.0,Пятёрочка,Не имеет значения,Частичная занятость / Совместительство,Не имеет значения,,,https://www.superjob.ru/vakansii/pekar-51791413.html,90000.0
51791455,"Пекарь (Москва, Ленинский, 61/1)",80000,100000,rub,"['Туризм, гостиницы, общественное питание', 'Промышленность, производство']","['Рестораны, кафе, столовые, фастфуд', 'Пищевая промышленность']",Москва,[],[],[],,2635306,более 5000,45940.0,Пятёрочка,Не имеет значения,Частичная занятость / Совместительство,Не имеет значения,,,https://www.superjob.ru/vakansii/pekar-51791455.html,90000.0
51791477,"Пекарь (Москва, Богданова, 24)",67320,91341,rub,"['Туризм, гостиницы, общественное питание', 'Промышленность, производство']","['Рестораны, кафе, столовые, фастфуд', 'Пищевая промышленность']",Москва,[],[],[],,2635306,более 5000,45940.0,Пятёрочка,Не имеет значения,Частичная занятость / Совместительство,Не имеет значения,,,https://www.superjob.ru/vakansii/pekar-51791477.html,79330.5
51791706,"Пекарь (Москва, Металлургов, 62)",80000,100000,rub,"['Туризм, гостиницы, общественное питание', 'Промышленность, производство']","['Рестораны, кафе, столовые, фастфуд', 'Металлургия', 'Пищевая промышленность']",Москва,[],[],[],,2635306,более 5000,45940.0,Пятёрочка,Не имеет значения,Частичная занятость / Совместительство,Не имеет значения,,,https://www.superjob.ru/vakansii/pekar-51791706.html,90000.0
51791737,"Пекарь (Москва, Южнобутовская, 44)",65000,75000,rub,"['Туризм, гостиницы, общественное питание', 'Промышленность, производство']","['Рестораны, кафе, столовые, фастфуд', 'Пищевая промышленность']",Москва,[],[],[],,2635306,более 5000,45940.0,Пятёрочка,Не имеет значения,Частичная занятость / Совместительство,Не имеет значения,,,https://www.superjob.ru/vakansii/pekar-51791737.html,70000.0
51791739,Пекарь,80000,100000,rub,"['Туризм, гостиницы, общественное питание', 'Промышленность, производство', 'Продажи']","['Рестораны, кафе, столовые, фастфуд', 'Пищевая промышленность', 'Начало карьеры, мало опыта']",Москва,[],[],[],"Москва, Ленинградское, 92/1",2635306,более 5000,45940.0,Пятёрочка,От 1 года,Частичная занятость / Совместительство,Не имеет значения,55.854645,37.471642,https://www.superjob.ru/vakansii/pekar-51791739.html,90000.0
51791819,"Пекарь (Москва, Дмитровское, 107Б)",80000,100000,rub,"['Туризм, гостиницы, общественное питание', 'Промышленность, производство']","['Рестораны, кафе, столовые, фастфуд', 'Пищевая промышленность']",Москва,[],[],[],,2635306,более 5000,45940.0,Пятёрочка,Не имеет значения,Частичная занятость / Совместительство,Не имеет значения,,,https://www.superjob.ru/vakansii/pekar-51791819.html,90000.0
51791841,"Пекарь (Москва, 2-я Новорублевская, 8)",80000,100000,rub,"['Туризм, гостиницы, общественное питание', 'Промышленность, производство']","['Рестораны, кафе, столовые, фастфуд', 'Пищевая промышленность']",Москва,[],[],[],,2635306,более 5000,45940.0,Пятёрочка,Не имеет значения,Частичная занятость / Совместительство,Не имеет значения,,,https://www.superjob.ru/vakansii/pekar-51791841.html,90000.0
51791842,"Пекарь (Москва, Нижняя Хохловка, 8)",80000,100000,rub,"['Туризм, гостиницы, общественное питание', 'Промышленность, производство']","['Рестораны, кафе, столовые, фастфуд', 'Пищевая промышленность']",Москва,[],[],[],,2635306,более 5000,45940.0,Пятёрочка,Не имеет значения,Частичная занятость / Совместительство,Не имеет значения,,,https://www.superjob.ru/vakansii/pekar-51791842.html,90000.0
51791903,"Пекарь (Москва, Новозаводская, 25)",80000,100000,rub,"['Туризм, гостиницы, общественное питание', 'Промышленность, производство']","['Рестораны, кафе, столовые, фастфуд', 'Пищевая промышленность']",Москва,[],[],[],,2635306,более 5000,45940.0,Пятёрочка,Не имеет значения,Частичная занятость / Совместительство,Не имеет значения,,,https://www.superjob.ru/vakansii/pekar-51791903.html,90000.0
51791963,"Пекарь (Москва, Чертановская, 30)",80000,100000,rub,"['Туризм, гостиницы, общественное питание', 'Промышленность, производство']","['Рестораны, кафе, столовые, фастфуд', 'Пищевая промышленность']",Москва,[],[],[],,2635306,более 5000,45940.0,Пятёрочка,Не имеет значения,Частичная занятость / Совместительство,Не имеет значения,,,https://www.superjob.ru/vakansii/pekar-51791963.html,90000.0
51792166,"Пекарь (Москва, Нагатинская, 9)",80000,100000,rub,"['Туризм, гостиницы, общественное питание', 'Промышленность, производство']","['Рестораны, кафе, столовые, фастфуд', 'Пищевая промышленность']",Москва,[],[],[],,2635306,более 5000,45940.0,Пятёрочка,Не имеет значения,Частичная занятость / Совместительство,Не имеет значения,,,https://www.superjob.ru/vakansii/pekar-51792166.html,90000.0
51792320,"Пекарь (Москва, 1-й Котляковский, 2А)",80000,100000,rub,"['Туризм, гостиницы, общественное питание', 'Промышленность, производство']","['Рестораны, кафе, столовые, фастфуд', 'Пищевая промышленность']",Москва,[],[],[],,2635306,более 5000,45940.0,Пятёрочка,Не имеет значения,Частичная занятость / Совместительство,Не имеет значения,,,https://www.superjob.ru/vakansii/pekar-51792320.html,90000.0
51792427,"Пекарь (Москва, 11-я Парковая, 9/35)",80000,100000,rub,"['Туризм, гостиницы, общественное питание', 'Промышленность, производство']","['Рестораны, кафе, столовые, фастфуд', 'Пищевая промышленность']",Москва,[],[],[],,2635306,более 5000,45940.0,Пятёрочка,Не имеет значения,Частичная занятость / Совместительство,Не имеет значения,,,https://www.superjob.ru/vakansii/pekar-51792427.html,90000.0
51799393,"Пекарь (Москва, Соловьиный, 4А)",80000,100000,rub,"['Туризм, гостиницы, общественное питание', 'Промышленность, производство']","['Рестораны, кафе, столовые, фастфуд', 'Пищевая промышленность']",Москва,[],[],[],,2635306,более 5000,45940.0,Пятёрочка,Не имеет значения,Полный рабочий день,Не имеет значения,,,https://www.superjob.ru/vakansii/pekar-51799393.html,90000.0
51810056,"Пекарь (Москва, Маломосковская, 29)",80000,100000,rub,"['Туризм, гостиницы, общественное питание', 'Промышленность, производство']","['Рестораны, кафе, столовые, фастфуд', 'Пищевая промышленность']",Москва,[],[],[],,2635306,более 5000,45940.0,Пятёрочка,Не имеет значения,Частичная занятость / Совместительство,Не имеет значения,,,https://www.superjob.ru/vakansii/pekar-51810056.html,90000.0
51810063,"Пекарь (Москва, Щёлковское, 92)",80000,100000,rub,"['Туризм, гостиницы, общественное питание', 'Промышленность, производство']","['Рестораны, кафе, столовые, фастфуд', 'Пищевая промышленность']",Москва,[],[],[],,2635306,более 5000,45940.0,Пятёрочка,Не имеет значения,Частичная занятость / Совместительство,Не имеет значения,,,https://www.superjob.ru/vakansii/pekar-51810063.html,90000.0
51810477,"Пекарь (Москва, Ярославское, 142)",80000,100000,rub,"['Туризм, гостиницы, общественное питание', 'Промышленность, производство']","['Рестораны, кафе, столовые, фастфуд', 'Пищевая промышленность']",Москва,[],[],[],,2635306,более 5000,45940.0,Пятёрочка,Не имеет значения,Частичная занятость / Совместительство,Не имеет значения,,,https://www.superjob.ru/vakansii/pekar-51810477.html,90000.0
51822383,"Пекарь (Москва, Митинская, 43)",80000,100000,rub,"['Туризм, гостиницы, общественное питание', 'Промышленность, производство']","['Рестораны, кафе, столовые, фастфуд', 'Пищевая промышленность']",Москва,[],[],[],,2635306,более 5000,45940.0,Пятёрочка,Не имеет значения,Частичная занятость / Совместительство,Не имеет значения,,,https://www.superjob.ru/vakansii/pekar-51822383.html,90000.0
51822413,"Пекарь (Москва, Старопетровский, 1)",80000,100000,rub,"['Туризм, гостиницы, общественное питание', 'Промышленность, производство']","['Рестораны, кафе, столовые, фастфуд', 'Пищевая промышленность']",Москва,[],[],[],,2635306,более 5000,45940.0,Пятёрочка,Не имеет значения,Частичная занятость / Совместительство,Не имеет значения,,,https://www.superjob.ru/vakansii/pekar-51822413.html,90000.0
51825407,"Пекарь (Москва, Фабрициуса, 18)",80000,100000,rub,"['Туризм, гостиницы, общественное питание', 'Промышленность, производство']","['Рестораны, кафе, столовые, фастфуд', 'Пищевая промышленность']",Москва,[],[],[],,2635306,более 5000,45940.0,Пятёрочка,Не имеет значения,Частичная занятость / Совместительство,Не имеет значения,,,https://www.superjob.ru/vakansii/pekar-51825407.html,90000.0
51825543,"Пекарь (Москва, Осенняя, 28)",80000,100000,rub,"['Туризм, гостиницы, общественное питание', 'Промышленность, производство']","['Рестораны, кафе, столовые, фастфуд', 'Пищевая промышленность']",Москва,[],[],[],,2635306,более 5000,45940.0,Пятёрочка,Не имеет значения,Частичная занятость / Совместительство,Не имеет значения,,,https://www.superjob.ru/vakansii/pekar-51825543.html,90000.0
51840740,"Пекарь (Внуковское, Анны Ахматовой, 10)",56100,70125,rub,"['Туризм, гостиницы, общественное питание', 'Промышленность, производство']","['Рестораны, кафе, столовые, фастфуд', 'Пищевая промышленность']",Москва,[],[],[],,2635306,более 5000,45940.0,Пятёрочка,Не имеет значения,Частичная занятость / Совместительство,Не имеет значения,,,https://www.superjob.ru/vakansii/pekar-51840740.html,63112.5
51854619,"Пекарь (Москва, Большое Свинорье, Боровское, 62)",67000,75000,rub,"['Туризм, гостиницы, общественное питание', 'Промышленность, производство']","['Рестораны, кафе, столовые, фастфуд', 'Пищевая промышленность']",Москва,[],[],[],,2635306,более 5000,45940.0,Пятёрочка,Не имеет значения,Частичная занятость / Совместительство,Не имеет значения,,,https://www.superjob.ru/vakansii/pekar-51854619.html,71000.0
48767563,Пекарь,80000,100000,rub,"['Туризм, гостиницы, общественное питание', 'Промышленность, производство', 'Продажи']","['Рестораны, кафе, столовые, фастфуд', 'Пищевая промышленность', 'Начало карьеры, мало опыта']",Москва,[],[],[],"Москва, Алтуфьевское, 9",2635306,более 5000,45940.0,Пятёрочка,От 1 года,Полный рабочий день,Не имеет значения,55.85257,37.583515,https://www.superjob.ru/vakansii/pekar-48767563.html,90000.0
48767612,Пекарь,80000,100000,rub,"['Туризм, гостиницы, общественное питание', 'Промышленность, производство', 'Продажи']","['Рестораны, кафе, столовые, фастфуд', 'Пищевая промышленность', 'Начало карьеры, мало опыта']",Москва,[],[],[],"Москва, Луговой, 2",2635306,более 5000,45940.0,Пятёрочка,От 1 года,Полный рабочий день,Не имеет значения,55.651161,37.750443,https://www.superjob.ru/vakansii/pekar-48767612.html,90000.0
48767680,Пекарь,80000,100000,rub,"['Туризм, гостиницы, общественное питание', 'Промышленность, производство']","['Рестораны, кафе, столовые, фастфуд', 'Пищевая промышленность']",Москва,[],[],[],"Москва, Ярцевская, 29",2635306,более 5000,45940.0,Пятёрочка,Не имеет значения,Частичная занятость / Совместительство,Не имеет значения,55.742371,37.417706,https://www.superjob.ru/vakansii/pekar-48767680.html,90000.0
48767767,Пекарь,80000,100000,rub,"['Туризм, гостиницы, общественное питание', 'Промышленность, производство', 'Продажи']","['Рестораны, кафе, столовые, фастфуд', 'Пищевая промышленность', 'Начало карьеры, мало опыта']",Москва,[],[],[],"Москва, Гришина, 9",2635306,более 5000,45940.0,Пятёрочка,Без опыта,Частичная занятость / Совместительство,Не имеет значения,55.722042,37.41758,https://www.superjob.ru/vakansii/pekar-48767767.html,90000.0
48767854,Пекарь,80000,100000,rub,"['Туризм, гостиницы, общественное питание', 'Промышленность, производство', 'Продажи']","['Рестораны, кафе, столовые, фастфуд', 'Пищевая промышленность', 'Начало карьеры, мало опыта']",Москва,[],[],[],"Москва, Молдавская, 4",2635306,более 5000,45940.0,Пятёрочка,От 1 года,Частичная занятость / Совместительство,Не имеет значения,55.730938,37.441753,https://www.superjob.ru/vakansii/pekar-48767854.html,90000.0
50242534,Пекарь,90000,110000,rub,"['Туризм, гостиницы, общественное питание', 'Промышленность, производство', 'Продажи']","['Рестораны, кафе, столовые, фастфуд', 'Пищевая промышленность', 'Начало карьеры, мало опыта']",Москва,[],[],[],"Москва, Архитектора Щусева, 5",2635306,более 5000,45940.0,Пятёрочка,От 1 года,Частичная занятость / Совместительство,Не имеет значения,55.698032,37.63578,https://www.superjob.ru/vakansii/pekar-50242534.html,100000.0
50550248,Пекарь,80000,100000,rub,"['Туризм, гостиницы, общественное питание', 'Промышленность, производство']","['Рестораны, кафе, столовые, фастфуд', 'Пищевая промышленность']",Москва,[],[],[],"Москва, Генерала Глаголева, 25",2635306,более 5000,45940.0,Пятёрочка,Не имеет значения,Частичная занятость / Совместительство,Не имеет значения,55.787762,37.462997,https://www.superjob.ru/vakansii/pekar-50550248.html,90000.0
50564949,Пекарь,80000,100000,rub,"['Туризм, гостиницы, общественное питание', 'Промышленность, производство', 'Продажи']","['Рестораны, кафе, столовые, фастфуд', 'Пищевая промышленность', 'Начало карьеры, мало опыта']",Москва,[],[],[],"Москва, Веерная, 22",2635306,более 5000,45940.0,Пятёрочка,От 1 года,Частичная занятость / Совместительство,Не имеет значения,55.708584,37.482861,https://www.superjob.ru/vakansii/pekar-50564949.html,90000.0
50894911,"Пекарь (Москва, Боровая, 10)",80000,100000,rub,"['Туризм, гостиницы, общественное питание', 'Промышленность, производство']","['Рестораны, кафе, столовые, фастфуд', 'Пищевая промышленность']",Москва,[],[],[],,2635306,более 5000,45940.0,Пятёрочка,Не имеет значения,Частичная занятость / Совместительство,Не имеет значения,,,https://www.superjob.ru/vakansii/pekar-50894911.html,90000.0
51616956,"Пекарь (Москва, Северное Чертаново, 1А)",80000,100000,rub,"['Туризм, гостиницы, общественное питание', 'Промышленность, производство']","['Рестораны, кафе, столовые, фастфуд', 'Пищевая промышленность']",Москва,[],[],[],,2635306,более 5000,45940.0,Пятёрочка,Не имеет значения,Частичная занятость / Совместительство,Не имеет значения,,,https://www.superjob.ru/vakansii/pekar-51616956.html,90000.0
51729382,"Пекарь (Москва, Андропова, 48)",80000,100000,rub,"['Туризм, гостиницы, общественное питание', 'Промышленность, производство']","['Рестораны, кафе, столовые, фастфуд', 'Пищевая промышленность']",Москва,[],[],[],,2635306,более 5000,45940.0,Пятёрочка,Не имеет значения,Частичная занятость / Совместительство,Не имеет значения,,,https://www.superjob.ru/vakansii/pekar-51729382.html,90000.0
51731084,"Пекарь (Москва, Прокшинский, 11)",67000,76000,rub,"['Туризм, гостиницы, общественное питание', 'Промышленность, производство']","['Рестораны, кафе, столовые, фастфуд', 'Пищевая промышленность']",Москва,[],[],[],,2635306,более 5000,45940.0,Пятёрочка,Не имеет значения,Частичная занятость / Совместительство,Не имеет значения,,,https://www.superjob.ru/vakansii/pekar-51731084.html,71500.0
51790702,"Пекарь (Москва, Абрамцевская, 30)",80000,100000,rub,"['Туризм, гостиницы, общественное питание', 'Промышленность, производство']","['Рестораны, кафе, столовые, фастфуд', 'Пищевая промышленность']",Москва,[],[],[],,2635306,более 5000,45940.0,Пятёрочка,Не имеет значения,Частичная занятость / Совместительство,Не имеет значения,,,https://www.superjob.ru/vakansii/pekar-51790702.html,90000.0
51790711,"Пекарь (Москва, Тимирязевская, 17А)",80000,100000,rub,"['Туризм, гостиницы, общественное питание', 'Промышленность, производство']","['Рестораны, кафе, столовые, фастфуд', 'Пищевая промышленность']",Москва,[],[],[],,2635306,более 5000,45940.0,Пятёрочка,Не имеет значения,Частичная занятость / Совместительство,Не имеет значения,,,https://www.superjob.ru/vakansii/pekar-51790711.html,90000.0
51790729,"Пекарь (Москва, Довженко, 6)",80000,100000,rub,"['Туризм, гостиницы, общественное питание', 'Промышленность, производство']","['Рестораны, кафе, столовые, фастфуд', 'Пищевая промышленность']",Москва,[],[],[],,2635306,более 5000,45940.0,Пятёрочка,Не имеет значения,Полный рабочий день,Не имеет значения,,,https://www.superjob.ru/vakansii/pekar-51790729.html,90000.0
51790734,"Пекарь (Москва, Рублёвское, 22)",80000,100000,rub,"['Туризм, гостиницы, общественное питание', 'Промышленность, производство']","['Рестораны, кафе, столовые, фастфуд', 'Пищевая промышленность']",Москва,[],[],[],,2635306,более 5000,45940.0,Пятёрочка,Не имеет значения,Частичная занятость / Совместительство,Не имеет значения,,,https://www.superjob.ru/vakansii/pekar-51790734.html,90000.0
51790770,"Пекарь (Москва, Тихорецкий, 2)",80000,100000,rub,"['Туризм, гостиницы, общественное питание', 'Промышленность, производство']","['Рестораны, кафе, столовые, фастфуд', 'Пищевая промышленность']",Москва,[],[],[],,2635306,более 5000,45940.0,Пятёрочка,Не имеет значения,Частичная занятость / Совместительство,Не имеет значения,,,https://www.superjob.ru/vakansii/pekar-51790770.html,90000.0
51790798,"Пекарь (Москва, Новотушинский, 8)",80000,100000,rub,"['Туризм, гостиницы, общественное питание', 'Промышленность, производство']","['Рестораны, кафе, столовые, фастфуд', 'Пищевая промышленность']",Москва,[],[],[],,2635306,более 5000,45940.0,Пятёрочка,Не имеет значения,Частичная занятость / Совместительство,Не имеет значения,,,https://www.superjob.ru/vakansii/pekar-51790798.html,90000.0
51790869,"Пекарь (Москва, Преображенский Вал, 1)",80000,100000,rub,"['Туризм, гостиницы, общественное питание', 'Промышленность, производство']","['Рестораны, кафе, столовые, фастфуд', 'Пищевая промышленность']",Москва,[],[],[],,2635306,более 5000,45940.0,Пятёрочка,Не имеет значения,Частичная занятость / Совместительство,Не имеет значения,,,https://www.superjob.ru/vakansii/pekar-51790869.html,90000.0
51790918,"Пекарь (Москва, Дубнинская, 12)",80000,100000,rub,"['Туризм, гостиницы, общественное питание', 'Промышленность, производство']","['Рестораны, кафе, столовые, фастфуд', 'Пищевая промышленность']",Москва,[],[],[],,2635306,более 5000,45940.0,Пятёрочка,Не имеет значения,Частичная занятость / Совместительство,Не имеет значения,,,https://www.superjob.ru/vakansii/pekar-51790918.html,90000.0
51790956,"Пекарь (Москва, Стартовая, 4)",80000,100000,rub,"['Туризм, гостиницы, общественное питание', 'Промышленность, производство']","['Рестораны, кафе, столовые, фастфуд', 'Пищевая промышленность']",Москва,[],[],[],,2635306,более 5000,45940.0,Пятёрочка,Не имеет значения,Частичная занятость / Совместительство,Не имеет значения,,,https://www.superjob.ru/vakansii/pekar-51790956.html,90000.0
51791000,"Пекарь (Москва, Большая Очаковская, 2)",80000,100000,rub,"['Туризм, гостиницы, общественное питание', 'Промышленность, производство']","['Рестораны, кафе, столовые, фастфуд', 'Пищевая промышленность']",Москва,[],[],[],,2635306,более 5000,45940.0,Пятёрочка,Не имеет значения,Частичная занятость / Совместительство,Не имеет значения,,,https://www.superjob.ru/vakansii/pekar-51791000.html,90000.0
51791108,"Пекарь (Москва, Коровинское, 21А)",80000,100000,rub,"['Туризм, гостиницы, общественное питание', 'Промышленность, производство']","['Рестораны, кафе, столовые, фастфуд', 'Пищевая промышленность']",Москва,[],[],[],,2635306,более 5000,45940.0,Пятёрочка,Не имеет значения,Частичная занятость / Совместительство,Не имеет значения,,,https://www.superjob.ru/vakansii/pekar-51791108.html,90000.0
51791120,"Пекарь (Москва, Кунцевская, 15)",80000,100000,rub,"['Туризм, гостиницы, общественное питание', 'Промышленность, производство']","['Рестораны, кафе, столовые, фастфуд', 'Пищевая промышленность']",Москва,[],[],[],,2635306,более 5000,45940.0,Пятёрочка,Не имеет значения,Частичная занятость / Совместительство,Не имеет значения,,,https://www.superjob.ru/vakansii/pekar-51791120.html,90000.0
51791156,"Пекарь (Москва, Производственная, 12)",67320,91341,rub,"['Туризм, гостиницы, общественное питание', 'Промышленность, производство']","['Рестораны, кафе, столовые, фастфуд', 'Пищевая промышленность']",Москва,[],[],[],,2635306,более 5000,45940.0,Пятёрочка,Не имеет значения,Частичная занятость / Совместительство,Не имеет значения,,,https://www.superjob.ru/vakansii/pekar-51791156.html,79330.5
51791167,"Пекарь (Москва, 4-я Магистральная, 5)",80000,100000,rub,"['Туризм, гостиницы, общественное питание', 'Промышленность, производство']","['Рестораны, кафе, столовые, фастфуд', 'Пищевая промышленность']",Москва,[],[],[],,2635306,более 5000,45940.0,Пятёрочка,Не имеет значения,Частичная занятость / Совместительство,Не имеет значения,,,https://www.superjob.ru/vakansii/pekar-51791167.html,90000.0
51791176,"Пекарь (Москва, Измайловский, 12/31)",80000,100000,rub,"['Туризм, гостиницы, общественное питание', 'Промышленность, производство']","['Рестораны, кафе, столовые, фастфуд', 'Пищевая промышленность']",Москва,[],[],[],,2635306,более 5000,45940.0,Пятёрочка,Не имеет значения,Частичная занятость / Совместительство,Не имеет значения,,,https://www.superjob.ru/vakansii/pekar-51791176.html,90000.0
51791280,"Пекарь (Москва, Михалковская, 28)",80000,100000,rub,"['Туризм, гостиницы, общественное питание', 'Промышленность, производство']","['Рестораны, кафе, столовые, фастфуд', 'Пищевая промышленность']",Москва,[],[],[],,2635306,более 5000,45940.0,Пятёрочка,Не имеет значения,Частичная занятость / Совместительство,Не имеет значения,,,https://www.superjob.ru/vakansii/pekar-51791280.html,90000.0
51791309,"Пекарь (Москва, Ленинский, 130)",80000,100000,rub,"['Туризм, гостиницы, общественное питание', 'Промышленность, производство']","['Рестораны, кафе, столовые, фастфуд', 'Пищевая промышленность']",Москва,[],[],[],,2635306,более 5000,45940.0,Пятёрочка,Не имеет значения,Частичная занятость / Совместительство,Не имеет значения,,,https://www.superjob.ru/vakansii/pekar-51791309.html,90000.0
51791318,"Пекарь (Москва, Ленинградское, 228)",80000,100000,rub,"['Туризм, гостиницы, общественное питание', 'Промышленность, производство']","['Рестораны, кафе, столовые, фастфуд', 'Пищевая промышленность']",Москва,[],[],[],,2635306,более 5000,45940.0,Пятёрочка,Не имеет значения,Частичная занятость / Совместительство,Не имеет значения,,,https://www.superjob.ru/vakansii/pekar-51791318.html,90000.0
51791358,"Пекарь (Москва, Фомичёвой, 1А)",80000,100000,rub,"['Туризм, гостиницы, общественное питание', 'Промышленность, производство']","['Рестораны, кафе, столовые, фастфуд', 'Пищевая промышленность']",Москва,[],[],[],,2635306,более 5000,45940.0,Пятёрочка,Не имеет значения,Частичная занятость / Совместительство,Не имеет значения,,,https://www.superjob.ru/vakansii/pekar-51791358.html,90000.0
51791381,"Пекарь (Москва, Архитектора Власова, 17)",80000,100000,rub,"['Дизайн', 'Туризм, гостиницы, общественное питание', 'Строительство, проектирование, недвижимость', 'Промышленность, производство']","['Архитектура', 'Рестораны, кафе, столовые, фастфуд', 'Архитектура', 'Пищевая промышленность']",Москва,[],[],[],,2635306,более 5000,45940.0,Пятёрочка,Не имеет значения,Частичная занятость / Совместительство,Не имеет значения,,,https://www.superjob.ru/vakansii/pekar-51791381.html,90000.0
51791386,"Пекарь (Москва, 3-й Крутицкий, 13)",90000,110000,rub,"['Туризм, гостиницы, общественное питание', 'Промышленность, производство']","['Рестораны, кафе, столовые, фастфуд', 'Пищевая промышленность']",Москва,[],[],[],,2635306,более 5000,45940.0,Пятёрочка,Не имеет значения,Частичная занятость / Совместительство,Не имеет значения,,,https://www.superjob.ru/vakansii/pekar-51791386.html,100000.0
51821156,"Пекарь (Москва, Выборгская, 16)",80000,100000,rub,"['Туризм, гостиницы, общественное питание', 'Промышленность, производство']","['Рестораны, кафе, столовые, фастфуд', 'Пищевая промышленность']",Москва,[],[],[],,2635306,более 5000,45940.0,Пятёрочка,Не имеет значения,Частичная занятость / Совместительство,Не имеет значения,,,https://www.superjob.ru/vakansii/pekar-51821156.html,90000.0
51837915,"Пекарь (Москва, Ленинский, 88)",80000,100000,rub,"['Туризм, гостиницы, общественное питание', 'Промышленность, производство']","['Рестораны, кафе, столовые, фастфуд', 'Пищевая промышленность']",Москва,[],[],[],,2635306,более 5000,45940.0,Пятёрочка,Не имеет значения,Частичная занятость / Совместительство,Не имеет значения,,,https://www.superjob.ru/vakansii/pekar-51837915.html,90000.0
51698296,"Директор магазина-партнер (Москва, Профсоюзная, 146)",150000,185000,rub,"['Продажи', 'Строительство, проектирование, недвижимость']","['Агентства недвижимости, оценка недвижимости', 'Отопление, вентиляция и кондиционирование', 'Управление недвижимостью', 'Управление строительством, девелопмент']",Москва,[],[],[],,2635306,более 5000,45940.0,Пятёрочка,От 1 года,Полный рабочий день,Неполное высшее,,,https://www.superjob.ru/vakansii/direktor-magazina-partner-51698296.html,167500.0
51865999,Автокурьер на личном авто (Оплата патента),70000,160000,rub,"['Строительство, проектирование, недвижимость']","['Отопление, вентиляция и кондиционирование', 'ЖКХ', 'Строительно-монтажные работы']",Москва,[],[],[],"г Москва, улица Соколово-Мещерская, д. 25 к. 1. 25",0,,,,Без опыта,Полный рабочий день,Не имеет значения,55.901955,37.383499,https://www.superjob.ru/vakansii/avtokurer-na-lichnom-avto-51865999.html,115000.0
51870619,"Продавец-консультант (Москва, Шереметьевская, 6)",82400,87500,rub,"['Продажи', 'Строительство, проектирование, недвижимость']","['Агентства недвижимости, оценка недвижимости', 'Управление недвижимостью', 'Эксплуатация зданий']",Москва,[],[],[],"Москва, Шереметьевская, 6",4311,более 5000,3349.0,Перекресток,Не имеет значения,Полный рабочий день,Не имеет значения,55.796284,37.618721,https://www.superjob.ru/vakansii/prodavec-konsultant-51870619.html,84950.0
50804844,Шиномонтажник,100000,200000,rub,"['Услуги, ремонт, сервисное обслуживание']",['Автосервис'],Москва,['Южная'],['Серпуховско-Тимирязевская'],['gray'],"Москва, Дорожная улица, 3к5А",1989605,100 — 500,81.0,Консул медиа,Без опыта,Полный рабочий день,Не имеет значения,55.616116,37.633293,https://www.superjob.ru/vakansii/shinomontazhnik-50804844.html,150000.0
51689200,Рабочий по обслуживанию поездов,52500,105000,rub,"['Услуги, ремонт, сервисное обслуживание', 'Рабочий персонал']","['Клининг', 'Рабочий персонал, разное']",Москва,['Водный стадион'],['Замоскворецкая'],['green'],"г Москва, шоссе Головинское, д. 5 к. 1. 5",0,,,,Без опыта,Сменный график работы,Не имеет значения,55.840244,37.492023,https://www.superjob.ru/vakansii/rabochij-po-obsluzhivaniyu-poezdov-51689200.html,78750.0
51689216,Уборщик в метро,52500,105000,rub,"['Услуги, ремонт, сервисное обслуживание', 'Рабочий персонал']","['Клининг', 'Рабочий персонал, разное']",Москва,['Беломорская'],['Замоскворецкая'],['green'],"г Москва, проезд Валдайский, д. 8 стр. 2. 8",0,,,,Без опыта,Сменный график работы,Не имеет значения,55.865734,37.468235,https://www.superjob.ru/vakansii/uborschik-v-metro-51689216.html,78750.0
51728763,Электромонтер по ремонту и обслуживанию электрооборудования 1/3,65000,65000,rub,"['Услуги, ремонт, сервисное обслуживание']","['Телекоммуникационное оборудование и сети', 'Промышленное оборудование']",Москва,['Лубянка'],['Сокольническая'],['red'],Театральный проезд д.3 стр 1,2671282,100 — 500,14.0,Чистый город,От 1 года,Полный рабочий день,Не имеет значения,,,https://www.superjob.ru/vakansii/elektromonter-po-remontu-i-obsluzhivaniyu-elektrooborudovaniya-1-51728763.html,65000.0
51808289,Автослесарь / Автомеханик,100000,200000,rub,"['Промышленность, производство', 'Услуги, ремонт, сервисное обслуживание', 'Рабочий персонал']","['Автомобильная промышленность', 'Автосервис', 'Квалифицированный рабочий']",Москва,['Южная'],['Серпуховско-Тимирязевская'],['gray'],"Москва, Дорожная улица, 3к5А",1989605,100 — 500,81.0,Консул медиа,От 1 года,Полный рабочий день,Не имеет значения,55.616116,37.633293,https://www.superjob.ru/vakansii/avtoslesar-51808289.html,150000.0
51836718,Инженер-радиотехник по ремонту стендов и оборудования,110000,130000,rub,"['Промышленность, производство', 'Услуги, ремонт, сервисное обслуживание', 'Сырье']","['Промышленное оборудование', 'Автосервис', 'Промышленное оборудование', 'Бытовая техника', 'Оборудование']",Москва,[],[],[],"г Москва, Дмитровское шоссе, д 58",3797376,менее 50,337.0,JOBCART.RU,От 1 года,Полный рабочий день,Не имеет значения,55.850647,37.568283,https://www.superjob.ru/vakansii/inzhener-radiotehnik-po-remontu-stendov-i-oborudovaniya-51836718.html,120000.0
51836753,Слесарь по ремонту и обслуживанию систем вентиляции и кондиционирования,90000,110000,rub,"['Строительство, проектирование, недвижимость', 'Услуги, ремонт, сервисное обслуживание', 'Рабочий персонал']","['Отопление, вентиляция и кондиционирование', 'Другое', 'Квалифицированный рабочий']",Москва,[],[],[],"г Москва, Дмитровское шоссе, д 58",3797376,менее 50,337.0,JOBCART.RU,От 1 года,Полный рабочий день,Не имеет значения,55.850647,37.568283,https://www.superjob.ru/vakansii/slesar-po-remontu-i-obsluzhivaniyu-sistem-ventilyacii-i-kondicionirovaniya-51836753.html,100000.0
51855677,Администратор автомойки,120000,250000,rub,"['Услуги, ремонт, сервисное обслуживание']",['Автосервис'],Москва,[],[],[],"Москва, Зеленоград, Панфиловский проспект, 6А",0,,,,Без опыта,Сменный график работы,Не имеет значения,56.008797,37.200043,https://www.superjob.ru/vakansii/administrator-avtomojki-51855677.html,185000.0
51856990,"Мастер-специалист по химчистке кожи, замши, нубука, ткани обуви и сумок",90000,180000,rub,"['Услуги, ремонт, сервисное обслуживание']","['Химчистки, прачечные']",Москва,['Площадь Гагарина'],['МЦК'],['lightpink'],"Москва, 2-й Рощинский проезд, 8",0,,,,Без опыта,Полный рабочий день,Не имеет значения,55.706322,37.603012,https://www.superjob.ru/vakansii/master-specialist-po-himchistke-kozhi-51856990.html,135000.0
50455098,Техник по холодильному оборудованию (стационарный),85000,85000,rub,"['Услуги, ремонт, сервисное обслуживание', 'Рабочий персонал']","['Торговое, складское, холодильное оборудование', 'Квалифицированный рабочий']",Москва,['Лубянка'],['Сокольническая'],['red'],,2671282,100 — 500,14.0,Чистый город,От 1 года,Полный рабочий день,Среднее специальное,,,https://www.superjob.ru/vakansii/tehnik-po-holodilnomu-oborudovaniyu-50455098.html,85000.0
51703185,"Кассир торгового зала, продавец в магазин",68000,75000,rub,"['Услуги, ремонт, сервисное обслуживание']","['Клининг', 'Обувь']",Москва,['Владыкино'],['МЦК'],['lightpink'],"Москва, Серпуховско-Тимирязевская линия, метро Владыкино",75401,более 5000,3198.0,"""БЭСТ ПРАЙС"" / Fix Price",Без опыта,Полный рабочий день,Не имеет значения,55.847984,37.590382,https://www.superjob.ru/vakansii/kassir-torgovogo-zala-51703185.html,71500.0
51701034,"Старший продавец-кассир, администратор в магазин",75500,82500,rub,"['Строительство, проектирование, недвижимость', 'Услуги, ремонт, сервисное обслуживание']","['Электроснабжение', 'Обувь']",Москва,[],[],[],"Москва, Новочерёмушкинская улица, 58",75401,более 5000,3198.0,"""БЭСТ ПРАЙС"" / Fix Price",От 1 года,Полный рабочий день,Не имеет значения,55.668259,37.563656,https://www.superjob.ru/vakansii/starshij-prodavec-kassir-51701034.html,79000.0
51700810,"Продавец, кассир в магазин",68000,75000,rub,"['Маркетинг, реклама, PR', 'Услуги, ремонт, сервисное обслуживание']","['Мерчандайзинг', 'Клининг', 'Обувь']",Москва,[],[],[],"Москва, Сокольническая площадь, 9",75401,более 5000,3198.0,"""БЭСТ ПРАЙС"" / Fix Price",Без опыта,Полный рабочий день,Не имеет значения,55.790447,37.680515,https://www.superjob.ru/vakansii/prodavec-51700810.html,71500.0
51700816,"Продавец, кассир в магазин",68000,75000,rub,"['Спорт, фитнес, салоны красоты, SPA', 'Услуги, ремонт, сервисное обслуживание']","['Фитнес-клубы / Спортзалы', 'Психологическое консультирование']",Москва,[],[],[],"Москва, Новохохловская улица, 2/72, подъезд 1",75401,более 5000,3198.0,"""БЭСТ ПРАЙС"" / Fix Price",Без опыта,Полный рабочий день,Не имеет значения,55.732788,37.711067,https://www.superjob.ru/vakansii/prodavec-51700816.html,71500.0
